:020000041000EA
:10000000002008205B0100101B0100101D010010E2
:100010001101001011010010110100101101001058
:100020001901001019010010190100101F01001022
:10003000110100101901001021010010230100100E
:100040001101001011010010110100101101001028
:100050001101001011010010110100101101001018
:100060001101001011010010110100101101001008
:1000700011010010110100101101001011010010F8
:1000800011010010110100101101001011010010E8
:1000900011010010110100101101001011010010D8
:1000A00011010010110100101101001011010010C8
:1000B00011010010110100101101001011010010B8
:1000C00011010010110100101101001011010010A8
:1000D0001101001011010010110100101101001098
:1000E0001101001011010010110100101101001088
:1000F0001101001011010010110100101101001078
:100100001101001011010010110100101101001067
:10011000EFF30580103800BE00BE00BE00BE00BE7A
:1001200000BE00BEF2EB8871C0D30410E0D304100F
:100130009C01001090A31AE7D3DEFFFF42012110BB
:10014000FF01000048020500793512AB00201E496E
:10015000086006C881F3088810474FF050400068D7
:1001600008B10020F3E70DA40ECC002902D000F066
:1001700012F8F9E71549164A002000E001C1914242
:10018000FCD114498847144988471449884700BE60
:10019000FDE701C901C29A42FBD37047E0D30410C6
:1001A00010010020B030002080030510000008205E
:1001B000000008208003051000100820001008200F
:1001C000000000007047000008ED00E0B0300020A3
:1001D0008053002041710010F939001005710010A2
:1001E0000022026042608260C2600261704700BF0C
:1001F000DFEDB56A91ED016A2DE9F84F2DED0A8B1F
:10020000C6EE269AF5EEC09AD1ED057AB2EE0E9AB8
:10021000B3EE0E7AF1EE10FA0D46064617461C466E
:1002200027EEC99A67EEC7BA00F1CA81F7EE007AE5
:10023000F4EE679AF1EE10FA77FEA99A206A97ED2C
:1002400000BA03681B68984794F8483082463BEE32
:10025000499A8B4673B1206A03681B689847236CE0
:10026000626CC01A61EB020C616988427CF100018A
:10027000C0F03081DFED95AAB0EE6A8A206A03688B
:100280001B68984794F8483084ED0CBA84ED0D9AB9
:10029000C4ED0EAA84ED0F8AC4E90AAB2064616440
:1002A00013B9012384F84830D4ED017A94ED006A43
:1002B00028EE278AB7EE007AD5ED024A9FED825AE2
:1002C000D4ED026A77EE697A84EE85BAA9EE068AE1
:1002D00067EEAB7AAAEEA68AB5EEC0BA95ED06AA8D
:1002E000F2EE0E8AF3EE0E5AE8EE697AF1EE10FAAB
:1002F0006AEE288AF0EE67AA2AEE25AA00F15D814F
:10030000B4EE47BAF1EE10FA37FE0BBA206FD7ED14
:10031000019A03681B68984794F89830074679EE6D
:10032000E88A8A467BB1206F03681B689847D4F837
:100330009030D4F89420C01A61EB020C616E8842B0
:100340007CF1000147D39FED619AB0EE498A206F9E
:1003500003681B68984794F89830C4ED209AC4ED60
:10036000218A84ED229A84ED238AC4E91E7AC4F896
:10037000900053B3C4F8941094ED155A94ED146A98
:10038000F7EE007A28EE058A77EECB7AA8EE868A19
:10039000D4ED166A67EE8A7AA9EE268A95ED057A7B
:1003A000F3EE0E5AE8EE4B7A27EE657A2A69EB688F
:1003B000C6ED02AABDEC0A8B304686ED047AC6ED86
:1003C000037A32607360BDE8F88F0123C4F894109B
:1003D00084F89830D0E7B7EB03086AEB020940468F
:1003E000494604F088FF36A3D3E9002304F01CFE3D
:1003F00004F068FED4E91A2394ED217AB6EE006A7F
:1004000038EE877A94ED178A0BEE900AD4ED237AB2
:1004100027EE067AF1EE486AEBEE877AF4EE667A1A
:10042000F1EE10FA48BFF0EE667AB4EEE78AF1EE2C
:1004300010FA58BFB0EE678A904579EB030394ED4C
:10044000229A84D3D4ED207A79EEE77A17EE900AD7
:1004500044F00AFA94ED18CA80461CEE100A894648
:1004600044F002FA02460B460020194904F0A4FDAC
:1004700002460B464046494604F0B2FD80461BEE5C
:10048000900A894644F0F0F902460B464046494638
:1004900004F0CAFD6CEE097A804617EE900A894690
:1004A00044F0E2F902460B464046494604F070FD2E
:1004B00004F008FE09EE100A49E700BFAFF3008020
:1004C0000000000080842E410000C84200000000AF
:1004D0000000F03FBAEB03086BEB020940464946C7
:1004E00004F009FF3AA3D3E9002304F09DFD04F0D2
:1004F000E9FDD4E9062394ED0D7AB6EE006A39EEF3
:10050000077A94ED038A08EE900AD4ED0F7A27EE6D
:10051000067AF1EE486AE8EE877AF4EE667AF1EE52
:1005200010FA48BFF0EE667AB4EEE78AF1EE10FA00
:1005300058BFB0EE678A904579EB0303D4ED0EAA5D
:10054000FFF49CAED4ED0C7A7BEE677A17EE900A3E
:1005500044F08AF994ED04AA80461AEE100A8946FE
:1005600044F082F902460B460020174904F024FDAE
:1005700002460B464046494604F032FD804618EEDE
:10058000900A894644F070F902460B4640464946B7
:1005900004F04AFD6AEE2A7A804617EE900A8946F0
:1005A00044F062F902460B464046494604F0F0FC2E
:1005B00004F088FD0AEE900A60E69FED04BAA5E615
:1005C000DFED029A3AE600BF0000F03F00000000B5
:1005D0000000000080842E4100232DE9F047C64F23
:1005E0002DED068B054607604360106A14460368CC
:1005F0000E461B68D1ED008A984794F848300746AC
:100600008A4673B1206A03681B689847236C626C42
:10061000C01A61EB020C616988427CF10001C0F0F4
:10062000F2809FEDB69AB0EE498A206A03681B6893
:10063000984794F84830C4ED0C8AC4ED0D8A84EDD7
:100640000E9A84ED0F8AC4E90A7A2064002B5DD0EB
:100650006164D4ED016A94ED007A28EE268AD4ED27
:10066000027AA8EE878AA9EE278AB1EE488A206F1F
:1006700085ED028A0368D6ED019A1B689847F1EE72
:10068000048A94F89830064679EEE88A0F467BB1E2
:10069000206F03681B689847D4F89030D4F89420F2
:1006A000C01A61EB020C616E88427CF1000138D304
:1006B0009FED929AB0EE498A206F03681B689847B5
:1006C00094F89830C4ED209AC4ED218A84ED229AE2
:1006D00084ED238AA667E767EBB1C4E92401D4ED72
:1006E000156A94ED147A28EE268AD4ED167AA8EECF
:1006F000878AA9EE278A0023B1EE488A284685ED2D
:10070000038ABDEC068B2B61BDE8F0870123616491
:1007100084F848309DE70123C4E9240184F8983027
:10072000DDE7B6EB030867EB02094046494604F0F3
:10073000E2FD6FA3D3E9002304F076FC04F0C2FCD1
:10074000D4E91A2394ED217AB6EE006A38EE877A5E
:1007500094ED178A0AEE100AD4ED237A27EE067A72
:10076000F1EE486AEAEE077AF4EE667AF1EE10FAF4
:1007700048BFF0EE667AB4EEE78AF1EE10FA58BFA1
:10078000B0EE678A904579EB030394ED229A93D3F8
:10079000D4ED207A79EEE77A17EE900A44F064F807
:1007A000D4ED18AA80461AEE900A894644F05CF807
:1007B00002460B460020524904F0FEFB02460B465F
:1007C0004046494604F00CFC80461AEE100A894661
:1007D00044F04AF802460B464046494604F024FCE1
:1007E0006AEE897A804617EE900A894644F03CF812
:1007F00002460B464046494604F0CAFB04F062FC40
:1008000009EE100A58E7B7EB03086AEB0209404605
:10081000494604F070FD36A3D3E9002304F004FC3C
:1008200004F050FCD4E9062394ED0D7AB6EE006A8C
:1008300038EE877A94ED038A09EE900AD4ED0F7AA8
:1008400027EE067AF1EE486AE9EE877AF4EE667AE8
:10085000F1EE10FA48BFF0EE667AB4EEE78AF1EEF8
:1008600010FA58BFB0EE678A904579EB030394ED18
:100870000E9AFFF4DAAED4ED0C7A78EEE77A17EE42
:10088000900A43F0F1FF94ED04AA80461AEE100A94
:10089000894643F0E9FF02460B460020184904F060
:1008A0008BFB02460B464046494604F099FB8046C6
:1008B00019EE900A894643F0D7FF02460B464046A0
:1008C000494604F0B1FB6AEE097A804617EE900AB9
:1008D000894643F0C9FF02460B464046494604F0AC
:1008E00057FB04F0EFFB09EE100A9EE6AFF3008021
:1008F0000000000080842E410000F0410000000054
:100900000000F03F00000000B0EE087AD2ED007A5F
:10091000F4EEC77AF1EE10FA2DE9F04705462DED19
:10092000068B0E461C4640F3A28077EEC77AB3EEE4
:100930000E7AF3EE016A67EE877A87EEA67A0022D6
:10094000206A85ED007A03686A601B68D6ED008A2C
:10095000984794F8483007468A4673B1206A03687E
:100960001B689847236C626CC01A61EB020C6169CA
:1009700088427CF10001C0F0F5809FEDB79AB0EE9F
:10098000498A206A03681B68984794F84830C4ED88
:100990000C8AC4ED0D8A84ED0E9A84ED0F8AC4E9A9
:1009A0000A7A2064002B5DD06164D4ED016A94ED75
:1009B000007A28EE268AD4ED027AA8EE878AA9EE7C
:1009C000278AB1EE488A206F85ED028A0368D6ED4A
:1009D000019A1B689847F1EE048A94F8983006460D
:1009E00079EEE88A0F467BB1206F03681B68984751
:1009F000D4F89030D4F89420C01A61EB020C616EE8
:100A000088427CF100013BD39FED939AB0EE498A76
:100A1000206F03681B68984794F89830C4ED209ABB
:100A2000C4ED218A84ED229A84ED238AA667E767C4
:100A300003B3C4E92401D4ED156A94ED147A28EEC9
:100A4000268AD4ED167AA8EE878AA9EE278A002393
:100A5000B1EE488A284685ED038ABDEC068B2B61F2
:100A6000BDE8F0870123616484F848309DE79FED7D
:100A70007A7A64E70123C4E9240184F89830DAE73C
:100A8000B6EB030867EB02094046494604F033FC25
:100A90006FA3D3E9002304F0C7FA04F013FBD4E9F1
:100AA0001A2394ED217AB6EE006A38EE877A94ED37
:100AB000178A0AEE100AD4ED237A27EE067AF1EEB1
:100AC000486AEAEE077AF4EE667AF1EE10FA48BF69
:100AD000F0EE667AB4EEE78AF1EE10FA58BFB0EEA7
:100AE000678A904579EB030394ED229A90D3D4ED75
:100AF000207A79EEE77A17EE900A43F0B5FED4ED4E
:100B000018AA80461AEE900A894643F0ADFE0246C6
:100B10000B460020514904F04FFA02460B4640466E
:100B2000494604F05DFA80461AEE100A894643F001
:100B30009BFE02460B464046494604F075FA6AEEB3
:100B4000897A804617EE900A894643F08DFE024668
:100B50000B464046494604F01BFA04F0B3FA09EE8E
:100B6000100A55E7B7EB03086AEB0209404649460D
:100B700004F0C1FB36A3D3E9002304F055FA04F0D6
:100B8000A1FAD4E9062394ED0D7AB6EE006A38EEA8
:100B9000877A94ED038A09EE900AD4ED0F7A27EE56
:100BA000067AF1EE486AE9EE877AF4EE667AF1EEBB
:100BB00010FA48BFF0EE667AB4EEE78AF1EE10FA6A
:100BC00058BFB0EE678A904579EB030394ED0E9A17
:100BD000FFF4D7AED4ED0C7A78EEE77A17EE900AF0
:100BE00043F042FE94ED04AA80461AEE100A8946AC
:100BF00043F03AFE02460B460020184904F0DCF9A7
:100C000002460B464046494604F0EAF9804619EE92
:100C1000900A894643F028FE02460B464046494664
:100C200004F002FA6AEE097A804617EE900A8946C5
:100C300043F01AFE02460B464046494604F0A8F926
:100C400004F040FA09EE100A9BE600BFAFF3008003
:100C50000000000080842E41000000000000F03FF2
:100C60002DE9F0470546D3F8C0001C4603682DED7A
:100C7000088B1B68D2ED009A0E46DFEDB38A9847C9
:100C800094F8E830074679EEE88A8A4693B1D4F8BA
:100C9000C00003681B689847D4F8E030D4F8E4201B
:100CA000C01A61EB020CD4F8B41088427CF1000148
:100CB000C0F052819FEDA59AB0EE498AD4F8C000E9
:100CC00003681B68984794F8E830C4ED349AC4ED83
:100CD000358A84ED369A84ED378AC4E9327AC4F8CD
:100CE000E000002B00F02581C4F8E41094ED296A9F
:100CF000D4ED286A28EE068A94ED2A7AA8EEA68A10
:100D0000F1EE047AA9EE078AB4EEE78AF1EE10FA62
:100D100000F3AA81B9EE047AB4EEC78AF1EE10FAB4
:100D200040F1A581B0EE67AA0022206A88490368D5
:100D300029601B686A60D6ED009AF2EE048A984733
:100D400094F84830074679EEE88A8A46002B00F08E
:100D50007B81206A03681B689847236C626CC01A09
:100D600061EB020C616988427CF1000180F06C81CA
:100D7000B7EB03086AEB02094046494604F0BBFAA8
:100D80006FA3D3E9002304F04FF904F09BF9D4E9F1
:100D9000062394ED0D7AB6EE006A38EE877A94ED6C
:100DA000038A0AEE900AD4ED0F7A27EE067AF1EE66
:100DB000486AEAEE877AF4EE667AF1EE10FA48BFF6
:100DC000F0EE667AB4EEE78AF1EE10FA58BFB0EEB4
:100DD000678A904579EB030394ED0E9A80F04A817F
:100DE000206A03681B68984794F84830C4ED0C9A51
:100DF000C4ED0D8A84ED0E9A84ED0F8AC4E90A7A57
:100E00002064002B00F025816164D4ED016A94ED2B
:100E1000007A28EE268AD4ED027AA8EE878AA9EE17
:100E2000278AB1EE488A206F85ED028A0368D6EDE5
:100E3000019A1B68984794F89830064639EECAAA7A
:100E40000F46002B00F0FB80206F03681B6898475B
:100E5000D4F89030D4F89420C01A61EB020C616E83
:100E600088427CF1000180F0EA80B6EB030867EB72
:100E700002094046494604F03EFA31A3D3E9002373
:100E800004F0D2F804F01EF9D4E91A2394ED217A83
:100E9000B6EE006A3AEE077A94ED178A09EE100A68
:100EA000D4ED237A27EE067AF1EE486AE9EE077A66
:100EB000F4EE667AF1EE10FA48BFF0EE667AB4EE20
:100EC000E78AF1EE10FA58BFB0EE678A904579EBE9
:100ED0000303D4ED228A80F00881206F03681B6829
:100EE000984794F89830C4ED209A84ED21AAC4ED77
:100EF000228A84ED238AA667E767002B00F0AE8084
:100F0000C4E92401D4ED156A94ED147A28EE268AFA
:100F1000D4ED167AAAEE078AA8EEA78AB1EE488A1F
:100F20000C4B284685ED038ABDEC088B2B61BDE890
:100F3000F0870123C4F8E41084F8E830D6E600BF57
:100F40000000000080842E410000484200000000A4
:100F50000000F04100002041B7EB03086AEB0209F2
:100F60004046494604F0C7F97FA3D3E9002304F0C3
:100F70005BF804F0A7F8D4E92E2394ED357AB6EEA9
:100F8000006A38EE877A94ED2B8A0AEE100AD4EDC7
:100F9000377A27EE067AF1EE486AEAEE077AF4EE3F
:100FA000667AF1EE10FA48BFF0EE667AB4EEE78AA0
:100FB000F1EE10FA58BFB0EE678A904579EB030363
:100FC00094ED369AFFF47AAED4ED347A79EEE77A7E
:100FD00017EE900A43F048FCD4ED2CAA80461AEE96
:100FE000900A894643F040FC02460B4600205C49CB
:100FF00003F0E2FF02460B464046494603F0F0FF8D
:1010000080461AEE100A894643F02EFC02460B4633
:101010004046494604F008F86AEE897A804617EEA1
:10102000900A894643F020FC02460B46404649465A
:1010300003F0AEFF04F046F809EE100A3EE6DFEDDD
:10104000498AB0EE688A48E79FED469AB0EE498A31
:10105000C6E60123616484F84830D6E60123C4E97A
:10106000240184F898304DE7B9EE04AA5CE6B1EEAD
:1010700048AA59E6D4ED0C7A79EEE77A17EE900A91
:1010800043F0F2FB94ED04BA80461BEE100A894649
:1010900043F0EAFB02460B460020314903F08CFF87
:1010A00002460B464046494603F09AFF80461AEE38
:1010B000900A894643F0D8FB02460B464046494613
:1010C00003F0B2FF6BEE097A804617EE900A89466C
:1010D00043F0CAFB02460B464046494603F058FF20
:1010E00003F0F0FF09EE100A7AE6D4ED207A79EEEB
:1010F000E77A17EE900A43F0B7FBD4ED18AA8046C2
:101100001AEE900A894643F0AFFB02460B460020D8
:10111000134903F051FF02460B464046494603F08F
:101120005FFF804619EE100A894643F09DFB024698
:101130000B464046494603F077FF6AEEA87A8046A0
:1011400017EE900A894643F08FFB02460B46404655
:10115000494603F01DFF03F0B5FF08EE900ABCE618
:101160000000F03F000000000000000080842E41DD
:101170000022DFF818C00449C0F800C04260826055
:10118000C1600261704700BF0000A0400000F04154
:101190000022DFF818C00449C0F800C04260826035
:1011A000C1600261704700BF0000A0400000F04134
:1011B000B0EE087AD1ED007AF4EEC77AF1EE10FACB
:1011C00013DD77EEC77AB3EE0E7AF3EE016A67EEBF
:1011D000877A87EEA67A00230549064A80ED007AD1
:1011E00083604160C260036170479FED037AF2E75C
:1011F0000000A0410000A04000000000F3EE0E6AD5
:10120000D1ED057A91ED067A67EEE67A27EE267A39
:10121000D1F810C0CA68C0ED027A80ED037AC0ED43
:10122000047AC0F800C04260704700BF07EE901A11
:10123000F5EEC07AF1EE10FA3BD49FED1F7AF4EE92
:10124000477AF1EE10FA77FE277A0269436906EED3
:10125000902A9B1A07EE103AB8EE477A9FED166A6D
:1012600027EE277AF8EE666AC7EE067A77EEA67A58
:10127000FCEEE77A007917EE903A42081F288ABF01
:1012800002F0030202F0070208320C4902EB82026C
:1012900092001144C20758BF4FF6FF700A689BB214
:1012A00044BF07481B04534001F5805103400B60C5
:1012B0007047DFED047AC8E70000C8420C800A409E
:1012C0000000FFFF00000000012070470020704771
:1012D00000207047012070474FF0504201230179F0
:1012E00052688B40134214BF01200020704700BF9A
:1012F000037941EC4030704703F05EBB2DE9F043C9
:1013000085B091461E460D46476890F80A800469EC
:1013100003F052FB4FF47A734FF0FF3C6FF0004242
:10132000E4FB0301844572EB01033CBF60461146B8
:101330000024CDE902014B462A4641463846009436
:1013400008F098FB031EAABF01202046336005B0B9
:10135000BDE8F0832DE9F04385B091461E460D4669
:10136000476890F80A80046903F026FB4FF47A730B
:101370004FF0FF3C6FF00042E4FB0301844572EB49
:1013800001033CBF604611460024CDE902014B46F3
:101390002A4641463846009408F08AFB031EAABF3D
:1013A00001202046336005B0BDE8F08370B50446E7
:1013B0008C460546304B012644F8043BBCE80F0040
:1013C0000FC4DCF8003004212360287902F0C8FB48
:1013D0002C7905201F2C8ABFC4F34104C4F34204B6
:1013E000083403F08DFBD5ED037A07EE100AF8EE12
:1013F000675AB8EE477A17EE901A9FED206AC7EE4B
:10140000257AF3EE006A77EE867A67EEA67AAA6806
:101410000020B1FBF2F204EB84039B0003F1804156
:1014200001F528210B46FCEEE77A013A92B20860FA
:101430008860C8600A612C79C1ED017A1F2C8ABFCF
:10144000C4F34103C4F3420308330D4A03EB83039F
:1014500028699B001A44E3070E6081B258BF4FF61B
:10146000FF70136844BF074809044B40034002F56E
:1014700080522846136070BD085A04100000003DD9
:101480000C800A400000FFFF2DE9F0412DED028B9A
:1014900091F840300C46054698B0002B40F016817C
:1014A0008DF8583094F87830002B40F0B6806E46B6
:1014B0008DF8103094F8B030002B00F04881D4F84B
:1014C0009800C94A03681B68934240F08B8103F07F
:1014D00073FA4FF47A770022D4F8883007FB03F3CD
:1014E000D4F8A870C01BD4F8AC7061EB070183423C
:1014F0008A41C0F02C810DF1180CE64604F1A007DA
:101500000FCFAEE80F0097E803008EE8030094F8D1
:10151000B080B6468DF82880BCE80F00AEE80F001A
:101520009CE8030094F8E8308EE80300002B00F0FC
:10153000AB80D4F8D000AC4A03681B68934240F0FB
:10154000408103F039FA4FF47A724FF0000CD4F86E
:10155000C03002FB03F3D4F8E020801AD4F8E42072
:1015600061EB020183427CEB010180F0E38094F89F
:1015700020318DF828C0002B00F08D80D4F80801B0
:10158000994A03681B68934240F01D8103F014FAE6
:101590004FF47A7C0022D4F8F830D4F818710CFBA0
:1015A00003F3C01BD4F81C7161EB070183428A412D
:1015B00071D39DF8583094ED448A94F82021002B83
:1015C0006ED184F8213294F82032002B00F09880FC
:1015D0009DF810309DF82810002B00F0BD800029E8
:1015E00000F0DF80F3EE047A9DED067AB4EEE77A40
:1015F000F1EE10FA40F3E980002A00F0D280B4EE58
:10160000E78AF1EE10FA40F3CC803146284604F523
:10161000987306AAFFF724FB75E0206E724A0368F0
:101620001B68934240F0C98003F0C6F94FF47A7208
:10163000236F666FC01A236D61EB060102FB03F393
:101640000022834272EB010108D294F8B0306E465A
:101650008DF81020002B7FF432AF78E06E46B44650
:1016600004F1680EBEE80F00ACE80F009EE803002E
:101670008CE803009DF81030002B3FF41BAF94F86A
:10168000E830002B7FF455AF8DF8283094F82031E6
:10169000002B7FF473AF9DF858300022002B90D0C0
:1016A00000229DF8303084F8212284F820323BB3A8
:1016B0009DF81030002B63D128460CA9FFF79EFD42
:1016C000284618B0BDEC028BBDE8F0810869464A97
:1016D00003681B68934272D103F06EF94FF47A727B
:1016E000A36BE66BC01A236861EB060102FB03F3F0
:1016F0000022834272EB01010BD28DF85820D1E613
:101700002846FEF76DFD284618B0BDEC028BBDE8FB
:10171000F0810DF1300C04F1180EBEE80F00ACE8BA
:101720000F00BEE80F00ACE80F009EE80F008CE849
:101730000F00B7E60DF1180C04F1D80EBEE80F004B
:10174000ACE80F009EE803008CE803009EE74FF032
:1017500000080DF1180CDCE6D1B1F3EE047A9DED32
:10176000067AB4EEE77AF1EE10FA36DD82B1B4EE25
:10177000E78AF1EE10FA0BDD2846FFF709FDC2E714
:101780003246284604F598730CA9FEF731FDBAE7F6
:101790002846FFF7EDFC284618B0BDEC028BBDE8EB
:1017A000F0812846314604F59872FEF715FF284669
:1017B00018B0BDEC028BBDE8F081984736E798473A
:1017C0008CE79847BFE69847E2E63146284604F59D
:1017D000987306AAFFF798F895E7284606A9FFF739
:1017E000E7FC90E7984774E6F91200102DE9F84FEE
:1017F0001646D0F8D02242B38146884604460025DA
:101800004FF0010BDFF84CA004E00135954204F1E4
:1018100018041AD2D8F804302168D8F80000676894
:101820009F4208BF8142F0D1336884F808B01B683A
:1018300053450CD103F0C0F8D9F8D02201359542B8
:10184000C4E9040104F11804E4D3BDE8F88F30467C
:101850009847F1E7F912001084B02DE9F04F93B0EA
:101860001DACA14680460546002784E80E001F9B5C
:1018700000F5CC5E0E460392029300F5A764B9E82A
:101880000F00A8E80F00B9E80F00A8E80F0099E8DA
:1018900007000EF1080E88E80700C5F8307444F818
:1018A000047C04F582747445F9D100214FF00008DE
:1018B0004FF0000905F5805005F5CD5305F5E452CC
:1018C000C0F88478C0F89C791833083243E902895B
:1018D00003F8101C18339342F8D100224FF000088F
:1018E0004FF0000905F5E453C0F8701C103305F5FE
:1018F000FB5143E9028903F8102C18338B42F8D1CD
:10190000C0F8482F4FF0000800224FF0000905F5FD
:10191000FB5305F508510833383143E9028903F8D0
:10192000102C18339942F8D1002100F5805005F5AC
:101930000058C0F8202205F51853C8F8282605F5E8
:1019400069522C333C32C3F8001103F582739A427A
:10195000F9D105F5405CCCF87C1ACCF8941B002238
:101960000020002105F56E53303305F57A5443E924
:10197000020103F8102C1833A342F8D100214FF0D4
:10198000000A4FF0000BCCF8682E05F57A5305F5E8
:1019900082420833583243E902AB03F8101C183373
:1019A0009342F8D1336805F580441B68C4F84011B0
:1019B00000218148814AC4E9560101200021934257
:1019C000C4E95801C4F8506140F0E68002F0F4FF29
:1019D000039BC4E95A01C4F87061C8F828322B4649
:1019E0004FF00009DFED767A0298764A43F8300F1F
:1019F00003F5075304F5BC7B383304F53E71C4E9A5
:101A0000523300910FCA8BE80F006F4A04F5E47B54
:101A10000FCAC4ED707AC4F8886184F8B8918BE875
:101A20000F006A4A04F5527E04F5747705F5844B7D
:101A3000CDF804E00597C4ED7E7AC4F8D86184F847
:101A4000F0910FCA8BE80F00614A04F50E7B0FCAB4
:101A5000C4ED8C7AC4F8106284F828925D4F8BE84C
:101A60000F005D4A04F52A7A04F51C7B0FCAC4ED09
:101A70009A7AC4F8486284F860928BE80F00C4ED4B
:101A8000A87AC4F8806284F898920FCFAAE80F0071
:101A900097E80F00514F8AE80F000FCF0497009F7F
:101AA0000DF11C0EF0469FED426BC4F8C86284F83D
:101AB000F0920FC70097049F0DF1740C97E80F0088
:101AC000009F87E80F00464FC4F818630FCF0097B8
:101AD000019F84F840930FC70197009F97E80F007C
:101AE000019F87E80F00C4F8686384F89093BCE80E
:101AF0000F00AEE80F00BCE80F00AEE80F00029840
:101B0000039B099084EDEA6B9CE8070084EDEC6B85
:101B10008EE80700A4F898930893C4F8A09307965A
:101B2000B8E80F00059F0FC7B8E80F000FC79EE881
:101B30000700336887E807001B68204A934234D1C6
:101B400002F03AFFC4E9EA01D4F8F403254A036835
:101B50001B68934226D103794FF0000242EC4030DB
:101B600044F62060002105F58847C4F80064C7E901
:101B70000201012000213368104A1B68C7E90401F3
:101B800093420CD102F018FFC7E90601284613B0B2
:101B9000BDE8F04F04B070473046984718E730462C
:101BA0009847F1E700219847DAE730469847C9E7B8
:101BB0000000000000000000A0860100F9120010E3
:101BC000000000001028002000280020F02700203E
:101BD000E0270020585A0410D0270020585A04103B
:101BE000585A0410F11200102DE9F04F0C46ADF6D2
:101BF000141D4FF47B7200210194039042F058FEB3
:101C000004F58043D3F8200102930368BF4A1B68A0
:101C1000934240F0B38202F0CFFE029CD4F8282118
:101C2000D4F83431D4F83CE102FB03F6D4E94B3765
:101C300003FB0766A7FB027C6644D4F838C117EBA8
:101C40000C0746EB0E06B84271EB0606C0F0E180C9
:101C5000B0EB0C0061EB0E0142F02EFE0130C4F837
:101C60003001D4F84001A94A036841F100011B6822
:101C7000C4F83411934240F0BD8302F09DFE8046CB
:101C80000F46019B03F58056D6F8403C1D2B00F211
:101C90007F83591C029A03EB4303D2F840014FF0B3
:101CA000000C06F5176202EBC302C2E900874FF091
:101CB00000094FF0000806EBC30383F878C90368F6
:101CC0001B68C2E90489914AC6F8401C934240F05F
:101CD000958302F071FE80460F46D6F8183F1D2B03
:101CE00000F27283591C029A03EB4303D2F84001BD
:101CF0004FF0000C06F5456202EBC30242E9028791
:101D00004FF000094FF0000806EBC30383F850CCF6
:101D100003681B68C2E902897C4AC6F8181F93420F
:101D200040F0608302F048FE8146884606F5805305
:101D3000D3F8F0311D2B00F2398301995A1C01F5BB
:101D4000F957002103EB430307EBC307C7E90098EA
:101D50004FF000084FF0000906EBC30383F8281F7B
:101D6000029B06F58056D3F8400103681B68C7E95B
:101D70000489C6F8F021654A934240F0438302F09B
:101D80001BFE07460E46019B03F5405BDBF8383E21
:101D90001D2B00F2E282591C029A03EB4303D2F896
:101DA00040014FF0000C0BF5376202EBC30242E931
:101DB0000276002600270BEBC30383F870CB036881
:101DC0001B68C2E90267514ACBF8381E934240F0C3
:101DD0000D8302F0F1FD80460F46029BD3F81031CF
:101DE0001D2B00F2C88201995A1C01F57956002179
:101DF00003EB430306EBC3060BEBC303C6E9008703
:101E0000002083F8481E0021029BC6E90401C3F8A4
:101E10001021019E06F5805707F66C0818E030681F
:101E200006F5C354D0F800C00C342B462146DCF82C
:101E30000890C847D8B12D68D7F86C292046521BA6
:101E4000611942F04DFDD7F86C395B1BC7F86C394E
:101E500030680DF5A46503685B68984738B1D7F81A
:101E60006C29002ADBD1D7F85448002C74D1019F8B
:101E700007F5175A07F500560AF13C0A07F54058CE
:101E800019E0D6F8F80107F56954D0F800C02434F9
:101E90002B462146DCF80890C847D8B12D68D8F801
:101EA000642B2046521B611942F01AFDD8F8643B9E
:101EB0005B1BC8F8643BD6F8F8010DF5A465036810
:101EC0005B68984730B1D8F8642B002AD9D1D8F88C
:101ED0004C4AECB90023D6F8F8014C930368FF2272
:101EE0001F680CA90BABB847002859D1019B0CA95E
:101EF00018680BAB02681768FF22B847002840F04B
:101F00003F8103980DF6141DBDE8F08FF912001003
:101F10004FF4827206F2FC51013C4DA842F0B0FC35
:101F200004EB8412920007F51C510DF5A465504690
:101F3000C8F84C4A42F0D4FC4FF482724DA92846AE
:101F400042F09EFC4FF48272294608F6642042F06B
:101F500097FCD8F8642B94E706F2044529464FF421
:101F60008272013C4DA842F08BFC04EB841228469F
:101F7000920006F5A1610DF5A465C7F8544842F03A
:101F8000AFFC4FF482724DA9284642F079FC4FF421
:101F900082722946404642F073FCD7F86C293EE72E
:101FA000D6F8F8050B9AC0F57F739A429ED8019C2B
:101FB0000CA904F5075B0BF13C0B584442F060FCA4
:101FC000D6F8F825022A91D0101900F507505B4683
:101FD0003A3001E0834289D019781F46442903F141
:101FE0000103F7D119785029F4D1019B5846FF1A03
:101FF000A7F507573C3FD21B0BEB070142F070FCE3
:102000000023994698461846D6F8F825CDF80439A5
:10201000A2EB070ACDF80839CDF80C39C6F8F8A5B7
:102020000DF5A46708F106029245FFF45FAF06EBD9
:10203000080191F8FC2108F10204442A049440F0BC
:10204000DD8491F8FD21502A40F0D884321992F8AD
:10205000FC2191F800C291F8FF410CF00F0E02F044
:102060000F011209B9F1000F40F0B6844FF48B73E1
:10207000CB40DB0787F8E8E37A70397040F1BE8423
:10208000B9EB1C1F40F0038404EB08039A45FFF4EE
:102090002DAF08F105010DF22455E21F59442844E3
:1020A00042F0EEFBD7F8E433D7F8EC83073B18197E
:1020B00004EB0803334493F8FAC193F8FB41C7F8E3
:1020C000E4034FF6FF73002800F0CB83011D41F2BB
:1020D0002102394442E05B001FFA83FE1BB2002B51
:1020E000C0F2B9834FEA4E0E1FFA8EF30FFA8EFE3E
:1020F000BEF1000FC0F2A8835B001FFA83FE1BB283
:10210000002BC0F29B834FEA4E0E1FFA8EF30FFA9C
:102110008EFEBEF1000FC0F28A835B001FFA83FEC1
:102120001BB2002BC0F27D834FEA4E0E1FFA8EF3D6
:102130000FFA8EFEBEF1000FC0F268815B001FFA3D
:1021400083FE1BB2002BABBF4FEA4E0E82EA430365
:102150001FFA8EF39BB28D4200F0838315F801EBDA
:1021600083EA0E230FFA83FEBEF1000FB3DA82EA90
:102170004E0E0FFA8EF31FFA8EFEB0E798474CE52D
:10218000019B0B9AD3F80004C0F57F739A423FF687
:10219000B8AE019C0CA904F1040A504442F070FB53
:1021A000D4F80024022A3FF4ACAE10195346023092
:1021B00002E098423FF4A5AE1C781946442C03F186
:1021C0000103F6D11C78502CF3D1019C5046091B19
:1021D0000F1FD21B0AEB070142F082FB0023D4F849
:1021E00000249E46D21B0492C4F800249B461A4643
:1021F0001846CDF80439CDF80839CDF80C390DF56D
:10220000A467049C0BF106018C42FFF47AAE01999D
:102210000BF1020401EB0B052979442940F0FF8200
:102220006979502940F0FB82019995F80880214492
:102230000979ED7901F00F0C08F00F090909002A5E
:1022400040F0DA824FF48B7323FA0CF3DB0787F844
:10225000E893797087F800C040F1E182B2EB181F73
:1022600040F01781049A05EB0B039A42FFF449AE44
:102270000BF105010DF22459EA1F5144484442F084
:10228000FFFAD7F8E433D7F8ECB3073B019A5819B3
:1022900005EB0B03134493F802C0DD78C7F8E403A1
:1022A0004FF6FF73002800F0DF80011D4C4641F21D
:1022B0002102394441E05B001FFA83FE1BB2002B70
:1022C000C0F2CC804FEA4E0E1FFA8EF30FFA8EFE4C
:1022D000BEF1000FC0F2BB805B001FFA83FE1BB291
:1022E000002BC0F2AE804FEA4E0E1FFA8EF30FFAAB
:1022F0008EFEBEF1000FC0F29D805B001FFA83FED0
:102300001BB2002BC0F290804FEA4E0E1FFA8EF3E4
:102310000FFA8EFEBEF1000F7FDB5B001FFA83FE1B
:102320001BB2002BABBF4FEA4E0E82EA43031FFAEB
:102330008EF39BB28C4200F0978014F801EB83EA95
:102340000E230FFA83FEBEF1000FB4DA82EA4E0EBE
:102350000FFA8EF31FFA8EFEB1E7019B4FF42E7237
:1023600003F5765103F56D502831283042F0B8FA64
:102370001E211D2310E5019B4FF42E7203F57956A3
:1023800003F58141304642F0ABFA1E221D232EE5B3
:10239000019B4FF42E7203F5DD5103F5CB50103144
:1023A000103042F09DFA1E211D2373E4019B4FF46F
:1023B0002E7203F5F95703F505513846203142F0E6
:1023C0008FFA1E221D23BCE4019B4FF42E7203F5ED
:1023D000F45103F5E2500831083042F081FA1E2131
:1023E0001D2380E49847814688469FE498478046AD
:1023F0000F46F2E4984780460F4642E498478046ED
:102400000F466AE4984707460E46BCE482EA4E0E41
:102410000FFA8EF31FFA8EFE94E682EA4E0E0FFA42
:102420008EF31FFA8EFE7CE782EA43030FFA83FEE7
:102430009BB26FE782EA4E0E0FFA8EF31FFA8EFE02
:102440005FE782EA43030FFA83FE9BB251E782EA19
:102450004E0E0FFA8EF31FFA8EFE41E782EA430317
:102460000FFA83FE9BB233E7BCEB132F40F0A7813A
:10247000DBB29D4240F0A38197F8E83397F8E92357
:10248000934216D00132D2B2032B87F8E9237FF6AC
:10249000B8AE049B5046A3EB0B020AEB0B0142F0D3
:1024A0001FFA019AD2F80034A3EB0B03C2F80034F0
:1024B00027E5049B0AEB0B01A3EB0B02504642F00D
:1024C0000FFA01994FF47A72D1F80034A3EB0B03A1
:1024D000C1F800344DAB1846394642F0D1F901221B
:1024E00080F8E82342780346042A00F01B81039C0D
:1024F000B448D4F8E4332278D908A0FB0101F72BC3
:102500004FEA9101029161787FF6FBAC0434B14649
:102510004FF0000A3D462646073302EB01120593B1
:10252000019BD2B2049203F5405B049B4FF0F80884
:10253000AB7045F244031AFB08F12B80059B85F82C
:1025400004A05F1AFF2F28BFFF27FBB2EB70073BE9
:10255000DCB2224618FB0A4431440DF2255042F009
:102560008FF9002C00F0DB80039B043418193146EE
:102570004FF6FF7341F2210224E06400A3B224B2BB
:10258000002C31DB5B009CB21BB2002B32DB640001
:10259000A3B224B2002C33DB5B009CB21BB2002B35
:1025A00034DB6400A3B224B2002C35DB5B009CB2A8
:1025B0001BB2002BABBF640082EA4303A3B29BB201
:1025C000814233D011F8014B83EA04231CB2002C62
:1025D00027DB5B009CB21BB2002BCEDA82EA4303FE
:1025E0001CB2002C9BB2CDDA82EA440423B2002B49
:1025F000A4B2CCDA82EA43031CB2002C9BB2CBDA41
:1026000082EA440423B2002BA4B2CADA82EA43036A
:102610001CB2002C9BB2C9DA82EA440423B2A4B2F1
:10262000C7E782EA440423B2A4B2D5E7190ADBB2B1
:10263000DBF84C4AEA19132C02F8021C02F8013CA0
:10264000C5F800711ED804EB841009EB80004FF42C
:102650008272294600F2FC5042F012F9BAFA8AF36B
:1026600041F6502209EB04015B0901348B54CBF88D
:102670004C4A029B0AF1010A5FFA8AFA53453FF677
:1026800054AF3EE44FF00008019A214602F5695725
:10269000099614464646CDE907950F37CDF818A0A0
:1026A00003E0B14204F5827430D917F8013F354692
:1026B0000136002BF5D0B14228D9BA46B1464FF4C5
:1026C000827804F517533C331AF8012F4AB909F1FF
:1026D0000109894508F58278E3D21AF8012F002A0A
:1026E000F5D003EB08014246184642F0F9F8DBF852
:1026F0004C2A03462A44A2EB090109F10109494584
:1027000008F58278CBF84C1ADED8CAE713290C46B4
:10271000DDE90795DDF818A0099EAAD893E7FF2305
:10272000194685E7D0F8E423092A07D04FF47B72D5
:102730001946039842F0A4F8FFF7E3BB0279082A90
:102740003FF4DFAB052AF1D1DA7980791204000277
:1027500080182CBF0121002100265A7993F809A086
:1027600080181A7A41F100011206821893F80A8043
:1027700041F10001921993F80BE09219514493F83A
:102780000CC041EB08211B78921941EB0E419219C4
:1027900041EB0C61082B3A60C9F8001020D0022BE5
:1027A00012D0012B7FF4ADAB029B3946D3F8402108
:1027B000019B03F5F950FFF719F8FFF7A2BB0BF1E6
:1027C000020B66E611420821019B394603F5E250EF
:1027D000029B0830D3F84021FFF708F8FFF791BBC0
:1027E000019B394603F5CB50029B1030D3F84021B2
:1027F000FEF7FCFFFFF785BB4FF48B7E2EFA0CFE35
:102800001EF0010F0BD03C7864457FF442AE7C781B
:102810008C427FF43EAE99457FF43BAE1EE5A34665
:1028200037E682EA43030FFA83FE9BB282E482EA30
:102830004E0E0FFA8EF31FFA8EFE72E482EA430305
:102840000FFA83FE9BB264E482EA4E0E0FFA8EF317
:102850001FFA8EFE54E482EA43030FFA83FE9BB212
:1028600046E4BCEB132F40F0B480DBB29C4240F056
:10287000B08097F8E83397F8E923934216D00132F5
:102880005FFA82F9032B87F8E9937FF6CBAB5846C2
:10289000AAEB08020BEB080142F022F8D6F8F83553
:1028A000A3EB0803C6F8F835FFF720BBAAEB080234
:1028B0000BEB0801584642F013F8D6F8F8354FF400
:1028C0007A72A3EB0803C6F8F8354DAB18463946C3
:1028D00041F0D6FF012442780346042A80F8E843F9
:1028E0007FF404ABD0F8E423092A61D10279082AE5
:1028F0003FF4FCAA052A5BD18179C279090212044E
:1029000089182CBF012000204FF000095A7993F854
:10291000098089181A7A40F1000012068A189F7AF5
:1029200040F1000012EB090293F80BE012EB0902F0
:1029300000EB080193F80CC041EB07281B7812EB61
:10294000090748EB0E4817EB090548EB0C68022B0A
:1029500057D0012B7FF4CAAA029BD3F81001D3F8F9
:10296000409100283FF4C2AA019B4FF0000A0124C5
:1029700003F5795B06E00AF1010A82450BF1180BB9
:10298000BFF4B4AADBE90023984508BF9542F2D111
:10299000D9F80030334A1B688BF8084093425AD16B
:1029A00002F00AF8029BCBE90401D3F81001E2E738
:1029B000039C19464FF47B72204641F061FF94F866
:1029C000E833002B3FF492AA03980DF6141DBDE8DE
:1029D000F08F08F102085AE74FF48B75CD40ED07F0
:1029E0000CD53D788D427FF452AF797891427FF4D7
:1029F0004EAF9E457FF44BAFFFF742BBDDF8108032
:102A000045E7019B029A03F5405BDBF8380ED2F8EC
:102A100040A100283FF46AAA03F56D57283706E065
:102A200009F10109814507F11807BFF45FAAD7E949
:102A30000023984508BF9542F2D1DAF80030094AE0
:102A40001B683C72934209D101F0B6FFC7E904014B
:102A5000DBF8380EE4E748469847A3E75046984726
:102A6000F4E700BFF91200102DE9F04F2DED068BB1
:102A70000646ADF2344D11A806F13001FFF7B4F867
:102A80009DF82C34002B40F03182D14D06F5804466
:102A9000D4F8D00303681B68AB4240F0B18201F068
:102AA0008BFF07468846D4F8A033002B40F0B28154
:102AB00042F6F821D4F8A833FA1AD4F8AC3368EB0C
:102AC00003038A4273F1000380F0FC81D4F8000410
:102AD00003681B68AB4240F0F38101F06DFF06F51F
:102AE0008848D8F80820D8F81430D8F81C9002FB91
:102AF00003F7D8E9033C03FB0C77ACFB02CE774429
:102B0000D8F818E01CEB0E0C47EB0907604571EB99
:102B10000707C0F05781B0EB0E0061EB090141F0EF
:102B2000CBFE013041F10001C8F8141006F58241D6
:102B3000C8F8100078310BA8FEF7A6FCDDED0B7A83
:102B4000F5EEC07AF1EE10FA00F1CD819FEDA17A99
:102B5000F4EE477AF1EE10FA77FE277AF0689E4A93
:102B600003681B68934240F0BF850269436906EE23
:102B7000902A9B1A07EE103AB8EE477A9FED956AB5
:102B800027EE277AF8EE666AC7EE067A77EEA67A1F
:102B9000FCEEE77A007917EE903A42081F288ABFC8
:102BA00002F0030202F0070208328C4902EB8202B3
:102BB00092001144C20758BF4FF6FF7208689BB2DB
:102BC00044BF874A1B044340134001F580510B600A
:102BD00094F8B831002B40F0758202270023DFED16
:102BE000817A059394F8F031CDED077A002B40F00F
:102BF000CA824FF002080023DFED7A7A039394F83B
:102C00002832CDED047A002B40F023834FF00209E7
:102C10000023DFED747A019394F86032CDED027AEF
:102C2000002B40F07A834FF0020ADFED6E7A94F8C1
:102C30009832CDED067A0026002B40F0D2834FF07B
:102C4000020B002500240F226749684825F0FAFB93
:102C500001226749654825F0F5FB1622654963485E
:102C600025F0F0FB3946614825F0D6FD0122624986
:102C7000074625F0E7FB079841F0F6FD0B460246B4
:102C8000384625F073FE074604225C4925F0DAFB3E
:102C90000599384625F0C4FD0422594925F0D2FB98
:102CA00016225849514825F0CDFB41464F4825F0A2
:102CB000B3FD01225049074625F0C4FB049841F0BA
:102CC000D3FD0B460246384625F050FE0746042247
:102CD0004A4925F0B7FB0399384625F0A1FD0422A7
:102CE000474925F0AFFB16224749404825F0AAFB8B
:102CF00049463E4825F090FD01223F49074625F010
:102D0000A1FB029841F0B0FD0B460246384625F083
:102D10002DFE07460422394925F094FB01993846D7
:102D200025F07EFD0422364925F08CFB162237491A
:102D30002E4825F087FB51462C4825F06DFD0122D9
:102D40002D49074625F07EFB069841F08DFD0B4688
:102D50000246384625F00AFE07460422274925F098
:102D600071FB3146384625F05BFD0422244925F0ED
:102D700069FB162226491D4825F064FB59461B486D
:102D800025F04AFD01221C49064625F05BFB28463A
:102D900041F06AFD0B460246304625F0E7FD054648
:102DA0000422164925F04EFB2146284625F038FD21
:102DB000042213490DF2344DBDEC068BBDE8F04FF3
:102DC00025F040BB0DF2344DBDEC068BBDE8F08F15
:102DD000F91200100000C8422D1200100C800A40A9
:102DE0000000FFFF0000000060490410B44900200B
:102DF00070490410744904108C490410904904105F
:102E000098490410A0490410B8490410D04904108E
:102E1000E8490410012B00F0F7800021D4F8B0330A
:102E2000A048FA1AD4F8B43368EB0303904271EB6C
:102E30000303C0F03F84D4F8F0039B4A03681B6887
:102E4000934240F05A844FF0504201230179526876
:102E50008B4013427FF43AAED4F8F80306F587416D
:102E600003681522D3F8009038310BABC84718B16E
:102E70000B9B152B00F047840022D4F8D003036885
:102E80001B68C4F8A023AB4240F01D8401F094FD00
:102E9000C4F8A803D4F8F403844A0368C4F8AC1354
:102EA0001B68934240F01C854FF00002037942EC0E
:102EB0004030D4F8000403681B68AB423FF40DAE09
:102EC00098470CE6D4F8F403784A03681B689342E9
:102ED00040F00F844FF00102037942EC40300123AF
:102EE000C4F8A033F2E5DFED727A37E69DF844309E
:102EF000082B00F09683012B7FF4C7ADDDF8283452
:102F00001B2B7FF4C2AD9DF848300A2B7FF4BDAD7A
:102F1000DDF8532006F58044D4F888010392DDF8EB
:102F2000572003680492DDF85B20624D1B68019214
:102F3000DDF85F20AB42BDF849B0DDF84BA0DDF80D
:102F40004F90029240F04A8501F036FD07468846D0
:102F500094F8B831002B00F02485D4F88801036878
:102F60001B68AB4240F0418501F026FD02464FF45C
:102F70007A704FF0000ED4F87831D4F8B4C103FB66
:102F800000F0D4F8B031D21A61EB0C0190427EEB24
:102F9000010194F8B8211DD30592002A00F00185A3
:102FA000F81A68EB0C0102F070FB94ED618A05EEF3
:102FB000900A9FED416AB7EE007AC5EE867A37EE49
:102FC000487AD4ED706A67EE877AE8EE267AC4ED27
:102FD000707A059A002A00F0E484039BC4E965A98D
:102FE000C4F89C31049BC4E96C78C4F8A031019BFF
:102FF000A4F890B1C4F8A431029BC4F8A83147E505
:103000009847074688464EE5D4F8F00326490268FB
:1030100012688A4240F06884027993404FF050422F
:10302000526813420AD1D4F8F80306F587410368C1
:103030001522D3F8009038310BABC8470021D4F8E3
:10304000A833D4F8AC231D48FB1A68EB020298425F
:103050009141BFF43BADDFF868E00DF12C0CBEE808
:103060000F00ACE80F009EE80300D4F8F8934CF88A
:10307000040B8CF80010D9F8003048461522D3F81C
:1030800008900BA90AABC84700283FF4F5AE0A9B8D
:10309000152B7FF4F1AE0223C4E9EC78C4F8A03319
:1030A00014E500BF07A50700D9120010F1120010A7
:1030B00000000000F91200100024744927460F0098
:1030C000E45A0410D4F8880103681B68AB4240F04E
:1030D0001B8401F071FC4FF47A770026D4F8782134
:1030E00094F8B83107FB02F2D4F8B071C01BD4F8E1
:1030F000B47161EB070182428E4180F0D7810227D3
:10310000002B3FF46BADD4F8880103681B68AB4219
:1031100040F0FF8301F050FC4FF47A760022D4F89F
:103120007831D4F8B48106FB03F3D4F8B061801B86
:1031300061EB080183428A41FFF450AD94F8B83145
:10314000002B3FF44BADD4F8880103681B68AB42F9
:1031500040F0DD8301F030FC801B4FF000034FF4A2
:103160007A7261EB080141F0A7FBB7EE007AD4ED6B
:10317000707AC7EE277A94F8F031CDED077A059092
:10318000002B3FF436ADD4F8D80103681B68AB427E
:1031900040F0B68301F010FC4FF47A720026D4F8A8
:1031A000C83102FB03FCD4F8E82194F8F031801A0E
:1031B000D4F8EC2161EB0201844576EB010180F04B
:1031C0000C824FF00208002B3FF415ADD4F8D80163
:1031D00003681B68AB4240F0918301F0EDFB4FF4B4
:1031E0007A760022D4F8C831D4F8E89106FB03F3CC
:1031F000D4F8EC61B0EB090061EB0601834272EB9D
:103200000101FFF4F8AC94F8F031002B3FF4F3AC7B
:10321000D4F8D80103681B68AB4240F06D8301F01D
:10322000CBFBB0EB09004FF000034FF47A7261EB77
:10323000060141F041FBB7EE007AD4ED7E7AC7EE8D
:10324000277A94F82832CDED047A0390002B3FF4CE
:10325000DDACD4F8100203681B68AB4240F0638316
:1032600001F0AAFB4FF47A720026D4F8003202FB78
:1032700003F3D4F82022801AD4F8242261EB02014F
:10328000834276EB010194F8282280F05A814FF0B6
:103290000209002A3FF4BCACD4F8100203681B6892
:1032A000AB4240F03E8301F087FB4FF47A76002278
:1032B000D4F80032D4F824A206FB03F3D4F8206239
:1032C000801B61EB0A01834272EB0101FFF4A0ACA9
:1032D00094F82832002B3FF49BACD4F8100203681A
:1032E0001B68AB4240F01B8301F066FB801B4FF074
:1032F00000034FF47A7261EB0A0141F0DDFAB7EE98
:10330000007AD4ED8C7AC7EE277A94F86032CDED4E
:10331000027A0190002B3FF486ACD4F8480203688F
:103320001B68AB4240F0F98201F046FB4FF47A7221
:103330000026D4F8383202FB03F3D4F85822801A5E
:10334000D4F85C2261EB0201834276EB010194F830
:10335000602280F01C814FF0020A002A3FF465AC25
:10336000D4F8480203681B68AB4240F0D48201F0F5
:1033700023FB4FF47A760022D4F83832D4F85CB2CA
:1033800006FB03F3D4F85862801B61EB0B01834208
:1033900072EB0101FFF449AC94F86032002B3FF46A
:1033A00044ACD4F8480203681B68AB4240F0AA82E0
:1033B00001F002FB801B4FF000034FF47A7261EBC7
:1033C0000B0141F079FAB7EE007AD4ED9A7AC7EEA4
:1033D000277A94F898320646CDED067A002B3FF412
:1033E0002EACD4F8800203681B68AB4240F0A38285
:1033F00001F0E2FA4FF47A724FF0000CD4F8703218
:1034000002FB03F3D4F89022801AD4F8942261EBE3
:10341000020183427CEB010194F898226BD24FF0B9
:10342000020B002A3FF40DACD4F8800203681B683D
:10343000AB4240F07E8201F0BFFA4FF47A724FF057
:10344000000ED4F8703202FB03FCD4F89032D4F8AA
:103450009422C01A61EB020184457EEB0101FFF466
:10346000F0AB94F8981200293FF4EBABD4F880024B
:10347000CDE9083201680968A94240F0568201F09E
:103480009BFADDE90832C01A61EB020100234FF418
:103490007A7241F011FAD4EDA87AB7EE007AC7EE4D
:1034A000277A044617EE905AFFF7CDBB002B3FF466
:1034B00094ABF7EE006A94ED707AC6EE877AF4EE7C
:1034C000677AF1EE10FA80F1048194ED5F7AD4ED21
:1034D000606A37EE266AF4EEC67AF1EE10FA00F36F
:1034E000F88037EE667AF4EEC77AF1EE10FA4CBF48
:1034F0000127002704E6002A3FF4A1ABF7EE006A9B
:1035000094EDA87AC6EE877AF4EE677AF1EE10FAB7
:1035100080F1E48094ED9D7AD4ED9E6A37EE266AC0
:10352000F4EEC67AF1EE10FA00F3D88037EE667A40
:10353000F4EEC77AF1EE10FA4CBF4FF0010BE34600
:103540006FE7002A3FF462ABF7EE006A94ED8C7AE5
:10355000C6EE877AF4EE677AF1EE10FA80F1BB805E
:1035600094ED817AD4ED826A37EE266AF4EEC67A5B
:10357000F1EE10FA00F3AF8037EE667AF4EEC77A18
:10358000F1EE10FA4CBF4FF00109B14681E6002A76
:103590003FF449ABF7EE006A94ED9A7AC6EE877A6B
:1035A000F4EE677AF1EE10FA80F19B8094ED8F7A59
:1035B000D4ED906A37EE266AF4EEC67AF1EE10FA90
:1035C00000F38F8037EE667AF4EEC77AF1EE10FAE8
:1035D0004CBF4FF0010AB246BFE6002B3FF409ABE7
:1035E000F7EE006A94ED7E7AC6EE877AF4EE677A9B
:1035F000F1EE10FA6AD694ED737AD4ED746A37EE70
:10360000266AF4EEC67AF1EE10FA5FDC37EE667ADF
:10361000F4EEC77AF1EE10FA4CBF4FF00108B04655
:10362000D1E5DDF82834092B7FF42FAA9DF8483026
:10363000092B7FF42AAA06F58044D4F81002CF4D56
:103640000368DDF849A01B68DDF84D90AB4240F0FF
:10365000C18101F0B1F90746884694F82832002B61
:1036600000F09481D4F8100203681B68AB4240F06C
:10367000BA8101F0A1F94FF47A7B4FF0000ED4F833
:103680000032D4F824C20BFB03FBD4F82032C01A5A
:1036900061EB0C0283457EEB020280F04E8194F8D0
:1036A0002832002B00F07281C4E986A9C4E9887829
:1036B000FFF7EEB9D4F8D003C4F8A01303681B6871
:1036C000AB423FF4E3AB9847FFF7E2BB4FF0010892
:1036D00079E5012714E54FF00109DAE54FF0010B18
:1036E0009FE64FF0010A38E617EE901A9847FFF769
:1036F0006FBA01219847FFF7F2BB984700283FF4C3
:10370000ABABFFF7E3B994F8B93394F8B8231B02D5
:1037100003F4FE431343152B94F8BA237FF4D6A980
:10372000032A7FF4D3A994F8C133082B7FF4CEA9E0
:10373000B4F9C733DFED925A06EE103AB4F9C53347
:10374000B8EEC66A07EE103AB4F9C93326EE256A18
:1037500006EE903AB4F9CB33B8EEC77A07EE903A5A
:10376000F8EEE66AF8EEE77A27EE257A66EEA56AC5
:1037700067EEA57A66EE065AE7EE075AE6EEA65A17
:10378000E7EEA75AB1EEE55AC6EE058A86EE858ABF
:1037900087EE059A87EE85AAF7EE009A28EEA87ABA
:1037A00068EE887AA9EE097AF0EE004AE9EE0A7A24
:1037B000F0EE696A77EEA77AE7EE646A17EE900A90
:1037C00016EE901AC4F8B073C4F8B48301F0C8FFC1
:1037D00068EE497AE8EE8A7ABFEE007A77EEA77A49
:1037E000F4EEC77A06EE100ADFED666AF1EE10FA23
:1037F00026EE269A00F1FD80F4EE697AF1EE10FAD9
:1038000079FEA77A17EE900A01F078FEDFED5D7A77
:1038100008EE100AD4F8D80128EE278A03681B683E
:10382000AB4259D101F0C8F80746884694F8F03108
:103830002BB3D4F8D80103681B68AB425AD101F00E
:10384000BBF84FF47A724FF0000ED4F8C83102FB87
:1038500003FCD4F8E831D4F8EC21C01A61EB020182
:1038600084457EEB010117D294F8F0313BB184ED31
:10387000789A84ED798AC4E97A78FFF727B9012329
:1038800084ED789A84ED798AC4F8E871C4F8EC8103
:1038900084F8F031FFF71AB994F8F091B9F1000FFC
:1038A000EDD0F81A68EB020101F0EFFED4ED758A55
:1038B00005EE900A9FED346AB7EE007AC5EE867A7F
:1038C00037EE687AD4ED7E6A67EE877AE8EEA67AFC
:1038D0004B46C4ED7E7AC9E7984707468846A5E778
:1038E00000219847FFF7F2B8904700283FF49BABC0
:1038F000FFF7A4BB9847A4E7984792E498476EE483
:10390000984749E4984755E59847FFF7E4BB98473F
:1039100022E4984700E498472BE5984706E5984746
:10392000E4E49847C1E498479CE48847DDE908321D
:10393000A9E5984781E598475CE594F828B2BBF182
:10394000000F23D0F81A68EB0C0101F09EFE94EDF5
:10395000838A05EE900A9FED0C6AB7EE007AC5EEF9
:10396000867A37EE487AD4ED8C6A67EE877AE8EE8D
:10397000267A5B46C4ED8C7A93E600BFF9120010FC
:1039800000008038E12E6542002474490123C4E917
:1039900086A9C4F82072C4F8248284F82832FFF77C
:1039A00077B8039BC4E965A9C4F89C31049BA4F8CB
:1039B00090B1C4F8A031019BC4F8B071C4F8A4312F
:1039C000029BC4F8B481C4F8A831012384F8B8314B
:1039D000FFF75EB89847074688463EE69847074691
:1039E0008846FFF7B5BA984745E698470246FFF77D
:1039F000BEBA17EE100A07E780B5ADF58A4D8AB05A
:103A000003F0EEFC49494A4B4A4A0D681C680CAB6E
:103A1000C3E9002548480EABC3E900240DF1640951
:103A20000B90464948460DF17C080BAB25AFFDF7DE
:103A3000BDFC40464249FDF7B9FC2BAE3846414932
:103A4000FDF7B4FC31AD30463F49FDF7AFFC3F49CF
:103A50002846FDF7ABFC0D203D4B10AC20712360D8
:103A60004FF0000A00F0AEF820794AEC4400002242
:103A7000012100F093F80E20364B12AC2360207128
:103A800000F0A0F823794AEC44300DF5A562A2F5C8
:103A90009B64314B314A0DF1540C22600FCB8CE802
:103AA0000F00114605F0C0FF607A032100F058F8BE
:103AB000207A032100F054F8607A0022012100F0FE
:103AC0006DF8207A6C460022012100F067F842ABC5
:103AD00009930DF5A563A3F5886C0BAB37930CAB7D
:103AE0000DF1DC0ECEF804300EABCEF80830CEE986
:103AF0000398CEE9057610ABCEF8203012ABCEF8A5
:103B0000243014ABCEF82830CEF81C50BCE80F009F
:103B10000FC49CE80F0084E80F0009989EE80E008F
:103B2000FDF79AFE0998FEF79FFFFBE77C5A041009
:103B3000785A0410145A04103C5A0410D05A041035
:103B4000BC5A0410A85A0410945A0410805A041045
:103B5000485A0410545A041020280020285A0410EF
:103B600010B44FF480740C4B53F8202003EB800307
:103B7000C00082F0400200F1804003F5805C02F05A
:103B8000C00200F5203003F54053CCF8002041601E
:103B90001C605DF8044B70470480034010B4084C6F
:103BA000C90041EA820154F8202004EB800351400F
:103BB00003F5805301F00C015DF8044B1960704768
:103BC0000480034030B44FF0000343EC440043EC66
:103BD000400005254FF480740B4BC20053F82010B1
:103BE00003EB800081F0400102F1804303F52033B4
:103BF00001F0C00200F5805100F540500A605D60A0
:103C0000046030BC704700BF048003400FB400B5AF
:103C100083B0049C074803F027FC3CB105A920466B
:103C2000019103F007FA044803F01EFC012003F0A1
:103C300019FA00BF004A04109C49041070B586466A
:103C4000EFF3108572B6124CD4E8CF6F0120002E2E
:103C5000FAD1C4E8460F002EF6D1BFF35F8F4FF0C4
:103C6000010CC80801F007030CFA03F31EF800C0AA
:103C70001CEA030608D14CEA030C0EF800C0C4E8A5
:103C80008F6F85F3108870BD1046FFF7BFFF00BF30
:103C90006F4D0020F8B5EFF3108572B6234CD4E8D1
:103CA000CF7F0126002FFAD1C4E8476F002FF6D14D
:103CB000BFF35F8F9A4227D80126D70810F807E094
:103CC00002F0070C06FA0CFC1EEA0C0F00EBD20700
:103CD0000DD125E04FEAD20E10F80EE002F0070CED
:103CE00006FA0CFC1EEA0C0F00EBD20718D00132CA
:103CF0009342EFD24FF0FF300023C4E88F3F85F3AB
:103D00001088984207DBF8BD0023C4E88F3F85F395
:103D100010884FF0FF300029F5D00698FFF776FFA6
:103D20004EEA0C0E104687F800E0E5E76F4D0020E4
:103D3000044A1078431CDBB2182B28BF10231370E1
:103D4000704700BF3028002010B5054C82B00146F6
:103D50001F23182200940348FFF79CFF02B010BDF8
:103D6000104A0410B44E00204FF0E022936843F054
:103D700000539360704700BF0021044B03F1200201
:103D8000C3E88F1F01339342FAD17047644D00207E
:103D90004FF0E0234FF08032C3F80024C3F804242E
:103DA000C3F80824C3F80C24C3F81024C3F814245F
:103DB000C3F81824C3F81C24C3F82024C3F824240F
:103DC000C3F82824C3F82C24C3F8302462B6704703
:103DD000012300F01F029340400941B1800000F12F
:103DE000604000F56140C0F8803103607047024ACE
:103DF000203042F82030704700E100E00123064AFD
:103E0000410952F8212000F01F008340134214BFE3
:103E100001200020704700BF00E100E001224309BB
:103E2000034900F01F008240403341F823207047CF
:103E300000E100E0054A10309268054B52F820007E
:103E4000C01A47288CBF00200120704700ED00E019
:103E50003428002010B5EFF3108C72B6114BD3E864
:103E6000CF4F0122002CFAD1C3E8442F002CF6D109
:103E7000BFF35F8F0C4A103092680C4C52F8202030
:103E8000A24201D091420BD1074A926842F8201019
:103E9000BFF35F8F0022C3E88F2F8CF3108810BD13
:103EA00000F042FF6D4D002000ED00E01101001018
:103EB0002DE9F04F0B4683B0EFF3108A72B6DFF8AE
:103EC000AC91D9E8CF4F0121002CFAD1C9E8441FA9
:103ED000002CF6D1BFF35F8F5D4991F90080B8F1F6
:103EE000000FC0F2B2805B4C08EB480704EB87057B
:103EF000AE7910300E7058494FEA4806896800962E
:103F000051F82010BF000E1B472E34D821F0010EAF
:103F10009EF80760964209D871E00CEB4C0604EB62
:103F2000860696F807B093454ED9B6469EF906C068
:103F3000BCF1000FF1DA4BF601560EF1040B043D13
:103F4000A5EB0B05C5F34A056FEAC545009F6FEA6F
:103F5000D5454744BB468EF80680DFF80C8104EB5C
:103F60008707AEF8045044F82B80BE8087F806C05F
:103F7000FA71BB601AE0394EB14266D1AB60384B82
:103F8000EA71BA1C2244043B9B1AC3F34A036FEA4A
:103F9000C3434FF421426FEAD343E2536B80FF22C5
:103FA0004BF60153AA71AB8045F001012A4B9B6887
:103FB00043F82010BFF35F8F0023C9E88F3F8AF3D7
:103FC000108803B0BDE8F08FF3463BF8046F760528
:103FD0000FD4761502360BEB460601966FF00706F6
:103FE000F61B019F361B3E44C6F34A0646F4604664
:103FF000A5E706F5FF1606F5FF561F36E9E7AB60A5
:104000006FF00703EA714FF42142DB1B1B1B734463
:10401000E253C3F34A02124B124E02372744043BC9
:104020003243DB1BAA80C3F34A030F4A33436B803E
:104030004AF6AA2173461B1B5B415943090DA9711E
:10404000CEF8002045F00101B0E700F06DFE00BFA2
:10405000785300203428002000ED00E0110100100A
:104060007C28002000E0FFFF014880476D4D0020C4
:10407000F0B5EFF30585EDB2EFF3108C72B62C4975
:10408000D1E8CF2F0123002AFAD1C1E8423F002A0C
:10409000F6D1BFF35F8F274E40F0010EB4684AF6A9
:1040A000AA2354F82570244A0446A41A64416343A1
:1040B0001B0D77455BB223D092F906409C4224D079
:1040C00092F912409C422BD092F91E409C4229D07A
:1040D00092F92A409C4227D092F936409C4225D042
:1040E00092F942409C4208BF05240FD0134A002495
:1040F000157813708571C1E88F4F8CF31088F0BD6F
:10410000B2680F4C42F82540F0E7002404EB440469
:1041100002EB8402FF2494714BF601549480E5E78E
:104120000124F3E70224F1E70324EFE70424EDE799
:104130006D4D002000ED00E0342800207853002071
:104140001101001010B5074C82B001460523002272
:1041500000940548FFF79EFD0028A8BFC0F133007A
:1041600002B010BD2C4A04107D530020014B0B44BB
:1041700003607047644D002070B5104C104DAC4288
:104180000ED2FF26236863B1FFF7D2FD0146204619
:10419000FFF7ECFFA680BFF35F8F0834AC42F1D38A
:1041A00070BDFFF7C5FD01462046FFF7DFFF267112
:1041B000BFF35F8F0834AC42E4D370BDA830002059
:1041C000B030002010B50446FFF7B2FD014620468E
:1041D000FFF7CCFFFF232371BFF35F8F10BD00BF3C
:1041E00010B504460120FFF7AFFD034B03442360E5
:1041F000BFF35F8F10BD00BF644D0020024B0B4426
:104200000360BFF35F8F7047644D002010490B6857
:10421000EFF3108072B6D3E8CFCF0122BCF1000FCC
:10422000F9D1C3E84C2FBCF1000FF4D1BFF35F8F7D
:10423000084A4FF0000C137809680133DBB21370A1
:10424000C1E88FCF80F3108840BF00200021704765
:10425000585300207A5300202DE9F04F2DED028BAA
:1042600085B0EFF30583DBB2103B9A0818BF01223B
:104270004FF0010103F0030018BFAF4DAF4B08BF73
:10428000AF4D00EB820253F8226001FA00FB05F506
:1042900041539FEDA78B0190C3F804B02EE0B38883
:1042A000180440F19280B379002B40F0DC80B6F91D
:1042B00008100029C0F21D81736901EB410103EB75
:1042C000C103D3E90247B7F1FF3F08BFB4F1FF3F95
:1042D0000DD0019B05EB8301AB6A0A69D21AE31A80
:1042E000934203D32B6A13EA0B0F00D10C612846CB
:1042F00000F05AFBA042B941C0F2FB80B6F9083089
:10430000C5F83CB0002B0093C9DBD6F8149003EB42
:10431000430A284609EBCA07D7E9024800F044FBE4
:10432000A04271EB0801BADBB8F1000FC0F2C38004
:10433000D7E90431834A934200F0ED807A88B6F9D8
:10434000080092B242EA0040984702460B4652EA01
:10435000030100F0B080002B80F2D180B4EB020E9C
:1043600068EB030839F93A30C7E902E8002B96DB1D
:10437000716903EB430201EBC202D2E90270BE4550
:1043800078EB000C4FEA430289DBB4462CF8083F77
:104390000BE031F93230A446002B0DDB03EB430078
:1043A00001EBC0005A00D0E90270BE451A4478EB18
:1043B000000001EBC204ECDA29F83A30009BACF8BB
:1043C0000030B38818043FF56EAF3369EFF3108205
:1043D00072B6D3E8CF0F01210028FAD1C3E8401FFD
:1043E0000028F6D1BFF35F8F4FF6FF74B08800232B
:1043F000316900B2B480C1E88F3F82F310889842DF
:10440000FFF651AF0746A946746906F1080807EBA5
:10441000470E04EBCE03D3E90250B6F90830C44688
:10442000002B13DBB246009704E034F93630944693
:10443000002B09DB03EB430604EBC602D2E9027151
:10444000BD4270EB0101F0DA5646009FACF80070F7
:1044500034F93E7024F83E30002FD8DAB3794D4657
:10446000002B3FF424AF0023B371B6F9083006F1F6
:104470000808591C3DD01946776903E080465A1C4C
:104480003FF417AF03EB430207EBC200B0F802C0E2
:104490001C461CF4004F9E4637F93230EED08C4259
:1044A00080ED028B05D0A8F80030318927F8321052
:1044B00034817146E3E739F83A3033813369EFF3F9
:1044C000108272B6D3E8CF0F01210028FAD1C3E8D9
:1044D000401F0028F6D1BFF35F8F7388316929F838
:1044E0003A30009B73800023C1E88F3F82F310882D
:1044F000D5E640BF05B0BDEC028BBDE8F08F284685
:10450000CDE9022300F050FA029A039B10EB020E51
:1045100043EB010826E708460B69029198470028FB
:10452000C9D00299D1E9002311E700BFAFF30080A1
:10453000FFFFFFFFFFFFFFFF00800B403053002015
:1045400000000B40594200102DE9F84F364C256908
:104550002DB1BDE8F84F0A213448FFF707BEDFF858
:10456000E4800321404600F00DFA0326C4F80C80D5
:10457000FFF7DEFB4FF0504C2D4B267003442361B8
:10458000DCF800300F216370636961801D834FF098
:104590000405A3F878504FF00505A3F890504FF0AC
:1045A0000605A3F8A8504FF007050E214FF6FF723D
:1045B00008274FF00A0EA3F8C0504FF001094FF042
:1045C0000C0C4FF0020B4FF0090A0D204FF00B05B9
:1045D000A3F868111749A280A3F808E1A160A3F825
:1045E00048B0A3F8F0A0A3F82051A3F838C1A3F86D
:1045F0005001A3F83090A3F86060A3F8D8701A8037
:104600000D4B3046C8F820700C49DC60FFF722FCE7
:1046100049463046FFF7DCFB094B0A211F6403487B
:10462000BDE8F84FFFF7A2BDA02800205853002096
:10463000644D0020FFFF100030530020594200104D
:1046400000200B4000000B4000487047A0280020CD
:10465000F8B59DF82070044616461D4637B900F09F
:10466000ABF9864265EB010100295CDB2369EFF3BE
:10467000108772B6D3E8CF1F01220029FAD1C3E810
:10468000412F0029F6D1BFF35F8FB4F902C06369EF
:104690000CEB4C01BCF1000F4FEAC10203EBC1016E
:1046A00038DB985A4FF0000E60802069C0E88FEF29
:1046B00087F310880698C1E9026508610798486188
:1046C00048880130C0F30E00012838BF012048801F
:1046D00040EA0C402169EFF3108572B6D1E8CF7F34
:1046E0000126002FFAD1C1E8476F002FF6D1BFF3A2
:1046F0005F8FA1889952A4F804C02369C3E88FEFA3
:1047000085F310880122E368217803F501538A407C
:104710005A60F8BD00232269C2E88F3F87F31088F2
:104720004FF0FF30F8BD3846F8BD00BF0146F0B588
:104730000069EFF3108772B6D0E8CF5F0124002D37
:10474000FAD1C0E8454F002DF6D1BFF35F8FB1F924
:1047500002E04C690EEB4E0CBEF1000F4FEACC05A7
:1047600004EBCC0C3DDB605B002648800869C0E8A8
:104770008F6F87F31088BCF80200CCE90223013068
:10478000C0F30E00012838BF0120059BACF80200E1
:10479000CCF81030069B40EA0E40CCF814300B6980
:1047A000EFF3108272B6D3E8CFCF0127BCF1000F30
:1047B000F9D1C3E84C7FBCF1000FF4D1BFF35F8F98
:1047C0008B886353A1F804E00B69C3E88F6F82F311
:1047D00010880122CB68097803F501538A405A609A
:1047E000F0BD00230A69C2E88F3F87F310884FF0BD
:1047F000FF30F0BD03464089B0EB214F37DD5869EB
:104800000A1402EB420210B500EBC2001C69EFF380
:10481000108C72B6D4E8CFEF0122BEF1000FF9D1AF
:10482000C4E84E2FBEF1000FF4D1BFF35F8F428872
:1048300089B292B28A4207D000221B69C3E88F2F47
:104840008CF31088002010BD42F400424280012108
:10485000002218699971C0E88F2F8CF310881C789A
:10486000DA68084602F50153A140596010BD0020E6
:10487000704700BF407870472DE9F04705460C4669
:1048800082B0EFF30587FFB2002F38D12B4ED6E967
:1048900000238B4208BF824239D0DFF8AC80D8F8C1
:1048A0000CA098F80090504600F07EF809F1040939
:1048B0005AF829301B1A281A64EB0101984271F149
:1048C000000124DA00F078F8854264EB0101002948
:1048D00015DB1B4B404600932A4623460197FFF702
:1048E00025FF011E0BDD174BC6E900545A6AA24290
:1048F00021D39B6AAB421CD31348FFF77BFF114BBC
:10490000586AA04208D2002002B0BDE8F08720BF5C
:104910000C4B586AA042F6D39B6AAB4203D30120EA
:1049200002B0BDE8F087001B18BF012002B0BDE84F
:10493000F087A242E0D120BFDEE700BF9828002028
:104940000D42001000000B40A0280020084AD0E9CA
:104950000003516A8B4204D8926A824203D3012039
:10496000704700207047581A18BF0120704700BFD9
:1049700000000B4001460248C1E90023704700BF18
:104980004D49001010B4054B054C064AA04214BF17
:104990001846581C5DF8044BFFF750B9B84E00207C
:1049A00000800B40484A04100346416A0A46986A50
:1049B000596A8A42FAD17047034B596A0A46986A83
:1049C000596A9142FAD1704700000B4010B4174A5F
:1049D000536A9C46946A536A6345FAD10019594157
:1049E0004FF0000228BF01220346CAB10F4B596A9B
:1049F0004B1C08BF0B4608D04FF0FF310B460B484D
:104A0000426A8A42FCD38A4207D1084A02E0506ACD
:104A1000884202D1906A9842F9D35DF8044B7047FE
:104A2000024A526A9142EAD8EDE700BF00000B400B
:104A300000EB400C4FEA8C0C0CF1804C0CF5803CE8
:104A4000F0B51646DCF80420051FB2F5803F38BFEC
:104A50004FF48032EDB238BFCCF80420012D2AD9B2
:104A60004FF40067254C0CF54052176054F8202095
:104A7000B2B9DCF80020012D82EA461202F0E00211
:104A80000CF5805632602AD94FF4006144F820308A
:104A90004FF480330CF500521160CCF80430F0BDB7
:104AA0006769B7FBF2FE0EF1010E0EEB4E0EBEF182
:104AB000030EFCD2DDE70129D2D103240CF54052CC
:104AC0001460DCF80820D207FBD5DCF800200B4C82
:104AD00082EA461202F0E0020CF5805632600122B2
:104AE000DCF800504D4005F00305356002FA01F195
:104AF000DCF808200A42FBD0C6E700BFBC4E00200D
:104B0000014B53F820007047BC4E002070B4039D49
:104B100004682D0345EA03451B4B002CB3FBF1F35E
:104B2000B2FBF3F61FDB194A194B904214BF4FF446
:104B300080424FF40042174C1A6003F580531A600C
:104B4000A36832EA0303FBD1212200F5405304336A
:104B5000016086601A600268002AFCDA0822C560DB
:104B60001A6070BC7047036803F03F038B42DAD1D0
:104B70008368C3F30B03B342D5D1C36803F4EE23B8
:104B8000AB42D0D1EDE700BF001BB700008005406D
:104B9000002002400000024030B44FF080441C4B23
:104BA0001C60E0B11B4CA3F54053DC611A4C40F093
:104BB000010044401C62596298624FF080454FF0FA
:104BC000E061134B1548164C1D60846019604AB9AA
:104BD00030BC4FF00042A3F580531A607047114B70
:104BE000D861EAE74FF47A7303FB02F2B2F1807FF7
:104BF0002ABF6FF07F4313461A464FF080410A4C9C
:104C000008482360094B426030BC1960704700BF00
:104C100000B00D40D3C007B02D3FF84F00A00140B9
:104C2000F3FFFF0100800D402053002000A00D4045
:104C3000012300EB4000800000F1804000F584106B
:104C400041600360704700BF002370B5DB8A0446F3
:104C50000D461646002242E800F2520254BF1021CF
:104C6000042144F252209847864633462A4620467D
:104C7000F446BDE870400A21604700BF0023DB8A8C
:104C8000002242E800F2520201D410211847042108
:104C9000184700BF08B51346021E02DB5BB141F0A6
:104CA00030018B0603D50023DB7C022B06D04FF4AA
:104CB0008170FFF7C9FF41F02001F2E74FF49170D6
:104CC000FFF7C2FF034AD2F82838002BFBD0BFF30E
:104CD0005F8F704700000E400021044B044ABFF371
:104CE0005F8F43F8041B9342F9D170470C080E40C4
:104CF0002C080E4010B44FF48D704FF42A64064A0D
:104D0000064B07491460D06019605368002BFCDA29
:104D10005DF8044B704700BF0080044000A00440D1
:104D200000B0FA00704700BF08B50148FEF76EFFFB
:104D30006C4A041038B5054C054DAC4204D254F809
:104D4000043B9847AC42FAD338BD00BFF848041082
:104D50003849041010B40748074C084B084A094961
:104D600004601A608B6832EA0303FBD15DF8044BE0
:104D7000704700BF002002407F3BEFEF0030024051
:104D8000F6FFF30300000240044BDB6CB3F5004F69
:104D900003D14FF48022024BDA64704700001150B7
:104DA000002011504FF0E022044BD2F8881D0B4335
:104DB000C2F8883D10EE3004704700BF0303300096
:104DC0006FF06041044B054A19609368DB4333F090
:104DD0006043FAD1704700BF00300240000002403B
:104DE00010B545F25320FFF749FFBDE810400346D8
:104DF0000420184710B545F25320FFF73FFFBDE8E8
:104E00001040034601201847FEF7B6BF38B51349D6
:104E1000134C144D641AA408442C224628BF442283
:104E2000284692003FF02CFD432C14D80E4AC4F1C2
:104E300044000ED005EB8403410803EBC101C3E934
:104E4000002208339942FAD1C30704D520F00100AB
:104E5000044445F82420054B9D6038BD0000001037
:104E600010010010000000201101001000ED00E012
:104E7000002370B52B4C82B0C4F88430FFF73AFFA2
:104E80000122294BDA63636C012BFCD10321264AF2
:104E9000244B11639C6B012CFCD102260525214675
:104EA0000523224A22480096FFF730FE21462B4672
:104EB000204A21480095FFF729FE002204203146B0
:104EC0001E4BFFF7B5FD2146284600221C4BFFF77D
:104ED000AFFD0022082011461A4BFFF7A9FD002262
:104EE00009201146174BFFF7A3FD002206201146AB
:104EF000134BFFF79DFD0022114B07201146FFF7D2
:104F000097FD0420FFF7FCFD00240F4BA3FB0035A9
:104F1000AD0CE0B229460134FFF78AFE062CF8D129
:104F200002B070BD0000014000300140002F685900
:104F300000000540008C864700800540001BB7003C
:104F400080D1F008006CDC0283DE1B4386B003B422
:104F500051FC0804CDE9020151FC0904CDE904012A
:104F600051EC0A04CDE9060103BCF047BDE800504E
:104F70004EEC00C4BDE800504EEC01C4BDE800504A
:104F80004EEC02C400BD000000B5FFF7DFFF02E0F9
:104F900010FE30F4F8D441EC100443EC112400EE80
:104FA000010410EE010480EE200451EC100470475F
:104FB00000B5FFF7CBFF02E010FE30F4F8D441EC6F
:104FC000100443EC112400EE010410EE210480EEE5
:104FD000200451EC3004704700B5FFF7B7FF02E042
:104FE00010FE30F4F8D410B541EC100443EC112459
:104FF00051EC040453EC0524A0FB024C5FF0000EBE
:10500000E0FB03CEE1FB02CE4CEC20440024E1FBAC
:1050100003E444EC30E480EE200451EC500410BD75
:1050200000B5FFF793FF02E010FE30F4F8D441EC36
:10503000100443EC112451EC2104A0FB01126FEA8F
:10504000820252FB100052FB12F252FB1000A0EB46
:10505000D07C53EC04245CFB13F153EC1524A1FB2E
:10506000022001FB030053EC4424A2EB000050FBA0
:105070001CF24FEA111312EB017043EBE27140EAAC
:10508000515020EA915020F0070053EC7524A0FB0A
:10509000023C53EC752400FB03CC01FB02CC53EC27
:1050A0000424ACEB824C40EA5C70A0F1010041ECBE
:1050B000400480EE200451EC7004704700B5FFF707
:1050C00045FF02E010FE30F4F8D441EC100480EE0D
:1050D000220410EEB204704700B5FFF737FF02E07C
:1050E00010FE30F4F8D440EC700400EE010410EE31
:1050F000210480EE200451EC3004704700B5FFF726
:1051000025FF02E010FE30F4F8D440EC600400EE1D
:10511000010410EE210480EE200451EC30047047AD
:1051200000B5FFF713FF02E010FE30F4F8D441ECB5
:10513000800400EE010410EE010480EE400410EE45
:105140001304704700B5FFF701FF02E010FE30F4D2
:10515000F8D441EC800400EE010410EE010480EE6E
:10516000400410EE3304704700B5FFF7EFFE02E095
:1051700010FE30F4F8D441EC100443EC112400EE9E
:10518000010410EE3004C0F30070704700B5FFF763
:10519000DDFE02E010FE30F4F8D441EC100443ECE4
:1051A000112400EE010410EE3004C0F3807070474B
:1051B00000B5FFF7CBFE02E010FE30F4F8D443EC6C
:1051C000102441EC110400EE010410EE30F48CBF09
:1051D00001200020704700BF00B5FFF7B7FE02E0D6
:1051E00010FE30F4F8D443EC102441EC110400EE2E
:1051F000010410EE30F42CBF01200020704700BFE6
:1052000000B5FFF7A3FE02E010FE30F4F8D441EC45
:10521000100443EC112400EE010410EE30F42CBF16
:1052200001200020704700BF00B5FFF78FFE02E0AD
:1052300010FE30F4F8D441EC100443EC112400EEDD
:10524000010410EE30F48CBF01200020704700BF35
:105250000022002950DA404261EB4101C9B1B1FAA4
:1052600081F30B3B17D4D3F1200C30FA0CFC98409F
:10527000994051EA0C011A44524202F2324201EBC7
:10528000025141F0004140F2FE739A4238BF70472C
:1052900021E011467EE003F1210310FA03FCA3F1A3
:1052A000010301FA03FCC3F1200320FA03F021FA01
:1052B00003F140EA0C00A3EB020202F2324214D0E6
:1052C00050F1000041EB025141F0004140F2FE7309
:1052D0009A4238BF70474FF00001A8BFC7F6F0717F
:1052E0004FF00000704700217047EBD350F10000F1
:1052F00020F00100E6E70022B9B1B1FA81F30B3BDF
:1053000016D4D3F1200C30FA0CFC9840994051EAA5
:105310000C011A44524202F2324201EB025140F2B5
:10532000FE739A4238BF704720E0114600F066B81D
:1053300003F1210310FA03FCA3F1010301FA03FCBA
:10534000C3F1200320FA03F021FA03F140EA0C0034
:10535000A3EB020202F2324212D050F1000041EB04
:10536000025140F2FE739A4238BF70474FF000017D
:10537000A8BFC7F6F0714FF00000704700217047DA
:10538000EDD350F1000020F00100E8E7002880F2A2
:1053900035804042B0FA80F30B3B11D4984001EBCA
:1053A0000302524202F2124200EB025141F000416C
:1053B0004FF0000040F2FE739A4238BF704713E08E
:1053C000C3F1000330FA03FCC3F120029040A3EBC9
:1053D000010202F212420CEB025141F0004140F294
:1053E000FE739A4238BF70474FF00041A8BFCFF616
:1053F000F0714FF0000070470021704760B3B0FAC1
:1054000080F30B3B0FD4984001EB0302524202F2AF
:10541000124200EB02514FF0000040F2FE739A423C
:1054200038BF704710E05B4230FA03FCC3F1200242
:105430009040A3EB010202F212420CEB025140F247
:10544000FE739A4238BF70474FF00001A8BFC7F6FD
:10545000F0714FF000007047002170470022A2F267
:1054600032425FEA215CACF10103A1EB03515B0521
:1054700013F5800F32D212EB535210D40B2A36DAC6
:105480009140D2F1200330FA03F319439040BCF16C
:10549000000FA8BF7047404261EB410170472032C6
:1054A0000EDD01FA02F3D2F12002D140D0401843C0
:1054B000BCF1000FA8BF7047404261EB410170474B
:1054C000524282F3050231FA02F00021BCF1000FD2
:1054D000A8BF7047404261EB4101704702D00020F5
:1054E0000021704750EA013118BF4FF0000C6FF0F7
:1054F000004101EBDC716FEAEC707047B7EE007AA7
:1055000007EE900A77EE676A37EE877A26EE877A9B
:1055100017EE103A13F0FF4F01D0002B07DBB1EE6E
:10552000C77A17EE900A17EE101A00F019B94FF06B
:10553000FF4070470022002980F2A880404261EBC2
:105540004101B1B3B1FA81F3083B16D4994010FA86
:1055500003FCC3F1200320FA03F040EA0100A2EBB0
:105560000302C2F195021CEB0C0C40EBC25040F060
:10557000004020D0FE2A16D2704703F1210311FA11
:1055800003FC5CEA000CC3F1210321FA03F0A3EB56
:10559000020202F1B50240EBC25040F000400AD0D6
:1055A000FE2A38BF70474FF00040A8BFCFF680708A
:1055B0007047114609E028BF20F00100FE2A38BFDD
:1055C0007047F0E7002832DA4042B0FA80F3083B37
:1055D0000CD4984001EB0302C2F1950200EBC250DB
:1055E00040F00040FE2A38BF704713E003F121036A
:1055F00010FA03FCC3F1210320FA03F0A3EB01022C
:1056000002F1950240EBC25040F0004008D0FE2A63
:1056100038BF70474FF00040A8BF40F0FF407047D0
:1056200028BF20F00100FE2A38BF7047F2E720B300
:10563000B0FA80F3083B0AD4984001EB0302C2F1B0
:10564000950200EBC250FE2A38BF704711E003F10B
:10565000210310FA03FCC3F1210320FA03F0A3EBAA
:10566000010202F1950240EBC25007D0FE2A38BF7A
:105670007047ACBF4FF0FF400020704728BF20F0BC
:105680000100FE2A38BF7047F3E7002289B3B1FA60
:1056900081F3083B14D4994010FA03FCC3F12003B2
:1056A00020FA03F040EA0100A2EB0302C2F19502E6
:1056B0001CEB0C0C40EBC2501DD0FE2A14D27047DC
:1056C00003F1210311FA03FC5CEA000CC3F121038E
:1056D00021FA03F0A3EB020202F1B50240EBC25043
:1056E00009D0FE2A38BF7047ACBF4FF0FF40002002
:1056F000704711469BE728BF20F00100FE2A38BF03
:105700007047F1E751F48000704703D1B3F1FF4FC8
:105710003CD106E050F480007047FBD1B3F1FF4F5D
:1057200049D1013801391BE003F00043B2F5000F05
:1057300002D20BE002F0004243EC102A80EE201A65
:105740001EE003F00043B2F5000F04D241F07E5199
:1057500006E002F0004243EC102A80EE801A24E0BA
:1057600020F0004221F0004343EC102A9A4214D862
:1057700080EE201AB3F5000FD6D3B2F5000FD9D3BF
:10578000B3F1FF4FBED8B2F1FF4FBED200294CBFDC
:10579000DFF82CC14FF0000C11E080EE801AB3F559
:1057A000000FCED3B2F5000FD3D3B3F1FF4FA9D87A
:1057B000B2F1FF4FB1D2DFF804C191F0004142A233
:1057C000F0EE411AFFEECD1A11EE903A5B0853F15C
:1057D000000302EBC302D2ED012A22EE810A71EE30
:1057E000620AF7EE002A32EE800A32D080EE800A9A
:1057F0001268002948BF52426244002848BF524202
:10580000002A07D55242B2FA82F39A400BD0C3F570
:10581000C07305E0B2FA82F39A4004D0C3F180036A
:10582000120A42EBC35220EE001ADFED261A21EED7
:10583000001A90EA010F21EE211A02EE102A30EE32
:10584000410A54BF32EE000A32EE400A10EE100A4E
:10585000704780EE800A6246002848BF5242002A04
:1058600007D55242B2FA82F39A400BD0C3F5C07307
:1058700005E0B2FA82F39A4004D0C3F18003120A21
:1058800042EBC35220EE001ADFED0E1A21EE001A91
:1058900090EA010F21EE211A02EE102A30EE410AA1
:1058A00054BF32EE000A32EE400A10EE100A10F039
:1058B000FF4F18BF704700F000407047A9F6433211
:1058C00051ED8764ABAAAA3E000000000000000072
:1058D00023EEFF00BB01003DDC88FE012A997F3DDD
:1058E000700AFE020312C03D28D2FA036803003E8C
:1058F00070ABF504EAFD1F3EF856ED05DCDD3F3EDA
:10590000A0CFE4062514603EE0D3D8075D21803E99
:105910006004C608A500903E7067B2099214A03ECC
:10592000506D990A7713B03E106D7A0BA0F4BF3E0C
:10593000E03C590C9F01D03ED0EB330DBC1BE03E48
:10594000B07A080EBD1FF03E8061D50E98EFFF3E85
:1059500080DEA10FBF0E083F009D631031EC0F3FAA
:10596000E0902611FD0C183FC014E0116500203FA7
:10597000E0519612BE08283F00D446137D0A303FFE
:10598000C0C7EF132FEE373F60899814320C403FA9
:10599000C0A8371542EF473F60CCD41530F64F3FD3
:1059A00080F26E163415583FC075FF161EEF5F3F2C
:1059B000A01691174D18683FA05A1B182217703F68
:1059C0006005A1187110783F6040211951F47F3FA4
:1059D00010B5044636F094F828B10346034A234430
:1059E000934200D810BD0248FEF710F900000820CD
:1059F000784A041036F08CB8FFF7EABFFFF7E8BF2B
:105A0000FFF7F8BFFFF7F6BFFFF7F4BF9A4238BFC2
:105A100088547047704700BF2DE9F04F83B0994616
:105A2000DDE90DAB0F9B884611469A07074616D154
:105A3000DA453AD20C460D46ABEB0A060E44224636
:105A40004B46414620200134B847B442F7D129469D
:105A5000BAF1000F08D1204603B0BDE8F08F0C4624
:105A6000BAF1000F10D00E4655460C9B2E449A44B6
:105A70000191721B4B46013D41461AF8010D344617
:105A8000B847002DF5D101990F9B9B07E3D5651A07
:105A9000AB45E0D922464B46414620200135B84768
:105AA0005D4504F10104F5D3D5E7BAF1000FDAD171
:105AB0000C46D0E72DE9F04F0F9FDDF824E017F0FA
:105AC000020F0A9C9DF82C900E9DDDE90C8629D1D1
:105AD000002D6FD1B44225D2202C07F0010B00F02D
:105AE000128104F1FF3C4FF0300AF44401E0202C15
:105AF0007AD00134A6420CF801AFF8D8BBF1000F00
:105B000010D0AC420ED2202C74D004F1FF3C4FF0E8
:105B1000300AF44401E0202C29D00134AC420CF8C6
:105B200001AFF8D117F0100F3AD017F4806F28D1D9
:105B30001CBBB8F1100F00F0CA80B8F1020F00F0E2
:105B4000D48030248EF800400124B9F1000F67D1D1
:105B50007E0740F1AA802B260EF804600134CDE9BF
:105B60000B57CDE909E4BDE8F04FFFF755BFFC0640
:105B700040F189807C0535D42024A6426AD0AC420D
:105B800068D0B8F1100F00F08780B8F1020F5AD03A
:105B9000202CE4D0264601344FF0300C0EF806C01D
:105BA000202CD2D1CDE90B57CDE909E4BDE8F04F67
:105BB000FFF732BF17F0010B3ED0B9F1000F47D10C
:105BC00017F00C0F44D1B4429BD2202C89D1202D48
:105BD00010D8FC0657D57C0555D4202E00F0B9808E
:105BE000202D10D02024CCE7BBF1000F00F0A580C1
:105BF000202DBCD9FC0646D57C0544D4202E00F0CF
:105C0000A880202D3FD12C461F26B8F1100F7FD041
:105C1000B8F1020FC0D14FF0620C0EF806C0B7E722
:105C20002D260EF804600134CDE90B57CDE909E4C7
:105C3000BDE8F04FFFF7F0BEB442BFF473AF202CC5
:105C40007FF44FAFD6E7202C89D026460134E2E717
:105C5000013DB8E7661ED8D1B8F1100F64D0B8F195
:105C6000020F7FF46EAF62268EF800603026444645
:105C70008EF80160B9F1000F3FF46AAFD0E7B8F1D8
:105C8000100F7FF46CAF2024CDE90B57CDE909E468
:105C9000BDE8F04FFFF7C0BEBE060ED4202CF2D0F8
:105CA00078260EF80460013472E73E077FF557AF9F
:105CB00020260EF80460013451E7202CE3D04FF089
:105CC000580C0EEB040686F800C0013460E7BE06EF
:105CD00017D558248EF8004030248EF80140022455
:105CE000B9F1000F3FF434AF9AE762248EF8004018
:105CF00030248EF801400224B9F1000F3FF428AFA0
:105D00008EE77824F2E7BBF1000F7FF462AF71E712
:105D100017F0200F0CBF4FF0780C4FF0580CA61E58
:105D20000EF806C0013C35E7BC06EAD558248EF8CB
:105D3000004030248EF80140DDE717F0100F3FF4EB
:105D40000EAF17F4806F9AD1202E7FF418AF1F2664
:105D50005BE734461F2658E700B9704701F042BBA5
:105D60002DE9F04F9FB09DED287BDDE92AA558EC89
:105D7000177B83461E460D91109243463A4638469D
:105D800041468DED087B2C9CFFF7F2F9002840F08E
:105D9000D880384641464FF0FF32754BFFF748FA3E
:105DA000002840F0CE80384641464FF0FF326FF475
:105DB0008013FFF701FA002840F0C380DDE908787E
:105DC0000022384641460023FFF7F6F9002840F04C
:105DD000C081CDE90A78DDE90A2390461F4614F414
:105DE000806308BF4FF0060A139304F4006258EA78
:105DF0000703119240F0C080002A00F0A2819FEDBD
:105E00005A7B00278DED0E7B4FF00009BA45CCBFC1
:105E1000AAEB070A4FF0000A4F46C8BF0AF1FF3A43
:105E200044F480644D4594BF4FF00008A5EB090889
:105E300014F00203119304D0B9F1000F18BF4FF012
:105E400000083FB1DDE90A01DDE90E23FFF7ECF8B8
:105E5000CDE90A01DDE9080100220023FFF7ACF9D2
:105E600030B1DDE90A01024601F10043CDE90A2320
:105E70009DED0A7BCDE902A8DDF834A024F400638F
:105E800004938DED007B334651465846109A00F03E
:105E900097F98046B9F1000F4FD014F0200F024659
:105EA00000F1010433460CBF652045205146D84718
:105EB00009F1FF3087EAE77C0DF1580900224B46D3
:105EC000DFF8B080ACEBE77C4FEAD77E01E0202A18
:105ED00010D0E246A8FB0C71C90801EB8107ACEBBE
:105EE00047073037BAF1090F8C4602F1010203F877
:105EF000017BECD805230590069300200A230D9F13
:105F0000CDE90330CDE9012E3346224639465846C5
:105F1000CDF80090FFF7CEFD119B80466BB1109B32
:105F2000C41AA54209D942463346394620200134D5
:105F3000D847A54208F10108F5D840461FB0BDE892
:105F4000F08F9DED087B33465846109A0D998DEDE4
:105F5000287BCDE92B54CDF8A8A01FB0BDE8F04FA9
:105F600000F02EB9AFF30080000000000000000038
:105F7000FFFFEF7FCDCCCCCCC7F30A50A0F2FF30AF
:105F8000FFF7AEF88AA3D3E90023FFF729F88AA325
:105F9000D3E90023FEF7FCFFC7F31307CDE90E0199
:105FA00047F07F51404600227B4B41F44011FFF700
:105FB00003F86BA3D3E90023FFF712F802460B4660
:105FC000DDE90E01FEF7E4FFFFF7AEF80746FFF745
:105FD00087F865A3D3E9002380468946FFF700F8D8
:105FE00000226E4BFEF7D4FFFFF79EF803464946AA
:105FF000404612935EA3D3E90023FEF7F1FF8046EB
:1060000012988946FFF76CF85BA3D3E90023FEF7EB
:10601000E7FF02460B4640464946FEF7CDFF0246E3
:106020000B4680468946FEF7DBFF42464B46CDE9EC
:106030000E0140464946FEF7ABFF0022CDE91401B0
:10604000DDE90E01564BFEF7EFFF0022554BFEF740
:106050009FFF02460B46DDE90E01FEF7E5FF002239
:10606000514BFEF795FF02460B46DDE90E01FEF7A8
:10607000DBFF42464B468046894600204FF0804178
:10608000FEF79AFF02460B4640464946FEF780FF60
:1060900002460B46DDE91401FEF7C6FF0022434B22
:1060A000FEF776FF129B002203F2FF3C4FEA0C53EF
:1060B000FEF796FF80468946DDE90A0142464B46D7
:1060C000CDE90E89FFF778F868BB4346494607F1EA
:1060D0006302C62A119A8CBF4FF005094FF00409DC
:1060E000002A3FF49FAE0B433FF48EAEDDE90A0178
:1060F00023A3D3E90023FFF787F848B1DDE90A01BC
:1061000021A3D3E90023FFF757F800287FF47CAEE2
:10611000BAF1000F3FF486AE139B002B3FF482AE22
:106120000AF1FF3A7EE600221E4B40464946FEF742
:106130007BFF0A4601460346CDE90E12013F114698
:10614000C5E79FED137B17464FF004098DED0E7BDD
:1061500068E608F100430A970B933CE6AFF3008032
:1061600061436F63A787D23F71A379094F930A40B8
:106170001655B5BBB16B0240EF39FAFE422EE63F31
:106180002D431CEBE2361A3F0000000080842E41B4
:1061900000000000000000000000F83F0000E03FA9
:1061A00000002C4000002440000018400000F03F98
:1061B000FB799F501344D33FB3C8608B288AC63FF6
:1061C0002DE9F04F97B0DDE92089CDE90401DDE943
:1061D000224BCDE90623404642464B464946DDF870
:1061E00090A0FEF7C5FF002840F0C5814046494613
:1061F0004FF0FF326FF48013FEF7DEFF002840F00F
:106200001D81404649464FF0FF32C14BFFF710F861
:10621000002840F0E380B8A3D3E900234046494674
:10622000FFF706F8002840F0CB80B5A3D3E90023A0
:1062300040464946FEF7C0FF002840F0C180404676
:10624000494600220023FEF7B7FF002840F0E08017
:106250001AF480650D9000F0E980092C40F29681D7
:106260000EAB1A460C9330210023A4F1090501332B
:10627000202B02F8011BA4EB030600F03A81AB428D
:10628000F5D19FED9D7B8DED087B49464046FEF79D
:106290004BFF0446FEF724FF02460B4640464946A4
:1062A000FEF78AFEDDE90823FEF79AFE02460B465A
:1062B000CDE90A23FEF74AFF0746FEF723FF024611
:1062C0000B46DDE90A01FEF777FE02460B46CDE9F3
:1062D0000A2300228F4BFEF7ABFF002800F0DB8083
:1062E00001373846FEF70EFFDDE90823FEF78CFF85
:1062F00008B100270134002E40F0B1802046FEF79F
:10630000EFFE02460B4640464946FEF755FE002288
:10631000804B06460F46FEF74FFF40B930463946E0
:1063200000227C4BFEF784FF002800F015810C9BB7
:10633000691E7948194410E080FB0462C3EBA20394
:1063400003EB8302A4EB420404F1300201351C4646
:1063500001F8012F002B00F0AB80202D4FEAE473F1
:10636000EAD10AF00303012B1CD1BBF1000F19D0B5
:106370000D9B002B40F0F9801AF00C0F40F0F580D7
:10638000AB4540F2D380202D0BD030220C996B1EF0
:106390000B4401355D4503F8012F00F08D80202D61
:1063A000F7D12025DDE90623DDE904010C9CCDE9C8
:1063B00002BA01950094FFF72FFB17B0BDE8F08FEC
:1063C000CDE92089DDE90623DDE90401CDE923BA21
:1063D000229417B0BDE8F04FFFF7C2BC4F4DCDF887
:1063E0008CA00AF0040ABAF1000F4D4C18BF2C46DD
:1063F000DDE90623DDE9040120940CBF0324042415
:10640000CDF888B0219417B0BDE8F04FFFF704BB7A
:106410004B46424600200021FEF7CEFD01231AF430
:106420008065804689460D937FF417AF9FED367BDC
:106430000EAB06268DED087B0C9326E70424DDE9E0
:106440000623DDE90401374DCDF88CA0CDF888B0E6
:106450002095219417B0BDE8F04FFFF7DDBA0C9BF3
:10646000681EDFF8C4C018440DE0ACFB0721C90862
:1064700001EB8102A7EB42023032092F00F8012F15
:1064800027D90F461D46202D05F1010306F1FF36E1
:10649000EBD120254BE70022DDE90A011D4BFEF779
:1064A0008BFE00287FF427AF002F5AD1013722E757
:1064B0000AF00303012B75D0202D3FF473AF0D9B21
:1064C000BBB32D2205F158036B4403F8202C013592
:1064D00068E7202BDDD0AEB30C9A1E441544302261
:1064E00001E0B3422ED00133202B05F8012FF8D163
:1064F000CFE71D46C5E600BF0000000065CDCD41D9
:106500000000000065CDCDC10000000080842E4158
:10651000FFFFEF7F0000E03F67666666D04A041029
:10652000D84A0410E04A0410CDCCCCCC202D3FF446
:1065300039AF1AF0040F0DD11AF0080F3FF432AF43
:106540002022BFE72E2103F158026A4402F8201CE2
:106550005D1CECE62B22B5E7E3077FF5E8AE0134DE
:10656000E5E6FA077FF5C7AEA0E70BF1FF3BAB45C9
:106570003FF609AFA0E70324DDE90623DDE90401C6
:106580000A4DCDF88CA0CDF888B061E7084B2646BF
:1065900003EBC40393ED007B0EAB8DED087B002570
:1065A0000C9372E6BBF1000F86D0E1E6DC4A0410E2
:1065B000605B04102DE9F04F9A469BB0249C964DE9
:1065C0000B94964C0B1E18BF834625609AF800006A
:1065D000934C0A9308BFA3460992002800F0BC829E
:1065E0004FF000090AE04A46099B0A9909F101099E
:1065F000D8479AF80000002800F0CE8025280AF13C
:10660000010AF0D10023524612F8010BA0F120013B
:1066100010290AD8DFE801F04009093C09090909F5
:1066200009090938093409093000A0F130010929A4
:1066300040F28C802A2800F0F58000210C912E2851
:1066400000F099800027A0F1680112292DD8DFE819
:1066500011F057012C0051012C0045012C002C0099
:106660002C002C002C002C002C0027002C002C00CF
:106670002C002C002C002700924643F00103C2E7B7
:10668000924643F00203BEE7924643F00403BAE7A2
:10669000924643F01003B6E7924643F00803B2E790
:1066A0009AF8010043F4807301326728924600F2A1
:1066B0008280242840F2C680A0F12502422A00F2FE
:1066C000C180DFE812F05F01BF00BF00BF00BF0064
:1066D000BF00BF00BF00BF00BF00BF00BF00BF00C2
:1066E000BF00BF00BF00BF00BF00BF00BF00BF00B2
:1066F000BF00BF00BF00BF00BF00BF00BF00BF00A2
:10670000BF00BF00BF00260145012601BF00BF003A
:10671000BF00BF00BF00BF00BF00BF00BF00BF0081
:10672000BF00BF00BF00BF00BF00BF00D301BF005C
:10673000BF00BF00BF00BF00BF00BF00BF00BF0061
:10674000D3016701D301260145012601002100E0A4
:10675000013201EB810100EB410110789246A0F17A
:106760003004092CA1F13001F2D92E280C9102F14C
:1067700001027FF467AF9AF801001146A0F13006DC
:10678000092E43F4806340F231812A2800F03E81D3
:1067900092460027013256E74C46099B994501D3A2
:1067A00003F1FF394A460020099B0A99D847204641
:1067B0001BB0BDE8F08FA0F16902D2B20F2A41D818
:1067C000012649F2410196400E4040F001810A2A1B
:1067D0003FD0072A36D10B9C54F8042B002A00F036
:1067E000288143F021010DF1480E704603E0202E70
:1067F00000F029811A4602F00F052B46092D94BF9F
:10680000303337330F2A00F8013B06F101064FEA17
:106810001213ECD817E100BFB56500101C5300201F
:10682000155A00100B9C9AF8010054F8045B92462C
:10683000002DBDBF694243F002030C910C950B94EF
:106840000132FCE64A46099B0A9909F10109D84739
:10685000CFE60B9951F8048B98F800201046002FD2
:1068600040F0E18072B16FF0010C0CF1010C464672
:10687000C44401E0664503D016F8014F002CF9D15D
:10688000A6EB080613F4806C02D0BE4228BF3E4639
:1068900013F0020400F08781002A00F02B81BCF184
:1068A000000F00F041810B940D964A46DDE9095432
:1068B0000E464F4408E02B462146D84718F8010FF2
:1068C00009F1010910B14A464F45F4D131460B9CFC
:1068D0000D9E002C40F00E810B918AE69AF8010083
:1068E0006C287FF4DFAE9AF8020043F440730AF19B
:1068F0000302DAE69AF8010043F400730132D4E6A9
:106900009AF80100682800F0208143F080030132EA
:10691000CBE6672800F0E780472800F00081452893
:1069200000F0FF800B9C04930C9B0734CDE90273AD
:1069300024F007031C46DDE90931F4E802674A4602
:106940005846CDE900670B94FFF70AFA814650E6F6
:1069500046280B9C08BF43F0200304930C9B07348C
:10696000CDE9027324F007031C46DDE90931F4E8A0
:1069700002674A465846CDE900670B94FFF720FCB2
:10698000814636E64A462520099B0A9909F1010904
:10699000D8472EE60B9A9C0702F1040709F101067D
:1069A00040F1E6801078099B4A460A99D8470C9B2B
:1069B000012B40F22C81DDE90954994432462B46E3
:1069C000214620200136D8474E45F7D10B9710E6D7
:1069D0006F2800F08B8040F26581782800F00881F4
:1069E0004FF00A0823F01003C44647E0002707EBE6
:1069F000870700EB4700A0F1300711F8010FA0F165
:106A00003002092AF3D98A464A1C1CE60B9C9AF8E4
:106A1000020054F8047B0AF1020A0AF101020B9405
:106A200027EAE7770FE6002A3FF42CAF07F1FF3C97
:106A30001BE723F0100113F4806241F021013FF4C1
:106A4000D2AE0DF1480E08231020059300234A46CC
:106A5000CDE9023006915846DDE90931CDE900E67D
:106A60000497FFF727F80B948146C2E5582879D0A0
:106A7000622840F051824FF00208C44613F480604F
:106A80006DD123F00C0313F4007240F0C2800B9917
:106A900004310D9113F4807140F02E825E060B9A42
:106AA00040F1AA801278002A40F0DA8023F0100327
:106AB000002800F0D58011460DF1480E06930C9B7E
:106AC000CDF80CC0CDE90473019100234A4602932E
:106AD0005846DDE90931CDF800E0FEF7EBFF0D9BEC
:106AE00081460B9385E543F400631BE74FF00808EC
:106AF000C446C3E70C9B4C46B3427FF6EDAE0F464F
:106B00004B44A3EB0609DDE90965224633462946D5
:106B100020200134D8474C45F7D13946DCE643F410
:106B2000006343F02003FDE60F460B94DDE90954B2
:106B30004A462B462146D84718F8010F09F10109AA
:106B40000028F5D139460B9CC3E69AF8020043F0C1
:106B5000C0030AF10302A8E5044681461DE623F0BE
:106B60000D0390E74FF0100843F02003C44685E77B
:106B70000C9B012B45D9DDE909544E4609F1FF383C
:106B8000984432462B46214620200136D8474645B8
:106B9000F7D10C9B324699440B9B1878DDE90931FB
:106BA000D8470B9725E50C9BB34240F2EE81CDE927
:106BB0000D48DDE9095488464B449E1BCDF82CC096
:106BC0004A462B462146202009F10109D847B14504
:106BD000F6D14146DDF838800C9BDDF82CC00D9CC9
:106BE00098F800205E1C1046002A7FF458AE73E629
:106BF0004FF01008C44641E71D064CBF12881268CA
:106C000051E713464A461878DDE90931D847B146BD
:106C1000DCE60B9C073424F007042246656852F832
:106C2000084B0B9254EA050240F02C8123F010032C
:106C3000002800F0278100260DF1480E06930C9BDA
:106C40004A46CDE904730023CDE900E6CDF80CC037
:106C500002935846DDE90931FEF72CFF8146C8E46E
:106C600013F0200F14BF412061200DF1480E76462D
:106C7000A0F10A0803E020293FF420AF2246B2FB2E
:106C8000FCF40CFB1425E8B2092D00F130058ABF95
:106C90004044E8B2C0B2624506F8010B01F10101BF
:106CA000E9D20BE723F0100269280D9240F06F81C2
:106CB00013F4806204D04FF4806223F011030D932B
:106CC0000D9B13F4007640D10B9B03F104080D9B40
:106CD00013F4807040F09880590640F1C6800B9BF9
:106CE00019780C46CB0F002900F0B98022460DF12F
:106CF000480E74461646DFF8A0C201E020280FD0E7
:106D00003546ACFB0621C90801EB8102A6EB420225
:106D10003032092D0E4600F1010004F8012BEDD8A8
:106D20000D9ACDE9010306920C9ACDE904720A236B
:106D30004A4603935846DDE90931CDF800E0FEF7F5
:106D4000B9FECDF82C80814653E40B9C073424F027
:106D5000070421460846636850F8081BDC0F0B90B7
:106D600051EA030000F0C3800A46191E48DB1346AF
:106D70000DF1480EF4460026CDE90E94DFF8188296
:106D800001E0202E2DD05A1842F10002A8FB025932
:106D900029F0030505EB9905521B1C469B1A61F16E
:106DA000000508464FF0CC3101FB03F108FB05114B
:106DB000A3FB08531944052305F00109A9FB033976
:106DC0009B180A2C03F130034FEA550570F10000BF
:106DD0000CF8013B06F1010645EAC1734FEA510187
:106DE000CFD2DDE90E940D9B4A4606930C9BCDE96C
:106DF0000164CDE904730A23CDF800E0039328E78A
:106E0000524261EB4101B2E70B9B1968CB0F00299D
:106E100000F0AB8081EAE172A2EBE1720DF1480E65
:106E20007046DFF874C101E0202E10D01546ACFB8F
:106E30000241C90801EB8104A2EB440404F13002D1
:106E4000092D00F8012B06F101060A46ECD80D9A2F
:106E5000CDE9016306920C9ACDE9047267E7002A36
:106E60003FF445AF0DF1480E5AE713F0800F0B9B2E
:106E700000F08180B3F9001081EAE174A4EBE174C1
:106E8000A4B22FE713F0200F14BF412261220DF1AD
:106E9000480E0A3ACDE90D97CDF844B00026774662
:106EA000F3469146CDE90F3C03E0202E17D004466F
:106EB0000D4629464246002320463DF0FDFCD2B255
:106EC000092A02F1300388BF02EB09034445DBB213
:106ED00075F1000507F8013B06F10106E5D2DE4633
:106EE000DDE90D97DDE90F3CDDF844B0A6E6002AA8
:106EF00047D1134611463BE70B990968A1B923F026
:106F0000100388B10DF1480E06930C9BCDF80CC010
:106F1000CDE904730192D8E513F480627FF4CBAE1F
:106F200023F010030D93CBE613F0200F14BF412084
:106F300061200DF1480E7646A0F10A0802E0202AF1
:106F4000E2D02146B1FBFCF40CFB1415E8B2092D8C
:106F500000F130058ABF4044E8B2C0B2614506F88E
:106F6000010B02F10102EAD2CEE7002A3FF456AF4C
:106F70000DF1480E6BE7196881EAE174A4EBE17446
:106F8000B0E600260DF1480E2DE701362BE64FF056
:106F90000A081346C44671E5CDCCCCCC0EB410B56E
:106FA00085B007AC54F8043B01464FF0FF32009423
:106FB00004480394FFF7FEFA05B0BDE8104003B0A3
:106FC000704700BF0D5A001030B594468E460546F6
:106FD0001C4683B029467246634600940248FFF778
:106FE000E9FA03B030BD00BF0D5A00100FB410B560
:106FF0000E4B84B006A91C6851F8043B03915CB1A8
:1070000000914FF0FF3202A90948A047012004B0C7
:10701000BDE8104004B07047184600F025FA20463D
:1070200004B0BDE8104004B0704700BF1C530020FE
:10703000595D001010B5094B84B01C684CB1034673
:1070400000914FF0FF3203A90548A047012004B08A
:1070500010BD00F009FA204604B010BD1C530020FA
:10706000595D001000BEFDE7704700BF074A0346A8
:10707000106838B1064903448B428CBF4FF0FF3093
:1070800013607047034908461160F3E7184F00206A
:107090000000082080530020002070474FF0FF3090
:1070A000704700BF03460846114623B9034BD3E996
:1070B000002300F03FB94FF0FF307047005B041031
:1070C000431E012B09D810B514460846012300229F
:1070D000214600F0B7F8204610BD4FF0FF30704752
:1070E0004FF0FF30704700BF4FF0FF30704700BFD8
:1070F0004FF0FF30704700BF02288CBF00200120F6
:10710000704700BF08B5FFF7ADFF00BF9C461446AF
:1071100000B50B460246614683B044B1054D0648B2
:1071200001940095FFF762FF0120FFF79BFF034DDD
:107130002C46F4E7E84A0410F84A04109C4904106D
:1071400038B5064C064DFDF7F5FDAC4204D254F8B7
:10715000043B9847AC42FAD338BD00BF384904100D
:10716000604904100268012A07D008B5930706D4C5
:107170000346022201201A6008BD00207047014822
:10718000FCF744FD284B041001230360704700BF47
:107190000368084611461847437D2DE9F0478146AC
:1071A0000F461646002B43D0002A3BDD037D00200E
:1071B0004D1E014615F8012FDFF884800A2A01F1DF
:1071C00001040ED0A6421CD02B782146A3F10D035A
:1071D000B3FA83F315F8012F5B090A2A01F10104C0
:1071E000F0D1002BEED18142A1EB000138441BDC31
:1071F00002214046D9F800309847A64208D02046E0
:10720000E2E7864204DD311AD9F800303844984765
:10721000374417F8013CA3F10D03B3FA83F35B097C
:1072200089F81430BDE8F087D9F800309847DFE7D7
:107230003846D9F800301146BDE8F047184700BF7E
:10724000B05B04102DE9F04782B00D469246994696
:107250000746FDF7B1FB4FF0FF366FF000442F4AB1
:10726000821841F10003964274EB03013CBF3246A1
:1072700023462B483DF0E4FA6B1C804603D1384688
:1072800036F020FE0546274B274E1C68274BB9F1E8
:10729000000F18BF1E46B4B1BAF1000F1AD1DFF8C3
:1072A000909001E0246974B12368002BFAD0D9F8DA
:1072B00000300BB19C42F5D120462A463946B047F2
:1072C0002469002CF0D1B8F1000F1FD1284602B07C
:1072D000BDE8F0874FF00A0ADFF8549002E0246915
:1072E000002CF0D02368002BF9D0D9F800300BB176
:1072F000A342F4D12A4639462046B047012220460F
:107300000DF107018DF807A0B047E8E704483DF00C
:1073100093FA284602B0BDE8F08700BF40420F0054
:10732000A83000200C4F00209171001099710010BE
:10733000144F00202DE9F04F984607460E4683B0C3
:10734000DFF860B0DFF86090DFF860A00192DBF852
:10735000004014B911E024697CB1D9F800500DB196
:10736000A542F8D1A268002AF5D0314638469047A8
:107370000028F0DD03B0BDE8F08FDAF82420904556
:107380000BD8DAF82810019B994204D36FF0010062
:1073900003B0BDE8F08F9045F8D101200021FDF742
:1073A00015FBD4E70C4F0020144F002000000B40C9
:1073B0000A4A13684BB1834202D109E0984207D0D0
:1073C00003F110021B69002BF8D101B11060704766
:1073D0000029FCD103691360016170470C4F002044
:1073E00000F0FCB9F0B583B006468DF80700FDF754
:1073F000E3FA4FF0FF356FF00044174A821841F16D
:107400000003954274EB03013CBF23462A46134810
:107410003DF016FA124B07461C689CB1114D01E075
:1074200024697CB12368002BFAD02B680BB19C42F5
:10743000F6D1204601220DF10701FFF7ADFE2469C8
:10744000002CEFD117B9304603B0F0BD03483DF032
:10745000F3F9304603B0F0BD40420F00A8300020E1
:107460000C4F0020144F002038B5044636F02AFD9A
:10747000012305461A4620462946FFF7E3FE084B3E
:107480001C682CB163682BB198472469002CF9D192
:10749000284638BD2469002CF4D1284638BD00BFE9
:1074A0000C4F0020024A034B10601960704700BF68
:1074B000AC4E0020B04E0020184B70B51A68002A60
:1074C00028D0EFF3108172B6D2E8CF4F0120002C04
:1074D000FAD1C2E8440F002CF6D1BFF35F8F00222F
:1074E0000F4C186859602270C0E88F2F81F3108804
:1074F000002400250B4E3078FCF780FC20B90024D6
:1075000000252046294670BD3078FCF787FC2046D0
:10751000294670BD4FF47A740025EBE7285300200C
:107520007C5300207B530020014B1878FCF776BC7D
:107530007B53002038B5044600200D4601F062FB65
:10754000A8B3002001F074FB88B3FDF735FA4FF0C3
:10755000FF3E6FF0004C174A821841F10003964538
:107560007CEB03013CBF7246634613483DF068F96B
:10757000E8B1002001F046FB58B900214FF0FF3080
:1075800000F07EFD6FF002040B483DF055F92046F7
:1075900038BD002001F04CFB0028EED021462A46E1
:1075A000002001F051FB04460028EDD1EAE76FF01E
:1075B0000204ECE740420F005C53002008B5FDF7E1
:1075C000FBF94FF0FF3E6FF0004C0F4A821841F17B
:1075D000000396457CEB03013CBF724663460B48B3
:1075E0003DF02EF970B14FF0FF30002100F048FD62
:1075F000002001F06FFB0028F5D1BDE808400348EA
:107600003DF01AB908BD00BF40420F005C53002096
:107610002DE9F84307460E46FDF7CEF94FF0FF354A
:107620006FF00044334A821841F10003954274EB35
:1076300003013CBF2A4623462F483DF001F908B913
:10764000BDE8F883002001F0DDFA002848D0002EC4
:1076500041DD0025DFF8A480DFF8A49013E0224686
:10766000002001F07DFB002104464FF0FF3000F0C8
:1076700007FD002001F02EFBFDF79EF9C8E900018F
:107680002544AE4227DD002001F08CFB741B8442B0
:10769000A8BF04467919002CE1D121464FF0FF30F4
:1076A00000F0EEFC204601F015FB204601F0AAFA9E
:1076B00088B1204601F076FB0028E2D1FDF77CF985
:1076C000D8F80030D8F8042013EB090342F1000287
:1076D00083428A41D5D20848BDE8F8433DF0ACB8B2
:1076E00000200021054BC3E90001BDE8F843024832
:1076F0003DF0A2B840420F005C530020B03400209F
:1077000020A1070030B5002185B02E483DF0C0F81B
:10771000F0B92D4B1A68CAB1EFF3108172B6D2E8F6
:10772000CF5F0124002DFAD1C2E8454F002DF6D1DC
:10773000BFF35F8F254C1D6822785960D3B20122B8
:107740002270C5E88F0F81F31088CBB105B030BD32
:1077500000214FF0FF3000F093FC002001F068FAA8
:10776000044618483DF068F8002CEFD0184B1B6811
:10777000002BEBD0174A106805B0BDE83040184721
:10778000FCF762FF0446FDF717F94FF0FF3C6FF07E
:10779000004510F57A7241F10003944575EB030141
:1077A00038BF2B464FF000014FF0010520460A4C30
:1077B00038BF6246CDE901150094FCF749FF05B0DA
:1077C00030BD00BF5C530020285300207C530020B4
:1077D000AC4E0020B04E0020B97400104FF0504362
:1077E00030B585B01C68FCF72FFFFDF743F8A042C9
:1077F00002D0002005B030BD00212A4B08461B787E
:1078000001F08CFC28480368002B47D00120FCF7CE
:1078100099FC0346254C2649C0B22370FCF71AFB9D
:1078200020780121FCF7D4FA0E20FCF703FB40BBC3
:10783000204B0125C3E90000FCF706FF0446FDF7D5
:10784000BBF84FF0FF3E6FF0004C10F57A7241F13B
:10785000000396457CEB03014FF000012046164CD7
:107860003CBF72466346CDE901150094FCF7F0FE7B
:107870000028BEDB01211148FFF79AFD012005B069
:1078800030BD0120FCF760FA01460A48FCF7B6FC5F
:1078900000220E200A49FCF70BFBEBE7FCF792FCF9
:1078A000B4E700BFDCD304105C5300207B530020FE
:1078B0000577001028530020B9740010B828002064
:1078C00029750010004870472C5C04100048704770
:1078D000D85B041038B5184B04461A780AB344B97B
:1078E00040F209424FF44173144D6A8013482B80D3
:1078F00038BD052C1AD8124B104D53F824102846C9
:107900000023013903E0132B20F8022F10D011F8C7
:10791000012F0133DBB2002AF5D15B0043F4407341
:10792000E4E71121184600F025F8D8E7002038BD1B
:107930004FF44A73DAE700BF64530020E44E00209E
:10794000C05B041000B545F247308BB0FDF796F9E7
:1079500001220346092101A89847DDE903320449C1
:1079600012BA1BBAC1E900230BB05DF804FB00BFDB
:1079700050530020012901F1FF3300F0B3805D492D
:107980000A784FEA121C9F2A8CBF0CF1370C0CF1BD
:10799000300C012B80F800C000F0A78002F00F022D
:1079A000092A8CBF37323032022B427000F09D80A2
:1079B0004A784FEA121C9F2A8CBF0CF1370C0CF14D
:1079C000300C032B80F802C000F08F8002F00F0211
:1079D000092A8CBF37323032042BC27000F0858008
:1079E0008A784FEA121C9F2A8CBF0CF1370C0CF1DD
:1079F000300C052B80F804C077D002F00F02092A62
:107A00008CBF37323032062B42716ED0CA784FEAC3
:107A1000121C9F2A8CBF0CF1370C0CF1300C072B79
:107A200080F806C061D002F00F02092A8CBF3732FD
:107A30003032082BC27158D00A794FEA121C9F2AA3
:107A40008CBF0CF1370C0CF1300C092B80F808C0FE
:107A50004BD002F00F02092A8CBF373230320A2B8A
:107A6000427242D04A794FEA121C9F2A8CBF0CF115
:107A7000370C0CF1300C0B2B80F80AC035D002F01B
:107A80000F02092A8CBF373230320C2BC2722CD035
:107A90008A794FEA121C9F2A8CBF0CF1370C0CF12B
:107AA000300C0D2B80F80CC01FD002F00F02092AF9
:107AB0008CBF373230320E2B427316D0CA7911097F
:107AC0009F2A8CBF373130310F2B81730DD002F0DC
:107AD0000F02092A94BF30323732102BC27318BFFD
:107AE000103002D000230370704718440023037045
:107AF000704700BF50530020704700BF0022014B69
:107B00001A707047795300204B79FF2B0BD188797D
:107B100048B9CB79012B07D1082A05D9034B8A78BC
:107B200009201A7070470020704700BF7953002069
:107B300001207047012901D00120704708B5104B82
:107B400091881B78994201D0002008BD5378012B01
:107B500008D0022BF8D1002164220846FDF71CF85A
:107B6000012008BD518811F480721ABFC1F3C01200
:107B7000480A4FF0FF3001F00301FDF78BF800BF1A
:107B80007953002000487047E85C0410012907D1B0
:107B90005378012B02D19388072B03D00020704724
:107BA000012070471146A623014A00F0FFBE00BF26
:107BB000405C04100346012201481A70704700BF60
:107BC0000C5D041008B50B68B3F5966F00D008BDC6
:107BD00000224FF0FF301146FDF75CF870B500F061
:107BE0002DF90C2340261B4CFF22A3670E201A49B7
:107BF000FCF75EF9194B3246002118463CF058FE5E
:107C00000346002101258020154A58849A60843A51
:107C10005D701E831E875960C2F88410C2F8801000
:107C200002F58072DA60DA62803A83F8211083F814
:107C30003B1059629A624FF000563CF0F5FD4FF44C
:107C400080320849084B25642846E664C4F8901041
:107C5000DA6470BD00001150A50300201C4F002005
:107C60008400105010D001000020115001210E207E
:107C7000FCF7AEB800220248114600F0FFB800BF82
:107C80003C4F0020044B197021B14FF40032034BDC
:107C9000C3F89020704700BF765300200020115099
:107CA0000B785B0602D14B78052B00D070474B88D0
:107CB000014ADBB21360704700001150CB782DE908
:107CC000F04103F0030EBEF1010FC3F3010059D0E0
:107CD000002791F802C0324C0CF07F035E008988C7
:107CE00006EBDC1204EB42124FEADC15D076C1F34E
:107CF0000A0185F00100507082F802C01183D7702C
:107D000018B2DA006DBB2748043204EB831C02EB87
:107D10000008CCF8088017506BB3234ADB001A44E4
:107D2000CCF80420214A3F31136821F03F01BEF115
:107D3000020F08BF49001E4819442E4404EB4614A4
:107D400081421160E36028D883F0A04383F480135C
:107D5000626843EA8E6343F0004313600120BDE88C
:107D6000F081DFF840C004EB83186244C8F8282093
:107D70004CF830704BB900230E4A04EB4514E26016
:107D80006360EBE70020BDE8F081DB0003F1A04376
:107D900003F58013C8F82430C4E7FCF7C5FF00BF23
:107DA0001C4F00208000105004001050245300206D
:107DB000FF0F1050000110503CF036BD8C4608B546
:107DC000114607481A460CF07F034FEADC1C0CEB07
:107DD000430C00EB4C1000F051F8012008BD00BF2F
:107DE0001C4F0020CB0911F07F0103D1064AC3F1DB
:107DF00002009066054803EB41034FF40062002146
:107E000000EB43103CF070BD002011501C4F0020CF
:107E100011F07F0300D17047002210B4C809064C4E
:107E200000EB430004EB40136FF4006118465DF86B
:107E3000044BDA703CF058BD1C4F00204FF08052CC
:107E400009480A4908B50A4B02600A609968C943A3
:107E500011F08051FAD14FF4805206483CF028FDD1
:107E60000922054B5A6708BD00200240003002403D
:107E700000000240000010500000115000234FF09D
:107E8000010C10B580F81AC08282C38201610446D9
:107E90003CF01AFD20B14FF40032074BC3F890209C
:107EA00020463CF001FD10B10123237710BD204690
:107EB000BDE810403CF0B0BC002011502DE9F0416D
:107EC0004FF000081C4D044642462B781B4F1C4EB9
:107ED0000DE0336813EB421325D0DB68204698474A
:107EE00008F101082B785FFA88F2934206D3934297
:107EF000A2EB0303EDD807EB4313EEE7114C54223A
:107F0000002120463CF0D4FC4FF0FF33251D636078
:107F1000C5E90133EB6004F114002022BDE8F04113
:107F2000FF213CF0C5BC4FF0E023D3F8F03DDB0768
:107F300000D500BEBDE8F081755300202C5D041013
:107F4000884C0020904D0020704700BF704700BF54
:107F50000020704700207047704700BF704700BF87
:107F6000704700BF704700BF024B5878003818BFF9
:107F700001207047904D0020024B1878C0F380001C
:107F8000704700BF904D00202DE9F047DFF8E890E2
:107F900099F80030FF2B02D00120BDE8F0870D4694
:107FA00000293DD000215422064629483CF080FC9F
:107FB0000022284C284B20461A70FCF703F9274B67
:107FC00027481C60274CFCF70BF9204601F088FB82
:107FD000254A264B1460264C5BB32046FFF7EAFD8A
:107FE000244B227818604FF0000ADFF89080534647
:107FF000204F0DE03A6812EB431311D05B687BB160
:1080000098470AF1010A22785FFA8AF39A4212D35A
:108010009342EFD39B1A08EB43135B68002BEFD11D
:108020004FF0E023D3F8F03DDB0700D500BE002081
:10803000B3E72278D7E72946304689F80060FFF792
:10804000CDFD0028ECD03046FFF710FEA4E700BFBE
:10805000904D0020884D002077530020E44D0020F3
:10806000E4280020D0280020E84D0020B57B001037
:1080700075530020884C0020EC2800202C5D041053
:108080002DE9F04FDFF8B0928BB099F80030FF2B5C
:1080900000F0ED80A24CA34DDFF898A2DFF89CB26F
:1080A00026687369EFF3108272B6D3E8CF0F01210F
:1080B0000028FAD1C3E8401F0028F6D1BFF35F8F34
:1080C000B261304607A901F059F900237269C2E88C
:1080D0008F3FB36983F31088002800F0C8809DF8B3
:1080E0001D30013B072B00F26B83DFE803F0A5AFE7
:1080F000939B8C350A04089B002BD1D00998984794
:10810000CEE79DF8201001F07F0605EB460000EB5E
:10811000D11090F8343023F0010380F8343090F817
:10812000343023F0040380F83430002E00F0A280B5
:10813000027D9AF800309A4280F091807A4B1B6859
:1081400013EB421300F08C809E699DF82120099B5F
:108150009DF81C00B047A3E79BF80030002B7FD0B0
:108160009BF80030013BDBB28BF800309BF800300D
:1081700003F0FF00002B93D16A4F9DF81C803B78E1
:1081800043F001033B7097F8343060F3000387F845
:10819000343097F8343060F3820387F8343097F83E
:1081A000353060F3000387F8353097F8353060F3E9
:1081B000820387F8353000F059FC9DF8203003F039
:1081C0006002602A66D0402A76D003F01F03012B9C
:1081D00000F0B680022B7BD0002B5BD1202A00F070
:1081E000DB81002A56D19DF82130092B52D8DFE8D7
:1081F00013F0A20194015100B301510087015D0108
:1082000051005201E5002B78D9077FF549AFFFF700
:10821000A9FE45E7EB78DA077FF542AF0898FFF74C
:1082200095FE3DE72B78D8077FF53AAF2878C0F365
:10823000C000FFF795FE33E79DF81C00FFF73EFEF8
:1082400000F00AFC9DF82030AB7029E79DF81C0077
:10825000FFF734FE00F000FCFFF780FE20E711D0AE
:108260004FF0E023D3F8F03DDC0700D500BE0BB0A3
:10827000BDE8F08F099B9DF821209DF81C0000F0BF
:1082800009FC0DE7294B5FE7FFF720FB02460028BA
:1082900040F079814FF0E023D3F8F03DDE0700D5C0
:1082A00000BE9DF81C000021FFF79CFD80219DF879
:1082B0001C00FFF797FDF3E61D4800F0D7FB0121F6
:1082C000404608AAFFF762FC00287FF4E9AEE8E721
:1082D0009DF8241011F0700FDCD101F07F0607EB40
:1082E0004600144B00EBD1101B78007D7600019600
:1082F00098424FEAD11600964FD340F05F810B4E63
:10830000002A00F05F81706900F0B0FB0121404657
:10831000736908AA984700287FF4C2AEC1E700BF7E
:10832000E84D0020904D0020884C00202C5D04106A
:108330008D7B001075530020EC280020775300201F
:108340009DF824300F2BACD8AA4A3B441B791278F5
:1083500093422DD3A5D1A84E706900F087FB01216F
:108360004046736908AA984700287FF499AE9DF8A3
:10837000203013F0600694D19DF821300A3B012B88
:108380008FD800F073FB9DF821300A2B00F0F181AB
:10839000404608A900F0F0FA82E6984B1B6803EB10
:1083A0004016002A00F00E81002E3FF47AAFAAE7B3
:1083B000924A166816EB4316CED172E77B789DF889
:1083C00022609E4200F04C817B78002B40F0BD8102
:1083D0007E70002E00F04281701EC0B2FFF776FA68
:1083E0000346002800F05E814278022A40F05A815C
:1083F000C17903F10906C1F340121201C1F38011E2
:1084000042EA41123146387820F0300002433A7097
:108410005A88CDF808809A180092009B8B4240F24F
:10842000A3814B780B2B00F0AE814FF0010C042B95
:1084300040F038810023009A1E46521A92B20192EF
:108440006C4ACDF80CC012781DE06C4A126812EB31
:10845000461800F02781019A05930298D8F8103049
:1084600004919847059B08280246049903F10103EB
:1084700003D90198904280F0F8805E4ADEB212780B
:10848000B242C0F00F81B242A6EB0202DDD85A48D8
:1084900000EB4218DFE77B7840468DF81A300DF18B
:1084A0001A02012308A900F081FAF9E5BDF82200BB
:1084B000030A013B020AC0B20E2B3FF6F2AE01A145
:1084C00051F823F0D5860010758500101187001033
:1084D000A3820010A3820010F3860010758500109F
:1084E000A3820010A3820010A3820010A3820010B8
:1084F000A3820010A3820010A3820010C786001080
:1085000008A800F0B9FA40469DF82210FFF7B2FB28
:108510003B7843F002033B70C2E5BDF82230012BEB
:108520007FF4BFAE3B78404623F0080308A93B70B8
:1085300000F022FAB4E540463B789A0802F00202C5
:10854000C3F340131343ADF81A300DF11A0202239E
:1085500008A900F02BFAA3E5BDF82230012B7FF427
:10856000A0AE3B78404643F0080308A93B7000F0FA
:1085700003FA95E5022A3FF487AEFFF7EBFC0246CB
:1085800000283FF48EAE4046538808A900F00EFA4A
:1085900000287FF485AD84E69DF824300F2B3FF64C
:1085A00080AE144A3B441B79127893421DD2134A81
:1085B000166816EB43167FF4A6AE72E6002A7FF427
:1085C00070AE00269DF8212002F0FD03012B17D08C
:1085D000002A7FF45FAE019B009A3B44134493F85A
:1085E00034304046C3F34003ADE77FF45AAE024E49
:1085F00089E600BF755300202C5D0410884C0020D4
:10860000BDF82230B3B9012A99F8000000F0888043
:10861000FFF7E8FB019B009A3B44134493F8342096
:1086200042F0020283F8342093F8342042F0010231
:1086300083F83420002E3FF433AD706900F016FA51
:108640007369012108AA40469847002000F00EFAFD
:1086500097F83530DF073FF523AD99E6FFF77EFC4D
:10866000404608A900F088F91AE5DDF80CC0BCF115
:10867000010F00F09D80BCF1000F00F08A80002304
:1086800091F8028004E00671D8B2844540F28180FE
:1086900008EB030057FA80F090F804E00133BEF1D4
:1086A000FF0FF0D04FF0E023D3F8F03DDA0700D50C
:1086B00000BE4FF0E023D3F8F03DDB0700D500BE4D
:1086C00000237B70EDE5FFF75DFA024600287FF49A
:1086D0005AAFE6E5FFF7F6F8024600283FF4DAADB8
:1086E0004046122308A900F061F900287FF4D8ACB5
:1086F000D7E5FFF72DFC024600283FF4D2AD4046F7
:10870000137808A900F052F900287FF4C9ACC8E535
:10871000BDF82410FFF7DEF802460028EFD1C0E5CF
:108720000293FFF775FB019A009B3A441A4492F8B2
:108730003410029B63F3410182F8341092F8341034
:1087400063F3000182F8341074E700214046FFF71C
:1087500099FA4046FFF730FBBB7840460093FFF79D
:10876000ADFB009BBB7033E6DDF80880FFF7F4FB40
:1087700076E74046012308A90DF11A028DF81A6028
:1087800000F014F98CE40B7891F803C019444B788D
:108790004DE633460F480392019100F067FD0E4B02
:1087A00001991B78039AB3421144BFF436AE79E7BE
:1087B000D8F81000094B984208BF4FF0020C5EE752
:1087C0004FF0E023D3F8F03DDB077FF569AC00BE46
:1087D00066E400BFA44D002075530020A58E001054
:1087E0002DE9F84FDDF82880002A3FD00C461E46C0
:1087F00015464FF0000B1F4FDFF87C9017E0204626
:1088000099F8021000F000FDF8B121465046FFF73C
:1088100055FA08B3A3780BF1010BDA0916BF0B9ACE
:1088200088F8003013702378AB451C441ED0637861
:10883000052B11D1E17801F00301B1420CD1A378ED
:1088400097F800A013F0700FD9D04FF0E023D3F8C1
:10885000F03DDA0700D500BE4FF0E023D3F8F03D3D
:10886000DB0700D500BE0020BDE8F88F0120BDE881
:10887000F88F00BFEC280020904D002038B50E4B3B
:108880001D788B7813F0700F08D04FF0E023D3F8E9
:10889000F03DDB0700D500BE002038BD074B0C467D
:1088A0000846997800F0B0FC0028EED02146284612
:1088B000BDE83840FFF702BAEC280020904D0020B8
:1088C0000B46064A06481168DA09343203F07F0382
:1088D00002EB4303184400F051BC00BFE44D0020FC
:1088E000904D00200B46064A06481168DA093432DA
:1088F00003F07F0302EB4303184400F069BC00BFA0
:10890000E44D0020904D002010B5194C01F07F0E71
:1089100004EB4E0404EBD11494F834C015481CF059
:10892000010F04F13004007808D04FF0E023D3F8B1
:10893000F03DDA0700D500BE002010BD94F804C059
:108940004CF0010C84F804C0FFF738FA0028F4D189
:108950004FF0E021227960F300022271227960F366
:1089600082022271D1F8F03DDB07E5D5E3E700BFD5
:10897000904D0020EC28002030B50B4C8C46A646CC
:108980000546086849680023AEE803009CF800101B
:108990002846C943C4E90233BDE830401A4601F015
:1089A0008001FFF7B1BF00BF504D00202DE9F0411D
:1089B000274F4FF00008BE468C46064608684968B7
:1089C000BA60AEE80300A7F80E801546BCF8062092
:1089D000934228BF1346BB819AB11C462BB3DDB12D
:1089E00097F90030402C28BF4024002B28DB41465B
:1089F00023463046174AFFF787FF68B10120BDE8DC
:108A0000F0819CF800101346C943304601F0800104
:108A1000FFF77AFF0028F1D14FF0E023D3F8F03DC3
:108A2000DB0700D500BE0020E9E71A46397801F0DF
:108A3000800123463046FFF767FF0028DED1EBE7D1
:108A40002246294603483BF01BFF8021014AF0E7FC
:108A5000504D0020104D00200022034BC3E900229E
:108A6000C3E902221A617047504D0020014B186182
:108A7000704700BF504D002030B40246044C002522
:108A8000234600685168C4E9025530BC03C37047EF
:108A9000504D002070B53C4CC90922780646B1EB18
:108AA000D21F1D4682B017D053B14FF0E023D3F848
:108AB000F03DDB0702D4002002B070BD00BEFAE733
:108AC0002146FFF7EDF823691BB12246032130460A
:108AD0009847012002B070BD94F90030A068002BC7
:108AE00005DB0028E7D02A4628493BF0C9FEE0898B
:108AF000A168E388284480B229448342E081A160D0
:108B000016D03F2D14D9A28994F90040131A9BB2B4
:108B1000402B28BF4023002C26DB90424FF0000161
:108B200030D01A4A3046FFF7EFFE0028D1D1BCE71B
:108B3000236923B102213046134A984758B121785E
:108B40000023C94330461A4601F08001FFF7DCFEDE
:108B50000028BED1A9E701463046FFF743F980213E
:108B60003046FFF73FF9B4E7904208D01A4607486D
:108B700001933BF085FE8021044A019BD2E78021CE
:108B80000022CFE70A46CDE7504D0020104D0020CF
:108B90002DE9F0410446FFF7E7F908B9BDE8F08197
:108BA000FFF7EAF907460028F8D1C822134B02FB69
:108BB0000436F1780029F1D006F11005284600F0BE
:108BC000CBFB3F28EAD93846F178FFF779FE002839
:108BD000E4D0284600F0C0FB3F2809D9084A3846AF
:108BE000F17802EBC4124023BDE8F041FFF78CBEE0
:108BF0003846F178BDE8F041FFF774BE68320020D6
:108C00008C4C002010B50446FFF7AEF908B90020DF
:108C100010BDFFF7B1F90028F9D1C822034B02FBC0
:108C20000433187900F0010010BD00BF6832002045
:108C3000C82108B5102301FB0030024A104400F09F
:108C400071FB08BD683200202DE9F8434FF6FF7331
:108C50004FF0C80810249A4228BF1A4618FB004457
:108C60001A4F06463C44204692B200F0D1FB05461E
:108C7000FFF77AF910B92846BDE8F883FFF77CF9C9
:108C800081460028F7D108FB0677FB78002BF2D04D
:108C9000204600F061FB3F28EDD94846F978FFF700
:108CA0000FFE0028E7D0204600F056FB3F2808D9E9
:108CB000074A48464023F97802EBC612FFF724FE24
:108CC000D9E74846F978FFF70DFED4E7683200206F
:108CD0008C4C00202DE9F0410546FFF745F910B90D
:108CE0000020BDE8F081FFF747F906460028F7D1DC
:108CF0004FF0C808242418FB0544174F3C44204675
:108D000000F010FB0028EBD008FB05773046B9785F
:108D1000FFF7D6FD0028E3D04022104B204602EB9F
:108D2000C5141C44214600F073FB054680B1034680
:108D300022463046B978FFF7E7FD38B94FF0E02317
:108D4000D3F8F03DDB07CBD500BEC9E72846C8E71E
:108D5000B978FFF7C7FDC3E7683200208C4C0020CC
:108D600038B54FF6FF734FF0240CC8249A4228BF41
:108D70001A4614FB00C40A4B92B21C440546204616
:108D800000F002FC034620461C4600F0CBFA3F28C8
:108D900001D8204638BD2846FFF79CFF204638BD45
:108DA00068320020C82108B5242301FB0030024AA4
:108DB000104400F0D1FA08BD68320020F0B5194C1B
:108DC00083B0C822002120463BF072FD0025FF231E
:108DD0004FF4E1310822144804F1B80705700095FA
:108DE00004F110006371A160A27304F13801012342
:108DF000402200F067FA0123402204F17801009339
:108E000004F1240000F05EFA04F1C0063846FBF7D6
:108E1000D9F93046FBF7D6F9C4E90757C4E90C6520
:108E200003B0F0BD683200200C4D0020094B196BD7
:108E300049B11A6A12B10022C3E907220022C3E92C
:108E40000C22012070471A6A002AFAD00120C3E9D7
:108E50000711704768320020002210B50E4C0F48F1
:108E6000237802600271DA0707D59B070BD5BDE8AE
:108E7000104001210A4800F04FBC103000F030FCD7
:108E800023789B07F3D4064800F02AFCBDE8104085
:108E90000121034800F040BC0C4D00206832002046
:108EA0008C320020F0B54B7983B0022B03D0002523
:108EB000284603B0F0BD8B79022BF8D1264FBB7842
:108EC0003BB14FF0E023D3F8F03DDB07EFD500BE18
:108ED000EDE78B7806463B700B780925CC18617856
:108EE00024290BD1082A02D80FE0AA420DD32378F7
:108EF0001C4461782B4424299DB2F6D005290AD060
:108F0000042902D163790A2B13D00020FFF740FE19
:108F1000284603B0F0BD21463046FFF7AFFC0028DD
:108F2000CFD0A3787B7023781C442B4461789DB20A
:108F3000E6E70A4B2778019301330093022330467A
:108F40001A46E119FFF74CFC0028BAD00E3517FA83
:108F500085F5ADB2D9E700BF683200206A32002043
:108F6000137803F06003202B08D170B5264C93884A
:108F700094F800C09C4503D0002070BD00207047CD
:108F80005378203B032BF7D8DFE803F027230D02AB
:108F900001292ED003291ED11C4BE3B1002051889A
:108FA000AFF3008017E0012923D0032913D155889E
:108FB000174805F0010686F00101257100F0ACFBB1
:108FC000144B43B131460020C5F34002AFF300809B
:108FD00001E0012911D0012070BD01290DD0032924
:108FE000F9D10D4B002BF6D000200C49FEF7EAFD1D
:108FF000F1E71146FFF7C0FCEDE711460723074AEA
:10900000FFF7D4FCE7E700BF683200200000000053
:109010008C32002000000000C57B00107032002060
:109020002DE9F047364F0C46FA7806468A421D462F
:1090300097F802C03CD08C4513D04FF0E023D3F812
:10904000F03DDB0700D500BE0020BDE8F0872D4BCA
:1090500023B12D4800F076F900284ED00020FFF70C
:1090600097FDBB78A34202D00120BDE8F087274BD3
:1090700013B10020AFF300800020FFF72BFE002883
:10908000F2D1234800F04EF90028EDD1002DEBD0AD
:1090900015F03F05E8D13046B978FFF711FC0028FC
:1090A000E2D02B462A463046B978FFF72DFCDBE7A5
:1090B000DFF864809AB2414607F1100000F064FACC
:1090C000144B002BC3D07B79FF2BC0D0002DBED01A
:1090D00007F1100908EB050A02E0C245B7D07B7919
:1090E00018F8012B9A42F8D1484600F02BF90028D5
:1090F000F3D17979AFF30080EFE7AFF30080ADE70C
:1091000068320020000000007832002000000000DB
:109110008C320020000000008C4C002010B582B082
:10912000B9B101280CD80B7853B1134C012B23543F
:1091300002D0012002B010BDFEF726FF0028F8D1B2
:109140004FF0E023D3F8F03DDB0700D500BE002050
:10915000F0E70124084601A9ADF80440FEF714FF2A
:1091600038B94FF0E023D3F8F03DDA07E2D500BE7E
:10917000E0E7014B1C70DDE7844D0020F8B5037873
:1091800013F001041AD1037805465A07C3F3800788
:1091900001D52046F8BD0E464FF0FF3130463BF07A
:1091A0009BFB2B7813F001040BD12B785B0709D4C0
:1091B0002B78012443F004032B7003E000242046A5
:1091C000F8BD3C4630463BF037FB2046F8BD00BFBB
:1091D00070B50C4605464FF0FF3120463BF07CFB56
:1091E0002B78C3F380065B0708D52B7813F00103B7
:1091F00011BF00262A7863F382022A7020463BF0D2
:109200001BFB304670BD00BFC378828803F00300AB
:109210000228C2F30A021FD0032803D001280AD073
:1092200000207047022914BF40234FF4806393420B
:1092300009D301207047022940F2FF3308BF4FF4E1
:1092400080639342F6D24FF0E023D3F8F03DDB0782
:10925000E6D500BE00207047022902D0402AE8D996
:10926000F1E7B2F5007FE4D0EDE700BF0A44914298
:1092700026D291F801C0BCF1050F05D091F800C0CD
:1092800061448A42F5D8704700B591F802C00CF0ED
:109290007F0E00EB4E0E4FEADC1C0EF80C3091F8FE
:1092A00000C061448A4209D991F801C0BCF1050FA0
:1092B000EBD091F800C061448A42F5D85DF804FB18
:1092C000704700BF2DE9F041B2F5004F9DF81880BE
:1092D00024D80446C06817460E461D4618B14FF004
:1092E000FF313BF0F9FA206918B14FF0FF313BF044
:1092F000F3FA0022C5F30E03E06843EAC833628143
:109300002660A780E380228108B13BF095FA2069AE
:1093100008B13BF091FA0120BDE8F0810020BDE8E2
:10932000F08100BF038942899BB292B28088934248
:1093300036BFC2EB40029B1A9B189BB2984228BFD3
:10934000184670470289438990B29BB2C01AB0FA9E
:1093500080F04009704700BF038942899BB2808832
:1093600092B2934236BFC2EB40029B1A9B189BB24B
:10937000984286BFC01A80B20020704738B50446B4
:1093800000690D4618B14FF0FF313BF0A5FA218975
:10939000638989B29BB2A288994236BFC3EB42006F
:1093A000C81A401880B250B3824209D291422CBFF1
:1093B000891A89188BB29A42638103D89B1A9BB28F
:1093C0009A42FBD9E2882168C2F30E0202FB031124
:1093D00028463BF055FA6189012589B24B1C9BB2A6
:1093E0009942A2880ED9002302FA05F15B1A9BB2BA
:1093F0002069638108B13BF01FFA284638BD054655
:1094000063899BB2B3EB420F4FEA4201F0DBEDE719
:109410002DE9F047064600698846914618B14FF09D
:10942000FF313BF059FA338974899BB2A4B2B588F5
:10943000A34236BFC4EB45071F1BFF18BFB2002F66
:109440004AD0BD4240D3B94528BFB946A5421FFA0C
:1094500089F703D8641BA4B2A542FBD9B6F806A0CD
:109460002B1B31689BB2CAF30E029F42924602FB4D
:10947000041123D913FB02F31FFA83F94A4640462D
:109480007D1B3BF0FDF9621912FB0AF2316808EB13
:10949000090092B23BF0F4F97289B58892B2D319FF
:1094A0009BB29A421AD96A009B1A9BB230697381A7
:1094B00008B13BF0C1F93846BDE8F087404607FBEC
:1094C00002F23BF0DDF9E7E7AB422CBF5B1B5B1917
:1094D0009CB22F467481B6E773899BB2B3EB450FFC
:1094E0004FEA4502E2DBDFE7F8B50446C0680E4606
:1094F00018B14FF0FF313BF0EFF9258923896189DD
:109500009BB289B2A2888B4236BFC1EB42015B1A83
:109510005B189BB29A42ADB208D8E779FF0905D132
:10952000E06808B13BF088F93846F8BD954219D398
:109530002B469B1A9BB29342FBD2E2882068C2F36F
:109540000E0202FB030031463BF09AF96B1C9BB202
:109550009D42A28812D9002351005B1A9BB20127B9
:109560002381DDE7E2882068C2F30E0205FB0200DA
:1095700031463BF085F90135A288ABB2B3EB420F1F
:109580004FEA4201EBDBE8E72DE9F04F164683B0E6
:10959000002A4CD00546C068884618B14FF0FF310C
:1095A0003BF09AF9EA792F896989D209AB88BFB271
:1095B00089B240D18F4236BFC1EB4301791AC91934
:1095C00089B2994241D2591A89B28E4228BF0E46B9
:1095D000B5F806A007EB0609A6EB030BCAF30E0AC3
:1095E0001FFA89F91FFA8BFB9F423C4603D3E41A0A
:1095F000A4B29C42FBD21B1B28689BB2B3420AFB5D
:1096000004004BD341460AFB06F23BF039F9AA8825
:109610004F454FEA420302D8B9EB420F03DBA9EBF7
:1096200003031FFA83F9E868A5F8089088B9304663
:1096300003B0BDE8F08FB5F806A09E42CAF30E0A4B
:109640000DD3002B3FD11E4600E00026E86800281D
:10965000EDD03BF0F1F8304603B0BDE8F08F8F421B
:1096600036BFC1EB43027A1AD21992B25800324483
:10967000A6EB030B82421FFA8BFB0ADB01EB03090B
:109680001FFA89F9A9EB0607BFB2B94218D9381AEF
:1096900087B206EB07091FFA89F9A5E713FB0AF35E
:1096A0005C4414FB0AF49AB2414601923BF0E8F89C
:1096B000019A286808EB0201A2B23BF0E1F8A6E7A4
:1096C000B84291DCE3E7F61A01EB03090AFB0688CE
:1096D0000F461E464FF0000B1FFA89F984E700BFC2
:1096E00010B50446C06818B14FF0FF313BF0F4F8F4
:1096F000206918B14FF0FF313BF0EEF80023E0682D
:109700006381238108B13BF097F8206908B13BF0F1
:1097100093F8012010BD00BF38B50446C0680D465F
:1097200018B14FF0FF313BF0D7F8206918B14FF076
:10973000FF313BF0D1F8E379E06865F3C713E371DB
:1097400008B13BF079F8206908B13BF075F80120C9
:1097500038BD00BF2DE9F04F4FF000094FF0010E6A
:1097600085B0174602689DF83840C2F86C90516089
:10977000191E03940546DDE90F46C2F86CE002911C
:1097800050DD039B01F1FF3A83EA0E035B02019374
:10979000002C00F09680C846CB4601213046A047F9
:1097A000B9F1000F54D12A684FF0000929798902D4
:1097B000019817F8013BCA4518BF00200B4303432B
:1097C0001361002C47D04FF0000B03E02A68536B65
:1097D000D80615D400213046A0474BEA000B5FFAAB
:1097E0008BFB0028F2D0834600284BD1029B09F165
:1097F00001094B4516D00021002CCED12A68D7E7AD
:10980000D2F88080B8F1000F50D1BBF1000F13D116
:10981000CA454FD04FF00008029B09F101094B45A2
:10982000C346E8D14846039B2B7105B0BDE8F08FD5
:109830002A68536B9B051FD400213046A0474BEA92
:10984000000B5FFA8BFB0028F2D06FF00109E9E70B
:1098500000212A68ACE7BBF1000FC7D1536BDB06D0
:10986000FCD5D2F88080B8F1000FD1D04FF0010BB9
:10987000536D536B9905FCD55846136E4FF0000B92
:109880000028B3D0BBF1000FDFD1B8F1000F1ED01C
:1098900018F0010F1BD118F0080F08BF4FF0FF3967
:1098A0004846039B2B7105B0BDE8F08F4FF0010BCC
:1098B000536DC1E7039B002BACD12CB9A346A04646
:1098C000D7E7A346A0466FE798469B46B4E74FF01C
:1098D000FF39A7E72DE9F84F4FF0010CDDE90B4602
:1098E000002791460268B3F10008D766054651602B
:1098F0009DF828B0C2F86CC021DD08F1FF3A14B120
:1099000001213046A0472B685A6F102AFCD0002F47
:1099100033D00022BA4504BF8BF0010142EA412254
:1099200042F480721A618CB1D3F88020596B11F027
:10993000400113D0002130465B6DA047C743384635
:1099400085F804B0BDE8F88F9A6F7AB9D3F8802013
:109950005A6B5206F8D500205B6DEFE73046A04702
:109960000028EBD12B689A6F002ADDD01B690137E4
:10997000B84509F8013BC2D1E1E72A799202C9E76B
:10998000F8B5064605200C46FBF7BAF800EB540C78
:10999000BCFBF4FC214B0CEB4C02A3FB0253204913
:1099A0009F088C42ACEB930530D801F1D64101F50C
:1099B000A10101F62C0100EB4003A1FB03139B0D59
:1099C000013300244F2A98BF01223168B0FBFCF01C
:1099D000CC660C6801F5805684F0040404F006049B
:1099E000346088BF0D4CCD6184BFA4FB0242920954
:1099F0000F62C1F8A0200A46012452F87C5F6B4038
:109A00009BB202F580521360CC66F8BD054900EBAD
:109A10004003A1FB0313DB0D0133D2E7CDCCCCCC4B
:109A20003F420F00893BE6550E4A30B4904214BFC6
:109A3000102220220C4D0D4B0D4C2A601A60A36899
:109A400032EA0303FBD140F2651503240268037177
:109A5000D3661560D3639363C2F8884030BCFFF7C8
:109A60008FBF00BFF02800200020024000300240DD
:109A7000000002402DE9F04389B00DF110080446C2
:109A800016461F46DDE9122340460D469DF84090DC
:109A9000FAF770FF3B46CDE90108324629462046D9
:109AA000CDF80090FFF756FE09B0BDE8F08300BF87
:109AB0002DE9F04389B00DF11008044616461F4603
:109AC000DDE9122340460D469DF84090FAF752FF1B
:109AD0003B46CDE90108324629462046CDF80090A4
:109AE000FFF7F8FE09B0BDE8F08300BF10B5054CE4
:109AF000204600F0D1F92046034A0449BDE8104051
:109B000029F0ACBD844C002000000010B99E00106C
:109B10002DE9F84F0122C54FC54B0024C54D4FF02C
:109B2000FF381A703B6805F11C00DFF854A39E68EB
:109B3000C5F800A06C60AC60DFF84893C5E9034449
:109B4000C5E9054401F08AF83B682E62BA4ED3F8A5
:109B500004B006F11C00C5F82480C6F800A0C5F8C2
:109B60000090C6E90144C6E90344C6E9054401F092
:109B700075F8C6F82480C6F800903B68C6F820B097
:109B8000AE4EC6E900A4D3F80CA006F11C00B460E8
:109B9000C6E90344C6E9054401F060F8C6F8009040
:109BA000DFF8E492C6E908A8A54E09F1140AA6F167
:109BB0000408304614F046FC29463046C8F8744084
:109BC000A8F8784046F8049CC8F804A0C8E91F44E7
:109BD000C8E9214414F0C8FB9A4E304614F032FC18
:109BE000994B3046944946F8083C143333600023BF
:109BF0003367A6F8743046F8043CC6E91E33C6E95C
:109C00002033083E14F0B0FB904D284614F01AFCA7
:109C10000023284689492B67A5F8743045E9019A45
:109C2000C5E91E33C5E92033043D14F09DFB884C83
:109C3000204614F007FC0023204680492367A4F83F
:109C4000743044E9019AC4E91E33C4E92033043C6A
:109C500014F08AFB2B6900243A6843F40053C6F8D9
:109C600078807C4EDFF824A2C5F8748006F11C00D1
:109C70002B614FF0FF389568C6F800A0DFF810920E
:109C8000C6E90144C6E90344C6E9054400F0E6FF1D
:109C900035623B68704DD3F804B005F11C00C6F87E
:109CA0002480C6F80090C5F800A0C5E90144C5E9C4
:109CB0000344C5E9054400F0D1FF3B68C5F80090B6
:109CC000C5F820B0C5F82480644DDF6805F11C009C
:109CD000AC61C5E900A4C5E90244C5E9044400F04B
:109CE000BDFF2F625E4FC5F82480DFF8A88138469B
:109CF000C5F8009014F0A6FB08F1140931463E1F88
:109D0000384647F8048C86F87C40C6F80490C6E9CB
:109D10001D44C6E92044C6E9224414F07DFB514CA1
:109D20002046A4F1080714F08DFB4F4B20464A490A
:109D300044F8083C1433BB600023C7E91E3387F89E
:109D400080307B60C7E92133C7E9233314F064FB1B
:109D5000464D284614F076FB002328463F4985F8F7
:109D6000783045E90189C5E91C33C5E91F33C5E9E8
:109D70002133043D14F050FB3D4C204614F062FBAF
:109D800000232046354984F8783044E90189C4E944
:109D90001C33C4E91F33C4E92133043C14F03CFBF9
:109DA00034492A690B6842F40052BE6701336E677A
:109DB0002A610B60BDE8F88F2F4B2148C8F80430AA
:109DC00014F07CFB29F09EFE2C4B2948636014F0B4
:109DD00075FB29F097FE294B24486B6014F06EFB4D
:109DE00029F090FE254B1F48BB6014F067FB29F05B
:109DF00089FE224B1A48736014F060FB29F082FE42
:109E00001D4B1348636014F059FB29F07BFE1A4B7D
:109E10000E486B6014F052FB29F074FE164B094893
:109E2000B36014F04BFB29F06DFE00BF002B002047
:109E300000290020C845002078450020A0450020CA
:109E4000B84900201448002078820410A04800205F
:109E50002C49002040460020F045002018460020F4
:109E6000F84B0020484A0020A8820410D84A00205D
:109E7000684B0020D8470020CC810410DC810410FE
:109E800084890410EC800410C8880410C48904106C
:109E90002C810410F8880410064A1368591C10B568
:109EA000044611600BB1204610BDFFF731FE20467D
:109EB00010BD00BFD8470020114A1368591E022B5D
:109EC00010B50446116001D0204610BD0D481EF0AB
:109ED00029FA0D481EF026FA0C481EF023FA0C4809
:109EE0001EF010FE0B481EF00DFE0B481EF00AFE81
:109EF000204610BD29F076FF29F0B2FFE4E700BF4D
:109F0000D8470020B44900209C4800202849002060
:109F1000F44B0020D44A0020644B0020704700BF5F
:109F200010B50446FBF76CFD204610BD044A0B68D3
:109F300012680360934202D01A6801321A607047B7
:109F4000584700200160704710B5054C206800B1EB
:109F500010BD0246034920462AF0F2FF206810BDDA
:109F600060470020685D041000487047685D041079
:109F7000426870B50546EAB18368C3B10024304E2B
:109F800003E0AB680134A34210D952F82400002842
:109F9000F8D04368591E012B4160F2D103685B6819
:109FA000B34238D1FBF72CFD6A68EAE712B11046DC
:109FB000FBF728FDEA68EAB1AB68C3B10024204E84
:109FC00003E0AB680134A34210D952F82400002802
:109FD000F8D04368591E012B4160F2D103685B68D9
:109FE000B3421AD1FBF70CFDEA68EAE712B110465A
:109FF000FBF708FD2B6963B10024185910B1FBF77A
:10A0000001FD2B690434182CF7D113B11846FBF766
:10A01000F9FC284670BD9847C6E79847E4E729F061
:10A02000E1FE29F01DFFBFE729F0DCFE29F018FF53
:10A03000DAE7013102D129F06BFEFAE729F062FD7F
:10A04000219F001038B50A4B044605681B689D42E5
:10A0500004D02B685A1E012B2A6001D0204638BD3F
:10A060002846FFF785FF2846FBF7CAFC204638BD87
:10A07000584700200F4B1A680B68934270B50D4685
:10A08000044602D01968013119602668B24204D032
:10A090003268511E012A316002D02046236070BD13
:10A0A0003046FFF765FF3046FBF7AAFC2B682046D9
:10A0B000236070BD58470020002A00F0E2802DE99F
:10A0C000F04F0D6883B00646174625B9AB4B1D68A7
:10A0D00001351D600D6005F1FF39D6E90183013BB3
:10A0E0004B455DD205F1030A6FF060439A45C0F01D
:10A0F000CD804FF0FF304FF0FF3BFBF77FFC044675
:10A10000B06870B17368221F03EB800C043BACF1A4
:10A11000040C53F8041F9C4542F8041FF9D1504524
:10A1200008D2C0F10302002104EB80002A4492000F
:10A130003AF0BEFB5846D6F80CB0FBF75FFCD6F8F9
:10A1400008E00346BEF1000F0CD0F268011F02EBDD
:10A150008E0C043AACF1040C52F8040F624541F83D
:10A16000040FF9D1F2450AD9CEF1030203EB8E00B8
:10A17000002101932A4492003AF09AFB019BF3607C
:10A18000C6E9014AB8F1000F02D04046FBF73AFC9D
:10A19000BBF1000F02D05846FBF734FCD6F8048020
:10A1A0007B6858F8290001337B60002840D0744B4D
:10A1B0001A68002A37D09C4670490AE024B90C6816
:10A1C00001340C60CEF80040A54272D05CF8082F34
:10A1D0004AB313681BB90B6801330B601360DCF8DA
:10A1E00004E09D42DEF80040E8D12CB9634B1C68C6
:10A1F00001341C60CEF80040013C58F8243093B183
:10A20000714638460EF068F9054658F824006B6828
:10A2100001336B6043685A1E012B42606ED048F8D0
:10A22000245058F8290043685A1E012B426038D048
:10A23000B26848F829700AB30024F368DFF8448153
:10A24000274604E0B2680F600134A24216D953F8E1
:10A250002400A50003EB84010028F5D0426802F138
:10A26000FF3C012AC0F804C0ECD103685B68434599
:10A2700008D1FBF7C5FBF3685919E3E703B0BDE864
:10A28000F08F70479847F3685919DBE74FEA8A0B5C
:10A290005846FBF7B3FB0446B06800287FF432AFA2
:10A2A0003DE70368374A5B68934225D1FBF7A8FB7B
:10A2B000BEE7136823B931490B6801330B601360A3
:10A2C0005C1E58F82430002BADD01146384604F0FF
:10A2D00021FF054658F824006B6801336B60436822
:10A2E0005A1E012B42609AD10368264A5B6893424A
:10A2F0000BD1FBF785FB92E7984799E70368214A62
:10A300005B689342F5D0984789E7984787E729F03B
:10A3100069FD2046FBF776FB2AF066F929F062FD1D
:10A3200029F09EFD84E729F05DFD29F099FDAAE75B
:10A3300029F058FD29F094FD71E729F053FD29F02B
:10A340008FFD6CE729F08CFD29F0DCFB013105D194
:10A3500029F0DEFC01310DD129F0DAFC29F0D2FB25
:10A36000013105D129F0D4FC013105D129F0D0FC0F
:10A3700029F0C8FB29F0C6FB29F0C4FB5C4700208C
:10A380006C5D0410219F00102DE9F041374F064607
:10A390000D461446D7E8AF3FDB074AD5344BF1688A
:10A3A000186800283AD09E46324F0BE023B93E6829
:10A3B000013633463E601660013B9C4242D05EF857
:10A3C000080F58B3036823B93A68013213463A605C
:10A3D000026003F1FF3CDEF8042064451368E5D118
:10A3E000002B39D0013B51F8242052B1A5B12B6884
:10A3F0002846214A5B68934234D1BDE8F041FBF71F
:10A40000FFBA6A68501C6860581C41F8245003D099
:10A4100002326A6041F82350BDE8F08151F82430DF
:10A42000002BE3D16B6801336B6041F82450BDE829
:10A43000F0813846FCF796FE0028AFD03846FCF78E
:10A44000A3FEABE7026822B90A4B1A6801321A6010
:10A4500002602346541EC6E70648036801330360C2
:10A460001360BFE7BDE8F041184700BF8C380020FB
:10A470006C5D04105C470020219F001003682BB91D
:10A4800003490A68013213460A600260581E704789
:10A490005C470020000000002DE9F04FC44B302441
:10A4A0000646C44D89B001608460C0221846002170
:10A4B0003AF0FEF90021C0227060284600243AF0EC
:10A4C000F7F9BD4BF5601A1FBC4D1C61326143F8B2
:10A4D000045CC3E90044C3E90244FFF745FD028878
:10A4E000012321462A802246B54805F0ABFFB44A35
:10A4F0003046B449FFF7E0FD0121B3482AF0C0FD22
:10A50000B14A3046B149FFF7D7FDB14A0123B148FE
:10A510002146D46043601474948482F8644082605D
:10A52000C2E90134AC4B0360AC4BC2E90544C2E95B
:10A530000744136001F08CF8A64A3046A849FFF79B
:10A54000BBFD0121A74AA84B3046C2E90031A7490B
:10A55000FFF7B2FD0121A64AA64B3046C2E9003101
:10A56000A549FFF7A9FDA54C0122A54BC4E900327E
:10A57000FFF7EAFCA0602246A2493046FFF79CFDA7
:10A58000DFF834A30123A04AA048CAE9002300222F
:10A59000C0E9013A9E4B11468AF81020AAF8112012
:10A5A000CAF834208AF843200360CAE90222CAE9C3
:10A5B0000522CAE90722CAE90922CAE90B2200F0EA
:10A5C000D5FB924A30469349FFF776FDDFF8EC92CF
:10A5D0000022012390481146C9F80C2089F8102068
:10A5E000A9F81120C9F8342089F84320C9E90132BB
:10A5F000C0E90139894BC9F80030894BC9E9052206
:10A60000C9E90722C9E90922C9E90B22036000F060
:10A610005FFB814A30468349FFF74EFD824A0123A2
:10A62000824930465360824B1360FFF745FD814AF3
:10A630000123814930465360804B1360FFF73CFD96
:10A640007F4C00237F4901227F4821602146E36738
:10A65000C4E90123C4E90333C4E90533C4E907337A
:10A66000C4E90933C4E90B33C4E90D33C4E90F333A
:10A67000C4E91133C4E91333C4E91533C4E917330A
:10A68000C4E91933C4E91B33C4E91D33C4E92033D9
:10A69000C4E92233C4E92433C4E92633C4E92833A6
:10A6A000C4E92A33C4E92C33C4E92E33C4F8C030DA
:10A6B00084F8C43015F04EFA634A30466349FFF718
:10A6C000FBFC634A0123634930465360624B1360CD
:10A6D000FFF7F2FC614A0123614930465360614B48
:10A6E0001360FFF7E9FC01215F4809F0EFFF5E4AC4
:10A6F00030465E49FFF7E0FC01215D4805F072FE3F
:10A700005B4A30465B49FFF7D7FC01215A482AF0E3
:10A71000CFFC594A30465949FFF7CEFCDFF8A0B1CB
:10A72000012357480021CBF804304360554B8BF888
:10A730001010CBF80030544B8BF82411C0F808B03F
:10A740000360CBE90211CBE90511CBE90711CBE995
:10A75000091101F00DF84A4A30464C49FFF7ACFCAC
:10A760004B4A01234B49304653604B4B1360FFF774
:10A77000A3FC4A4A01234A4930465360494B1360BF
:10A78000FFF79AFC484D01236B60484B2B60FFF7A5
:10A79000DBFBA8602A4646493046FFF78DFCDFF810
:10A7A0002481012343480022C8F8043043608BE031
:10A7B00098440020A843002094430020803C0020BF
:10A7C0008C3C00205047002068440020B8470020FF
:10A7D000A0390020BC38002060740410AC6504105F
:10A7E0008847002058450020B8860410C84700203C
:10A7F00068450020F4860410D047002080440020E3
:10A8000044740410784700207C65041060390020EF
:10A81000B8740410684700206C3900206C6504107F
:10A82000847404106C4700200439002098470020ED
:10A830000875041014390020A0470020207504106A
:10A84000303B002024870410243900209846002043
:10A85000D43800209047002038750410E4380020D8
:10A86000F4470020248804109C38002080470020F2
:10A87000AC3E00205447002074440020BC47002018
:10A88000C8380020BC650410607F04108C4700208D
:10A8900060450020CC470020708E041070450020D9
:10A8A000D4470020AC8E04108C440020447F041058
:10A8B0007C47002078390020F83B00203C3C0020F9
:10A8C000083A0020883100201146B14B88F810204A
:10A8D000C8F80030AF4BC8F83C2088F86C20C0F8AE
:10A8E00008800360C8E90222C8E90522C8E90722F6
:10A8F000C8E90922C8E90B22C8E90D2200F034FB9F
:10A90000A54A3046A549FFF7D7FBA54F0123A54827
:10A9100000227B6043601146A34B3A743B60A34B1B
:10A92000FA6387F86C2087600360C7E90222C7E9F1
:10A930000522C7E90722C7E90922C7E90B22C7E9AF
:10A940000D2200F0C5FA974A30469949FFF7B4FB4B
:10A95000984A0123984930465360984B1360FFF79B
:10A96000ABFB974A0123974930465360964B1360DF
:10A97000FFF7A2FB954D00239549012295482960D8
:10A980002946EB679FED807BC5E90123C5E90333C9
:10A99000C5E90533C5E90733C5E90933C5E90B3313
:10A9A000C5E90D33C5E90F33C5E91133C5E91333E3
:10A9B000C5E91533C5E91733C5E91933C5E91B33B3
:10A9C000C5E91D33C5E92033C5E92233C5E9243380
:10A9D000C5E92633C5E92833C5E92A33C5E92C334F
:10A9E000C5F8C03085F8C43085ED2E7B20F034F9F1
:10A9F000784A30467849FFF75FFB784A0123784967
:10AA000030465360774B1360FFF756FB764A0123BD
:10AA1000764930465360764B1360FFF74DFB0121BA
:10AA2000744813F0A1F9734A30467349FFF744FBA9
:10AA3000724A0123724930465360724B1360FFF72C
:10AA40003BFB714A0123714930465360704B1360E0
:10AA5000FFF732FB6F4A01236F49304653606F4B5B
:10AA60001360FFF729FB6E4A01236E49304653609D
:10AA70006D4B1360FFF720FB6C4A02A93046CDE90D
:10AA8000022ACDE9049BCDE9068701F095FDF36824
:10AA900067480193FFF7F2FC644A019B43F82020CA
:10AAA000F36864480193FFF7E9FC019B43F820A099
:10AAB000D6F80CA06048FFF7E1FC4AF82090D6F8E1
:10AAC0000C905E48FFF7DAFC49F82040F4685C48D7
:10AAD000FFF7D4FC44F820B0F4683048FFF7CEFC10
:10AAE00044F82080F4683248FFF7C8FC44F820702E
:10AAF000F4683948FFF7C2FC44F82050304609B0EA
:10AB0000BDE8F08F04460B4601333AD1204629F0C8
:10AB1000FFF80D4604462348FFF700FA2B46F3E7FB
:10AB20000D4604464748FFF7F9F92B46ECE70D467A
:10AB300004464548FFF7F2F92B46E5E70D46044683
:10AB40004248FFF7EBF92B46DEE70D460446404846
:10AB5000FFF7E4F92B46D7E70D4604463D48FFF7DB
:10AB6000DDF92B46D0E70D4604463B48FFF7D6F902
:10AB70002B46C9E70D4604460748FFF7CFF92B4699
:10AB8000C2E728F0BFFF00BF000000000000000087
:10AB90009C650410B87F04107839002070470020AD
:10ABA000F8310020843900208C650410847F041063
:10ABB000744700200C3900209C47002008800410B6
:10ABC0001C390020A447002020800410C030002041
:10ABD000DC8E0410383900209C460020DC38002030
:10ABE0009447002038800410EC380020F8470020FB
:10ABF000DC8F0410AC38002084470020F43800209B
:10AC0000B4470020FC670410FC380020AC4700204B
:10AC10005468041090390020B0470020AC6804103C
:10AC200098390020A847002004690410A0390020AA
:10AC300088470020684700206C4700209846002085
:10AC40008C4700206C3900206039002080440020AF
:10AC5000BC3800208C440020C8380020F8B5174EBE
:10AC60000022044633680260CBB1154D2A689A422F
:10AC7000226009D0134ED6E8AF3FDB0706D52B681C
:10AC80001A68236001321A602046F8BD3046FCF78E
:10AC900069FA0028F3D03046FCF776FAEFE70A4F5E
:10ACA0000221074D3846FFF7F7FB39460748376062
:10ACB0002F60FFF747F93368D8E700BF58470020F7
:10ACC00064470020883800204C3900208C43002045
:10ACD00010B50446806838B32E232C221F494374D4
:10ACE000A3681F489A74A368006899605961D96184
:10ACF000596200211B4A18631268D960996102F1F8
:10AD00000A0E1962C3E90A11A168531E4863C2F111
:10AD1000010000EB030CA26813F8011F62447345A5
:10AD200082F83810F5D110BD4420FAF765FE0023F3
:10AD30000D4A0374A0F81130436380F84330A060DB
:10AD4000C0E90023C0E90233C0E90533C0E9073395
:10AD5000C0E90933C0E90B33BEE700BF9C490410CA
:10AD60005C930410102900206C65041010B5044693
:10AD7000806838B32E232C221F494374A3681F48D0
:10AD80009A74A368006899605961D9615962002179
:10AD90001B4A18631268D960996102F10A0E1962A0
:10ADA000C3E90A11A168531E4863C2F1010000EB18
:10ADB000030CA26813F8011F6244734582F838102F
:10ADC000F5D110BD4420FAF717FE00230D4A037495
:10ADD000A0F81130436380F84330A060C0E900233D
:10ADE000C0E90233C0E90533C0E90733C0E90933DC
:10ADF000C0E90B33BEE700BF9C4904105C9304100C
:10AE0000102900207C65041010B5094B04468068A9
:10AE1000236010B103685B6898472046FFF77EF80F
:10AE2000204610BD2046FFF779F828F06BFE00BFE2
:10AE30008474041010B50C4B04468068236010B174
:10AE400003685B6898472046FFF768F82046FAF7E2
:10AE5000D7FD204610BD2046FFF760F82046FAF7E0
:10AE6000CFFD28F04FFEF9E78474041010B5094BAC
:10AE700004468068236010B103685B6898472046E9
:10AE8000FFF74CF8204610BD2046FFF747F828F0A2
:10AE900039FE00BFB874041010B50C4B044680682E
:10AEA000236010B103685B6898472046FFF736F8C7
:10AEB0002046FAF7A5FD204610BD2046FFF72EF8E4
:10AEC0002046FAF79DFD28F01DFEF9E7B87404103E
:10AED00038B58368044613B32E251E4800221E4948
:10AEE00000685D612C259863DA60D961C3E90821A7
:10AEF000C3E90A21C3E90C221849A2689D61184DD3
:10AF000009689D60D0634B1EA26801F10A003C32C3
:10AF100013F8011F834242F8041FF9D138BD702095
:10AF2000FAF76AFD00220F4903460274C26380F8F3
:10AF30006C20A060C0E90012C0E90222C0E905222D
:10AF4000C0E90722C0E90922C0E90B22C0E90D22AD
:10AF5000C2E700BF5C9304103C6404101029002079
:10AF60009C4904108C65041038B58368044613B3FB
:10AF70002E251E4800221E4900685D612C2598631D
:10AF8000DA60D961C3E90821C3E90A21C3E90C22C7
:10AF90001849A2689D61184D09689D60D0634B1ED9
:10AFA000A26801F10A003C3213F8011F834242F803
:10AFB000041FF9D138BD7020FAF71EFD00220F4999
:10AFC00003460274C26380F86C20A060C0E90012DE
:10AFD000C0E90222C0E90522C0E90722C0E909222E
:10AFE000C0E90B22C0E90D22C2E700BF5C93041048
:10AFF0003C640410102900209C4904109C65041036
:10B0000010B5094B04468068236010B103685B6883
:10B0100098472046FEF782FF204610BD2046FEF7E7
:10B020007DFF28F06FFD00BF847F041010B50C4B2E
:10B0300004468068236010B103685B689847204627
:10B04000FEF76CFF2046FAF7DBFC204610BD2046D9
:10B05000FEF764FF2046FAF7D3FC28F053FDF9E72A
:10B06000847F041010B5094B04468068236010B13A
:10B0700003685B6898472046FEF750FF204610BDE6
:10B080002046FEF74BFF28F03DFD00BFB87F0410BF
:10B0900010B50C4B04468068236010B103685B68F0
:10B0A00098472046FEF73AFF2046FAF7A9FC2046CB
:10B0B00010BD2046FEF732FF2046FAF7A1FC28F02B
:10B0C00021FDF9E7B87F04100D4A90F8433010B520
:10B0D000044602607BB1806808B1FAF793FC6069AE
:10B0E00008B1FAF78FFCE06908B1FAF78BFC606AE7
:10B0F00008B1FAF787FC2046FEF710FF204610BD86
:10B100006C65041010B50446FFF7DEFF2046FAF721
:10B1100077FC204610BD2046FAF772FC28F0F2FCBE
:10B120000D4A90F8433010B5044602607BB1806848
:10B1300008B1FAF767FC606908B1FAF763FCE069E7
:10B1400008B1FAF75FFC606A08B1FAF75BFC2046C9
:10B15000FEF7E4FE204610BD7C65041010B50446E1
:10B16000FFF7DEFF2046FAF74BFC204610BD2046D5
:10B17000FAF746FC28F0C6FC0D4A90F86C3010B582
:10B18000044602607BB1806808B1FAF73BFCE069D5
:10B1900008B1FAF737FC606A08B1FAF733FCE06AE5
:10B1A00008B1FAF72FFC2046FEF7B8FE204610BD86
:10B1B0008C65041010B50446FFF7DEFF2046FAF751
:10B1C0001FFC204610BD2046FAF71AFC28F09AFC16
:10B1D0000D4A90F86C3010B5044602607BB180686F
:10B1E00008B1FAF70FFCE06908B1FAF70BFC606AE6
:10B1F00008B1FAF707FCE06A08B1FAF703FC204649
:10B20000FEF78CFE204610BD9C65041010B5044668
:10B21000FFF7DEFF2046FAF7F3FB204610BD20467D
:10B22000FAF7EEFB28F06EFC10B50446806838B3E0
:10B230002E232C221F494374A3681F489A74A368C5
:10B24000006899605961D961596200211B4A1863ED
:10B250001268D960996102F10A0E1962C3E90A11F4
:10B26000A168531E4863C2F1010000EB030CA26801
:10B2700013F8011F6244734582F83810F5D110BDF0
:10B280004420FAF7B9FB00230D4A0374A0F81130EB
:10B29000436380F84330A060C0E90023C0E9023373
:10B2A000C0E90533C0E90733C0E90933C0E90B330E
:10B2B000BEE700BF9C4904105C93041010290020D5
:10B2C0006C65041010B50446806838B32E232C2218
:10B2D0001F494374A3681F489A74A3680068996063
:10B2E0005961D961596200211B4A18631268D960FB
:10B2F000996102F10A0E1962C3E90A11A168531E8D
:10B300004863C2F1010000EB030CA26813F8011FAF
:10B310006244734582F83810F5D110BD4420FAF725
:10B320006BFB00230D4A0374A0F81130436380F8CF
:10B330004330A060C0E90023C0E90233C0E905330F
:10B34000C0E90733C0E90933C0E90B33BEE700BFEA
:10B350009C4904105C930410102900207C650410A3
:10B3600038B5124B04468568036055B12B682846F2
:10B370000F4A5B68934209D1FFF7A6FE2846FAF709
:10B380003FFB2046FEF7CAFD204638BD98472046C1
:10B39000FEF7C4FD204638BD02E02846FAF730FB30
:10B3A0002046FEF7BBFD28F0ADFB00BF448704102C
:10B3B00005B1001010B50446FFF7D2FF2046FAF79A
:10B3C0001FFB204610BD2046FAF71AFB28F09AFB17
:10B3D00038B5124B04468568036055B12B68284682
:10B3E0000F4A5B68934209D1FFF79AFE2846FAF7A5
:10B3F00007FB2046FEF792FD204638BD98472046C1
:10B40000FEF78CFD204638BD02E02846FAF7F8FA30
:10B410002046FEF783FD28F075FB00BF78870410F7
:10B420005DB1001010B50446FFF7D2FF2046FAF7D1
:10B43000E7FA204610BD2046FAF7E2FA28F062FB50
:10B4400038B58368044613B32E251E4800221E49D2
:10B4500000685D612C259863DA60D961C3E9082131
:10B46000C3E90A21C3E90C221849A2689D61184D5D
:10B4700009689D60D0634B1EA26801F10A003C324E
:10B4800013F8011F834242F8041FF9D138BD702020
:10B49000FAF7B2FA00220F4903460274C26380F839
:10B4A0006C20A060C0E90012C0E90222C0E90522B8
:10B4B000C0E90722C0E90922C0E90B22C0E90D2238
:10B4C000C2E700BF5C9304103C6404101029002004
:10B4D0009C4904108C65041038B58368044613B386
:10B4E0002E251E4800221E4900685D612C259863A8
:10B4F000DA60D961C3E90821C3E90A21C3E90C2252
:10B500001849A2689D61184D09689D60D0634B1E63
:10B51000A26801F10A003C3213F8011F834242F88D
:10B52000041FF9D138BD7020FAF766FA00220F49DE
:10B5300003460274C26380F86C20A060C0E9001268
:10B54000C0E90222C0E90522C0E90722C0E90922B8
:10B55000C0E90B22C0E90D22C2E700BF5C930410D2
:10B560003C640410102900209C4904109C650410C0
:10B5700038B5124B04468568036055B12B682846E0
:10B580000F4A5B68934209D1FFF7F6FD2846FAF7A8
:10B5900037FA2046FEF7C2FC204638BD98472046C1
:10B5A000FEF7BCFC204638BD02E02846FAF728FA30
:10B5B0002046FEF7B3FC28F0A5FA00BFFC8E04106D
:10B5C000B5B1001010B50446FFF7D2FF2046FAF7D8
:10B5D00017FA204610BD2046FAF712FA28F092FA20
:10B5E00038B5124B04468568036055B12B68284670
:10B5F0000F4A5B68934209D1FFF7EAFD2846FAF744
:10B60000FFF92046FEF78AFC204638BD98472046C1
:10B61000FEF784FC204638BD02E02846FAF7F0F930
:10B620002046FEF77BFC28F06DFA00BF308F041037
:10B630000DB2001010B50446FFF7D2FF2046FAF70E
:10B64000DFF9204610BD2046FAF7DAF928F05AFA59
:10B65000836810B50446002B38D0264900222648BE
:10B660004FF02E0CDA60986008682C2183F824C013
:10B670001A7400F1230EA268431EC0F1010082F883
:10B68000251000EB030CA26813F8011F62447345F8
:10B6900082F82610F5D1194B1A68531E02F1190EC3
:10B6A000C2F1010C0CEB0300A26813F8011F024465
:10B6B000734582F84A10F5D1A3680420104C052286
:10B6C0001049C3E90540C3E9071210BD6820FAF725
:10B6D00093F900220C4903460274828480F86420A6
:10B6E000A060C0E90012C0E90222C0E90522C0E959
:10B6F0000722B2E7082900209C4904100C290020E9
:10B70000E04B0410E84B0410AC65041010B5094B75
:10B7100004468068236010B103685B689847204640
:10B72000FEF7FCFB204610BD2046FEF7F7FB28F095
:10B73000E9F900BF6074041010B50C4B0446806832
:10B74000236010B103685B6898472046FEF7E6FB6C
:10B750002046FAF755F9204610BD2046FEF7DEFBDD
:10B760002046FAF74DF928F0CDF9F9E76074041096
:10B7700010B50446806858B30023204A20492E247F
:10B7800003740968446201F1230CC0E902232C23ED
:10B79000024642F8283F4B1E13F8011F634542F84A
:10B7A000041FF9D1174B00F1B80219684B1E01F1C3
:10B7B000190C13F8011F634542F8041FF9D1124C0C
:10B7C0000421124A0523C0E90541C0E9072310BD41
:10B7D0004FF49470FAF710F900230D4A037480F8BF
:10B7E0002431A060C0E90023C0E90233C0E9053379
:10B7F000C0E90733C0E90933BEE700BF9C49041024
:10B80000082900200C290020F45D0410085E0410B3
:10B81000BC65041010B5094B04468068236010B164
:10B8200003685B6898472046FEF778FB204610BD0A
:10B830002046FEF773FB28F065F900BF607F041017
:10B8400010B50C4B04468068236010B103685B6838
:10B8500098472046FEF762FB2046FAF7D1F82046CB
:10B8600010BD2046FEF75AFB2046FAF7C9F828F02B
:10B8700049F9F9E7607F04100B4A90F8643010B57D
:10B88000044602605BB1806808B1FAF7BBF86069F2
:10B8900008B1FAF7B7F8E06908B1FAF7B3F820464B
:10B8A000FEF73CFB204610BDAC65041010B5044605
:10B8B000FFF7E2FF2046FAF7A3F8204610BD204626
:10B8C000FAF79EF828F01EF90B4A90F8243110B5CB
:10B8D000044602605BB1806808B1FAF793F86069CA
:10B8E00008B1FAF78FF8E06908B1FAF78BF820464B
:10B8F000FEF714FB204610BDBC65041010B50446CD
:10B90000FFF7E2FF2046FAF77BF8204610BD2046FD
:10B91000FAF776F828F0F6F8836810B50446002B9D
:10B9200038D02649002226484FF02E0CDA60986065
:10B9300008682C2183F824C01A7400F1230EA26831
:10B94000431EC0F1010082F8251000EB030CA26831
:10B9500013F8011F6244734582F82610F5D1194B84
:10B960001A68531E02F1190EC2F1010C0CEB030010
:10B97000A26813F8011F0244734582F84A10F5D1FA
:10B98000A3680420104C05221049C3E90540C3E90F
:10B99000071210BD6820FAF72FF800220C49034661
:10B9A0000274828480F86420A060C0E90012C0E9BB
:10B9B0000222C0E90522C0E90722B2E708290020D7
:10B9C0009C4904100C290020E04B0410E84B0410A3
:10B9D000AC65041038B5124B04468568036055B158
:10B9E0002B6828460F4A5B68934209D1FFF744FF52
:10B9F0002846FAF705F82046FEF790FA204638BDAB
:10BA000098472046FEF78AFA204638BD02E02846CD
:10BA1000F9F7F6FF2046FEF781FA28F073F800BF29
:10BA200094860410ADB8001010B50446FFF7D2FF9D
:10BA30002046F9F7E5FF204610BD2046F9F7E0FF64
:10BA400028F060F810B50446806858B30023204AF7
:10BA500020492E2403740968446201F1230CC0E9D3
:10BA600002232C23024642F8283F4B1E13F8011FE5
:10BA7000634542F8041FF9D1174B00F1B802196869
:10BA80004B1E01F1190C13F8011F634542F8041F06
:10BA9000F9D1124C0421124A0523C0E90541C0E93D
:10BAA000072310BD4FF49470F9F7A6FF00230D4A49
:10BAB000037480F82431A060C0E90023C0E9023398
:10BAC000C0E90533C0E90733C0E90933BEE700BF69
:10BAD0009C490410082900200C290020F45D041062
:10BAE000085E0410BC65041038B5124B0446856826
:10BAF000036055B12B6828460F4A5B68934209D111
:10BB0000FFF7E2FE2846F9F77BFF2046FEF706FA2C
:10BB1000204638BD98472046FEF700FA204638BD3B
:10BB200002E02846F9F76CFF2046FEF7F7F927F008
:10BB3000E9FF00BF4C8E0410FDB8001010B504469C
:10BB4000FFF7D2FF2046F9F75BFF204610BD2046E5
:10BB5000F9F756FF27F0D6FF009B03201A607047C5
:10BB6000002070470020704704207047009B03208E
:10BB70001A6070477F2908D8D0E900329A4250D025
:10BB80005A1C0260012019707047B1F5006F10B4A3
:10BB900014D2D0E900239B1A012B44D98B0901F060
:10BBA0003F01541C403B80390460137003685A1CE9
:10BBB0000260012019705DF8044B7047B1F5803FB9
:10BBC0001DD3B1F5881F2ED2D0E900239B1A032B79
:10BBD00029D98B0C541C103B04601370C1F305333E
:10BBE0000268803B541C04601370C1F38513026823
:10BBF00001F03F01803B541C80390460D5E7D0E957
:10BC000000239B1A022B0ED90B0B541C203B046003
:10BC10001370C1F38513026801F03F01803B541C8F
:10BC2000EAE7002070470020C5E700BFD0E90032F6
:10BC3000D21A07D0844618787F2806D80133CCF86A
:10BC4000003070476FF001007047C12872D9DF28BB
:10BC500030B521D9EF2831D8012A68D093F801E016
:10BC60000EF0C004802C5FD1E02802D1BEF19F0FFE
:10BC70005AD9022A5BD09C7804F0C002802A53D1A2
:10BC80002E4A224402EB003202EB8E10814202D394
:10BC90000333CCF8003030BD012A48D05A7802F086
:10BCA000C00EBEF1800F3FD1A2F5425202EB8010D0
:10BCB0008142F0D30233CCF8003030BDF42833D8C1
:10BCC000B1F5803F30D3012A31D093F801E00EF076
:10BCD000C004802C28D1F02802D1BEF18F0F23D9C7
:10BCE000F42802D1BEF18F0F1ED8022A1FD09C78F3
:10BCF00004F0C005802D17D1032A18D0DD7805F097
:10BD0000C002802A10D1A2F17272A2F504522A4414
:10BD100002EB804202EB0E3202EB84108142BAD376
:10BD20000433CCF8003030BD4FF0FF3030BD6FF041
:10BD3000010030BD4FF0FF30704700BF80DFF1FFE2
:10BD40007F2908D8D0E900329A4254D05A1C0260A8
:10BD5000197001207047B1F5006F12D2D0E90023AD
:10BD60009B1A012B47D94FEA911C01F03F01134662
:10BD7000ACF1400C803903F802CB03600120517014
:10BD80007047B1F5803F20D3B1F5881F33D2D0E999
:10BD90000032D21A032A2ED9C1F305324FEA914C50
:10BDA000803AACF1100C10B45A70C1F3851201F056
:10BDB0003F011C1D803A83F800C080399A700460EE
:10BDC00001205DF8044BD9707047D0E90032D21AD7
:10BDD000022A10D9C1F385124FEA113C01F03F014C
:10BDE000803AACF1200C80395A70DA1C83F800C01C
:10BDF00002609970ADE70020704700BFD0E90032C3
:10BE0000D21A07D0844618787F2806D80133CCF898
:10BE1000003070476FF001007047C12872D9DF28E9
:10BE200030B521D9EF2831D8012A68D093F801E044
:10BE30000EF0C004802C5FD1E02802D1BEF19F0F2C
:10BE40005AD9022A5BD09C7804F0C002802A53D1D0
:10BE50002E4A224402EB003202EB8E10814202D3C2
:10BE60000333CCF8003030BD012A48D05A7802F0B4
:10BE7000C00EBEF1800F3FD1A2F5425202EB8010FE
:10BE80008142F0D30233CCF8003030BDF42833D8EF
:10BE9000B1F5803F30D3012A31D093F801E00EF0A4
:10BEA000C004802C28D1F02802D1BEF18F0F23D9F5
:10BEB000F42802D1BEF18F0F1ED8022A1FD09C7821
:10BEC00004F0C005802D17D1032A18D0DD7805F0C5
:10BED000C002802A10D1A2F17272A2F504522A4443
:10BEE00002EB804202EB0E3202EB84108142BAD3A5
:10BEF0000433CCF8003030BD4FF0FF3030BD6FF070
:10BF0000010030BD4FF0FF30704700BF80DFF1FF10
:10BF1000034B10B504460360FEF700F8204610BD41
:10BF2000D0670410034B10B504460360FDF7F6FF1D
:10BF3000204610BD28680410034B10B5044603606A
:10BF4000FDF7ECFF204610BD80680410034B10B5D0
:10BF500004460360FDF7E2FF204610BDD8680410D8
:10BF6000054B10B504460360FDF7D8FF2046F9F7EE
:10BF700047FD204610BD00BFD0670410054B10B52B
:10BF800004460360FDF7CAFF2046F9F739FD204655
:10BF900010BD00BF28680410054B10B504460360AF
:10BFA000FDF7BCFF2046F9F72BFD204610BD00BF72
:10BFB00080680410054B10B504460360FDF7AEFF22
:10BFC0002046F9F71DFD204610BD00BFD8680410BB
:10BFD00030B583B00698CDE9002390B11546441ED4
:10BFE00009496846FFF70AFF002C18BFB0F5881F03
:10BFF00004F1FF3434BF012000200028F1D1009863
:10C00000401B03B030BD00BFFFFF1000F0B59A42E7
:10C0100083B01C46099F0A9DCDE9002321D0124E12
:10C02000BD423146684619D0FFF7E8FE831C009AEE
:10C030000BD0B0F5881F0FD2944247F8040BEFD114
:10C040002346E01A18BF012000E00120089B1A6077
:10C050000B9B1F6003B0F0BD0220F7E71346009A68
:10C06000EFE71346EDE700BFFFFF100070B582B0A9
:10C070009A421446DDE90710CDE900101BD01E4698
:10C080002168254668460434B1F5881F08D2FFF7B9
:10C0900057FE68B1A6422546F2D10099002001E082
:10C0A00000990220069B1D60099B196002B070BDBB
:10C0B00000990120F6E715460020F3E7F0B583B0BC
:10C0C00017460124089E012ECDE9002314D900252E
:10C0D0000F4907E0B0F5803F38BF2C46651C02349D
:10C0E000A64209D96846FFF789FEB0F5881FF1D34B
:10C0F0000098C01B03B0F0BDA642F9D14FF6FF7106
:10C100006846FFF77BFE0098C01B03B0F0BD00BF80
:10C11000FFFF1000F0B5144683B09A1A9C42DDE987
:10C120000910CDE9001032D01D461A4E2188012792
:10C13000A1F55843A1F55C40B3F5806F19D2022AEE
:10C140004FF0020720D96388A3F55C423344B2F56F
:10C15000806F03EB81210FD26846FFF7F1FD98B1A4
:10C1600004EB4704A542A5EB0402DFD100990020AF
:10C1700004E0B0F5806FEFD200990220089B1C60AC
:10C180000B9B196003B0F0BD00990120F6E7002079
:10C19000F4E700BF0024A0FC2DE9F8439B07044608
:10C1A0000D461646089F38D4D4E900329A42A2EBD5
:10C1B000030C2AD0DFF8888019884FF00109A1F517
:10C1C0005842A1F55C40B2F5806F20D24F454FF048
:10C1D00002091FD0CC4525D95B8803EB0802A3F5E3
:10C1E0005C43B3F5806F02EB812113D2B142284644
:10C1F00010D8FFF7BFFCA8B1D4E9003203EB490324
:10C200009342A2EB030C2360D6D1002003E0B0F5EB
:10C21000806FEBD20220BDE8F883D1E900239B1A9E
:10C22000022B02D80120BDE8F883044B19889B78C3
:10C23000118093702B6803332B60B5E7F04B04102B
:10C240000024A0FC10B586B01C46DDE9090102926D
:10C250000022039413460092074ACDE9040104A981
:10C2600002A8FFF799FF029A0899049B0A600B9AAB
:10C27000136006B010BD00BFFFFF100070B582B0A4
:10C280000C4616469DF81850CDE9000119466B077B
:10C2900022D4012E12D90025012407E0B0F5803FF9
:10C2A00038BF2C46651C0234B44208D26846FFF7FA
:10C2B000BDFC8842F2D9009802B070BD0124B4429E
:10C2C000F9D14FF6FF736846994228BF1946FFF728
:10C2D000ADFC009802B070BD241A022CD9D90378A5
:10C2E000EF2BD6D14378BB2BD3D18378BF2BD0D1C2
:10C2F00003300090CDE700BF10B5002082B0144697
:10C3000019460090034B2046049AFFF7B7FF001B25
:10C3100002B010BDFFFF100030B583B00698CDE924
:10C32000002390B11546441E09496846FFF77EFC7C
:10C33000002C18BFB0F5881F04F1FF3434BF012072
:10C3400000200028F1D10098401B03B030BD00BF91
:10C35000FFFF10002DE9F0470D4611465A0704462D
:10C360009846D0E900A746D4BA451CD06E68D5F8E7
:10C370000090B14554D02046FFF758FC831C1BD0D9
:10C38000814252D3B0F5803F10D218F0010F1FFA4E
:10C3900080FC2BD009F102032B60A9F800C0D4F86F
:10C3A00000A0BA45E3D10020BDE8F087A6EB090361
:10C3B000022B04D8C4E900A70120BDE8F087830A56
:10C3C000C0F3090018F0010FA3F52153A0F5105098
:10C3D0009BB280B203D15BBA40BA9BB280B24A46EC
:10C3E00022F8043B2A60A9F80200D8E79CFA9CF0E6
:10C3F0001FFA80FCCEE7A7EB0A03022BB4D99AF808
:10C400000030EF2BB0D19AF80130BB2BACD19AF8A9
:10C410000230BF2BA8D10AF1030AC0F800A0A3E79D
:10C42000BAEB070018BF0120BEE70220BCE700BF3F
:10C4300010B584B01C4601230092094ADDE90710BB
:10C44000CDE90141039002A96846FFF783FF009AF6
:10C450000699029B0A60099A136004B010BD00BFE0
:10C46000FFFF10002DE9F0419A4282B090461C4631
:10C47000099F0A9DCDE9002341D0224EBD4231469D
:10C48000684634D0FFF7BAFC811CA5EB07023B4697
:10C4900029D0B0F5881F2ED2B0F5803F0BD223F8FB
:10C4A000020B1F46DDF800804445E7D12346E01A21
:10C4B00018BF012002E0022A08D80120089BC3F817
:10C4C00000800B9B1F6002B0BDE8F081820AC0F3C0
:10C4D00009003B46A2F52152A0F5105023F8042B89
:10C4E00078801F46DEE7DDF800800120E6E743465E
:10C4F000DDF80080DBE7DDF800800220DEE7134690
:10C50000D5E700BFFFFF100070B582B09A42144615
:10C51000DDE90710CDE900101BD01E462168254635
:10C5200068460434B1F5881F08D2FFF723FB68B1D1
:10C53000A6422546F2D10099002001E00099022090
:10C54000069B1D60099B196002B070BD0099012017
:10C55000F6E715460020F3E7F0B59A4283B01C4693
:10C56000099F0A9DCDE9002321D0124EBD423146DC
:10C57000684619D0FFF75AFB831C009A0BD0B0F520
:10C58000881F0FD2944247F8040BEFD12346E01ADC
:10C5900018BF012000E00120089B1A600B9B1F6060
:10C5A00003B0F0BD0220F7E71346009AEFE7134609
:10C5B000EDE700BFFFFF10002DE9F04F0123AE4E65
:10C5C000D1F808900D46044683B03046D1E900BA50
:10C5D00073600021A94BC6F808B03360FFF79CF9DF
:10C5E000736867680133A6487360FDF747FF01234E
:10C5F00047F82060A34E7360A34B3360FDF7A4FCA3
:10C60000736867680133B060A0487360FDF736FF58
:10C61000012347F820609E4E0022736011469D4B17
:10C620003046C6F808A03360FEF74CFE73686768B2
:10C63000013399487360FDF721FF012347F820601B
:10C64000964E002273601146954B3046C6F808900E
:10C650003360FEF7E9FD73686768013391487360E2
:10C66000FDF70CFFD4F8048047F8206002278E4EB7
:10C670008E4B8F4833607760FDF700FF8D4B48F895
:10C6800020608D4ED4F804808C4833607760FDF7CD
:10C69000F5FE8B4B48F820608A4ED4F804808A4817
:10C6A00033607760FDF7EAFE48F820600121874E8D
:10C6B000304613F07DFB736867680133844873600C
:10C6C000FDF7DCFE012347F82060824E0021D5F8FB
:10C6D0000C8073603046804BC6F808803360D5E923
:10C6E00004730093FFF7AEF97368656801337B4804
:10C6F0007360FDF7C3FE012345F82060784E736038
:10C70000784B3360FDF720FC736865680133B060D7
:10C7100075487360FDF7B2FE012345F82060734E43
:10C72000002273601146724B3046B7603360FEF7EB
:10C73000D3FE7368656801336E487360FDF79EFE33
:10C74000009B002245F820606B4E1146B360012328
:10C7500030467360694B3360FEF772FE736865683C
:10C76000013367487360FDF789FE664B45F820602A
:10C7700002256268644E6548336001927560FDF77A
:10C780007DFE019A42F82060614E624A6248326042
:10C79000626875600192FDF771FE019A42F82060AF
:10C7A0005E4E5F4A5F483260626875600192FDF7D5
:10C7B00065FE019A012142F820605B4E30461EF072
:10C7C00023FB736862680133584801927360FDF778
:10C7D00055FE019A42F82060E6682948FDF74EFEB2
:10C7E00046F820B0E6682C48FDF748FE46F820A041
:10C7F000E6682C48FDF742FE46F82090E668374888
:10C80000FDF73CFE46F82080E6683A48FDF736FE24
:10C81000E46846F820703A48FDF730FE009B44F883
:10C82000203003B0BDE8F08F1348FDF777FB27F009
:10C8300069F93148FDF772FB27F064F92B48FDF7E1
:10C840006DFB27F05FF92648FDF768FB27F05AF9E2
:10C850002048FDF763FB27F055F91048FDF75EFB14
:10C8600027F050F90A48FDF759FB27F04BF9054826
:10C87000FDF754FB27F046F9C046002094860410CB
:10C88000E44700203847002078860410C047002085
:10C8900008470020788704108846002014470020AD
:10C8A000448704108C460020E8460020F4870410DA
:10C8B000FC4700200C880410F846002004480020A3
:10C8C00038880410D8460020EC470020A0460020FD
:10C8D000DC470020CC4600204C8E0410E8470020A6
:10C8E00044470020F08D0410C4470020204700205A
:10C8F000308F0410904600202C470020FC8E04103E
:10C9000094460020AC8F0410F04600200048002020
:10C9100000470020C48F041008480020E046002093
:10C92000F08F0410F0470020B0460020E0470020C0
:10C9300010B582B08C461C46C16804981346624606
:10C94000009401904FF000000AF07EFD02B010BD8F
:10C9500030B58BB004460AA8129D00E90C00109B6C
:10C960008A6803930EAB93E80300119B0595792524
:10C97000049301AB069583E80300DDE908304FF02E
:10C980000001009020460BF037FA20460BB030BD76
:10C9900030B58BB004460AA8129D00E90C00109B2C
:10C9A0008A6803930EAB93E80300119B05956D25F0
:10C9B000049301AB069583E80300DDE908304FF0EE
:10C9C0000001009020460BF017FA20460BB030BD56
:10C9D00030B58BB004460AA8129D00E90C00109BEC
:10C9E0008A6803930EAB93E80300119B05957725A6
:10C9F000049301AB069583E80300DDE908304FF0AE
:10CA00000001009020460BF0F7F920460BB030BD36
:10CA100030B58BB004460AA8129D00E90C00109BAB
:10CA20008A6803930EAB93E80300119B0595642578
:10CA3000049301AB069583E80300DDE908304FF06D
:10CA40000001009020460BF0D7F920460BB030BD16
:10CA500030B58BB004460AA8129D00E90C00109B6B
:10CA60008A6803930EAB93E80300119B0595742528
:10CA7000049301AB069583E80300DDE908304FF02D
:10CA80000001009020460BF0B7F920460BB030BDF6
:10CA900003464FF0000099680BF0A6B970B590B04E
:10CAA000896805460AAC0DF1040C08AE84E80C0058
:10CAB0009DF858300A4614A90393179B049300234A
:10CAC00007930D930EAB06930DAB05930A9B03C919
:10CAD0008CE803000B99304600914FF000010BF0F9
:10CAE000CFFA0D9B96E8030084E803005BB919991F
:10CAF000DDE90E23C1E9002394E8030085E8030083
:10CB0000284610B070BD94E80300189A85E8030029
:10CB10002846136010B070BD30B58BB000250AAC4C
:10CB200004E90C000F9B8A6802939DF840309DF841
:10CB3000384003930194044606959DED127BDDE990
:10CB400008318DED047B00914FF000010BF0D4FB18
:10CB500020460BB030BD00BF03460A464FF0000030
:10CB600019690BF035B900BF10B5034614460A68C1
:10CB700082B019694FF0000052F80C3C00940AF0A2
:10CB8000DFFF02B010BD00BF10B582B08C461C465E
:10CB9000C168049813466246009401904FF000006B
:10CBA0000AF060FC02B010BD30B58BB004460AA894
:10CBB000129D00E90C00109B8A6803930EAB93E86A
:10CBC0000300119B05957925049301AB069583E835
:10CBD0000300DDE908304FF00001009020460BF023
:10CBE000ADF920460BB030BD30B58BB004460AA875
:10CBF000129D00E90C00109B8A6803930EAB93E82A
:10CC00000300119B05956D25049301AB069583E800
:10CC10000300DDE908304FF00001009020460BF0E2
:10CC20008DF920460BB030BD30B58BB004460AA854
:10CC3000129D00E90C00109B8A6803930EAB93E8E9
:10CC40000300119B05957725049301AB069583E8B6
:10CC50000300DDE908304FF00001009020460BF0A2
:10CC60006DF920460BB030BD30B58BB004460AA834
:10CC7000129D00E90C00109B8A6803930EAB93E8A9
:10CC80000300119B05956425049301AB069583E889
:10CC90000300DDE908304FF00001009020460BF062
:10CCA0004DF920460BB030BD30B58BB004460AA814
:10CCB000129D00E90C00109B8A6803930EAB93E869
:10CCC0000300119B05957425049301AB069583E839
:10CCD0000300DDE908304FF00001009020460BF022
:10CCE0002DF920460BB030BD03464FF00000996887
:10CCF0000BF07EB870B590B0896805460AAC0DF1AE
:10CD0000040C08AE84E80C009DF858300A4614A9BB
:10CD10000393179B0493002307930D930EAB069385
:10CD20000DAB05930A9B03C98CE803000B993046B1
:10CD300000914FF000010BF03DFA0D9B96E80300C7
:10CD400084E803005BB91999DDE90E23C1E90023EA
:10CD500094E8030085E80300284610B070BD94E80D
:10CD60000300189A85E803002846136010B070BDD0
:10CD700030B58BB000250AAC04E90C000F9B8A6823
:10CD80000293109B9DF83840039301940446069546
:10CD90009DED127BDDE908318DED047B00914FF0B4
:10CDA00000010BF039FB20460BB030BD03460A46AC
:10CDB0004FF0000019690BF011B800BF10B5034621
:10CDC00014460A6882B019694FF0000052F80C3C12
:10CDD00000940AF0DBFE02B010BD00BF70B50D4636
:10CDE000064600212D1A284602F06EFC012D04464D
:10CDF00000F10C030AD02A461846314637F040FDB0
:10CE0000084A0346944206D1184670BD3278027330
:10CE1000044A9442F8D00022611925601846A260A5
:10CE20000A7370BD7846002003680A4AA3F10C001B
:10CE300090420ED053F8042C511E002A43F8041CD3
:10CE400007DC00B583B001A902F0A4FF03B05DF8D0
:10CE500004FB70476846002003680A4AA3F10C00EF
:10CE600090420ED053F8042C511E002A43F8041CA3
:10CE700007DC00B583B001A902F076FC03B05DF8D1
:10CE800004FB70477846002030B51C468BB0002567
:10CE9000C9681346009403AA04464FF000000995A0
:10CEA0000AF0EEFA099BABB1DDE9030101448842C7
:10CEB00009D090B102AAFFF791FF099B206023B926
:10CEC00020460BB030BD094A226003A8984720468F
:10CED0000BB030BD064811F071F9064811F06EF93B
:10CEE000099B0BB103A8984726F00CFE844600204E
:10CEF000F44B0410104C0410F0B593B00D460446EA
:10CF00000DF1200C1B9E9DF860708CE80C003368BE
:10CF1000002253F8041CA3F10C001192914204DB8F
:10CF20001A4A904227D11A4604E00AA903F060F891
:10CF3000326803460B93002652F80C3C09991A9A62
:10CF40000C93199B124802930392AA680BAD11909F
:10CF50002046089B0695CDE9001700274FF00001F9
:10CF6000CDE904670BF058FA119B0BB1284698479E
:10CF7000204613B0F0BD01311A4643F8041CD9E72E
:10CF8000119B0BB10BA8984726F0BCFD684600200A
:10CF900089D200102DE9F04192B00D4604460DF102
:10CFA000200C1B9E9DF860709DF868808CE80C003A
:10CFB0003368002253F8041CA3F10C001192914233
:10CFC00004DB1B4A904228D11A4604E00AA902F069
:10CFD000F5FC326803460B93002652F80C3C099985
:10CFE0000C93199B13480293CDF80C80AA680BADE3
:10CFF00011902046089B0695CDE9001700274FF0B9
:10D000000001CDE904670BF077F9119B0BB12846BD
:10D010009847204612B0BDE8F08101311A4643F826
:10D02000041CD8E7119B0BB10BA8984726F06AFDAA
:10D030007846002001D9001030B58DB01D4613464A
:10D040000446119A0020096912680B9052F80C0CE2
:10D050000292109A03904FF00000019205AA0095E9
:10D060000AF0BAFD0B9BABB1DDE905010144884232
:10D0700009D090B104AAFFF7B1FE0B9B206023B941
:10D0800020460DB030BD094A226005A898472046C9
:10D090000DB030BD064811F091F8064811F08EF839
:10D0A0000B9B0BB105A8984726F02CFD8446002069
:10D0B000F44B0410104C04102DE9F0431C468BB0C7
:10D0C0000025C9681346009403AA04464FF00000E7
:10D0D00009950AF015FA099B002B34D0DDE903828B
:10D0E000960022D0B8F1000F30D0B71002AA00216C
:10D0F000384602F0FDFD012F054600F10C0910D065
:10D1000027B141463A4648462CF024FD144A099B73
:10D11000954212D1C4F800904BB920460BB0BDE83F
:10D12000F083D8F80030C360F0E70E4A226003A80D
:10D13000984720460BB0BDE8F0830021AA192F6064
:10D14000A960D160E6E7084811F038F8074811F007
:10D1500035F8099B0BB103A8984726F0D3FC00BF14
:10D160006846002074460020F44B0410104C041054
:10D170002DE9F0438DB01D4613460446159A002054
:10D18000149E12680B9052F80C0C096903904FF032
:10D1900000000095CDE9016205AA0AF0AFFD0B9BE6
:10D1A000002B34D0DDE90582960022D0B8F1000FC3
:10D1B00030D0B71004AA0021384602F099FD012FA3
:10D1C000054600F10C0910D027B141463A464846C1
:10D1D0002CF0C0FC144A0B9B954212D1C4F800906D
:10D1E0004BB920460DB0BDE8F083D8F80030C360DD
:10D1F000F0E70E4A226005A8984720460DB0BDE82A
:10D20000F0830021AA192F60A960D160E6E70848E1
:10D2100010F0D4FF074810F0D1FF0B9B0BB105A80D
:10D22000984726F06FFC00BF684600207446002037
:10D23000F44B0410104C041010B5084B0446006960
:10D24000236043685A1E012B426002D103685B6869
:10D250009847204611F0FCFA204610BDB46F041028
:10D2600010B5084B04460069236043685A1E012B21
:10D27000426002D103685B68984720461CF0A2FA1E
:10D28000204610BDA870041003680A4AA3F10C00E0
:10D29000904200D1704753F8042C511E002A43F8E5
:10D2A000041CF7DC00B583B001A902F073FD03B0E4
:10D2B0005DF804FB6846002010B5094B0446806801
:10D2C000236043685A1E012B426002D103685B68E9
:10D2D0009847044B20462360FCF720FE204610BDF3
:10D2E00078700410AC8F041010B5094B04468068A8
:10D2F000236043685A1E012B426002D103685B68B9
:10D300009847044B20462360FCF708FE204610BDDA
:10D3100090700410C48F041010B50A4B04460069C5
:10D32000236043685A1E012B426002D103685B6888
:10D33000984720461CF046FA2046F8F761FB204645
:10D3400010BD00BFA870041010B5094B04468068DA
:10D35000236043685A1E012B426002D103685B6858
:10D360009847044B20462360FCF7D8FD204610BDAB
:10D37000C47004103888041010B5094B0446806846
:10D38000236043685A1E012B426002D103685B6828
:10D390009847044B20462360FCF7C0FD204610BD93
:10D3A000846F0410F487041010B5094B044680689C
:10D3B000236043685A1E012B426002D103685B68F8
:10D3C0009847044B20462360FCF7A8FD204610BD7B
:10D3D0009C6F04100C88041010B50A4B04460069B9
:10D3E000236043685A1E012B426002D103685B68C8
:10D3F0009847204611F02CFA2046F8F701FB20460A
:10D4000010BD00BFB46F041010B5094B044680680E
:10D41000236043685A1E012B426002D103685B6897
:10D420009847044B20462360FCF778FD204610BD4A
:10D43000EC700410F08F041010B500220446094966
:10D44000D0E903032160DA6043685A1E012B426071
:10D4500002D103685B6898472046FEF745FB2046EB
:10D4600010BD00BFD06F041010B50B4B0446806890
:10D47000236043685A1E012B426002D103685B6837
:10D480009847064B20462360FCF748FD2046F8F7F6
:10D49000B7FA204610BD00BFC470041038880410CD
:10D4A00010B50B4B04468068236043685A1E012B5D
:10D4B000426002D103685B689847064B20462360B0
:10D4C000FCF72CFD2046F8F79BFA204610BD00BF64
:10D4D000846F0410F487041010B50B4B0446806869
:10D4E000236043685A1E012B426002D103685B68C7
:10D4F0009847064B20462360FCF710FD2046F8F7BE
:10D500007FFA204610BD00BF78700410AC8F041065
:10D5100010B50B4B04468068236043685A1E012BEC
:10D52000426002D103685B689847064B204623603F
:10D53000FCF7F4FC2046F8F763FA204610BD00BF64
:10D540009C6F04100C88041010B50B4B04468068C7
:10D55000236043685A1E012B426002D103685B6856
:10D560009847064B20462360FCF7D8FC2046F8F786
:10D5700047FA204610BD00BF90700410C48F0410FD
:10D5800010B5002204460949D0E903032160DA609E
:10D5900043685A1E012B426002D103685B689847BA
:10D5A0002046FEF717FA204610BD00BFDC6E0410BF
:10D5B00010B50B4B04468068236043685A1E012B4C
:10D5C000426002D103685B689847064B204623609F
:10D5D000FCF7A4FC2046F8F713FA204610BD00BF64
:10D5E000EC700410F08F041010B50B4B0446C068AB
:10D5F000236043685A1E012B426002D103685B68B6
:10D6000098472046054B40F8083B27F0A9FC2046E8
:10D61000FCF784FC204610BD006F041078860410CF
:10D6200010B50B4B0446C068236043685A1E012B9B
:10D63000426002D103685B6898472046054B40F87A
:10D64000083B27F08DFC2046FCF768FC204610BD07
:10D65000F46F0410F08D041010B5002204460A493E
:10D66000D0E903032160DA6043685A1E012B42604F
:10D6700002D103685B6898472046FEF7ABF9204665
:10D68000F8F7BEF9204610BDDC6E041010B500227C
:10D6900004460A49D0E903032160DA6043685A1E50
:10D6A000012B426002D103685B6898472046FEF771
:10D6B0001BFA2046F8F7A4F9204610BDD06F0410DD
:10D6C00010B50D4B0446C068236043685A1E012BF9
:10D6D000426002D103685B689847084B204640F8D7
:10D6E000083B27F03DFC2046FCF718FC2046F8F7E5
:10D6F00087F9204610BD00BFF46F0410F08D0410B0
:10D7000010B50D4B0446C068236043685A1E012BB8
:10D71000426002D103685B689847084B204640F896
:10D72000083B27F01DFC2046FCF7F8FB2046F8F7E5
:10D7300067F9204610BD00BF006F04107886041002
:10D7400010B5002204460A49D0E903032160DA60DB
:10D750001A629A621A6343685A1E012B426002D110
:10D7600003685B6898472046FDF73AFF204610BDE6
:10D770004470041010B5002204460A49D0E903039E
:10D780002160DA609A611A629A6243685A1E012B1C
:10D79000426002D103685B6898472046FDF7E0FDD0
:10D7A000204610BD1C6F041010B5002204460A4923
:10D7B000D0E903032160DA601A629A621A6343684F
:10D7C0005A1E012B426002D103685B6898472046CD
:10D7D000FDF7CEFE204610BD1070041010B50022DB
:10D7E00004460A49D0E903032160DA609A611A62AB
:10D7F0009A6243685A1E012B426002D103685B683B
:10D8000098472046FDF7E4FD204610BD506F0410F8
:10D8100010B5002204460C49D0E903032160DA6008
:10D820009A611A629A6243685A1E012B426002D1C1
:10D8300003685B6898472046FDF7CAFD2046F8F765
:10D84000DFF8204610BD00BF506F041010B5002255
:10D8500004460C49D0E903032160DA609A611A6238
:10D860009A6243685A1E012B426002D103685B68CA
:10D8700098472046FDF774FD2046F8F7C1F820468A
:10D8800010BD00BF1C6F041010B5002204460C49E7
:10D89000D0E903032160DA601A629A621A6343686E
:10D8A0005A1E012B426002D103685B6898472046EC
:10D8B000FDF796FE2046F8F7A3F8204610BD00BFFE
:10D8C0004470041010B5002204460C49D0E903034B
:10D8D0002160DA601A629A621A6343685A1E012B49
:10D8E000426002D103685B6898472046FDF740FE1E
:10D8F0002046F8F785F8204610BD00BF10700410D0
:10D9000003680A4AA3F10C00904200D1704753F813
:10D91000042C511E002A43F8041CF7DC00B583B028
:10D9200001A901F021FF03B05DF804FB7846002057
:10D930002DE9F04F97B0896805460AAC0FAF0DF19D
:10D94000040C08AE84E80C009DF888300A4620A933
:10D9500007970393239B04930023069315930D933A
:10D960000DAB05930A9B03C98CE803000B99304665
:10D9700000914FF000010AF01DFC159B96E8030092
:10D9800084E803000D9961B1249A116094E80300C2
:10D9900085E803000BB138469847284617B0BDE824
:10D9A000F08F002B48D0DDE90F935FEA83082BD07E
:10D9B000B9F1000F43D04FEAA80A0CAA504602F072
:10D9C00097F9BAF1010F064600F10C0B18D0BAF125
:10D9D000000F04D04946524658462CF0BBF8DFF8F9
:10D9E00078904E4520D125980EA9CDF838B002F098
:10D9F00069F90E9BA3F10C0048450AD1159BC5E7B8
:10DA0000D9F80030C360EAE7DFF850B0ABF10C0999
:10DA1000E9E753F8042C511E002A43F8041CEDDCFE
:10DA20000CA902F0B7F9E9E7002206EB0803C6F8F3
:10DA300000A0B260DA60D6E7054810F0BFFB0548E9
:10DA400010F0BCFB159B0BB13846984726F05AF8EE
:10DA5000F44B0410104C041068460020744600205B
:10DA6000F0B597B0896805460AAC0FAF0DF1040C0C
:10DA700008AE84E80C009DF878300A461CA9079788
:10DA800003931F9B04930023069315930D930DABF3
:10DA900005930A9B03C98CE803000B99304600915B
:10DAA0004FF000010AF0ECFA0D9A159B96E803007E
:10DAB00084E803005AB120990A6094E8030085E8DD
:10DAC00003000BB138469847284617B0F0BD13B392
:10DAD000DDE90F010144884210D0F8B10CAAFFF72C
:10DAE0007DF90E900EA9219801F0B8FD0E9B104A09
:10DAF000A3F10C00904203D1159BDEE70D48F0E73F
:10DB000053F8042C511E002A43F8041CF4DC0CA921
:10DB100001F02AFEF0E7084810F050FB074810F02B
:10DB20004DFB159B0BB13846984725F0EBFF00BF26
:10DB30007846002084460020F44B0410104C04105A
:10DB40004268511E012A416000D0704703685B683B
:10DB5000184700BF0B6808462DE9F0419B6882B06A
:10DB600014460D4698470346284684F824302B680F
:10DB7000DB689847002384F825000122A36001A8F0
:10DB800063612946E3612B6884F864201B69984728
:10DB9000019B53F80C7C781CF7F730FF06460023F6
:10DBA0003A4601A8314601F035FD019B0022A3F160
:10DBB0000C00F255C4E90267324FB8423AD12B68E3
:10DBC00001A829465B699847019B53F80C8C08F122
:10DBD0000100F7F713FF06460023424601A831462D
:10DBE00001F018FD019B0022A3F10C0006F80820AB
:10DBF000B842C4E9056828D12B6801A829469B6969
:10DC00009847019B53F80C6C701CF7F7F7FE05461C
:10DC10000023324601A8294601F0FCFC019B0022AA
:10DC2000A3F10C00AA55B842C4E9075618D102B0B6
:10DC3000BDE8F08153F8042C511E002A43F8041C5F
:10DC4000BDDC694601F090FDB9E753F8042C511E84
:10DC5000002A43F8041CCFDC694601F085FDCBE7C0
:10DC600053F8042C511E002A43F8041CDFDC6946DB
:10DC700001F07AFDDBE701A8FFF7EEF825F042FF9F
:10DC8000F9E7F8E7784600200B6808462DE9F041EF
:10DC90000D4682B09B68144698472B68024628467A
:10DCA000DB686262984700230122A062A36001A89A
:10DCB00063612946E3612B6884F824211B69984736
:10DCC000019B53F80C7C781CF7F798FE064600235E
:10DCD0003A4601A8314601F09DFC0022019BF25515
:10DCE000A3F10C00404A9042C4E902674CD12B6872
:10DCF000294601A85B699847019B53F80C8C6FF08B
:10DD0000604308F101069E426CD2B6003046F7F738
:10DD100075FE07460023424601A8394601F0ACFFD4
:10DD2000019B3E4467610022A3F10C002F4FC4F811
:10DD30001880B84246F8042C31D12B68294601A836
:10DD40009B699847019B53F80C8C6FF0604308F176
:10DD500001069E4239D2B6003046F7F74FFE05461F
:10DD60000023424601A8294601F086FF019B0022BC
:10DD7000A3F10C00C4E90758B842354445F8042C17
:10DD800018D102B0BDE8F08153F8042C511E002ACE
:10DD900043F8041CABDC694601F0E6FCA7E753F846
:10DDA000042C511E002A43F8041CC6DC694601F00D
:10DDB000F1FFC2E753F8042C511E002A43F8041C5B
:10DDC000DFDC694601F0E6FFDBE725F063FF01A831
:10DDD000FFF742F825F096FE01A8FFF725F825F099
:10DDE00091FEF9E725F056FF7846002068460020AE
:10DDF00010B4084611461A46DDE90134019404685E
:10DE0000A468A4465DF8044B604700BF10B4084600
:10DE100011461A46DDE9013401940468A468A44659
:10DE20005DF8044B604700BF30B5086883B0144606
:10DE30001A46C56801A8069BA847A3690BB12046EE
:10DE40009847019B53F8042CA3F10C00002A0ADB2D
:10DE50001949884253F80C1C21D1184AC4E90031F1
:10DE6000A26103B030BD0022694601F0A7FD019B0D
:10DE70000146114A53F80C0C104D6060A3F10C00E0
:10DE8000A56190422160ECD053F8042C511E002A69
:10DE900043F8041CE5DC694601F066FCE1E7013269
:10DEA00043F8042C054AC4E90031A261ECE701A85B
:10DEB000FEF7D2FF25F026FE7846002001D900109B
:10DEC00030B5086883B014461A46C56801A8069B99
:10DED000A847A3690BB120469847019B53F8042C2F
:10DEE000A3F10C00002A0ADB1949884253F80C1CE4
:10DEF00021D1184AC4E90031A26103B030BD00222B
:10DF0000694602F075F8019B0146114A53F80C0C62
:10DF1000104D6060A3F10C00A56190422160ECD02F
:10DF200053F8042C511E002A43F8041CE5DC694612
:10DF300001F030FFE1E7013243F8042C054AC4E95F
:10DF40000031A261ECE701A8FEF76EFF25F0DAFDD3
:10DF50006846002089D200100B6808462DE9F04180
:10DF60009B6884B014460D46984703462846637460
:10DF70002B68DB68984703462846A3742B681B6A06
:10DF8000984700230122E062A36003A86361294649
:10DF9000E36163622B6884F843201B699847039B05
:10DFA00053F80C7C781CF7F729FD064600233A4607
:10DFB00003A8314601F02EFB039B0022A3F10C00C5
:10DFC000F255C4E902674F4FB84266D12B6803A8E7
:10DFD00029465B699847039B53F80C8C08F10100B4
:10DFE000F7F70CFD06460023424603A8314601F030
:10DFF00011FB039B0022A3F10C0006F80820B84295
:10E00000C4E9056854D12B6803A829469B69984741
:10E01000039B53F80C8C08F10100F7F7EFFC064660
:10E020000023424603A8314601F0F4FA039B002284
:10E03000A3F10C0006F80820B842C4E9076842D1F1
:10E040002B6803A82946DB699847039B53F80C8C7F
:10E0500008F10100F7F7D2FC06460023424603A868
:10E06000314601F0D7FA039B0022A3F10C0006F819
:10E070000820B842C4E9096830D12B6828465B6A99
:10E0800098470346284623632A68CDE90233936AFA
:10E090009847606304B0BDE8F08153F8042C511E2A
:10E0A000002A43F8041C91DC02A901F05DFB8DE716
:10E0B00053F8042C511E002A43F8041CA3DC02A9C7
:10E0C00001F052FB9FE753F8042C511E002A43F83D
:10E0D000041CB5DC02A901F047FBB1E753F8042C9E
:10E0E000511E002A43F8041CC7DC02A901F03CFBC6
:10E0F000C3E703A8FEF7B0FE25F004FDF9E7F8E753
:10E10000F7E700BF784600200B6808462DE9F0418C
:10E110009B6884B014460D469847034628466374AE
:10E120002B68DB68984703462846A3742B681B6A54
:10E13000984700230122E062A36003A86361294697
:10E14000E36163622B6884F843201B699847039B53
:10E1500053F80C7C781CF7F751FC064600233A462E
:10E1600003A8314601F056FA039B0022A3F10C00EC
:10E17000F255C4E902674F4FB84266D12B6803A835
:10E1800029465B699847039B53F80C8C08F1010002
:10E19000F7F734FC06460023424603A8314601F057
:10E1A00039FA039B0022A3F10C0006F80820B842BC
:10E1B000C4E9056854D12B6803A829469B69984790
:10E1C000039B53F80C8C08F10100F7F717FC064687
:10E1D0000023424603A8314601F01CFA039B0022AB
:10E1E000A3F10C0006F80820B842C4E9076842D140
:10E1F0002B6803A82946DB699847039B53F80C8CCE
:10E2000008F10100F7F7FAFB06460023424603A88F
:10E21000314601F0FFF9039B0022A3F10C0006F840
:10E220000820B842C4E9096830D12B6828465B6AE7
:10E2300098470346284623632A68CDE90233936A48
:10E240009847606304B0BDE8F08153F8042C511E78
:10E25000002A43F8041C91DC02A901F085FA8DE73D
:10E2600053F8042C511E002A43F8041CA3DC02A915
:10E2700001F07AFA9FE753F8042C511E002A43F864
:10E28000041CB5DC02A901F06FFAB1E753F8042CC5
:10E29000511E002A43F8041CC7DC02A901F064FAED
:10E2A000C3E703A8FEF7D8FD25F02CFCF9E7F8E753
:10E2B000F7E700BF784600200B6808462DE9F043D9
:10E2C0000D4685B09B68144698472B680246284641
:10E2D000DB68626198472B68024628461B6AA26188
:10E2E0009847002301226063A36003A8E3612946E5
:10E2F0006362E3622B6884F86C201B699847039B78
:10E3000053F80C7C781CF7F779FB064600233A4655
:10E3100003A8314601F07EF90022039BF255A3F1D8
:10E320000C00644A9042C4E9026740F084802B6884
:10E33000294603A85B699847039B53F80C8C6FF040
:10E34000604308F101069E4280F0A780B600304687
:10E35000F7F754FB07460023424603A8394601F06D
:10E360008BFC039B3E44E7610022A3F10C00524F5B
:10E37000C4F82080B84246F8042C68D12B6829469E
:10E3800003A89B699847039B53F80C9C6FF060436C
:10E3900009F101069E4280F08B80B6003046F7F707
:10E3A0002DFB804600234A4603A8414601F064FC49
:10E3B000039B46440022C4F82890A3F10C00C4F843
:10E3C000248046F8042CB8424CD12B68294603A877
:10E3D000DB699847039B53F80C9C6FF0604309F18D
:10E3E00001069E4262D2B6003046F7F707FB804630
:10E3F00000234A4603A8414601F03EFC039B4644E5
:10E400000022C4F83090A3F10C00C4F82C8046F828
:10E41000042CB84231D12B6828465B6A98470346E2
:10E420002846A3632A68CDE90233936A9847E063DC
:10E4300005B0BDE8F08353F8042C511E002A43F8C0
:10E44000041C3FF774AF02A901F08EF96FE753F88F
:10E45000042C511E002A43F8041C8FDC02A901F091
:10E4600099FC8BE753F8042C511E002A43F8041C36
:10E47000ABDC02A901F08EFCA7E753F8042C511E77
:10E48000002A43F8041CC6DC02A901F083FCC2E7A1
:10E4900003A8FEF7C9FC25F035FB25F0FBFB03A81C
:10E4A000FEF7DAFC25F02EFBF2E7F1E725F0F2FBB0
:10E4B00025F0F0FB78460020684600200B680846EF
:10E4C0002DE9F0430D4685B09B68144698472B68AC
:10E4D00002462846DB68626198472B680246284658
:10E4E0001B6AA2619847002301226063A36003A80E
:10E4F000E36129466362E3622B6884F86C201B6940
:10E500009847039B53F80C7C781CF7F777FA06467C
:10E5100000233A4603A8314601F07CF80022039B11
:10E52000F255A3F10C00644A9042C4E9026740F03E
:10E5300084802B68294603A85B699847039B53F89E
:10E540000C8C6FF0604308F101069E4280F0A780BA
:10E55000B6003046F7F752FA07460023424603A8B2
:10E56000394601F089FB039B3E44E7610022A3F199
:10E570000C00524FC4F82080B84246F8042C68D1F1
:10E580002B68294603A89B699847039B53F80C9C6A
:10E590006FF0604309F101069E4280F08B80B60067
:10E5A0003046F7F72BFA804600234A4603A8414637
:10E5B00001F062FB039B46440022C4F82890A3F1BB
:10E5C0000C00C4F8248046F8042CB8424CD12B68C7
:10E5D000294603A8DB699847039B53F80C9C6FF00E
:10E5E000604309F101069E4262D2B6003046F7F759
:10E5F00005FA804600234A4603A8414601F03CFB49
:10E60000039B46440022C4F83090A3F10C00C4F8E8
:10E610002C8046F8042CB84231D12B6828465B6A1E
:10E62000984703462846A3632A68CDE90233936AD4
:10E630009847E06305B0BDE8F08353F8042C511E01
:10E64000002A43F8041C3FF774AF02A901F08CF8CC
:10E650006FE753F8042C511E002A43F8041C8FDC8A
:10E6600002A901F097FB8BE753F8042C511E002AF6
:10E6700043F8041CABDC02A901F08CFBA7E753F8BC
:10E68000042C511E002A43F8041CC6DC02A901F028
:10E6900081FBC2E703A8FEF7C7FB25F033FA25F09C
:10E6A000F9FA03A8FEF7D8FB25F02CFAF2E7F1E718
:10E6B00025F0F0FA25F0EEFA7846002068460020B2
:10E6C00010B50C46D11882B0914216D0104612B344
:10E6D0006A46FEF783FB034621682046049A8C684D
:10E6E00001A90193A047019B04460F49A3F10C0225
:10E6F0008A4204D1204602B010BD0C4BECE753F81F
:10E70000041C481E002943F8040CF3DC694610463B
:10E7100001F02AF8EEE706480FF050FD01A8FEF7D9
:10E720009BFB25F0EFF900BF7846002084460020CF
:10E73000104C041010B50C46D11882B0914216D07E
:10E74000104612B36A46FEF749FB0346216820468D
:10E75000049A8C6801A90193A047019B04460F49C4
:10E76000A3F10C028A4204D1204602B010BD0C4B2A
:10E77000ECE753F8041C481E002943F8040CF3DCB2
:10E780006946104600F0F0FFEEE706480FF016FD70
:10E7900001A8FEF761FB25F0B5F900BF784600201F
:10E7A00084460020104C041070B586B00D461E46FD
:10E7B000DDE90C0400EB040C144684452CD0002841
:10E7C0005DD0614602AAFEF709FB0B9B2946324643
:10E7D0000490009305A82B6804AD0195DE680A9BA0
:10E7E000B047A3690BB120469847059B53F8042C0A
:10E7F000A3F10C00002A11DB274DA84235D153F8B4
:10E800000C2CC4E90032254BA361049BA3F10C003E
:10E81000A8421FD106B070BD2148D6E7002203A947
:10E8200001F0CCF80246059B1B4DA3F10C002260C1
:10E8300053F80C2CA8426260184AA261E5D053F844
:10E84000042C511E002A43F8041CDEDC03A900F04E
:10E850008BFFDAE753F8042C511E002A43F8041CFE
:10E86000D8DC05A900F080FFD4E7013243F8042C7E
:10E8700053F80C2C23606260084AA261DFE7094864
:10E880000FF09CFC05A8FEF7E7FA2846FEF7E4FA2D
:10E8900025F038F9F9E700BF7846002001D90010CB
:10E8A00084460020104C04102DE9F04F87B00D462F
:10E8B000144698461398DDF848A0870047D0BAF16F
:10E8C000000F7FD04FEAA70902AA0021484601F0B5
:10E8D0000FFAB9F1010F064600F10C0B33D0B9F174
:10E8E000000F04D051464A4658462BF033F93B4BB3
:10E8F0009E4260D1119B2946424605A800932B6891
:10E9000004ADCDF810B00195DE68109BB047A36947
:10E910000BB120469847059B53F8042CA3F10C003B
:10E92000002A17DB2D4DA8423BD153F80C2CC4E92B
:10E9300000322B4BA361049BA3F10C00A84225D10C
:10E9400007B0BDE8F08FDAF80030C360CFE7DFF83A
:10E9500098B0CFE7002203A901F04AFB0246059BCD
:10E960001E4DA3F10C00226053F80C2CA8426260EB
:10E970001B4AA261DFD053F8042C511E002A43F831
:10E98000041CD8DC03A901F005FAD4E753F8042CE1
:10E99000511E002A43F8041CD2DC05A901F0FAF943
:10E9A000CEE7013243F8042C53F80C2C236062604C
:10E9B0000B4AA261DFE70023F019C6F80090B360AC
:10E9C000C36097E707480FF0F9FB02E005A8FEF7E0
:10E9D0002BFA2846FEF728FA25F094F8684600201E
:10E9E00089D20010104C04107446002008461146CD
:10E9F00003681B69184700BF0846114603681B6976
:10EA0000184700BF0B6808469B6818470B68084604
:10EA10009B68184782B0944630B58BB004460F937C
:10EA20009DF85830159A643B13990492152B79D8A8
:10EA3000DFE803F05E7878787878787878447878CA
:10EA4000787878782A78780B7878149B0DF1440ED2
:10EA500008AACDE902130FABDCF8005093E80300DD
:10EA600006AB83E803009EE8030082E803008DE81C
:10EA7000030061466D6920460CCBA84720460BB0C9
:10EA8000BDE8304002B07047149B0DF1440E08AA57
:10EA9000CDE902130FABDCF8005093E8030006AB9E
:10EAA00083E803009EE8030082E803008DE803008A
:10EAB0006146ED6820460CCBA847DFE7149B0DF1BB
:10EAC000440E08AACDE902130FABDCF8005093E81E
:10EAD000030006AB83E803009EE8030082E803001E
:10EAE0008DE803006146AD6920460CCBA847C5E719
:10EAF000149B0DF1440E08AACDE902130FABDCF80C
:10EB0000005093E8030006AB83E803009EE803008F
:10EB100082E803008DE8030061462D6920460CCB96
:10EB2000A847ABE7149B0DF1440E08AACDE90213E8
:10EB30000FABDCF8005093E8030006AB83E803005A
:10EB40009EE8030082E803008DE803006146ED695A
:10EB500020460CCBA84791E782B0944630B58BB0E5
:10EB600004460F939DF85830159A643B139904920C
:10EB7000152B79D8DFE803F05E78787878787878A4
:10EB800078447878787878782A78780B7878149B35
:10EB90000DF1440E08AACDE902130FABDCF80050CA
:10EBA00093E8030006AB83E803009EE8030082E8D5
:10EBB00003008DE8030061466D6920460CCBA84731
:10EBC00020460BB0BDE8304002B07047149B0DF1F9
:10EBD000440E08AACDE902130FABDCF8005093E80D
:10EBE000030006AB83E803009EE8030082E803000D
:10EBF0008DE803006146ED6820460CCBA847DFE7AF
:10EC0000149B0DF1440E08AACDE902130FABDCF8FA
:10EC1000005093E8030006AB83E803009EE803007E
:10EC200082E803008DE803006146AD6920460CCB05
:10EC3000A847C5E7149B0DF1440E08AACDE90213BD
:10EC40000FABDCF8005093E8030006AB83E8030049
:10EC50009EE8030082E803008DE8030061462D6909
:10EC600020460CCBA847ABE7149B0DF1440E08AA35
:10EC7000CDE902130FABDCF8005093E8030006ABBC
:10EC800083E803009EE8030082E803008DE80300A8
:10EC90006146ED6920460CCBA84791E782B09446C7
:10ECA0002DE9F0438FB00446176817939DF86C1058
:10ECB0001C9EDDE91D53E3B10DF1300ECDE9045387
:10ECC00017ABCDE9021693E803000AAB83E8030013
:10ECD00019A903C90CCB8EE803008DE80300614637
:10ECE000BD682046A84720460FB0BDE8F04302B0FB
:10ECF0007047CDE90365029117AE31490DF11C094A
:10ED000008AB0DF1640ECDF814900AAA07910DF12D
:10ED1000300896E8030083E803009EE8030082E8D9
:10ED200003008DE803006146FF6840460CCBB847FE
:10ED30002B6898E8030086E80300C3B91F9B9B6912
:10ED40000BB11F989847079850F8041CA0F10C03CA
:10ED5000002926DB1B4A93421FD105461F990860F4
:10ED600055F80C1C1F9841601749816103E0079D0D
:10ED7000144AA5F10C03934296E8030084E80300CB
:10ED8000B1D055F8042C511E002A45F8041CAADC09
:10ED90004146184600F0E8FCA5E7013140F8041CA4
:10EDA000DBE71846002206A900F008FE079D054A89
:10EDB000A5F10C03D2E74846FEF74EF824F0A2FE78
:10EDC000844600207846002001D9001082B0944685
:10EDD0002DE9F0438FB00446176817939DF86C1027
:10EDE0001C9EDDE91D53E3B10DF1300ECDE9045356
:10EDF00017ABCDE9021693E803000AAB83E80300E2
:10EE000019A903C90CCB8EE803008DE80300614605
:10EE1000BD682046A84720460FB0BDE8F04302B0C9
:10EE20007047CDE90365029117AE31490DF11C0918
:10EE300008AB0DF1640ECDF814900AAA07910DF1FC
:10EE4000300896E8030083E803009EE8030082E8A8
:10EE500003008DE803006146FF6840460CCBB847CD
:10EE60002B6898E8030086E80300C3B91F9B9B69E1
:10EE70000BB11F989847079850F8041CA0F10C0399
:10EE8000002926DB1B4A93421FD105461F990860C3
:10EE900055F80C1C1F9841601749816103E0079DDC
:10EEA000144AA5F10C03934296E8030084E803009A
:10EEB000B1D055F8042C511E002A45F8041CAADCD8
:10EEC0004146184600F066FFA5E7013140F8041CF2
:10EED000DBE71846002206A901F08AF8079D054ADB
:10EEE000A5F10C03D2E74846FDF79EFF24F00AFE89
:10EEF000744600206846002089D2001082B02DE9B7
:10EF0000F0418AB00446154618999DF84C709DF85A
:10EF10005480119300292DD08B69002B4ED0D1E95C
:10EF20000001014488423BD000284AD008AE324656
:10EF3000FDF754FF11AB149A009707AFCDF8088086
:10EF40000192079093E803002B6886E8030003977B
:10EF500029462046DD6896E80C00A847079B1D4A15
:10EF6000A3F10C0090421ED120460AB0BDE8F0414A
:10EF700002B070479DED167B11AA1499CDF8088058
:10EF800008AB009701918DED047B92E8030083E8C4
:10EF90000300286829460CCB85682046A847E3E78C
:10EFA0000D4808AEC6E753F8042C511E002A43F85A
:10EFB000041CD9DC314600F0D7FBD5E707480FF039
:10EFC000FDF807480FF0FAF83846FDF745FF24F042
:10EFD00099FD00BF7846002084460020F44B0410C1
:10EFE000104C041082B02DE9F04F8DB00446154648
:10EFF0001E999DF86480179300293FD08B69002BE0
:10F0000075D0D1E900A35FEA83094ED0BAF1000FB1
:10F0100070D04FEAA90B0AAE00213246584600F0E4
:10F0200067FEBBF1010F074600F10C0348D0BBF1AE
:10F03000000F3DD1334A974251D11B9A09AF099332
:10F0400017AB02921A9ACDF80080019293E8030060
:10F050002B6886E80300039729462046DD6896E87A
:10F060000C00A847099B274AA3F10C0090422BD122
:10F0700020460DB0BDE8F04F02B0704717AACDF89A
:10F0800000800AAB2E6892E803001B9A9DED1C7B62
:10F0900083E80300029229461A9A20468DED047BEC
:10F0A0000192B6680CCBB047E2E7174B0AAEC4E753
:10F0B000184651465A4607932AF04CFD079BB9E77C
:10F0C000DAF80020C260B5E753F8042C511E002A7C
:10F0D00043F8041CCCDC314600F05CFEC8E700229B
:10F0E000B944C7F800B0BA60C9F80C20A5E70748D2
:10F0F0000FF064F806480FF061F83846FDF794FE0B
:10F1000024F000FD6846002074460020F44B0410F3
:10F11000104C041070B56FF00103B94A0D46B9499F
:10F12000064624F075FB044610B10568284670BDFC
:10F13000B54B9D4247D0B54B9D4200F08D80B44BFE
:10F140009D426BD0B34B9D4200F09280B24B9D42EA
:10F1500000F09480B14B9D4200F09680B04B9D42F0
:10F1600000F0C480AF4B9D4200F0F280AE4B9D4258
:10F1700000F0FC80AD4B9D425CD0AD4B9D4200F059
:10F180002281AC4B9D4200F02B81AB4B9D4200F0A5
:10F190002F81AA4B9D4200F08781A94B9D4200F030
:10F1A000B581A84B9D4240F0E3811420F6F724FC82
:10F1B000002105461BF028FE7368A34A01332E6127
:10F1C0002A607360B2E71420F6F716FC0546682043
:10F1D000F6F712FC00219D4B04460174818480F8EF
:10F1E0006410C0E900319A4BC5E90110C0E9021171
:10F1F000C0E90511C0E907112B602846FCF78CFB1C
:10F200007368224693494FF000000133296031466C
:10F210007360C5E9036408F019F887E70C20F6F776
:10F22000EBFB73688C4A01330546C0E90146736005
:10F2300002607BE71020F6F7DFFB0022874B0546D4
:10F24000C0E90032FAF780FE7368854A0133EE6048
:10F25000A8602A60736069E71020F6F7CDFB814B48
:10F260000546C0E90034FAF76FFE73687E4AEDE7A1
:10F270000C20F6F7C1FB73687C4AD4E70C20F6F744
:10F28000BBFB73687A4ACEE71420F6F7B5FB054658
:10F290004420F6F7B1FB0022764B04460274114677
:10F2A000A0F81120426380F84320C0E90032724B7D
:10F2B000C5E90120C0E90222C0E90522C0E9072210
:10F2C000C0E90922C0E90B222B602846FBF7ACFFFE
:10F2D0007368224669494FF00000013329603146C6
:10F2E0007360C5E9036408F04FF91FE71420F6F7CF
:10F2F00083FB05464420F6F77FFB0022604B044663
:10F3000002741146A0F81120426380F84320C0E93E
:10F3100000325C4BC5E90120C0E90222C0E90522A8
:10F32000C0E90722C0E90922C0E90B222B60284668
:10F33000FBF7C8FF7368224653494FF000000133C2
:10F34000296031467360C5E9036408F0C1F9EDE650
:10F350001420F6F751FB2146054610F029FD73688D
:10F360004A4A01332E612A607360DFE61420F6F703
:10F3700043FB05464FF49470F6F73EFB0021444BE7
:10F380000446017480F82411C0E90031414BC5E9FD
:10F390000110C0E90211C0E90511C0E90711C0E977
:10F3A00009112B602846FCF74DFB736822463A4949
:10F3B0004FF000000133296031467360C5E90364F2
:10F3C00007F0B6FFB2E60C20F6F716FB73680021D3
:10F3D0000546324A0133C5E9011673602A60A5E685
:10F3E0000C20F6F709FB7368002105462C4AF1E76B
:10F3F0000C20F6F701FB736800210546294AE9E76E
:10F400001C6E0410605D0410E4470020C04700201B
:10F41000EC470020FC470020044800208C460020D8
:10F4200088460020DC470020E8470020C447002031
:10F43000F0470020004800200848002094460020A3
:10F4400090460020E0470020A8700410AC6504102E
:10F4500094860410DC6E0410C4700410F08D041047
:10F46000F46F041078860410006F0410846F041089
:10F470009C6F04106C650410448704101C6F04100A
:10F480007C65041078870410506F0410B46F04106A
:10F49000BC6504104C8E0410D06F0410EC70041086
:10F4A00078700410907004101420F6F7A5FA054641
:10F4B0007020F6F7A1FA00224F4B04460274114661
:10F4C000C26380F86C20C0E900324C4BC5E90120D2
:10F4D000C0E90222C0E90522C0E90722C0E90922E9
:10F4E000C0E90B22C0E90D222B602846FBF7A8FFDC
:10F4F0007368224642494FF00000013329603146CB
:10F500007360C5E9036408F087F90FE61420F6F785
:10F5100073FA05467020F6F76FFA0022394B04465D
:10F5200002741146C26380F86C20C0E90032364B89
:10F53000C5E90120C0E90222C0E90522C0E907228D
:10F54000C0E90922C0E90B22C0E90D222B60284640
:10F55000FBF7C2FF736822462C494FF000000133CD
:10F56000296031467360C5E9036408F01FFADDE5E0
:10F5700027480EF023FE2846FAF7D0FC2846F6F777
:10F580003FFA24F0BFFAF9E7F5E7F7E7F6E7F5E722
:10F59000F1E7F0E7E868FEF7D3FA2846FCF71AFA35
:10F5A000ECE7E8E7E868FEF7CBFA2846FBF7D8FE79
:10F5B000E4E7E868FEF7C4FA2846FBF709FFDDE751
:10F5C000D9E7DBE7DAE7E868FEF7BAFA2846FCF79E
:10F5D0008BFAD3E7CFE7D1E7E868FEF7B1FA284620
:10F5E000FBF7C6FFCAE7E868FEF7AAFA2846FBF76A
:10F5F000F7FFC3E7BFE7C1E78C650410FC8E04107A
:10F60000107004109C650410308F041044700410B6
:10F610003C4C041038B505689C4655F80C4CA34288
:10F6200012D8E41A944228BF14463CB1012C084673
:10F6300005EB030104D0224635F022F9204638BDFF
:10F64000EB5C0370204638BD234662460149024800
:10F650000EF0FCFDA44C04106C4C0410036853F82D
:10F66000042C002A10B402DA002243F8042C0A68A1
:10F6700052F8044C002C02DA002442F8044C0260D8
:10F680005DF8044B0B607047006850F80C3C9A42E0
:10F6900017D200EB030C013A0CF1FF3C831800B5C4
:10F6A00001E0634509D09E4613F8012F8A42F8D045
:10F6B000C0F1010070445DF804FB4FF0FF305DF8CD
:10F6C00004FB4FF0FF307047124B984210B51DD825
:10F6D0008842044612D94A00904238BF144604F1C9
:10F6E0001D02B2F5805F09D9A14207D204F580540A
:10F6F000C2F30B02A41A9C4228BF1C4604F10D0061
:10F70000F6F77AF90022C0E9014210BD02480EF076
:10F710006DFD00BFFCFFFF3FB84C041010B9104B4B
:10F720001846704770B504460D460021FFF7CCFF20
:10F73000012C064600F10C030AD018462246294641
:10F7400035F0B6F80346074A964203D1184670BD15
:10F750000573F8E7002231193460B2600A73F5E7E7
:10F760008446002078460020F6F74AB92DE9F04F8C
:10F770000568A3EB020902EB010B0C4655F80C7C63
:10F7800083B055F8081C0646B9449846A7EB0B070A
:10F79000894503D855F8043C002B28DD484601AACA
:10F7A000FFF792FF824600F10C0534B1012C31685D
:10F7B0003ED02246284635F063F85FB933682B4CBB
:10F7C000A3F10C00A0423DD13560A24526D103B083
:10F7D000BDE8F08F0C343368012F444403EB0B0178
:10F7E0000AEB040029D03A4635F04AF8E6E787B13B
:10F7F00090450ED0A044012F05EB0B0105EB08004E
:10F800002BD03A46194C35F06BF83568A5F10C0A47
:10F81000DBE7A5F10C0A154CA245D8D0002345F82A
:10F820000C9C45F8043C05F8093003B0BDE8F08FA6
:10F830000B780373002FC1D0CCE713F80B300AF814
:10F840000430BBE753F8042C511E002A43F8041C73
:10F85000BADC01A9FFF788FFB6E715F80B30034CB7
:10F8600005F808303568A5F10C0AAEE778460020A7
:10F87000036853F80C2C42B153F8042C002A05DC21
:10F880004FF0FF3243F8042C70477047002310B547
:10F8900004461A461946FFF769FF23684FF0FF3206
:10F8A00043F8042C10BD00BF2DE9F041114C056850
:10F8B00014449DF8188055F80C5C641BA34216D8BC
:10F8C0001D4606460F46FFF751FF45B13368012D2F
:10F8D00003EB070006D02A46414634F0E9FF3046E4
:10F8E000BDE8F081304603F80780BDE8F0810248AA
:10F8F0000EF07CFCFCFFFF3FD04C0410F8B5069DD9
:10F900001F4604460E462B46FFF730FF45B12368DD
:10F91000012D03EB060005D02A46394634F0B0FF2E
:10F920002046F8BD3A7820469A55F8BDF0B5204FEC
:10F930000446006883B0BA4250F80C6C34D8884250
:10F940000B46154607D93246002120460095FFF7A1
:10F95000D5FF03B0F0BD87198F42F4D350F8047C73
:10F96000002FF0DC0E1AB2420AD926B1012A17D0B4
:10F9700034F0B6FF20680F4B984209D12046E8E7E3
:10F98000012A0DD0002AF6D034F07AFF2068F2E781
:10F99000002340F80C5C40F8043C43552046D8E76F
:10F9A0001B7803702068E6E703480EF01FFC00BFD9
:10F9B000FCFFFF3F84460020F04C041038B515468C
:10F9C000044600680A4661682844FFF77DFE226805
:10F9D000054600F10C0342B1012A0BD0184604F190
:10F9E0000C0134F04DFF2268034609498D4207D1CE
:10F9F000184638BD0649227B8D4202732268F7D033
:10FA00000021A8182A60A9600173184638BD00BFFC
:10FA100078460020036853F8082C914230B504461C
:10FA200083B007D853F8041C002913DDA3F10C00A0
:10FA3000114601E0A3F10C0053F80C2C8A1A01A91D
:10FA4000FFF7BCFF23680546094AA3F10C0090426A
:10FA500002D1256003B030BD53F8042C511E002A9A
:10FA600043F8041CF5DC01A9FFF77EFEF1E700BFB7
:10FA700078460020F8B50D460968044651F80C6C2C
:10FA8000E6B1036853E903209719874203D853F876
:10FA9000040C002807DD39462046FFF7BBFF23682A
:10FAA000296853F80C2C012E03EB02000FD03246CC
:10FAB00034F0E6FE2368074A934201D12046F8BDA0
:10FAC000002243F80C7C43F8042CDA55F6E7097859
:10FAD0009954EFE784460020F8B505460AB9284650
:10FAE000F8BD036814460E461F4953F80C2C891ABA
:10FAF0008C4236D8A71853F8081C8F4216D853F8F2
:10FB0000041C002912DC012C03EB02001BD022464E
:10FB1000314634F0B5FE2B68144A9342DFD0002200
:10FB200043F80C7C43F8042CDA55D8E7B3420DD9DE
:10FB300039462846FFF76EFF2B6853F80C2C012C32
:10FB400003EB0200E3D131789954E4E71A4496427A
:10FB5000EED839462846F61AFFF75CFF2B681E449C
:10FB6000EBE703480EF042FBFCFFFF3F844600201A
:10FB7000084D0410F8B5064609B93046F8BD0368CB
:10FB80000C461546164953F80C2C891A8C4224D879
:10FB9000A71853F8081C8F4203D853F8041C0029F7
:10FBA00006DD39463046FFF735FF336853F80C2C35
:10FBB000012C03EB02000ED02246294634F078FED9
:10FBC0003368084A9342D8D0002243F80C7C43F8AB
:10FBD000042CDA55D1E79D54F2E703480EF006FBFA
:10FBE000FCFFFF3F84460020084D0410036810B559
:10FBF00053F80C4C094B99420CD8A14206D800D3BB
:10FC000010BD0023621AFFF7B1FD10BD091BFFF7FD
:10FC1000B1FF10BD02480EF0E9FA00BFFCFFFF3F44
:10FC2000204D0410F8B5036804460D4653F80C7CCB
:10FC300053F8082C7E1C964203D853F8042C002A53
:10FC40000EDD31462046FFF7E5FE236853F80C2C05
:10FC50009D5422680749A2F10C038B4202D1F8BDE2
:10FC60003A46F5E700213B4442F80C6C42F8041C8C
:10FC70005973F8BD7846002038B505689C4655F89C
:10FC80000C4CA34213D8E41A944228BF14463CB14A
:10FC9000012C084605EB830104D0224629F05AFFC7
:10FCA000204638BD55F823300360204638BD234632
:10FCB0006246024902480EF0C9FA00BFA44C041083
:10FCC0006C4C0410036853F8042C002A10B402DAB8
:10FCD000002243F8042C0A6852F8044C002C02DA83
:10FCE000002442F8044C02605DF8044B0B6070473E
:10FCF0006FF07043984210B521D28842044616D95D
:10FD00004B00984238BF1C46201D800000F11003B4
:10FD1000B3F5805F0DD9A1420BD2C3F30B03094A9F
:10FD2000C3F5805304EB9304944228BF1446201D6E
:10FD30008000F5F761FE0022C0E9014210BD0248D3
:10FD40000EF054FAFEFFFF0FB84C0410F8B510B9CE
:10FD50000E4E3046F8BD04460D460021FFF7C8FFA1
:10FD6000012C074600F10C060ED0224629463046EB
:10FD700026F032FE064B9F42EBD0002307EB8402B5
:10FD80003C60BB60D360E4E7C560F3E774460020E5
:10FD900068460020F5F734BE2DE9F04F0568A3EB67
:10FDA000020902EB010B0C4655F80C7C83B055F8A8
:10FDB000081C0646B9449846A7EB0B07894503D8AB
:10FDC00055F8043C002B2CDD484601AAFFF790FFB4
:10FDD0003368824600F10C053CB1012C42D0194633
:10FDE0002246284629F0B6FE336857B9A3F10C0025
:10FDF0002B4CA04240D13560A24529D103B0BDE8CB
:10FE0000F08F4444012F03EB8B014FEA840404F18B
:10FE10000C040AEB04002AD03A4629F09BFE336812
:10FE2000E4E787B190450ED0A044012F05EB8B018C
:10FE300005EB88002BD03A46194C28F0ADFF356809
:10FE4000A5F10C0AD8E7A5F10C0A154CA245D5D0AE
:10FE5000002345F80C9C45F8043C45F8293003B0D4
:10FE6000BDE8F08F1A68C260002FBFD0C9E753F811
:10FE70002B204AF80420B9E753F8042C511E002A1D
:10FE800043F8041CB7DC01A9FFF784FFB3E755F87A
:10FE90002B30A5F10C0A024C45F82830ACE700BF26
:10FEA00068460020036853F80C2C42B153F8042C28
:10FEB000002A05DC4FF0FF3243F8042C70477047EE
:10FEC000002310B504461A461946FFF765FF23685C
:10FED0004FF0FF3243F8042C10BD00BFF8B5104CB2
:10FEE0000568144455F80C5C641BA34215D81D46E4
:10FEF00006460F46FFF750FF45B13368012D03EB6F
:10FF0000870005D02A46069926F066FD3046F8BDE2
:10FF1000069A304643F82720F8BD02480EF066F9ED
:10FF2000FEFFFF0FD04C0410F8B5069D1F46044697
:10FF30000E462B46FFF730FF45B12368012D03EB3A
:10FF4000860005D02A46394629F004FE2046F8BD31
:10FF50003A68204643F82620F8BD00BF6FF0704C89
:10FF6000F0B562450446006883B050F80C6C38D296
:10FF700088420B46154607D9324600212046009597
:10FF8000FFF7D2FF03B0F0BD00EB860C6145F3D85C
:10FF900050F8047C002FEFDC0E1AB2EBA60F4FEAEC
:10FFA000A6070AD8012A10D012B129F0D3FD206883
:10FFB0000D4B98420CD12046E4E7002FF8D0012ADF
:10FFC00003D028F0E9FE2068F2E71B680360EFE742
:10FFD000002340F80C5C40F8043C40F825302046F3
:10FFE000D0E702480EF002F974460020F04C0410ED
:10FFF00070B51546044600680A4661682844FFF754
:020000041001E9
:1000000077FE2268054600F10C063AB1012A0AD0B3
:1000100004F10C01304629F09DFD2268094B9D42F8
:1000200007D1304670BDE368C360064B22689D422D
:10003000F7D0002305EB82012A603046AB60CB602D
:1000400070BD00BF68460020036853F8082C914239
:1000500030B5044683B007D853F8041C002913DDDB
:10006000A3F10C00114601E0A3F10C0053F80C2C95
:100070008A1A01A9FFF7BCFF23680546094AA3F1C4
:100080000C00904202D1256003B030BD53F8042C1F
:10009000511E002A43F8041CF5DC01A9FFF77AFE83
:1000A000F1E700BF68460020F8B50D460968044630
:1000B00051F80C6CE6B1036853E9032097198742A5
:1000C00003D853F8040C002807DD39462046FFF713
:1000D000BBFF2368296853F80C2C012E03EB820028
:1000E00010D0324629F036FD2368084A934201D1E8
:1000F0002046F8BD002243F80C7C43F8042C43F85A
:100100002720F5E7096843F82210EEE7744600203F
:10011000F8B505460AB92846F8BD036814460E46E8
:10012000214953F80C2C891A8C4239D8A71853F856
:10013000081C8F4217D853F8041C002913DC012C2B
:1001400003EB82001CD02246314629F003FD2B68C8
:10015000164A9342DFD0002243F80C7C43F8042C6B
:1001600043F82720D7E7B3420ED939462846FFF790
:100170006BFF2B6853F80C2C012C03EB8200E2D1AF
:10018000316843F82210E3E703EB82029642ECD891
:1001900039462846F61AFFF757FF2B681E44E9E751
:1001A00003480EF023F800BFFEFFFF0F7446002047
:1001B000084D0410F8B5064609B93046F8BD036885
:1001C0000C461546174953F80C2C891A8C4226D830
:1001D000A71853F8081C8F4203D853F8041C0029B1
:1001E00006DD39463046FFF72FFF336853F80C2CF5
:1001F000012C03EB82000FD02246294626F0ECFBAF
:100200003368094A9342D8D0002243F80C7C43F863
:10021000042C43F82720D0E743F82250F1E70348A5
:100220000DF0E4FFFEFFFF0F74460020084D0410A0
:10023000036810B553F80C4C6FF0704399420CD220
:10024000A14206D800D310BD0023621AFFF7A4FD17
:1002500010BD091BFFF7AEFF10BD01480DF0C6FF32
:10026000204D0410036853F80C2C70B50D46561C35
:1002700053F8081C04468E4203D853F8041C002986
:1002800006DD31462046FFF7DFFE236853F80C2CCD
:10029000064943F822508B4200D170BD002243F83A
:1002A0000C6C43F8042C43F8262070BD74460020E3
:1002B0000846704708467047084B10B5044640F89A
:1002C000083B24F04DFE237B1BB1A06908B1F5F774
:1002D00099FB2046F9F722FE204610BD70710410EC
:1002E000064B10B5044640F8083B24F039FE044B99
:1002F00020462360F9F712FE204610BDA0710410BD
:100300000C8E04108A4210B5144603D0521A02987B
:1003100034F0B6FA204610BD8A4210B5144603D018
:100320001846521A34F0ACFA204610BD084B10B5EE
:10033000044640F8083B24F013FE064B2046236099
:10034000F9F7ECFD2046F5F75BFB204610BD00BF3A
:10035000A07104100C8E04100A4B10B5044640F82E
:10036000083B24F0FDFD237B1BB1A06908B1F5F724
:1003700049FB2046F9F7D2FD2046F5F741FB204620
:1003800010BD00BF70710410F0B5C1B0002204466A
:100390000DF1FF3303F8012F0132B2F5807FF9D15F
:1003A00025460F4B6E4655F81D1BCF699F4210D155
:1003B0003146284634F064FA4FF4807229463046BC
:1003C00034F04EFA00280CBF01230223237741B0FA
:1003D000F0BD2B4640AA20463146B847ECE700BFA7
:1003E0001903011000390C4B18BF012110B5C0E9E9
:1003F00000310446F9F7A8FD024600232046A2601A
:10040000237300F06DFA204610BD044B2046236094
:10041000F9F784FD23F076FBA07104100C8E041014
:10042000836908465B5C9B0702D5A1F12000C0B23E
:10043000704700BF836908465B5CDB0701D520304D
:10044000C0B2704738B5003B0446124818BF0123BC
:100450000D1E1149206002F0010004BF0D4600206E
:1004600063600023A5610025194620734FF4807254
:1004700004F11D00C4E9043334F01AFA4FF4807219
:1004800004F21D102946257734F012FA204684F82C
:100490001D5238BD707104101999041091422DE954
:1004A000F04190461AD205464C1E571E0D4E07E0ED
:1004B000AB695B5C9B0700D5D1B2BC4221700DD00B
:1004C0002B6814F8011F9B68A1F12002B342EFD002
:1004D00028469847BC4201462170F1D14046BDE80C
:1004E000F08100BF2104011091422DE9F0419046B6
:1004F0001AD205464C1E571E0D4E07E0AB695B5CD9
:10050000DB0700D5D1B2BC4221700DD02B6814F8A6
:10051000011F1B6901F12002B342EFD02846984722
:10052000BC4201462170F1D14046BDE8F08100BFD8
:10053000350401102DE9F04100F28F4400F2974795
:10054000A0EB80000E469046A0F55A6501E0BC4243
:100550000DD014F8013F1E42F9D055F82410404642
:1005600028F046FA0028F2D00120BDE8F0810020F2
:10057000BDE8F081442946D800294FD04B1E432BBB
:1005800046D8DFE803F02E31343745453A3D45453E
:100590004545454545284545454545452B45454542
:1005A000454545454525454545454545454545451B
:1005B00045454545454545454545454545454545EB
:1005C0004545454545454545452215482BF098BBD1
:1005D00014482BF095BB14482BF092BB13482BF01A
:1005E0008FBB13482BF08CBB12482BF089BB1248F1
:1005F0002BF086BB11482BF083BB11482BF080BB3E
:1006000010482BF07DBB972902D10F482BF078BB07
:1006100011F0440FD9D111F0970FF6D10020704797
:10062000784D0410484D0410704D0410884D04108E
:10063000504D0410584D0410604D0410684D0410C6
:10064000804D0410384D0410404D041008462CF025
:1006500037BD00BF914270B516460DD2551E0C46EF
:100660006D1A25F0030504350D4420682CF028FD93
:1006700044F8040BAC42F8D1304670BD084628F06F
:10068000D7B800BF914270B516460DD2551E0C4624
:100690006D1A25F0030504350D44206828F0C8F8CC
:1006A00044F8040BAC42F8D1304670BD2DE9F04F50
:1006B000914283B0019227D202F1FF381F460C46C7
:1006C00000F29C4AA8EB010800F5936603EB98083A
:1006D00000F5926308F101080093D146DDF800B0FF
:1006E000002559F8041F206828F082F910B19BF802
:1006F00000100D430BF1010BB345F2D107F8015B7C
:10070000474504F10404E8D1019803B0BDE8F08F37
:100710002DE9F04F9A4283B01646019332D2A0EBF6
:10072000800980460C4600F29745A9F55A69D8F829
:100730000030B246144A9B6856F8047B934213D1AA
:1007400008F28F4B01E0AB4514D01BF8012F144287
:10075000F9D059F82B10384628F04AF90028F2D081
:10076000504603B0BDE8F08F3A46214640469847D0
:100770000028F5D1019BB246B342D8D8504603B009
:10078000BDE8F08F9246EBE7350501102DE9F04FFB
:100790009A4283B01646019333D2A0EB800980467B
:1007A0000C4600F29745A9F55A69D8F80030B246D0
:1007B000154A9B6856F8047B934217D108F28F4B79
:1007C00001E0AB450ED01BF8012F1442F9D059F8C7
:1007D0002B10384628F00CF90028F2D0019BB246C5
:1007E000B342E2D8504603B0BDE8F08F3A46214606
:1007F000404698470028F5D0019BB246B342D4D872
:10080000F0E79246EEE700BF35050110243150F8BD
:1008100021007047914230B5864610460BD201390F
:10082000551E11F801CF0CF1240CA9425EF82C40A2
:1008300043F8044BF5D130BD7F2910B5144601D8DB
:10084000037B3BB908462DF06BFB431C14BFC0B2C1
:10085000204610BD0844407B10BD00BF2DE9F84381
:100860001E46037B1546089CCBB9914214D202F177
:10087000FF380F1FA8EB010804EB980808F10108E6
:1008800057F8040F2DF04CFB431CC0B208BF304694
:1008900004F8010B4445F3D12846BDE8F8839142A2
:1008A000FAD202F1FF3980460F1FA9EB010904EBD0
:1008B000990909F1010905E093F80DC004F801CB8D
:1008C0004C45E9D057F8040F7F2808EB0003F3D913
:1008D0002DF026FB421C5FFA80FC08BFB446EDE712
:1008E0002DE9F8430024064600F10C0503E0802CB6
:1008F00005F8010F2BD0204601342DF011FB431CCD
:10090000F5D1002306F18C05002433732046013411
:1009100027F060FA45F8040FB4F5807FF6D10D4D4D
:1009200006F28F4406F29C4906F29748AD1B012758
:100930002919304607FA01F1C9B204F8011FFFF77F
:1009400019FE444549F8040FF2D1BDE8F8830123AC
:10095000D8E700BF71FBFFFF8368587C704700BF7A
:100960008368987C704700BF8368D86A704700BF6F
:10097000836882B0186B02B0704700BF836882B092
:10098000586B02B0704700BF8368587C704700BF47
:100990008368987C704700BF8368D86A704700BF3F
:1009A000836882B0186B02B0704700BF836882B062
:1009B000586B02B0704700BF836893F824007047FB
:1009C000836893F825007047002070470020704727
:1009D000704700BF91424FF0000006D211F8013B72
:1009E0008A4203EB7060F9D170477047034B10B532
:1009F00004460360F9F792FA204610BD087504100A
:100A0000054B10B504460360F9F788FA2046F4F761
:100A1000F7FF204610BD00BF08750410034B10B54A
:100A200004460360F9F77AFA204610BD20750410D9
:100A3000054B10B504460360F9F770FA2046F4F749
:100A4000DFFF204610BD00BF20750410034B10B51A
:100A500004460360F9F762FA204610BD38750410A9
:100A6000054B10B504460360F9F758FA2046F4F731
:100A7000C7FF204610BD00BF38750410054B10B5E8
:100A8000044640F8083B24F06BFA2046F9F746FA92
:100A9000204610BDEC74041010B50446FFF7EEFFBD
:100AA0002046F4F7ADFF204610BD00BF054B10B542
:100AB000044640F8083B24F053FA2046F9F72EFA92
:100AC000204610BD4474041070B5541A82B00E460E
:100AD00005460F2C019411D8012C006808D10B7821
:100AE00003700023019C28686C60035502B070BD40
:100AF0005CB900236C60035502B070BD002201A9EF
:100B000018F066FA019B2860AB602246314633F04C
:100B1000B7FE019C286800236C60035502B070BDCD
:100B2000074B10B5044640F8083B24F019FA20465C
:100B3000F9F7F4F92046F4F763FF204610BD00BF33
:100B4000447404108A6838B500F10803956803609E
:100B50005DB1044628462DF0B5F9024629462046E7
:100B60002A44FFF7B1FF204638BD01480DF026FBAF
:100B7000904D04108A6838B500F108035569036088
:100B80005DB1044628462DF09DF9024629462046CF
:100B90002A44FFF799FF204638BD01480DF00EFBAF
:100BA000904D04108A6838B500F10803D5690360D8
:100BB0005DB1044628462DF085F9024629462046B7
:100BC0002A44FFF781FF204638BD01480DF0F6FAB0
:100BD000904D04108A6838B500F10803556A036027
:100BE0005DB1044628462DF06DF90246294620469F
:100BF0002A44FFF769FF204638BD01480DF0DEFAB0
:100C0000904D04108A6838B500F1080355690360F7
:100C10005DB1044628462DF055F902462946204686
:100C20002A44FFF751FF204638BD01480DF0C6FAAF
:100C3000904D04108A6838B500F10803D569036047
:100C40005DB1044628462DF03DF90246294620466E
:100C50002A44FFF739FF204638BD01480DF0AEFAAF
:100C6000904D04108A6838B500F108039568036058
:100C70005DB1044628462DF025F902462946204656
:100C80002A44FFF721FF204638BD01480DF096FAAF
:100C9000904D04108A6838B500F108039568036028
:100CA0005DB1044628462DF00DF90246294620463E
:100CB0002A44FFF709FF204638BD01480DF07EFAAF
:100CC000904D04108A6838B500F10803D5690360B7
:100CD0005DB1044628462DF0F5F802462946204627
:100CE0002A44FFF7F1FE204638BD01480DF066FAB0
:100CF000904D04108A6838B500F10803556A036006
:100D00005DB1044628462DF0DDF80246294620460E
:100D10002A44FFF7D9FE204638BD01480DF04EFAAF
:100D2000904D04108A6838B500F1080355690360D6
:100D30005DB1044628462DF0C5F8024629462046F6
:100D40002A44FFF7C1FE204638BD01480DF036FAAF
:100D5000904D04102DE9F04F8DB01C4600258146C2
:100D60000DF1080A68460DF1200B0195CDF800A0A1
:100D7000FFF7AAFE169A214606A80795CDF818B0E7
:100D8000FFF7A2FEDDE90047DDE90663274406EB35
:100D9000030803E0804527D00134461C3246214633
:100DA000484624F091FA054680B920462DF08AF88D
:100DB000034630461C442DF085F83044A742E9D163
:100DC000804503D0A742E5D14FF0FF35069858453E
:100DD00001D0F4F715FE0098504501D0F4F710FE4D
:100DE00028460DB0BDE8F08F0125EFE7684618F002
:100DF00017F922F087FE00BF2DE9F04F1E468BB099
:100E000000F10803154604468A4603603246039300
:100E1000002329464360037204A8059306AB04939C
:100E2000FFF752FE761BDDE904737600FB183046AF
:100E30000293F4F7E3FD05466FF0404B07E0002214
:100E400003F809202368C4F8048003F808203A4610
:100E500033462946504624F043FA864202460FD8CC
:100E6000461C15B12846F4F7CDFD3046F4F7C6FD13
:100E700005463A4633465046294624F031FA0246A2
:100E80006368ABEB03039A422FD82946204618F03B
:100E9000C7FA38462DF016F8029B3844834216D024
:100EA000039A471C2368D4F804909A4209F1010878
:100EB00014BFA2680F229045C1D90123494620469C
:100EC000009300231A4618F0D9F82368B7E715B144
:100ED0002846F4F797FD049806AB984201D0F4F742
:100EE0008FFD20460BB0BDE8F08F0D480DF07EF968
:100EF00022F078FF23F078FB01E022F0B1FF04A894
:100F000018F08EF8204618F08BF822F0FBFDF9E778
:100F100022F068FF002DEDD02846F4F773FDE9E7D5
:100F2000084D041008B40420F0B50D4682B000212D
:100F3000164626F0F5FF03780446433B08BF437886
:100F40006BB908AB079A314628460193F6F73CF88F
:100F50000446204602B0BDE8F04001B070472CF0D6
:100F6000B1FF471C3846F4F749FD3A46214607468B
:100F700033F086FC0949042026F0D2FF08AB314645
:100F8000079A28460193F6F71FF8394604460420CD
:100F900026F0C6FF3846F4F735FDDAE7784B041043
:100FA0002DE9F04F9FB01D4614460EA90A90A448A3
:100FB00081E80C00DDE928830293F9F75FFA2A9BA8
:100FC000DB6E5B6853F820300893002B00F0AC8593
:100FD0009C48F9F753FA2A9B0646DB6EDF6857F800
:100FE00020B0BBF1000F00F002840BF13802DBF8F7
:100FF0002030069223B1DBF82830003B18BF0123D4
:101000000D93002313938DF8503014AB12939BF87B
:101010001030002B40F08D820023202118A8199356
:101020008DF868301AAB189318F09CF8DBF8343060
:101030004FF0000A11930BF13903CDF80CA0CDF855
:101040002CA0CDF81CA0CDF830A0CDE9043A11AB0E
:1010500013F80A30042B00F25783DFE813F08A00FC
:10106000F70071015A012700069B1AAAC01A764B95
:101070001B681F5CDDE91836934206F1010514BFB9
:101080001A9A0F22954200F2C4819F554FF0000238
:10109000039B199501330393189B5A55D4E90232E7
:1010A000934261D20133A3604FF0FF35A5F1FF37C2
:1010B000B7FA87F77F09002C0CBF002607F001065E
:1010C000002E40F004823E46029BA3F1FF33B3FAA8
:1010D00083F35B09B8F1000F0CBF4FF0000903F078
:1010E0000109B9F1000F40F0AB819E4200F0B181DF
:1010F00014B1002F40F0F281EFB239460A22049871
:1011000033F0AAFB0028AFD19BF81130BB4200F0AE
:101110008A819BF81060002E00F09B819BF81230B2
:10112000BB4240F0EE81059B002B40F0E981039B20
:10113000002B00F0988314AADFB2DDE91236934247
:1011400006F1010514BF149A0F22954200F2CE81D8
:101150009F554FF00002129B13955A55002303939D
:10116000D4E9023293429DD3236820469B6A984774
:101170009AE70126BAF1030F40F09080079B012BFC
:1011800094BF002306F00103002B00F0C9840C9BE0
:10119000002B40F0D881DBF81C3003F101094FF03F
:1011A000010A24E07340DEB2079B9A4580F09C82DE
:1011B000002E00F09982002C0CBF002207F00102E3
:1011C000002A40F06A822846C0B299F80030834273
:1011D00040F04981D4E90232934280F080820133A9
:1011E000A3600AF1010A09F101094FF0FF35A5F1E9
:1011F000FF37B7FA87F77F09002C0CBF002607F0EE
:101200000106002E40F042823E46029BA3F1FF33CE
:10121000B3FA83F35B09B8F1000FC3D0002BC1D040
:10122000D8E902239A42BFD3D8F8003040465B6A1F
:101230009847421C06BF4FF0000801230023B1E786
:10124000504700206C47002010290020A5F1FF37EF
:10125000B7FA87F77F09002C0CBF002607F00106BC
:10126000002E40F0F9823E46029BA3F1FF33B3FA11
:1012700083F35B09B8F1000F0CBF4FF0000903F0D6
:101280000109B9F1000F40F0E0829E4240F05E811A
:10129000BAF1030F4FF000063FF470AFA5F1FF392C
:1012A000B9FA89F94FEA5919002C40F04781CDF875
:1012B0002490029BA3F1FF33B3FA83F35B09B8F1E7
:1012C000000F0CBF002703F00107002F40F02A8118
:1012D0004B452BD01CB1099B002B40F016812846B2
:1012E000089BC0B29B691B5C1B071FD5D4E9023267
:1012F000934280F0EF810133A360D4E902239A4244
:1013000080F0B68201234FF0FF354FF000090993BA
:10131000CFE7DBF82030002B40F03081DBF82830BD
:10132000002B40F0F3810D9B83F001060AF1010AC6
:10133000BAF1030F3FF722AF002E7FF488AE1DE70E
:101340002A9BDB689E0500F15381079B012B00F26D
:101350004F81BAF1000F00F04B81BAF1010F00F09C
:101360003C81BAF1020F00F01282199B012B00F2AE
:10137000F9810C9B5BB1189B1B78302B07D02D2378
:10138000002218A800931146012317F017FF139E9F
:101390000EB3059B002B00F068829DF82C9014AAD8
:1013A000129B771C934214BF149A0F22974200F2AB
:1013B000EB8203F806900022129B1397DA5512AACB
:1013C000DBE9020124F0E0FA28B92B9B2B9A1B6879
:1013D00043F004031360A5F1FF37059BB7FA87F7C5
:1013E0007F0923B1DBF82C30039A93423BD1002CC8
:1013F0000CBF002607F0010618A92C9818F05EF81B
:10140000002E3DD0D4E902239A4280F01E830027AB
:1014100036E00123314618A8009300231A4617F03E
:101420002DFE189B31E6059B002B69D1DBF82C3093
:10143000002B0EDD039B03900B93012305932DE6F8
:10144000D8E902239A4280F0B98100239E427FF4BA
:101450004FAE199B0126002B7FF468AFA5F1FF3733
:10146000B7FA87F77F092B9B002C0CBF002607F0EB
:1014700001062B9A1B6843F004031360002EC1D1B0
:10148000029BA3F1FF30B0FA80F04009B8F1000FE1
:1014900002D0002840F0D281874205D12B9B2B9AA5
:1014A0001B6843F0020313600A9B18981C605D6080
:1014B0001AAB984201D0F4F7A3FA129814AB9842F1
:1014C00001D0F4F79DFA0A981FB0BDE8F08FD4E977
:1014D00002239A4280F069810026F5E5D4E90232C0
:1014E000934280F077811F78394607E60123314621
:1014F00012A8009300231A4617F0C0FD129B27E69E
:10150000059E199B002BA9D010E7D4E90232934223
:1015100080F0218208991A7889698A5C11073FF561
:10152000EAAE03E7D8E902239A4280F0AE810023B5
:10153000CEE6202112A817F015FE6DE5B9F1000FD7
:101540003FF4B5AED9E6DBF8243026E614B1002F1F
:1015500040F031822B46089ADBB29269D35C13F0DB
:1015600008063FF407AED4E90232934280F08D8240
:101570000133A3604FF0FF350126FBE5A5F1FF39EC
:10158000B9FA89F94FEA5919002C0CBF002709F064
:101590000107002F40F023824F46029BA3F1FF3347
:1015A000B3FA83F35B09B8F1000F0CBF002603F018
:1015B0000106002E40F02F829F4240F07281DBF83E
:1015C0002830002B40F0A280DBF82030002B3FF4C5
:1015D000AAAE01231E460C93A8E60D9B43B99DF8C5
:1015E0004430032B04D09DF84630012B40F0DA80C4
:1015F000A5F1FF37DBF81890B7FA87F77F0914B128
:10160000002F40F0FE8100260997029BA3F1FF33D3
:10161000B3FA83F35B09B8F1000F01D0002B49D175
:101620005F40B1456ED9002F6CD00CB1099BC3B996
:101630002846DBF81430C0B29B5D83421CD1D4E94C
:101640000232934259D20133A3600136D4E9022316
:101650009A4280F0A38101234FF0FF3500270993C0
:10166000D3E7D4E90232934280F0CD81DBF8142035
:10167000915D1A789142E6D0002E7FF4EFAE2A9B5E
:10168000DB6883F40073C3F340264FE6D4E90223FA
:101690009A4280F068810026B7E5D4E902318B4296
:1016A00080F06A81187899F8001088423FF497AD6D
:1016B0001746D8E6D8E902239A42B2D3D8F80030C8
:1016C00040465B6A9847421C06BF4FF00008012362
:1016D0000023A5E7236820469B6A98470DE6236808
:1016E00020469B6A98477CE5079B9A457FF4BBAEF2
:1016F000199B012B7FF63DAE34E0236820469B6AA0
:101700009847A2E7B145B7D101260FE6A5F1FF3909
:10171000B9FA89F94FEA5919002C0CBF002709F0D2
:101720000107002F40F061814F46029BA3F1FF3378
:10173000B3FA83F35B09B8F1000F0CBF002603F086
:101740000106002E40F06D81BB4240F0D680DBF8F0
:101750002030002B3FF4E7ADDBF82830002B7FF47E
:10176000E2AD36E70022302118A817F01FFF00284D
:101770003FF4FFAD411C199A00F03D8182424FF0C9
:10178000000128BF024618A817F0CCFCF1E59DF82F
:101790004730042B3FF42CAF032B03D10D9B002BC0
:1017A0007FF426AF0AF1010A51E4236820465B6A00
:1017B0009847411C7FF490AE002485E4D8F80030AF
:1017C00040465B6A9847421C0ABF4B4600234FF0D5
:1017D00000088AE4236820465B6A9847C7B2013054
:1017E00039467FF48BACFF2100240F4686E4442069
:1017F000F4F702F900238146C0E90133C3600374A2
:10180000A0F81130436380F84330C0E90533C0E9E4
:101810000733C0E90933C0E90B33A34B03602A9BAC
:1018200003F16C010DF00EFE2A9B49463246D86E3C
:10183000F8F7AAFD57F826B0FFF7D7BBD8E902237F
:101840009A4280F0F780002026E6D8E902239A42E7
:1018500080F00581002318E5D4E902239A4280F044
:101860000A81002600E5039E4BE69DF80C9096E564
:10187000236820465B6A9847411C05467FF442ADC9
:10188000012300249946099313E5D8F80030404617
:101890005B6A9847421C0ABF3B4600234FF0000892
:1018A00016E5B4B1B9F1000F13D0D4E90232934276
:1018B00080F02D81DBF81C201978127891427FF49A
:1018C0007EAEDBF8202007920133A3604FF0FF3596
:1018D0001AE72B46DBF81C20DBB212789A427FF421
:1018E0006EAEDBF82010D4E9023207919342EBD3BD
:1018F000236820469B6A9847E8E7C4B1B9F1000F16
:1019000015D0D4E90232934280F0F880DBF824202D
:1019100011781A7891427FF41AAFDBF828200792E9
:101920000133A36001264FF0FF350C96FEE42B46F1
:10193000DBF82420DBB212789A427FF408AFDBF8A0
:101940002810D4E9023207919342E9D32368204654
:101950009B6A9847E6E7236820465B6A9847421CE3
:1019600008BF0024BCE4236820465B6A9847411CFA
:101970007FF491AE002448E4236820465B6A9847D0
:10198000461C08BF00241FE40123314612A800931F
:1019900000231A4617F072FB129B0AE523682046C3
:1019A0005B6A9847411C05467FF455AE012300242D
:1019B0001F46099329E6D4E9023293426AD2089974
:1019C0001A7889698A5C12F008067FF4D1ADBAF101
:1019D000030F7FF492AC4FF0FF35FFF7CFBBD4E994
:1019E00002239A4262D20027D7E5D4E902239A4221
:1019F00070D2002799E6501ECAB100283FF4B9AC56
:101A0000BCE6002622E6236820465B6A9847431C12
:101A100008BF00240DE6D8E902239A4262D20023CF
:101A2000CAE5D8E902239A4248D200238CE6189BE3
:101A30001A709EE4D8F8003040465B6A9847A0F1DF
:101A4000FF30B0FA80F0400926E5236820465B6A43
:101A50009847431C0ABF37460027002410E5D8F8F2
:101A6000003040465B6A9847421C0ABF4B46002341
:101A70004FF0000809E4236820465B6A9847411C40
:101A80007FF4EFAE0024FFF7EFBB236820469B6A8C
:101A900098476FE5236820465B6A9847461C0346D3
:101AA00008BF002457E500BF6C650410236820467A
:101AB0005B6A9847411C96D100246EE5D8F8003047
:101AC00040465B6A9847421C0ABF334600234FF0EA
:101AD000000839E6236820465B6A9847411C88D194
:101AE000002422E6D8F8003040465B6A9847421C42
:101AF0000ABF334600234FF000085DE52368204607
:101B00005B6A9847461C034608BF002410E7236819
:101B100020465B6A9847461C034608BF0024D9E666
:101B2000002E3FF49BAC20E40CF038FB02E018A838
:101B300017F076FA12A817F073FA21F0E3FF22F0FB
:101B400051F9D9F8003048465B68984722F04CFDBF
:101B500022F048F9FAE722F083F921F0D3FF00BF21
:101B60002DE9F04F9FB01D4614460EA90A90A448D7
:101B700081E80C00DDE928830293F8F77FFC2A9BBB
:101B8000DB6E5B6853F820300893002B00F0AC85C7
:101B90009C48F8F773FC2A9B0646DB6EDF6857F813
:101BA00020B0BBF1000F00F002840BF13802DBF82B
:101BB0002030069223B1DBF82830003B18BF012308
:101BC0000D93002313938DF8503014AB12939BF8B0
:101BD0001030002B40F08D820023202118A819938B
:101BE0008DF868301AAB189317F0BCFADBF8343074
:101BF0004FF0000A11930BF13903CDF80CA0CDF88A
:101C00002CA0CDF81CA0CDF830A0CDE9043A11AB42
:101C100013F80A30042B00F25783DFE813F08A0030
:101C2000F70071015A012700069B1AAAC01A764BC9
:101C30001B681F5CDDE91836934206F1010514BFED
:101C40001A9A0F22954200F2C4819F554FF000026C
:101C5000039B199501330393189B5A55D4E902321B
:101C6000934261D20133A3604FF0FF35A5F1FF37F6
:101C7000B7FA87F77F09002C0CBF002607F0010692
:101C8000002E40F004823E46029BA3F1FF33B3FADC
:101C900083F35B09B8F1000F0CBF4FF0000903F0AC
:101CA0000109B9F1000F40F0AB819E4200F0B18113
:101CB00014B1002F40F0F281EFB239460A220498A5
:101CC00032F0CAFD0028AFD19BF81130BB4200F0C2
:101CD0008A819BF81060002E00F09B819BF81230E7
:101CE000BB4240F0EE81059B002B40F0E981039B55
:101CF000002B00F0988314AADFB2DDE9123693427C
:101D000006F1010514BF149A0F22954200F2CE810C
:101D10009F554FF00002129B13955A5500230393D1
:101D2000D4E9023293429DD3236820469B6A9847A8
:101D30009AE70126BAF1030F40F09080079B012B30
:101D400094BF002306F00103002B00F0C9840C9B14
:101D5000002B40F0D881DBF81C3003F101094FF073
:101D6000010A24E07340DEB2079B9A4580F09C8212
:101D7000002E00F09982002C0CBF002207F0010217
:101D8000002A40F06A822846C0B299F800308342A7
:101D900040F04981D4E90232934280F080820133DD
:101DA000A3600AF1010A09F101094FF0FF35A5F11D
:101DB000FF37B7FA87F77F09002C0CBF002607F022
:101DC0000106002E40F042823E46029BA3F1FF3303
:101DD000B3FA83F35B09B8F1000FC3D0002BC1D075
:101DE000D8E902239A42BFD3D8F8003040465B6A54
:101DF0009847421C06BF4FF0000801230023B1E7BB
:101E0000504700206847002010290020A5F1FF3727
:101E1000B7FA87F77F09002C0CBF002607F00106F0
:101E2000002E40F0F9823E46029BA3F1FF33B3FA45
:101E300083F35B09B8F1000F0CBF4FF0000903F00A
:101E40000109B9F1000F40F0E0829E4240F05E814E
:101E5000BAF1030F4FF000063FF470AFA5F1FF3960
:101E6000B9FA89F94FEA5919002C40F04781CDF8A9
:101E70002490029BA3F1FF33B3FA83F35B09B8F11B
:101E8000000F0CBF002703F00107002F40F02A814C
:101E90004B452BD01CB1099B002B40F016812846E6
:101EA000089BC0B29B691B5C1B071FD5D4E902329B
:101EB000934280F0EF810133A360D4E902239A4278
:101EC00080F0B68201234FF0FF354FF000090993EF
:101ED000CFE7DBF82030002B40F03081DBF82830F2
:101EE000002B40F0F3810D9B83F001060AF1010AFB
:101EF000BAF1030F3FF722AF002E7FF488AE1DE743
:101F00002A9BDB689E0500F15381079B012B00F2A1
:101F10004F81BAF1000F00F04B81BAF1010F00F0D0
:101F20003C81BAF1020F00F01282199B012B00F2E2
:101F3000F9810C9B5BB1189B1B78302B07D02D23AC
:101F4000002218A800931146012317F037F9139EB9
:101F50000EB3059B002B00F068829DF82C9014AA0C
:101F6000129B771C934214BF149A0F22974200F2DF
:101F7000EB8203F806900022129B1397DA5512AAFF
:101F8000DBE9020123F000FD28B92B9B2B9A1B688B
:101F900043F004031360A5F1FF37059BB7FA87F7F9
:101FA0007F0923B1DBF82C30039A93423BD1002CFC
:101FB0000CBF002607F0010618A92C9817F07EFA2E
:101FC000002E3DD0D4E902239A4280F01E830027E0
:101FD00036E00123314618A8009300231A4617F073
:101FE0004DF8189B31E6059B002B69D1DBF82C30AE
:101FF000002B0EDD039B03900B93012305932DE62D
:10200000D8E902239A4280F0B98100239E427FF4EE
:102010004FAE199B0126002B7FF468AFA5F1FF3767
:10202000B7FA87F77F092B9B002C0CBF002607F01F
:1020300001062B9A1B6843F004031360002EC1D1E4
:10204000029BA3F1FF30B0FA80F04009B8F1000F15
:1020500002D0002840F0D281874205D12B9B2B9AD9
:102060001B6843F0020313600A9B18981C605D60B4
:102070001AAB984201D0F3F7C3FC129814AB984204
:1020800001D0F3F7BDFC0A981FB0BDE8F08FD4E98A
:1020900002239A4280F069810026F5E5D4E90232F4
:1020A000934280F077811F78394607E60123314655
:1020B00012A8009300231A4616F0E0FF129B27E6B1
:1020C000059E199B002BA9D010E7D4E90232934258
:1020D00080F0218208991A7889698A5C11073FF596
:1020E000EAAE03E7D8E902239A4280F0AE810023EA
:1020F000CEE6202112A817F035F86DE5B9F1000FF2
:102100003FF4B5AED9E6DBF8243026E614B1002F53
:1021100040F031822B46089ADBB29269D35C13F00F
:1021200008063FF407AED4E90232934280F08D8274
:102130000133A3604FF0FF350126FBE5A5F1FF3920
:10214000B9FA89F94FEA5919002C0CBF002709F098
:102150000107002F40F023824F46029BA3F1FF337B
:10216000B3FA83F35B09B8F1000F0CBF002603F04C
:102170000106002E40F02F829F4240F07281DBF872
:102180002830002B40F0A280DBF82030002B3FF4F9
:10219000AAAE01231E460C93A8E60D9B43B99DF8F9
:1021A0004430032B04D09DF84630012B40F0DA80F8
:1021B000A5F1FF37DBF81890B7FA87F77F0914B15C
:1021C000002F40F0FE8100260997029BA3F1FF3308
:1021D000B3FA83F35B09B8F1000F01D0002B49D1AA
:1021E0005F40B1456ED9002F6CD00CB1099BC3B9CB
:1021F0002846DBF81430C0B29B5D83421CD1D4E981
:102200000232934259D20133A3600136D4E902234A
:102210009A4280F0A38101234FF0FF3500270993F4
:10222000D3E7D4E90232934280F0CD81DBF8142069
:10223000915D1A789142E6D0002E7FF4EFAE2A9B92
:10224000DB6883F40073C3F340264FE6D4E902232E
:102250009A4280F068810026B7E5D4E902318B42CA
:1022600080F06A81187899F8001088423FF497ADA1
:102270001746D8E6D8E902239A42B2D3D8F80030FC
:1022800040465B6A9847421C06BF4FF00008012396
:102290000023A5E7236820469B6A98470DE623683C
:1022A00020469B6A98477CE5079B9A457FF4BBAE26
:1022B000199B012B7FF63DAE34E0236820469B6AD4
:1022C0009847A2E7B145B7D101260FE6A5F1FF393E
:1022D000B9FA89F94FEA5919002C0CBF002709F007
:1022E0000107002F40F061814F46029BA3F1FF33AD
:1022F000B3FA83F35B09B8F1000F0CBF002603F0BB
:102300000106002E40F06D81BB4240F0D680DBF824
:102310002030002B3FF4E7ADDBF82830002B7FF4B2
:10232000E2AD36E70022302118A817F03FF9002867
:102330003FF4FFAD411C199A00F03D8182424FF0FD
:10234000000128BF024618A816F0ECFEF1E59DF842
:102350004730042B3FF42CAF032B03D10D9B002BF4
:102360007FF426AF0AF1010A51E4236820465B6A34
:102370009847411C7FF490AE002485E4D8F80030E3
:1023800040465B6A9847421C0ABF4B4600234FF009
:1023900000088AE4236820465B6A9847C7B2013088
:1023A00039467FF48BACFF2100240F4686E444209D
:1023B000F3F722FB00238146C0E90133C3600374B5
:1023C000A0F81130436380F84330C0E90533C0E919
:1023D0000733C0E90933C0E90B33A34B03602A9BE1
:1023E00003F16C010CF05AFE2A9B49463246D86E26
:1023F000F7F7CAFF57F826B0FFF7D7BBD8E9022393
:102400009A4280F0F780002026E6D8E902239A421B
:1024100080F00581002318E5D4E902239A4280F078
:102420000A81002600E5039E4BE69DF80C9096E598
:10243000236820465B6A9847411C05467FF442ADFD
:10244000012300249946099313E5D8F8003040464B
:102450005B6A9847421C0ABF3B4600234FF00008C6
:1024600016E5B4B1B9F1000F13D0D4E902329342AA
:1024700080F02D81DBF81C201978127891427FF4CE
:102480007EAEDBF8202007920133A3604FF0FF35CA
:102490001AE72B46DBF81C20DBB212789A427FF455
:1024A0006EAEDBF82010D4E9023207919342EBD3F1
:1024B000236820469B6A9847E8E7C4B1B9F1000F4A
:1024C00015D0D4E90232934280F0F880DBF8242062
:1024D00011781A7891427FF41AAFDBF8282007921E
:1024E0000133A36001264FF0FF350C96FEE42B4626
:1024F000DBF82420DBB212789A427FF408AFDBF8D5
:102500002810D4E9023207919342E9D32368204688
:102510009B6A9847E6E7236820465B6A9847421C17
:1025200008BF0024BCE4236820465B6A9847411C2E
:102530007FF491AE002448E4236820465B6A984704
:10254000461C08BF00241FE40123314612A8009353
:1025500000231A4616F092FD129B0AE523682046D6
:102560005B6A9847411C05467FF455AE0123002461
:102570001F46099329E6D4E9023293426AD20899A8
:102580001A7889698A5C12F008067FF4D1ADBAF135
:10259000030F7FF492AC4FF0FF35FFF7CFBBD4E9C8
:1025A00002239A4262D20027D7E5D4E902239A4255
:1025B00070D2002799E6501ECAB100283FF4B9AC8A
:1025C000BCE6002622E6236820465B6A9847431C47
:1025D00008BF00240DE6D8E902239A4262D2002304
:1025E000CAE5D8E902239A4248D200238CE6189B18
:1025F0001A709EE4D8F8003040465B6A9847A0F114
:10260000FF30B0FA80F0400926E5236820465B6A77
:102610009847431C0ABF37460027002410E5D8F826
:10262000003040465B6A9847421C0ABF4B46002375
:102630004FF0000809E4236820465B6A9847411C74
:102640007FF4EFAE0024FFF7EFBB236820469B6AC0
:1026500098476FE5236820465B6A9847461C034607
:1026600008BF002457E500BF7C650410236820469E
:102670005B6A9847411C96D100246EE5D8F800307B
:1026800040465B6A9847421C0ABF334600234FF01E
:10269000000839E6236820465B6A9847411C88D1C8
:1026A000002422E6D8F8003040465B6A9847421C76
:1026B0000ABF334600234FF000085DE5236820463B
:1026C0005B6A9847461C034608BF002410E723684E
:1026D00020465B6A9847461C034608BF0024D9E69B
:1026E000002E3FF49BAC20E40BF058FD02E018A84C
:1026F00016F096FC12A816F093FC21F003FA21F0D4
:1027000071FBD9F8003048465B68984721F06CFFB0
:1027100021F068FBFAE721F0A3FB21F0F3F900BFF9
:102720002DE9F04790B08C46054606AC0DF1300817
:102730001C9F0DF128099DF8681008AECDF828807F
:1027400084E80C0000231B9A0B938DF8303018ABF3
:102750000292CDE9037931B393E803008DE80300D9
:102760006146304694E80C00FEF71AFCDDF828A01C
:1027700096E8030084E80300F7F7E6FB33461D996B
:1027800008903A46504622F091FB0A9B94E80300D9
:10279000434585E8030002D01846F3F731F928468F
:1027A00010B0BDE8F08793E803008DE803006146B0
:1027B000304694E80C00FFF7D3F9D7E7484616F007
:1027C0002FFC21F09FF900BF2DE9F04F93B0054693
:1027D00047480E461F9F08AC9DF878A084E80C007F
:1027E000F7F74CFEFB6E5B6853F82080B8F1000FE2
:1027F00076D000230DF138090D938DF83830CDF8DF
:102800003090BAF1000F44D10CAB02970AAF049399
:10281000209B03931CAB93E803008DE80300314633
:10282000384694E80C00FFF79BF997E803000D9FEA
:1028300084E80300002F44D000223946219816F086
:1028400015FD98F81C30219A0C9E012B126806EB9E
:10285000070A07923BD0002B35D0D8F80030D3F8C8
:102860001CB0244B9B4535D1B2452AD031463A465F
:10287000079832F005F80C9E4E4594E8030085E871
:10288000030002D03046F3F7BBF8284613B0BDE88A
:10289000F08F0CAB02970AAF0493209B03931CAB01
:1028A00093E803008DE803003146384694E80C00B5
:1028B000FEF776FB97E803000D9F84E80300002FE6
:1028C000BAD10C9ED8E74046FDF75EFDC5E7B2459C
:1028D000CCD1D1E7079B524631464046D847F0E776
:1028E0000BF05CFC0CA816F09BFB21F00BF900BF71
:1028F00050470020190301102DE9F04F9DB0074605
:102900009F480DF1280ADDF89880DDF8A0B08AE82C
:102910000C009DF89C300393F7F7B0FDD8F86C30AD
:102920005B6853F82090B9F1000F00F0F4819548EE
:10293000F7F7A4FDD8F86C300446DE6856F820504E
:10294000002D00F07E8195F83830DBE900613278A7
:102950009A4200F090802B6B0D93EB6905932B6AE4
:1029600002933144B1420DD9D9F81800334601E041
:10297000994212D01C4613F8012B825C5207F7D4FF
:10298000A41B0DD100239AE80300C8F8083087E89B
:10299000030038461DB0BDE8F08F0C46A41BF1D0F3
:1029A0000023610010A811938DF8483012AB1093EA
:1029B00016F0D8FBEB6AA4EB0309B9F1000F23DD95
:1029C000E96839EA230928BFA146119A002900F0D5
:1029D0005D8100214FEA490310A8009116F0EEFB3B
:1029E00006EB0900A97CD5E9022301900096109816
:1029F0000DF0F2F9109A119B821A9A4200F284812A
:102A0000002311920370EB6A002BDDF844B000F351
:102A1000EB80029B03EB0B02D8F80C3003F0B00103
:102A200004920691990500F1C980002316A8179316
:102A30008DF8603018AB1693049B590016F092FB8A
:102A4000069A0DACD8F808900DF1380B049BA2F152
:102A50001002179EB2FA82F299454FEA521298BFBD
:102A60000022079214F8013B042B1BD8DFE803F087
:102A70006B8E79550E006B6B0D936B6A0593AB6A89
:102A8000029300293FF47EAF01366AE76FF04043BE
:102A9000DDE910129B1B9A4200F23A8116A816F04B
:102AA000BFFC179E5C45DDD1029B012B00F28A80A2
:102AB000B14540F29780069AA9EB0603202A039AB3
:102AC000009200F0B880002216A8114616F076FB9E
:102AD0009DF82C40169B0A9D4CB919462B684A4616
:102AE00028461B6B9847814518BF0124169B18AADE
:102AF0000E958DF83C4093429BE803000A908DF8B8
:102B00002C1002D01846F2F77BFF109812AB9842B7
:102B10003FF438AFF2F774FF34E7029B002BC1D0CB
:102B2000059A711C169B12780892721C099218AAB9
:102B3000934214BF189A0F22914200F2C180089A62
:102B400009999A5534E0079B002BABD0039B314683
:102B5000002216A80093049BA9EB030316F02EFB9A
:102B60009FE7D8F80C309B059CD56FF04043D5E922
:102B700005129B1B9A4291D903480BF037FB00BF0B
:102B8000504700206C470020084D0410079B002B85
:102B9000DCD1721C169B711C089218AA934214BFB8
:102BA000189A0F22914200F29F80039A08999A5531
:102BB000169B002217915A54179E73E7AB691A446B
:102BC000049232E75A1E6FF0404305999B1B013176
:102BD0009A4200F2968016A816F022FC179EB14584
:102BE0003FF669AFB14673E76A7C109B06920BF122
:102BF0000102049212AA0499934214BF129A0F225E
:102C0000914267D8069A049903F80B200022109B82
:102C1000914511915A5441DB119A6FF0404306EBF4
:102C200009019B1AEA6A9A4268D810A816F0F8FBC4
:102C3000DDF844B0EDE63146002216A816F0BEFAE3
:102C400046E74420F2F7D8FE002308F16C01054660
:102C5000C3600374A0F81130436380F84330C0E9C7
:102C60000133C0E90533C0E90733C0E90933C0E9DE
:102C70000B33374B03600CF0E5FB29462246D8F8AE
:102C80006C00F7F781FB56F824505CE6334610A839
:102C9000CDF8009016F064FBEB6AB5E695F83910B4
:102CA000C9F1000310A80091119916F087FA6FF08E
:102CB0004043119A9B1A9C422FD822463146B4E7D2
:102CC0000123314616A8009300231A4616F0D6F9C0
:102CD000169B34E70123594610A8009300231A4697
:102CE00016F0CCF9109B8DE70123314616A800930E
:102CF00000231A4616F0C2F9169B56E715480BF04A
:102D000075FA14480BF072FA134914480BF09EFA46
:102D100010480BF06BFA0BF041FA0E480BF066FA14
:102D200021F060F82B6828465B68984721F05CFC2E
:102D300021F058F8FAE721F093F820F0E3FE16A806
:102D400016F06EF910A816F06BF920F0DBFEF9E72B
:102D50006C650410084D0410C44D04106C4C041034
:102D60002DE9F04F9DB007469F480DF1280ADDF888
:102D70009880DDF8A0B08AE80C009DF89C300393A1
:102D8000F7F77CFBD8F86C305B6853F82090B9F10A
:102D9000000F00F0F4819548F7F770FBD8F86C301D
:102DA0000446DE6856F82050002D00F07E8195F82C
:102DB0003830DBE9006132789A4200F090802B6B6A
:102DC0000D93EB6905932B6A02933144B1420DD9FF
:102DD000D9F81800334601E0994212D01C4613F886
:102DE000012B825C5207F7D4A41B0DD100239AE873
:102DF0000300C8F8083087E8030038461DB0BDE876
:102E0000F08F0C46A41BF1D00023610010A8119391
:102E10008DF8483012AB109316F0A4F9EB6AA4EBCE
:102E20000309B9F1000F23DDE96839EA230928BF56
:102E3000A146119A002900F05D8100214FEA490363
:102E400010A8009116F0BAF906EB0900A97CD5E9A3
:102E500002230190009610980CF0BEFF109A119B6F
:102E6000821A9A4200F28481002311920370EB6A65
:102E7000002BDDF844B000F3EB80029B03EB0B0268
:102E8000D8F80C3003F0B00104920691990500F1D6
:102E9000C980002316A817938DF8603018AB1693DD
:102EA000049B590016F05EF9069A0DACD8F808900C
:102EB0000DF1380B049BA2F11002179EB2FA82F2B8
:102EC00099454FEA521298BF0022079214F8013B2D
:102ED000042B1BD8DFE803F06B8E79550E006B6B6B
:102EE0000D936B6A0593AB6A029300293FF47EAFA2
:102EF00001366AE76FF04043DDE910129B1B9A42EE
:102F000000F23A8116A816F08BFA179E5C45DDD1C7
:102F1000029B012B00F28A80B14540F29780069A0D
:102F2000A9EB0603202A039A009200F0B880002241
:102F300016A8114616F042F99DF82C40169B0A9DE2
:102F40004CB919462B684A4628461B6B9847814561
:102F500018BF0124169B18AA0E958DF83C40934289
:102F60009BE803000A908DF82C1002D01846F2F767
:102F700047FD109812AB98423FF438AFF2F740FD8E
:102F800034E7029B002BC1D0059A711C169B127866
:102F90000892721C099218AA934214BF189A0F2221
:102FA000914200F2C180089A09999A5534E0079B32
:102FB000002BABD0039B3146002216A80093049B44
:102FC000A9EB030316F0FAF89FE7D8F80C309B053D
:102FD0009CD56FF04043D5E905129B1B9A4291D9CD
:102FE00003480BF003F900BF50470020684700205A
:102FF000084D0410079B002BDCD1721C169B711C22
:10300000089218AA934214BF189A0F22914200F214
:103010009F80039A08999A55169B002217915A543B
:10302000179E73E7AB691A44049232E75A1E6FF099
:10303000404305999B1B01319A4200F2968016A8E5
:1030400016F0EEF9179EB1453FF669AFB14673E74A
:103050006A7C109B06920BF10102049212AA049959
:10306000934214BF129A0F22914267D8069A04998C
:1030700003F80B200022109B914511915A5441DB1B
:10308000119A6FF0404306EB09019B1AEA6A9A42D3
:1030900068D810A816F0C4F9DDF844B0EDE6314662
:1030A000002216A816F08AF846E74420F2F7A4FC9E
:1030B000002308F16C010546C3600374A0F81130C9
:1030C000436380F84330C0E90133C0E90533C0E908
:1030D0000733C0E90933C0E90B33374B03600BF00A
:1030E000DDFF29462246D8F86C00F7F74DF956F86F
:1030F00024505CE6334610A8CDF8009016F030F965
:10310000EB6AB5E695F83910C9F1000310A80091F3
:10311000119916F053F86FF04043119A9B1A9C4294
:103120002FD822463146B4E70123314616A8009332
:1031300000231A4615F0A2FF169B34E701235946D7
:1031400010A8009300231A4615F098FF109B8DE7F6
:103150000123314616A8009300231A4615F08EFF6E
:10316000169B56E715480BF041F814480BF03EF853
:10317000134914480BF06AF810480BF037F80BF0BD
:103180000DF80E480BF032F820F02CFE2B68284684
:103190005B68984721F028FA20F024FEFAE720F037
:1031A0005FFE20F0AFFC16A815F03AFF10A815F04E
:1031B00037FF20F0A7FCF9E77C650410084D0410E8
:1031C000C44D04106C4C04102DE9F04F93B08246AE
:1031D00004AF07F1100BB96007F11C008BE80C007D
:1031E00097F86030FB6097F868307B607B6E03F186
:1031F0006C01D7E91C89F6F799FE4C48F7F73EF9C0
:10320000FB695B6853F82060002E00F0828090B06C
:1032100004ADF6F799FE0023386240222946009358
:1032200007F12000424BCDE90289FDF77BFE3F28E4
:1032300004464BDC07F128080022214607F1200054
:10324000C7F8208015F0F4FE337F05EB04093A6AD5
:10325000012B3A6008D0002B50D03368DB691A4646
:103260009C46344B9A424DD1A94504D0224629466A
:10327000386831F005FBFB68D3B97B685046019391
:103280007B6E009307F12003B96802939BE80C0062
:10329000FFF766FD386A404501D0F2F7B1FB07F150
:1032A0001C00F6F7CFFE50463C37BD46BDE8F08F18
:1032B0007B68504601937B6E009307F12003B96849
:1032C00002939BE80C00FFF717FBE3E700F108030C
:1032D000013423F00703ADEB030D04ADF6F734FE24
:1032E000002322462946CDE90289386207F12000F1
:1032F00000930F4BFDF716FE04469BE73046FDF7A3
:1033000043F8AAE73B684A46294630466446A04748
:10331000B1E70AF043FF03E007F1200015F080FE5B
:1033200007F11C00F6F78EFE20F0ECFB5047002062
:10333000D84D04101903011030B587B004460DF1C3
:10334000100C9DF828508CE80C000B9B9DF8302049
:1033500055B10D9D0093CDE901259CE80C00FFF7C8
:10336000CBFA204607B030BD0D9D0093CDE9012575
:103370009CE80C00FFF7F4FC204607B030BD00BF0E
:103380002DE9F04F85B005466248984604A9149C83
:103390001646DDF838A001E90C00F7F76FF8E36E88
:1033A0005B6853F82090B9F1000F00F0B1800F9BDB
:1033B00000240095A3F1FF3B2746BBFA8BFB4FEAA5
:1033C0005B1BA8F1FF31B1FA81F14909002E0CBF56
:1033D000002501F00105002D37D10D46BAF1000F8F
:1033E00002D0BBF1000F36D185EA0B05139B9F423B
:1033F00050D2002D4ED00EB100293ED15FFA88F197
:103400000D464D4495F81D3153B9D9F80030424A64
:103410001B6A934238D12A293CD00B4685F81D11EE
:10342000303BDAB2092A35D804EB840403EB4404B8
:10343000129B9C4253DCD6E90232934242D20133C2
:10344000B36001374FF0FF38BBE7D6E902239A4259
:1034500047D20025C2E7DAE902239A42C6D3DAF856
:103460000030504601915B6A984701300199BDD107
:1034700085F001054FF0000AB8E7D6E90232934221
:1034800039D219780D46BCE72A22484698470146AA
:103490002A29C2D1003F119B009D18BF01279C42E1
:1034A000B8BF002717B1129B9C4210DD159B284620
:1034B000159A1B6843F00403C5E90068136005B062
:1034C000BDE8F08F336830469B6A9847B9E7109B98
:1034D00028461C60C5E9006805B0BDE8F08F009D76
:1034E000E4E73368304601915B6A984701300199FF
:1034F000AFD1002672E7336830465B6A9847431CB9
:1035000002D0C1B20D467CE7FF250026294678E7A8
:103510000AF044FE50470020B50201102DE9F04F9B
:1035200093B04FF0000B0446AF480EAE0F46CDF8F7
:1035300044B0DDE91E9886E80C00DDE91CA5F6F72D
:103540009DFFD9F86C305B6853F820300993002B4D
:1035500000F09D8111AB0221A5F1FF35CDF8189047
:1035600007936323CDF80CB00DF13009B5FA85F55A
:10357000CDE9043110AB6D0902931CABDA450CBFE9
:103580004FF0000B05F0010B93E803008DE80300FA
:103590003946484696E80C00FFF7F2FE119A99E882
:1035A000030086E803000B46064622B3A1F1FF376D
:1035B000D8F80020B7FA87F742F004027F09C8F86C
:1035C000002000280CBF4FF0000907F00109B9F1F5
:1035D000000F2FD1BBF1000F35D1AF4205D1D8F884
:1035E000002042F00202C8F800202046C4E900632F
:1035F00013B0BDE8F08FA1F1FF37B7FA87F77F0965
:1036000000280CBF4FF0000907F00109B9F1000FC5
:103610007BD13946BBF1000F70D12A46914219D1B6
:10362000109A442A01DC6432109220994A61B9F15F
:10363000000FCFD0D6E90212914280F0BD80002762
:10364000BBF1000FC9D0DAE90212914280F0A780E5
:103650000025C2E7B9F1000F40F09280D9B20A46C6
:10366000099800EB020999F81D2162B90268126AF3
:10367000104694465D4A904240F089802A292DD018
:103680000A4689F81D11A2F130095FFA89F2092A68
:1036900024D8D6E902218A4280F0AA80109B013208
:1036A00003EB8303B26009EB430310938A421CD2FD
:1036B0000027BBF1000F5DD12B469F4239D1B6F1F7
:1036C0000009109A18BF4FF00109A2F26C722099FC
:1036D00001274FF0FF3310924A61A8E7002E0CBF7C
:1036E0004FF0000907F001099AE7336830465B6A3A
:1036F00098470130DCD101270026DAE7DAE9020237
:10370000904280F08C80002288E7D0E90201884254
:1037100001D211467EE731683046CDE90A32496A66
:1037200088470130DDE90A32F3D149461646914611
:1037300070E7002E69D0D6E90232934280F09C8077
:1037400019784FF001090B460998C71897F81D2101
:103750004AB90368254A1B6A93425CD12A2907D0DB
:103760000A4687F81D11A2F13007FBB2092B2FD9A9
:10377000109AAAE7DAE902239A4261D200239CE771
:10378000D6E902218A4267D211780A4668E70A938D
:103790002A226346099898470A9B01466EE7DAF8A1
:1037A000002050460993526A9047A0F1FF35099BCB
:1037B000B5FA85F56D0910E7326830460993526A0B
:1037C00090470130099B0ABF4F460027002601E7BA
:1037D000D6E9023293424AD20133B360109B03EB25
:1037E000830307EB430270E750470020B502011046
:1037F000336830469B6A9847109B03EB830309EBC1
:103800004303D6E90221109350E74FF00009FF234C
:103810004E46194698E72A22984701469EE7DAF86D
:1038200000205046CDE90A31526A90470130DDE967
:103830000A317FF468AF5A464FF0000BDA46EDE6E6
:10384000DAF8003050465B6A9847013096D15B4603
:103850004FF0000BDA4630E7326830460A93526A7E
:103860009047421C0A9B14D0C1B20A46F8E633685E
:1038700030469B6A9847B1E7336830465B6A9847A1
:10388000431CC2D0C1B24FF001090B465CE70AF0FD
:1038900085FCFF2200261146E2E600BF2DE9F04F2D
:1038A00091B000AF07F140013861A14801E90C0077
:1038B000D7E91E84BB6EBD6BFA6BFB617D627A63D8
:1038C000F6F7DCFDE36E5B6853F82040002C00F057
:1038D00090837A6B6B46A2F1FF36A3EBC803B6FA6E
:1038E00086F69D46DB087609EA467B61002D0CBF13
:1038F000002506F00105002D40F0BF823546FB6E25
:10390000F969A3F1FF33B3FA83F35B093B62002942
:103910000CBF002303F001039946002B40F0A58261
:10392000D7F82090A94510D1D7F88030D7F880106B
:103930001B6843F004030B603B69796A44371846FF
:10394000C3E90012BD46BDE8F08F7B6A13B1002EBB
:1039500040F09A82D5B2236829467A6320461B69D3
:1039600098472368B86229469B68204698477A6B37
:10397000B8F1000FD8D04FEA88010023C146BA61E0
:10398000F9600AEB88011D46D7F82880F962796F43
:103990000E1FC7E90C0AB346A2461E460DE0DBF82F
:1039A000002050461178DAF80020926890473B6B6F
:1039B00083420CD00136B14517D05BF8042F504636
:1039C0001178DAF80020126990478045E7D1DBF8DA
:1039D0000000AC002AF076FAFB6A43F825000135B6
:1039E0007B6B1E510136B145E7D1012D5446BA69B2
:1039F000D7F834A03E6040F2FE82FB684FF0000B27
:103A00007A6953F83220AB00BB62FB6AA3F1040968
:103A1000C7F81890B9691646B86AFB6A081853F8CF
:103A2000041F8E4228BF0E469842F8D1786A0BF1E7
:103A3000010BD0E902318B4280F0EC8001335E450E
:103A4000836000F0F2806FD97B6AD3E902239A4247
:103A500080F089810026D7E90731002B0CBF0021B7
:103A600001F00101002965D1396A8E426AD07A6A73
:103A7000002A4AD0D2E90232934280F0E6811978D6
:103A8000236820461B6998477A6A7863D2E9023234
:103A9000934280F0D1811978236820469B6898472B
:103AA000002D41D00026386317E02368204618F81F
:103AB0000B109B6898473B6B83421ED0013DFA6A0E
:103AC0005AF82530AE424AF809304FEA8503BB6206
:103AD00052F8253042F8093012D25AF826302046E2
:103AE0007A6F4FEA860952F82380236818F80B1082
:103AF0001B6998477B6B9842D7D10136AE42ECD315
:103B0000012D1FD9FB6A1A6884E72368FF2120462C
:103B10001B69984700237863FF217B622046236856
:103B20009B689847002DBDD14FF0FF32FCE600BFE7
:103B300050470020D3E902239A4280F0718100218E
:103B40008E4294D14FF0FF32012D7FF4EDAE7A6AB0
:103B5000D2E902318B4280F09F81013393600BF1F7
:103B6000010BDAF80050FB687A6953F832807B6FFA
:103B7000C34553F8256080F021817B6A5E44002BA9
:103B80003FD14FF00109D7E90732002B0CBF0022CB
:103B900002F00102002A40F008813A6A914500F0E3
:103BA0000D812368204631781B6998477B6A8146DE
:103BB000002B40F008812368FF2120461B699847AD
:103BC000484500F0DB802368204631789B689847A1
:103BD0000023FF2181467B62236820469B6898472B
:103BE000484540F0EB807A6AD2E902318B4280F09E
:103BF000CD800BF1010B01330136D845936000F005
:103C0000CF807B6AD3E90213994280F04A814FF05A
:103C10000009B8E7786A7A6303689B6A98475E454B
:103C20007A6B7FF410AF7B6AD9687B6A9B688B42A2
:103C300080F091814FF00008D7E90736002B0CBFC8
:103C4000002606F00106002E40F008813E6A464537
:103C500000F0D380796A002900F0D680D1E90231E2
:103C60008B4280F06C811978236820467A631B6947
:103C700098477A6A3863D2E902317A6B8B4280F0D6
:103C800050811978236820467A60AAF104099B685C
:103C900000269847C7F808A0D7F81880A24678638E
:103CA00059F8042F7B6F53F8224058F8042F5A45D7
:103CB00015D9DAF80020504614F80B101269904715
:103CC0003B6B984200F09B80DAF80020504614F8D5
:103CD0000B10926890477B6B834200F09080013616
:103CE000AE42DDD154460026D7E9012A1346002111
:103CF000D7E90A0204E00131A94215D252F8213075
:103D0000ABEB0303B3FA83F35B09B342F3D1013D99
:103D10005AF82530A9424FEA85004AF8213052F876
:103D2000253042F82130E9D3B862002E00F0DA8065
:103D3000FB6A012D1A6809D90146B869081853F8B9
:103D4000041F8A4228BF0A468342F8D19345BFF434
:103D5000F9AE7B6A002B3FF47EAE7B6AD3E9022387
:103D60009A42FFF477AE786A03685B6A984701303D
:103D70007FF470AE002301267B626CE600237B6239
:103D80007A6AD2E902318B42FFF433AF786A0BF1E1
:103D9000010B013603689B6A9847D8457FF431AF21
:103DA0003B6F4FF0FF321D60C6E5D3E90213994225
:103DB00080F08380002291457FF4F3AED845EFD0A8
:103DC0004FF0FF32B0E5D3E902318B4280F08180C1
:103DD0001978236820461B69984781453FF403AF53
:103DE0002368204631789B6898477A6A8146D2E9F1
:103DF00002318B427CD21978EEE6002676E75446F3
:103E00000126D7E9012A71E72368FF217A6320465A
:103E10001B6998470023FF217A6B38637B6231E787
:103E2000F869796303685B6A98470130796B7FF4BE
:103E300086AE0023FB6118E6786A03685B6A9847E0
:103E40000146481C77D0C9B226E6786A03685B6AE7
:103E50009847461C3FF459AEC1B211E6D3E90213AC
:103E6000994280F09D800026F1E6D1E90213994243
:103E700080F08A804FF0000954E57B6AD3E9021391
:103E8000994276D200253AE5796AD1E902318B422E
:103E900080F096801D785EE5786A03689B6A984793
:103EA0005DE6786A03685B6A984701307FF4AFAEDD
:103EB00000234FF001097B6265E6F8697A630368C5
:103EC0005B6A984701307A6B7FF474AF0023FB6123
:103ED00064E6786A03685B6A9847421C3FF46BAEFD
:103EE000C1B276E7022D0BD0012D7FF41DAE38E66E
:103EF000786A03685B6A9847431C5DD0C1B26BE681
:103F00003A68D3073FF510AEDAF800505308DAF8F4
:103F10000410B5EB520F5DD22B448B427FF404AEFC
:103F200021E6786A7A6303685B6A9847421C7A6B79
:103F300064D0C1B2A6E60023FF217B62ACE5786ABB
:103F40007A6303685B6A984701467A6B481C3FF4C2
:103F50005BAFC9B288E6786A7A6303685B6A9847A0
:103F600001307A6B7FF466AE00234FF001087B626C
:103F700062E6786A7A6303685B6A984701307A6B15
:103F800080D100237B62BAE4F8697A6303685B6AD4
:103F9000984701307A6B7FF46DAF0023FB61C1E479
:103FA000F8697A6303685B6A984701307A6B7FF43B
:103FB0005AAF0023FB614AE60023FF217B620BE638
:103FC000786A7A6303685B6A9847461C7A6B19D0F3
:103FD000C5B2C0E4EB1A8B427FF4A6ADCAF800303C
:103FE000FB6AFA685B68796942F83130DAF80050A8
:103FF000B9E50AF0D3F84FF0000BA5E50023FF2147
:104000007B623FE60023FF257B62A4E42DE9F04FAD
:104010008BB000AF07F128017C6EB860AC4801E9B5
:104020000C003B6D7D6A3B61D7F820A0FD61F6F77F
:1040300025FAE36E5B6853F82090B9F1000F00F0A9
:104040009581A5F1FF356A463B6EB5FA85F5A2EB81
:10405000C3036D099D46BAF1000F0CBF002605F0A1
:104060000106E846002E40F015817B6DA3F1FF3379
:10407000B3FA83F35B091C46BB613B69002B0CBFA1
:10408000002404F00104002C40F00A81BC69A54220
:1040900040F0A6800024FB6D26467C61FA69A2F1FF
:1040A000FF39B9FA89F94FEA5919BAF1000F0CBF73
:1040B000002109F0010100296FD14946BA69386928
:1040C00000280CBF002202F00102002A3FD1BA6989
:1040D000914247D0BAF1000F02D0B9F1000F63D17D
:1040E00097F81CE0002C48D000227D69944604E03B
:1040F0000CF1010C0132944218D955F822104FEA04
:10410000820905EB8200B142F2D958F8221053F827
:104110002110895D714518D0013C58F82410944253
:1041200048F8091055F824100160E6D864457D610F
:1041300018D0DAE902218A423ED20132CAF80820B8
:104140004FF0FF320136FA61A8E70132D3E70546A6
:104150008068F860E868FD68854280F0A7800022EA
:104160009142B7D1012C7D692ED0022C05D12B684C
:10417000B3422CD06B68B34229D0BB6EBA6E1B68B9
:1041800043F004031360BB68FA692C371846C3F880
:1041900000A05A60BD46BDE8F08FDAE902208242F5
:1041A00080F09880002189E7DAE902218A4280F0D4
:1041B000A08092F800E095E7DAF800205046FB6511
:1041C000926A9047FB6DBBE72B68B342D5D13A6E3C
:1041D000D8F800309342A8BF9B1ABA6D1360D2E79B
:1041E000002E40F0938097F81CB03B6E5A003FF4CD
:1041F00051AF0025FB6DC7F814A0CA461E1F2C4600
:10420000914609E0DAF800205046926890475845F8
:1042100007D001354D450AD056F8042F117859457D
:10422000F0D148F82450013501344D45F4D1D7F888
:1042300014A0002C3FF42EAFDAE902239A4280F05A
:104240008F800132CAF80820A600A8F10409FC6199
:10425000F31DFC6D4E4423F00703ADEB030D6D46DB
:10426000A5F1040B5B46D346AA461D4659F8042F18
:1042700054F8220029F026FE4E4545F8040FF5D1EA
:1042800055464FF0FF33FC69DA46FB610126FB6DB2
:104290007D6103E7DAE902239A4247D20025E4E68A
:1042A000D3E902239A4238D20024F0E6FB653B6949
:1042B0007A601868F960D0F824B01846D847013001
:1042C000F9687A68FB6D7FF44AAF00203861FFE639
:1042D00050470020DAF800205046FB65F960526A2A
:1042E00090470130F968FB6D7FF45CAF4FF0000A36
:1042F000E4E6DAF800205046FB65526A9047B0F1D8
:10430000FF3FFB6D1DD05FFA80FEEBE6DAE902238A
:104310009A421BD292F800B067E7386903685B6A7B
:1043200098470130C0D100233B61B0E6DAF8003095
:1043300050465B6A98470130B0D135460026B246F8
:1043400093E64FF0FF0E4FF0000ACBE6DAF80030AC
:1043500050465B6A9847421C0AD05FFA80FB44E7EC
:10436000DAF8003050469B6A98476DE709F016FF6F
:104370004FF0FF0B4FF0000A37E700BF2DE9F04187
:104380009EB0054655480E460CACDDE9268784E80C
:104390000C00F6F773F8D8F86C30D3E9013290428C
:1043A00080F09A8053F82000002800F095800023C8
:1043B0004B4A4C491FF02CFA002800F08D8083688E
:1043C00000220F92DA6A17921A6B18925A6B19929E
:1043D0009A6B1A92DA6B1B921A6C1C925A6C1D9291
:1043E000DA6C11921A6D12925A6D13929A6D1492A0
:1043F000DA6D15921A6E9B6C169210930FABCDF876
:10440000148006930723049310AB03930EAB02931F
:1044100024AB93E803008DE8030031460AAE94E82C
:104420000C003046FFF7F2FD0F9B96E803000246B2
:1044300084E803003BB33B6843F004033B600D9EFC
:10444000A6F1FF36B6FA86F67609002A0CBF0023DD
:1044500006F00103DBB9259B2498A3F1FF33B3FADF
:1044600083F35B0900B1C3B99E4203D13B6843F0BB
:1044700002033B600C9294E8030085E803002846A1
:104480001EB0BDE8F0810E9B28998B61D7E7D2E979
:104490000201884207D20026DDE7D0E902139942E3
:1044A0000FD20023E0E71168104609930892496A89
:1044B0008847099B0130089A0ABF1E460026002241
:1044C000C9E7036808925B6A9847A0F1FF33089A2E
:1044D000B3FA83F35B09C7E709F060FE9846002052
:1044E000C8830410605D04102DE9F04FB3B0054699
:1044F00073488B4616ACDDE93E7884E80C00F5F78E
:10450000BDFFFB6ED3E90132904280F0D78053F8B3
:104510002000002800F0D28000236A4A6A491FF078
:1045200077F9002800F0CA8083680DF1640A4FF023
:104530000C0914AED3F89820596E1B92D3F89C2026
:10454000986E1C92D3F8A0200C911D92D3F8A42051
:10455000D96E1E92D3F8A8200E901F92D3F8AC20EB
:10456000186F2092D3F8942011911A92996FD3F872
:10457000B02010901292D86F5A6F0A91D3F8801021
:104580000B9208900991D3F88400D3F890200D90F5
:104590000F92D3F8B420D3E92201D3E92EECD3F85B
:1045A000C0301392129ACDF8109021920B9ACDE957
:1045B00024C30C9B2A9226930E9B2793119B28932E
:1045C000109BCDE9057A2993139F0A9BCDE9227EA2
:1045D0002B93089B30912C93099B2D930D9BCDE938
:1045E0002E300F9B31931AAB039318AB0293002329
:1045F00019933CAB93E803008DE80300594630461D
:1046000094E80C00FFF702FD199B96E803000246B0
:1046100084E803005BB3D8F8003043F00403C8F823
:104620000030179EA6F1FF36B6FA86F67609002A04
:104630000CBF002706F00107EFB93D9B3C98A3F1A2
:10464000FF33B3FA83F35B0900B1D3B99E4205D1BE
:10465000D8F8003043F00203C8F80030169294E80E
:10466000030085E80300284633B0BDE8F08F189BAF
:1046700040990B61D5E7D2E90213994207D200268F
:10468000DBE7D0E9021399420DD20023DEE713687D
:10469000104608925B6A98470130089A0ABF3E4666
:1046A00000260022C9E7036808925B6A9847A0F1D8
:1046B000FF33089AB3FA83F35B09C7E709F06EFD8D
:1046C00098460020C8830410605D04100039084B30
:1046D00018BF012110B5C0E900310446F5F734FCDC
:1046E000A060204610BD2046F5F718FC1FF00AFA1E
:1046F000EC74041010B504464068421C236800D1D5
:1047000003B910BDD3E902218A4201D2107810BD4D
:104710001A681846536A9847431CF2D10023236055
:1047200010BD00BF2DE9F04FBDB0064688480D9181
:1047300020A9499FDDF818A181E80C00F5F79EFE3D
:10474000489BDB6ED3E90132904281F0898153F8B6
:104750002000002801F0848100237E4A7E491FF05A
:1047600057F80E90002801F07B817C48F5F786FE13
:10477000489BDB6E5B6853F82090B9F1000F01F0A5
:104780006F814B9829F09EFB0023499757469B4623
:104790002293479B209D0A93219B099008930C9696
:1047A000089BA3F1FF33B3FA83F35B09002D0CBF21
:1047B000002403F00104002C40F0C8811C460A9A32
:1047C000A2F1FF36B6FA86F6760917B1002E40F050
:1047D000C4817440E4B2099A93452CBF002404F0CC
:1047E0000104229A002C00F0CB81002A40F01582AF
:1047F0004B9A12F80B1002EB0B0A09EB01020D4663
:1048000092F81D215AB9D9F80000D0F820805448F8
:1048100080453FD131B14D440A4685F81D11252A06
:1048200000F0A0809AF80010D9F81820209D12F806
:10483000018018F0080840D1D9F8002048460B93B1
:104840001269904704461DB10B9B002B40F0C881B4
:104850009DF82010D9F8003048461B6998478442DB
:104860001FD0D9F8003048469AF800109B68984746
:104870009DF820100446D9F8003048469B689847B8
:10488000A0420DD0229B43F004032293209D0BF104
:10489000010B85E70B934846C0470B9B0146B9E7E0
:1048A000209DD5E90232934280F0D5810133AB607F
:1048B0004FF0FF3321930893E9E7002D0CBF4FF031
:1048C000000C03F0010CBCF1000F1CD1002F0CBF39
:1048D000002206F001023ABB32469A42D7D0BCF120
:1048E000000F28D10898C0B2D9F818301B5C1907FE
:1048F000CDD5D5E90232934280F00E810133AB6011
:104900004FF0FF332193D5E902239A4280F01081C2
:104910004FF0FF33002F0CBF002206F00102A44627
:1049200008930023002AD7D0D7E90210814280F0F3
:1049300082810022D1E7D5E90232934280F0908152
:104940001978D9F81820525C1207D7D49FE700BF16
:1049500098460020C8830410605D04105047002072
:10496000B50201104B9A0BF10105515D09EB0102F3
:10497000884692F81D2172B9D9F80000D0F820A01D
:10498000C548824540F04E81002900F04981C84465
:104990000A4688F81D110021452A239100F0048160
:1049A0004F2A00F00181AB46A2F12501002F0CBF78
:1049B000002506F0010554293FF664AF01A050F828
:1049C00021F000BF71540110854801108548011085
:1049D000854801108548011085480110854801105F
:1049E000854801108548011085480110854801104F
:1049F000854801108548011085480110854801103F
:104A0000854801108548011085480110854801102E
:104A1000854801108548011085480110854801101E
:104A2000854801108548011085480110854801100E
:104A300085480110454E01109D4C01109F540110F6
:104A40001F57011085480110854801108548011045
:104A5000FF5501106156011085480110854801106D
:104A600085480110CB56011085480110854801107A
:104A70008548011085480110995001100551011019
:104A8000595101108551011085480110ED51011057
:104A90004552011051520110C552011085480110B4
:104AA000854801108548011085480110854801108E
:104AB00085480110454E01109D4C0110ED4F01102D
:104AC000D54D0110D54D01108548011085480110C4
:104AD0009D4C011085480110894F01108548011037
:104AE0008548011045500110054F011085480110FF
:104AF000F953011085480110FD540110854801103B
:104B0000054F011085480110854801100755011017
:104B100067540110615501102B6828469B6A98471D
:104B20004FF0FF332193D5E902239A42FFF4F0AE10
:104B30002B6828465B6A98470346089001337FF448
:104B4000E7AE00252346AC462095BFE6D5E9021224
:104B5000914280F08F80002431E6D7E90212914221
:104B6000FFF439AE3A6838460B93526A90470130E9
:104B70000B9B7FF430AE84F001040027E4B22AE6F8
:104B80001346099A0C9E9345499F00D11BB13B687F
:104B900043F004033B6020AB93E8030086E8030086
:104BA00030463DB0BDE8F08F4B9A0BF1020B12F886
:104BB0000B1009EB01020D4692F81D21002A7FF42B
:104BC000F3AED9F80000D0F82080334880455DD19D
:104BD00000293FF457AE4D440A4685F81D11E3E61F
:104BE000D5E90232934280F0C5851978D9F80030B2
:104BF00048461B699847A0423FF453AED9F80030AD
:104C000048469AF800109B6898470446D5E9023256
:104C1000934280F0B98519782DE60C9E499FB6E73E
:104C2000AB462FE60B934846D04701460B9B002925
:104C30007FF4ADAEF4E738680B92D0F824803846A4
:104C4000CDE90F3CC04701300B9ADDE90F3C7FF402
:104C500070AE002741E62B6828469B6A984727E6F6
:104C60002B6828465B6A9847431C7FF43CAE0025BE
:104C7000209538E62A6828460B93526A90470130FF
:104C80000B9B7FF468AF0022209298E50B93484677
:104C9000C0470B9B01469BE7B50201100E9B22AA61
:104CA0004FF0180C0DF178089B68D3E91C019E6F3A
:104CB0001D91D3F884101C961A91DE6FD3F880E012
:104CC0001B965E6ED3E922A1D3E91A541991D3F849
:104CD00090101891D3F894101791D3F8981016915A
:104CE000D3F89C101591D3F8A0101491D3F8A41008
:104CF0001391D3F8A8101291D3F8AC101191D3F8F6
:104D0000B0101091D3F8B4100F91D3F8B8100B91E4
:104D1000D3F8BC10D3F8C03008911D9906922891A1
:104D20001A99CDF810C0CDE92C1A1999CDE924654E
:104D30002E911C9E189929962F911B9E1799CDE9AB
:104D40002640CDE92A6E30911699469731911599F2
:104D50003291149933911399349112993591119993
:104D60003691109937910F9938910B99399108998B
:104D7000CDE93A13489B059324AB039323AB0293ED
:104D800046AB93E8030020AB8DE803000D99404645
:104D90000CCBFEF783FD20AB98E8030083E803000B
:104DA000229B002B40F0AA81239AA44981FB023167
:104DB000D317C3EB610303EB4303A2EB83024A9BCC
:104DC0001A614C9B1B8843F481634C9A1380219B8E
:104DD00008935BE5209810B1002B40F04E859DF8BC
:104DE0002030D9F81820D35C1B0700F1F184489BD0
:104DF0004FF0020A1EAC4697069322AB07931F237F
:104E0000CDE9043A0123039323AB029346AB93E825
:104E1000030020AB8DE803000D9920460CCBFEF774
:104E2000AFFA20AB94E8030083E80300229B002B39
:104E300040F064814C9B239A1B884A9943F4826317
:104E4000CA60C2E70E9B4FF00E0C46979B68D3E9F1
:104E50001012D3E90E4011929A6C1092D3E915A268
:104E6000D3E913E80F92DA6D0B921A6ED3E90C6551
:104E70000892DB6A119A249322AB2A92109A299104
:104E8000CDE92740CDE92565CDE92B2E06931EAC53
:104E9000489B0F9ACDE904C324AB2F920B9A03933E
:104EA00023AB3092029346AB089A93E8030020AB01
:104EB00031928DE80300CDE92D8A0D9920460CCB67
:104EC000FEF7ECFC20AB94E8030083E80300229B90
:104ED000002B7FF47CAF239B0546594981FB0321BE
:104EE000DA171944C2EBA102C2EBC2029B1A4A9A1A
:104EF00093614C9B4C9A1B7843F002031370219BE7
:104F00000893C4E4209D002D0CBF4FF0000C03F06B
:104F1000010CBCF1000F1FD1002F0CBF002206F0C6
:104F2000010252BB32469A423FF4B1ACBCF1000FD1
:104F300040F01384089BDBB2D9F81820D35C1B0720
:104F40007FF5A5ACD5E90232934280F02784013386
:104F5000AB604FF0FF332193D5E902239A4280F0F2
:104F600076844FF0FF33002F0CBF002206F00102C1
:104F7000A44608930023002AD4D0D7E90210814226
:104F800080F08F840022CEE7489B4FF0030C1EACCC
:104F90004697069322AB07934FF4B773CDE9043CD1
:104FA0000123039323AB029346AB93E8030020ABAA
:104FB0008DE803000D9920460CCBFEF7E1F920ABFC
:104FC00094E8030083E80300229B002B40F09680C6
:104FD000239B4A9A013BD3614C9B1B7843F004030B
:104FE0004C9A209D1370219B089350E40E9B46978A
:104FF0009B689B6905934C9B1EAC06934A9B04934C
:10500000489B029322AB039346AB93E8030020AB8B
:105010008DE803000D9920460CCBFFF783FB20ABF6
:1050200094E8030083E80300229B002B66D14C9B8D
:105030005B7843F004034C9A5370C8E6ABAAAA2AE3
:1050400093244992489B02251EAC4697069322ABB7
:1050500007930C23CDE904350123039323AB02937B
:1050600046AB93E8030020AB8DE803000D99204682
:105070000CCBFEF785F920AB94E8030083E803002E
:10508000229B002B3AD1239B4A9A013B13614C9BF4
:105090001B7843F00803A3E799F81C30012B09D0D3
:1050A000002B00F0AA83D9F80030DC69804B9C42C9
:1050B00040F0B0837F4B0DF1900893E803002490FB
:1050C000ADF89410CDF8148046974C9B1EAC069317
:1050D0004A9B0493489B029322AB039346AB93E80D
:1050E000030020AB8DE803000D9920460CCBFFF7A1
:1050F00019FB20AB94E8030083E803000546089100
:10510000FFF7C5BB489B4FF002081EAC46970693BD
:1051100022AB07933D23CDE904380023039323AB4F
:10512000029346AB93E8030020AB8DE803000D9992
:1051300020460CCBFEF724F920AB94E8030083E86B
:105140000300229B002BD9D1239B4A9A1360219BF9
:10515000209D0893FFF79BBB99F81C30012B09D0C9
:10516000002B00F04283D9F80030DC69504B9C42A0
:1051700040F058830DF190084F4A434607CA03C3D5
:105180001A709FE7489B4FF0020E1EAC469706939D
:1051900022AB07933523CDE9043E0023039323ABD1
:1051A000029346AB93E8030020AB8DE803000D9912
:1051B00020460CCBFEF7E4F820AB94E8030083E82C
:1051C0000300229B002B99D1239B4C9A1B0411684E
:1051D00003F47C13394A43F020030A4013434C9AEA
:1051E0001360219B209D0893FFF751BB489B02252C
:1051F0001EAC4697069322AB07933523CDE90435C1
:105200000023039323AB029346AB93E8030020AB48
:105210008DE803000D9920460CCBFEF7B1F820ABCA
:1052200094E8030083E80300229B002B7FF466AF21
:10523000239B4C9A1B04116803F47C13204A43F00F
:105240004003CAE70E9B46979B681B6905933CE7A2
:10525000489B04211EAC4697069322AB079342F26B
:105260000F73CDE904310023039323AB029346ABC4
:1052700093E8030020AB8DE803000D9920460CCB8A
:10528000FEF77EF820AB94E8030083E80300229B3E
:10529000002B7FF433AF4C9B239A5B78A2F26C72A5
:1052A0004A9923F006034A6143F00403C3E600BFB2
:1052B00019030110EC4D0410F44D0410DFFFC0FF82
:1052C000BFFFC0FF209810B1002B40F0CF829DF8A7
:1052D0002030D9F81820D35CD8077FF5D3AA489B93
:1052E0000DF190080DF1780A4697059322ABCDF8A1
:1052F000088006930E230493984B039346AB93E8E0
:10530000030020AB8DE803000D9950460CCBFEF74F
:10531000C5FA20AB9AE80300A1F1FF340891B4FA72
:1053200084F4640983E8030000280CBF002304F020
:105330000103002B40F00A82002D40F03483A64286
:105340003FF4A4AA229B249A13437FF49FAA20A887
:10535000FFF7D0F999F81C30C4B2002B00F0DC83C1
:1053600099F84A309C420DD020A8FFF7C3F999F86C
:105370001C30C4B2002B00F0048499F848309C42E1
:105380007FF425AD22AB022400250D9E0793489B98
:10539000CDF808800693172303954697CDE904348A
:1053A00046AB93E8030020AB8DE80300314650463E
:1053B0000CCBFDF7E5FF22AB05940793489B0693C2
:1053C0003B23CDE90285049320AB9AE8030083E8F0
:1053D000030046AB93E8030020AB8DE803003146A1
:1053E00050460CCBFDF7CCFF20AB9AE8030083E8D6
:1053F00003000891FFF74ABA0E9B9A68136A249338
:10540000526A25921B78002B3FF440AA1378002B98
:105410003FF43CAA489B1EAC4697059322AB0693EB
:105420000223049324AB039323AB029346AB93E88C
:10543000030020AB8DE803000D9920460CCBFEF74E
:105440002DFA20AB94E8030083E80300229B002B95
:105450007FF454AE239B002B3FF4B9AC4C9B5B789C
:1054600043F00103E7E50E9B46979B689B68EDE6DA
:10547000209D15B1002B40F00D829DF8204099F839
:105480001C30002B00F0938199F84220A2423FF497
:1054900008AA229B43F004032293FFF7F8B9489B24
:1054A00002211EAC4697069322AB07936323CDE9F6
:1054B00004310023039323AB029346AB93E803002C
:1054C00020AB8DE803000D9920460CCBFDF758FF6B
:1054D00020AB94E8030083E80300229B002B7FF4B9
:1054E0000DAE4C9B4C9A1B88209D43F49063138017
:1054F000239B5360219B0893FFF7C9B90E9B4697E6
:105500009B689B6AA2E6489B4FF0010C1EAC469735
:10551000069322AB07930623CDE9043C00230393B3
:1055200023AB029346AB93E8030020AB8DE8030066
:105530000D9920460CCBFDF723FF20AB94E8030028
:1055400083E80300229B002B7FF4D8AD239B4A9A6B
:1055500093614C9B1B7843F0020341E54C290020EA
:10556000489B02201EAC4697069322AB0793632309
:10557000CDE904300023039323AB029346AB93E8B9
:10558000030020AB8DE8030020460D990CCBFDF7FE
:10559000F7FE20AB94E80300229C83E80300002C74
:1055A0007FF4ACAD4C9B4C9A5B78209823F00603BB
:1055B00043F006035370219BA3F1FF3A0893BAFA14
:1055C0008AFA4FEA5A1A00280CBF4FF000080AF076
:1055D0000108B8F1000F40F0DE81D046002D40F008
:1055E000E8813346434540F07381239B2098442B48
:1055F000D8BF64334A9A05465361FFF748B9489BC0
:105600004FF002081EAC4697069322AB0793172370
:10561000CDE904380023039323AB029346AB93E810
:10562000030020AB8DE803000D9920460CCBFDF75D
:10563000A7FE20AB94E8030083E80300229B002B25
:105640007FF45CAD239A4A99209D8A604C9A127827
:1056500063F300024C9B1A70219B0893FFF717B964
:10566000489B4FF0020E1EAC4697069322AB079361
:105670000C23CDE9043E0123039323AB029346ABF5
:1056800093E8030020AB8DE803000D9920460CCB76
:10569000FDF776FE20AB94E8030083E80300229B2D
:1056A000002B7FF42BAD239AB04981FB0231D31735
:1056B000C3EB610303EB4303A2EB83024A9B9A60B3
:1056C0004C9B1B7843F001038AE4489B02201EACEC
:1056D0004697069322AB07933B23CDE90430002382
:1056E000039323AB029346AB93E8030020AB8DE812
:1056F00003000D9920460CCBFDF742FE20AB94E849
:10570000030083E80300229B002B7FF4F7AC239B6C
:105710004A9A209D5360219B0893FFF7B8B899F8E7
:105720001C30012B07D0002B63D0D9F80030DC6986
:105730008F4B9C4265D10DF190088E4A434607CAB3
:1057400003C31A70CDF81480469754E4D0E90212CE
:10575000914280F0FA810024EEE5D5E902329342CD
:1057600069D21978D9F81820525C11073FF5EFABD0
:10577000FFF78DB82B6828465B6A9847421C00F0FB
:10578000A180C1B2FFF732BA2B6828465B6A9847FE
:10579000431C00F0FB80C1B2FFF76DB82B682846B0
:1057A0009B6A98474FF0FF332193FFF7D5BB4846DC
:1057B0000B92FAF7E9FDD9F800306F499B690B9A13
:1057C0008B423FF463AE25214846984702465DE68A
:1057D0002098D0E90232934280F02881013383601F
:1057E0004FF0FF332193FFF702BB4846FAF7CCFD99
:1057F000B9E44846FAF7C8FD97E74846FAF7C4FD0A
:1058000051E40DF190085D4A48464346A2F1090172
:10581000A04797E70DF19008594A48464346911F23
:10582000A0474FE40DF19008564A48464346A2F17E
:105830000901A04746E42B6828465B6A9847421C4A
:1058400003467FF478AB00252095FFF774BB2B68E7
:1058500028465B6A98470346089001337FF481AB82
:1058600000252346AC462095FFF756BBD0E902320F
:10587000934280F008811B782BE5D0E902329342F5
:1058800080F0D8801A78D9F818108A5C12077FF552
:10589000AEAAA3E7D5E902318B4280F0D7801C780D
:1058A000EDE538680B93D0F824803846CDE90F2C0D
:1058B000C04701300B9BDDE90F2C7FF463AB002761
:1058C000FFF731BB4546FF21CDF88080FEF7C2BF10
:1058D000209810B1BAF1000F72D1089BDBB209EB2E
:1058E000030494F81D1161B91946D9F80030264A0D
:1058F0001B6A934240F0CF802A293FF476AE84F8A9
:105900001D11A1F130085FFA88F3092B3FF66DAE47
:10591000209CD4E902218A4280F0DB80239B013263
:1059200003EB8303A26008EB430323934FF0FF33A1
:105930002193914240F2C2801378A3F1FF34B4FA6C
:1059400084F46409002D40F08D80B44220983ED14B
:10595000239B4C9AA3F26C734C99527822F002026A
:105960004A704FF0FF32089244E600BFABAAAA2A61
:1059700019030110E04D0410B1020110E94D0410AB
:10598000F24D0410FD4D0410B50201100023FF215B
:105990002093FEF770BFD0E902239A4280F0C780BF
:1059A0004FF000081AE6D7E902239A4278D200267F
:1059B000C5E4D7E902239A4280F0EF80002311E684
:1059C000D0E90232934280F0D2801B7886E700282B
:1059D00000F09880D0E90232934280F089801B78F1
:1059E000DBB209EB030494F81D1161B91946D9F82B
:1059F0000030754A1B6A934240F089802A2900F0E2
:105A0000848084F81D11A1F130042098E3B2092BA1
:105A10009ED8D0E90232934280F0A48001338360A3
:105A2000239B0A2202FB0343239392E703689B6AAA
:105A30009847D5E603685B6A9847034608900133A8
:105A40007FF4CDA900232093FFF7C9B92B6828461E
:105A50000B925B6A9847411C0B9A2BD0C4B20EE59F
:105A600008F09CFBD7E902239A4238BF0026FFF4D6
:105A70006CAF3B6838465B6A984701300ABF2E46D8
:105A80000026002761E703685B6A9847421C00F024
:105A90008F80C3B21DE42A224846984701462BE76F
:105AA0003B6838465B6A984701300ABF2E4600269D
:105AB000002744E40025FF242095E0E423682046E5
:105AC0005B6A9847421C03467FF437AF002220925E
:105AD00033E7236820469B6A98470A22239B02FBF0
:105AE000038323934FF0FF33D4E90221219320E76E
:105AF00003685B6A98470346581C7FF471AF002225
:105B000020926DE74FF0FF336AE7209820E72A22C2
:105B100048469847014671E74846FAF735FCD9F8F8
:105B200000302A4A9B6993420AD12D231AE4036864
:105B30005B6A9847013008BF20947FF431AF4DE590
:105B40002D214846984703460CE402680B93526A9D
:105B5000904701300B9B7FF4FEAD1C460023209341
:105B6000FFF7EABB03689B6A9847209858E70368E9
:105B70005B6A9847411C03467FF4B0AE0022209236
:105B8000ACE64846FAF700FCD9F800300F4A9B69AA
:105B9000934212D12B23FFF7F2BB3B6838465B6A76
:105BA000984701307FF40AAF2B4600252F4619E5B0
:105BB00000232093FF23FFF78CBB2B2148469847F7
:105BC0000346FFF7DCBB00BFB5020110B1020110B4
:105BD0002DE9F04F93B00546454888460CACDDF8FA
:105BE0008090DDE91E6784E80C00F4F747FCF36E53
:105BF000D3E90132904279D253F82000002875D0C1
:105C000000233C4A3C491DF003FE00286ED0836807
:105C10004FF0000A0DF1280B1B6902960FAE039797
:105C20000696CDF844A0CDE904931CAB93E803009D
:105C3000CDE90FAA8DE803004146584694E80C00D0
:105C4000FEF770FD9BE8030084E8030030464946F8
:105C5000DDF830801FF082FC0D9EA6F1FF36B6FA0B
:105C600086F67609D0450CBF002306F0010303BB7E
:105C70001D9B1C98A3F1FF33B3FA83F35B0900B1BA
:105C80007BB99E4203D13B6843F002033B60CDF8F1
:105C9000308094E8030085E80300284613B0BDE88F
:105CA000F08FD0E902239A4209D200239E42EED11E
:105CB000E9E7D8E9021291420AD25646D8E70368CA
:105CC0005B6A9847A0F1FF33B3FA83F35B09D8E727
:105CD000D8F8002040460993526A9047099B01304A
:105CE0000ABF1E4600264FF00008C1E708F056FA2A
:105CF00098460020C8830410605D04102DE9F04F21
:105D000093B00546454888460CACDDF88090DDE947
:105D10001E6784E80C00F4F7B1FBF36ED3E901329F
:105D2000904279D253F82000002875D000233C4AD5
:105D30003C491DF06DFD00286ED083684FF0000ACD
:105D40000DF1280B9B6802960FAE03970696CDF8CF
:105D500044A0CDE904931CAB93E80300CDE90FAA5E
:105D60008DE803004146584694E80C00FEF7DAFC43
:105D70009BE8030084E8030030464946DDF83080A4
:105D80001FF0ECFB0D9EA6F1FF36B6FA86F67609FB
:105D9000D0450CBF002306F0010303BB1D9B1C98DC
:105DA000A3F1FF33B3FA83F35B0900B17BB99E42E1
:105DB00003D13B6843F002033B60CDF8308094E8A8
:105DC000030085E80300284613B0BDE8F08FD0E952
:105DD00002239A4209D200239E42EED1E9E7D8E994
:105DE000021291420AD25646D8E703685B6A984786
:105DF000A0F1FF33B3FA83F35B09D8E7D8F80020AA
:105E000040460993526A9047099B01300ABF1E46DB
:105E100000264FF00008C1E708F0C0F998460020BE
:105E2000C8830410605D04102DE9F04F93B005465F
:105E300057480E460CAC9DF884B09DF88870DDE99B
:105E40001E9884E80C00F4F719FBD9F86C305B68F5
:105E500053F820A0BAF1000F00F098800023C8F892
:105E600000309AF81C30002B5DD09AF842008DF873
:105E70003800002F50D1209BCDF808900DF13C093F
:105E80008DF83A700027CDF818908DF839B00DF1E3
:105E9000280B1197CDE903830EAB05931CAB93E858
:105EA0000300CDE90F778DE803003146584694E8AA
:105EB0000C00FEF737FC9BE8030084E8030048462B
:105EC0002099DDF830901FF049FB0D9EA6F1FF36BA
:105ED000B6FA86F67609B9450CBF002306F0010331
:105EE000A3BB1D9B1C98A3F1FF33B3FA83F35B099B
:105EF00000B11BBB9E4205D1D8F8003043F002032D
:105F0000C8F80030CDF8309094E8030085E803002D
:105F1000284613B0BDE8F08F5B46BB461F46002302
:105F20008DF83B30A7E75046FAF72EFADAF8003042
:105F3000184A9B6993420FD1252098E7D0E90223A4
:105F40009A420DD200239E42DCD1D5E7D9E9021254
:105F500091420ED23E46C4E750462521984786E737
:105F600003685B6A9847A0F1FF33B3FA83F35B09D8
:105F7000C0E7D9F8002048460993526A9047099B28
:105F800001300ABF1E463E46B946AAE708F006F9A8
:105F900050470020B1020110184B1A68D10701D4F4
:105FA00001221A60164B1A68D20701D401221A6026
:105FB000144B1A68D00701D401221A60124B1A68D8
:105FC000D10701D401221A60104B1A68D20701D4FC
:105FD00001221A600E4B1A68D00701D401221A6000
:105FE0000C4B1A68D10701D401221A600A4B1A68B7
:105FF000D20701D401221A60704700BF3038002058
:1060000038380020003800200438002020380020D4
:1060100028380020183800201038002010B582B031
:106020008C461C46C1680498134662460094019051
:106030004FF00000F7F7DCFE02B010BD30B58BB0BA
:1060400004460AA8129D00E90C00109B8A6803937D
:106050000EAB93E80300119B05957925049301ABE2
:10606000069583E80300DDE908304FF00001009059
:106070002046F8F7CFFC20460BB030BD30B58BB0D2
:1060800004460AA8129D00E90C00109B8A6803933D
:106090000EAB93E80300119B05956D25049301ABAE
:1060A000069583E80300DDE908304FF00001009019
:1060B0002046F8F7AFFC20460BB030BD30B58BB0B2
:1060C00004460AA8129D00E90C00109B8A680393FD
:1060D0000EAB93E80300119B05957725049301AB64
:1060E000069583E80300DDE908304FF000010090D9
:1060F0002046F8F78FFC20460BB030BD30B58BB092
:1061000004460AA8129D00E90C00109B8A680393BC
:106110000EAB93E80300119B05956425049301AB36
:10612000069583E80300DDE908304FF00001009098
:106130002046F8F76FFC20460BB030BD30B58BB071
:1061400004460AA8129D00E90C00109B8A6803937C
:106150000EAB93E80300119B05957425049301ABE6
:10616000069583E80300DDE908304FF00001009058
:106170002046F8F74FFC20460BB030BD03464FF0E9
:1061800000009968F8F73EBC70B590B08968054684
:106190000AAC0DF1040C08AE84E80C009DF85830F0
:1061A0000A4614A90393179B0493002307930D93A6
:1061B0000EAB06930DAB05930A9B03C98CE8030055
:1061C0000B99304600914FF00001F8F767FD0D9BE9
:1061D00096E8030084E803005BB91999DDE90E2312
:1061E000C1E9002394E8030085E80300284610B0C5
:1061F00070BD94E80300189A85E8030028461360F0
:1062000010B070BD30B58BB000250AAC04E90C00AD
:106210000F9B8A6802939DF840309DF838400393A5
:106220000194044606959DED127BDDE908318DED64
:10623000047B00914FF00001F8F760FE20460BB0A0
:1062400030BD00BF03460A464FF000001969F8F759
:10625000CDBB00BF00B58C4683B003464FF00000B5
:1062600019690092DCE90023F8F72AFA03B05DF817
:1062700004FB00BF10B582B08C461C46C168049870
:1062800013466246009401904FF00000F7F7BEFD00
:1062900002B010BD30B58BB004460AA8129D00E9CB
:1062A0000C00109B8A6803930EAB93E80300119BCC
:1062B00005957925049301AB069583E80300DDE994
:1062C00008304FF0000100902046F8F745FC2046CA
:1062D0000BB030BD30B58BB004460AA8129D00E962
:1062E0000C00109B8A6803930EAB93E80300119B8C
:1062F00005956D25049301AB069583E80300DDE960
:1063000008304FF0000100902046F8F725FC2046A9
:106310000BB030BD30B58BB004460AA8129D00E921
:106320000C00109B8A6803930EAB93E80300119B4B
:1063300005957725049301AB069583E80300DDE915
:1063400008304FF0000100902046F8F705FC204689
:106350000BB030BD30B58BB004460AA8129D00E9E1
:106360000C00109B8A6803930EAB93E80300119B0B
:1063700005956425049301AB069583E80300DDE9E8
:1063800008304FF0000100902046F8F7E5FB20466A
:106390000BB030BD30B58BB004460AA8129D00E9A1
:1063A0000C00109B8A6803930EAB93E80300119BCB
:1063B00005957425049301AB069583E80300DDE998
:1063C00008304FF0000100902046F8F7C5FB20464A
:1063D0000BB030BD03464FF000009968F8F716BBCC
:1063E00070B590B0896805460AAC0DF1040C08AE92
:1063F00084E80C009DF858300A4614A90393179BB3
:106400000493002307930D930EAB06930DAB0593F6
:106410000A9B03C98CE803000B99304600914FF0AA
:106420000001F8F7D3FC0D9B96E8030084E8030015
:106430005BB91999DDE90E23C1E9002394E8030053
:1064400085E80300284610B070BD94E80300189A50
:1064500085E803002846136010B070BD30B58BB0DE
:1064600000250AAC04E90C000F9B8A680293109B7C
:106470009DF8384003930194044606959DED127BE8
:10648000DDE908318DED047B00914FF00001F8F754
:10649000A9FD20460BB030BD03460A464FF0000070
:1064A0001969F8F7A9BA00BF00B58C4683B0034656
:1064B0004FF0000019690092DCE90023F8F73AF97F
:1064C00003B05DF804FB00BF70B5541A82B00E46ED
:1064D00005460F2C019411D8012C006808D10B78C7
:1064E00003700023019C28686C60035502B070BDE6
:1064F0005CB900236C60035502B070BD002201A995
:1065000012F066FD019B2860AB60224631462EF0FA
:10651000B7F9019C286800236C60035502B070BD78
:10652000521A70B50C2A82B04FEAA2060D460446F4
:10653000019605D8012E006809D10B68036008E0B8
:10654000002201A91CF028FE019B2060A3603EB937
:106550002068019B0022636040F8232002B070BDD8
:106560003246294623F0F6FAF2E700BF30B51C4662
:106570008BB00025C9681346009403AA04464FF067
:1065800000000995F7F79CFC099BABB104F10803E7
:10659000DDE90312236001B95AB901EB82022046FA
:1065A000FFF7BEFF099B0BB103A8984720460BB02D
:1065B00030BD064807F002FE054807F0FFFD099BC5
:1065C0000BB103A898471DF09DFA00BF904D041031
:1065D000F44B041070B51D468CB009690446009553
:1065E0004FF00000109B119D019313466E6805AAA1
:1065F00003962D68029500250B95F8F755F90B9B2E
:10660000ABB104F10803DDE90512236001B95AB901
:1066100001EB82022046FFF783FF0B9B0BB105A81D
:10662000984720460CB070BD054807F0C7FD0548E7
:1066300007F0C4FD0B9B0BB105A898471DF062FA4B
:10664000904D0410F44B04102DE9F04792B00E4623
:10665000054608AC1D999DF868800BAF9DF87090B9
:1066600084E80C00D1E900A400220DAB0F2C0A94A1
:1066700011920B932BD8012C25D19AF800208DF87C
:10668000342000220C941C484FF000011A551B9B2B
:10669000CDF80C904FF00009B2680293099B11905D
:1066A00028460697CDE900384FF00008089BCDE951
:1066B0000489F8F723FC119B0BB13846984728460C
:1066C00012B0BDE8F087002CDBD0184606E00AA91E
:1066D000384612F07DFC0A9B0B900D9322465146E2
:1066E0002EF0CEF8DDE90A43CBE7119B0BB138461B
:1066F00098471DF007FA00BF916F01102DE9F04394
:1067000093B00E46054608AC1D990DA89DF868800B
:106710000BAF0B9084E80C00D1E90093002243F307
:106720001D049B0011920C2B0A9406D8012C0BD14E
:10673000D9F8003004210D930AE00AA938461CF06C
:106740002BFD0A9B0B900D9324BBDDE90A40A100B1
:106750000023B2680C944FF0000943504FF0000141
:106760001C9B124803931B9B119028460293099B84
:106770000697CDE900384FF00008089BCDE9048961
:10678000F8F730FC119B0BB138469847284613B0F8
:10679000BDE8F0832246494623F0DCF9D5E7119B9A
:1067A0000BB1384698471DF0ADF900BF816F01105D
:1067B00070B51C468AB00025C9681346009403AA28
:1067C00004464FF000000995F7F72EFB099B63B3D1
:1067D00004F10800DDE90365206006B915BB0F2D43
:1067E000029510D8012D0BD13378237200236560F8
:1067F0004355099B0BB103A8984720460AB070BDCA
:10680000002DF3D007E0002202A9204612F0E0FBA1
:10681000029B2060A3602A4631462EF031F8029D8B
:106820002068E3E7054807F0C9FC054807F0C6FC07
:10683000099B0BB103A898471DF064F9904D041013
:10684000F44B041070B51D468CB0096904460095E0
:106850004FF00000109B119D019313466E6805AA2E
:1068600003962D68029500250B95F7F79DFF0B9B6E
:1068700063B304F10800DDE90565206006B915BBC6
:106880000F2D049510D8012D0BD1337823720023DE
:10689000656043550B9B0BB105A8984720460CB08B
:1068A00070BD002DF3D007E0002204A9204612F0AD
:1068B0008FFB049B2060A3602A4631462DF0E0FF49
:1068C000049D2068E3E7064807F078FC054807F0D8
:1068D00075FC0B9B0BB105A898471DF013F900BF81
:1068E000904D0410F44B041010B5084B0446006999
:1068F000236043685A1E012B426002D103685B6823
:1069000098472046FAF7BAF8204610BDC47B041019
:1069100010B5084B04460069236043685A1E012BDA
:10692000426002D103685B689847204602F0E6F8AF
:10693000204610BDB87C041010B5094B0446806891
:10694000236043685A1E012B426002D103685B68D2
:106950009847044B20462360F3F7E0FA204610BD29
:10696000A07C04102080041010B5094B04468068F8
:10697000236043685A1E012B426002D103685B68A2
:106980009847044B20462360F3F7C8FA204610BD11
:10699000AC7B04102075041010B5094B04468068C8
:1069A000236043685A1E012B426002D103685B6872
:1069B0009847044B20462360F3F7B0FA204610BDF9
:1069C000D47C04103875041010B5094B0446806857
:1069D000236043685A1E012B426002D103685B6842
:1069E0009847044B20462360F3F798FA204610BDE1
:1069F000887C04100880041010B50A4B0446006916
:106A0000236043685A1E012B426002D103685B6811
:106A10009847204602F072F82046EEF7F1FF204634
:106A200010BD00BFB87C041010B50A4B04460069C5
:106A3000236043685A1E012B426002D103685B68E1
:106A400098472046FAF71AF82046EEF7D9FF204675
:106A500010BD00BFC47B041010B5094B044680680C
:106A6000236043685A1E012B426002D103685B68B1
:106A70009847044B20462360F3F750FA204610BD98
:106A8000947B04100875041010B5094B0446806807
:106A9000236043685A1E012B426002D103685B6881
:106AA0009847044B20462360F3F738FA204610BD80
:106AB000007D04103880041010B50B4B044680682C
:106AC000236043685A1E012B426002D103685B6851
:106AD0009847064B20462360F3F720FA2046EEF74E
:106AE0008FFF204610BD00BF947B04100875041072
:106AF00010B50B4B04468068236043685A1E012B77
:106B0000426002D103685B689847064B20462360C9
:106B1000F3F704FA2046EEF773FF204610BD00BFDE
:106B2000A07C04102080041010B5002204460949FE
:106B3000D0E903032160DA6043685A1E012B4260EA
:106B400002D103685B6898472046F4F763FE20464D
:106B500010BD00BFE07B041010B50B4B04468068ED
:106B6000236043685A1E012B426002D103685B68B0
:106B70009847064B20462360F3F7D0F92046EEF7FE
:106B80003FFF204610BD00BF887C04100880041021
:106B900010B50B4B04468068236043685A1E012BD6
:106BA000426002D103685B689847064B2046236029
:106BB000F3F7B4F92046EEF723FF204610BD00BFDF
:106BC000D47C04103875041010B50022044609491D
:106BD000D0E903032160DA6043685A1E012B42604A
:106BE00002D103685B6898472046F4F78FFD204682
:106BF00010BD00BFEC7A041010B50B4B0446806842
:106C0000236043685A1E012B426002D103685B680F
:106C10009847064B20462360F3F780F92046EEF7AD
:106C2000EFFE204610BD00BFAC7B041020750410A1
:106C300010B50B4B04468068236043685A1E012B35
:106C4000426002D103685B689847064B2046236088
:106C5000F3F764F92046EEF7D3FE204610BD00BFDF
:106C6000007D04103880041010B50B4B0446C0683A
:106C7000236043685A1E012B426002D103685B689F
:106C800098472046054B40F8083B1EF069F920461E
:106C9000F3F744F9204610BD047C0410447F04102F
:106CA00010B50B4B0446C068236043685A1E012B85
:106CB000426002D103685B6898472046054B40F864
:106CC000083B1EF04DF92046F3F728F9204610BD89
:106CD000107B04104474041010B5002204460A49C5
:106CE000D0E903032160DA6043685A1E012B426039
:106CF00002D103685B6898472046F4F78BFD204675
:106D0000EEF77EFE204610BDE07B041010B5002299
:106D100004460A49D0E903032160DA6043685A1E39
:106D2000012B426002D103685B6898472046F4F764
:106D3000EDFC2046EEF764FE204610BDEC7A041010
:106D400010B50D4B0446C068236043685A1E012BE2
:106D5000426002D103685B689847084B204640F8C0
:106D6000083B1EF0FDF82046F3F7D8F82046EEF772
:106D700047FE204610BD00BF047C0410447F041071
:106D800010B50D4B0446C068236043685A1E012BA2
:106D9000426002D103685B689847084B204640F880
:106DA000083B1EF0DDF82046F3F7B8F82046EEF772
:106DB00027FE204610BD00BF107B04104474041051
:106DC00010B5002204460A49D0E903032160DA60C5
:106DD0001A629A621A6343685A1E012B426002D1FA
:106DE00003685B6898472046F4F73CF9204610BDDD
:106DF000547C041010B5002204460A49D0E903036C
:106E00002160DA609A611A629A6243685A1E012B05
:106E1000426002D103685B6898472046F3F7F4FFAD
:106E2000204610BD2C7B041010B5002204460A49F0
:106E3000D0E903032160DA601A629A621A63436838
:106E40005A1E012B426002D103685B6898472046B6
:106E5000F4F7D6F8204610BD207C041010B50022AF
:106E600004460A49D0E903032160DA609A611A6294
:106E70009A6243685A1E012B426002D103685B6824
:106E800098472046F3F7F2FF204610BD607B0410C0
:106E900010B5002204460C49D0E903032160DA60F2
:106EA0009A611A629A6243685A1E012B426002D1AB
:106EB00003685B6898472046F3F7A6FF2046EEF785
:106EC0009FFD204610BD00BF2C7B041010B5002292
:106ED00004460C49D0E903032160DA601A629A6221
:106EE0001A6343685A1E012B426002D103685B6833
:106EF00098472046F4F7B6F82046EEF781FD204685
:106F000010BD00BF547C041010B5002204460C498B
:106F1000D0E903032160DA609A611A629A624368D9
:106F20005A1E012B426002D103685B6898472046D5
:106F3000F3F79CFF2046EEF763FD204610BD00BF2F
:106F4000607B041010B5002204460C49D0E903030D
:106F50002160DA601A629A621A6343685A1E012B32
:106F6000426002D103685B6898472046F4F748F80E
:106F70002046EEF745FD204610BD00BF207C0410E2
:106F8000034653F8080B984201D0EEF739BD70471D
:106F9000034653F8080B984201D0EEF731BD704715
:106FA0002DE9F0419AB0896805460AAC0DF1040C50
:106FB00013AFDDF8948008AE84E80C009DF88830AB
:106FC0000A460393239B04930023069319930C937F
:106FD00020AB93E803000CAB079705938CE8030004
:106FE0000B9B4FF00001304600930A9BF7F7EEFE33
:106FF0000C9A199B96E8030084E8030062B1249977
:107000000A6094E8030085E803000BB1384698470E
:1070100028461AB0BDE8F081002B48D00FAE139976
:10702000149A0D9609B9002A3AD101EB82020DA8F3
:10703000FFF776FA434653F8080B9842DDE90D1244
:1070400014D0B14214D00F9BC8E90012D8F8082020
:10705000C8F8083040B10F920D900023B0420E9353
:10706000036001D0EEF7CCFC199BCAE7B14210D106
:1070700042B1012A17D0314622F06CFD0E9AD8F8A1
:1070800000000D990023C8F8042040F8223008467B
:10709000E3E70F9BC8E90012C8F80830199BB0E776
:1070A000074807F08BF80F9B03600E9AEAE7054844
:1070B00007F084F8199B0BB1384698471CF022FD65
:1070C000904D0410F44B04102DE9F0479CB08968F2
:1070D00005460AAC0DF1040C15AFDDF8A48008AE2E
:1070E00084E80C009DF898300A460393279B04938C
:1070F000002306931B930D9324AB93E803000DAB81
:10710000079705938CE803000B9B4FF00001304676
:1071100000930A9BF7F7C2FD0D9A1B9B96E80300AC
:1071200084E8030062B128990A6094E8030085E8C6
:1071300003000BB13846984728461CB0BDE8F087DD
:10714000002B74D00DF14409DDF854A0169ECDF843
:107150003C90BAF1000F01D1002E5ED10F2E0E9699
:107160002CD8012E26D19AF800308DF844304B46A9
:10717000002210969A55434653F8080B98420F9BED
:107180002BD04B4539D0C8F80030109BD8F80820D8
:10719000C8F80430119BC8F8083040B311920F9022
:1071A0000023109303700F98484501D0EEF728FC98
:1071B0001B9BBAE7002E3DD14B46D9E700220EA912
:1071C0000FA811F005FF0E9B0F9011933246514608
:1071D0002DF056FBDDE90E63CAE74B450DD0C8F82C
:1071E0000030109BC8F80430119BC8F80830CDF867
:1071F0003C900DF144094846D2E7109A3AB1012A71
:107200000ED049462DF03CFB109AD8F80000002320
:10721000C8F8042083540F98C2E70A4806F0CEFF4E
:107220009DF844300370109AD8F80000EFE7064844
:1072300006F0C4FF4846C9E71B9B0BB13846984788
:107240001CF060FC904D0410F44B04100B680846D1
:107250002DE9F0419B6886B014460D4698470346D9
:10726000284684F824302B68DB689847002384F88C
:1072700025000122A360684663612946E3612B680B
:1072800084F864201B699847019F781CEEF7B6FBD1
:10729000064600233A466846314612F0E9F80023D4
:1072A0000098C4E90267F35502AFB84201D0EEF787
:1072B000A7FB2B68684629465B699847DDF8048080
:1072C00008F10100EEF79AFB0646002342466846A5
:1072D000314612F0CDF800980023B84206F8083085
:1072E000C4E9056801D0EEF78BFB2B686846294698
:1072F0009B699847019E701CEEF780FB05460023B2
:1073000032466846294612F0B3F800980023B84286
:10731000AB55C4E9075601D0EEF772FB06B0BDE8E5
:10732000F081684611F07CFE1CF0ECFBF9E7F8E711
:107330000B6808462DE9F0430D4687B09B6814465C
:1073400098472B6802462846DB686262984700230C
:107350000122A062A360684663612946E3612B684D
:1073600084F824211B699847019F781CEEF746FB9F
:10737000064600233A466846314612F079F8002363
:107380000098C4E90267F35502AFB84201D0EEF7A6
:1073900037FB2B68294668465B699847DDF80490FF
:1073A0006FF0604309F101069E424AD2B6003046B2
:1073B000EEF724FB804600234A46684641461CF00F
:1073C00027F9009846440023C4F81890B842C4F83E
:1073D000148046F8043C01D0EEF712FB2B682946D6
:1073E00068469B699847DDF804806FF0604308F1B8
:1073F00001069E4222D2B6003046EEF7FFFA05465D
:1074000000234246684629461CF002F900980023F2
:10741000C4E90758B842354445F8043C01D0EEF7BA
:10742000EFFA07B0BDE8F083684611F0F9FD1CF0F3
:1074300069FB68461BF0D6FE1CF064FB1CF02AFCBE
:10744000F7E71CF027FC00BF10B4084611461A46A7
:10745000DDE9013401940468A468A4465DF8044B96
:10746000604700BF10B4084611461A46DDE90134F2
:1074700001940468A468A4465DF8044B604700BF0B
:1074800070B5086888B014461A46C56802A80C9BF7
:10749000A847A3690BB12046984704F10800DDE92D
:1074A000026520600F2D019513D8012D0ED1337880
:1074B000237200236560114A435504AB0298A26110
:1074C000984201D0EEF79CFA08B070BD002DF0D0C4
:1074D00007E0002201A9204611F07AFD019B2060FF
:1074E000A3602A4631462DF0CBF9019D2068E0E7E4
:1074F00002A811F095FD1CF005FB00BF916F011073
:1075000070B5086888B014461A46C56802A80C9B76
:10751000A847A3690BB120469847039B04F10800D4
:10752000029E43F31D059B0020600C2B019505D89E
:10753000012D0BD133680422A3600CE0002201A9C5
:1075400020461BF029FE019B2060A36085B9019DA8
:107550002068029EAA0000236560835004AB094A9C
:107560009E42A26102D03046EEF74AFA08B070BDE2
:107570002A46314622F0EEFAE9E702A81BF032FE75
:107580001CF0C0FA816F01100B6808462DE9F0412C
:107590009B6888B014460D46984703462846637496
:1075A0002B68DB68984703462846A3742B681B6A40
:1075B000984700230122E062A36002A86361294684
:1075C000E36163622B6884F843201B699847039F3B
:1075D000781CEEF713FA064600233A4602A8314615
:1075E00011F046FF00230298C4E90267F35504AF87
:1075F000B84201D0EEF704FA2B6802A829465B696D
:107600009847DDF80C8008F10100EEF7F7F906461F
:107610000023424602A8314611F02AFF02980023B7
:10762000B84206F80830C4E9056801D0EEF7E8F979
:107630002B6802A829469B699847DDF80C8008F161
:107640000100EEF7DBF906460023424602A8314668
:1076500011F00EFF02980023B84206F80830C4E982
:10766000076801D0EEF7CCF92B6802A82946DB6940
:107670009847DDF80C8008F10100EEF7BFF90646E7
:107680000023424602A8314611F0F2FE0298002380
:10769000B84206F80830C4E9096801D0EEF7B0F93D
:1076A0002B6828465B6A98470346284623632A6866
:1076B000CDE90133936A9847606308B0BDE8F08173
:1076C00002A811F0ADFC1CF01DFAF9E7F8E7F7E7A6
:1076D0000B6808462DE9F0419B6888B014460D46BA
:1076E00098470346284663742B68DB68984703462F
:1076F0002846A3742B681B6A984700230122E06286
:10770000A36002A863612946E36163622B6884F881
:1077100043201B699847039F781CEEF76FF90646D4
:1077200000233A4602A8314611F0A2FE0023029837
:10773000C4E90267F35504AFB84201D0EEF760F92F
:107740002B6802A829465B699847DDF80C8008F190
:107750000100EEF753F906460023424602A83146DF
:1077600011F086FE02980023B84206F80830C4E9FA
:10777000056801D0EEF744F92B6802A829469B69F9
:107780009847DDF80C8008F10100EEF737F906465E
:107790000023424602A8314611F06AFE02980023F7
:1077A000B84206F80830C4E9076801D0EEF728F9B6
:1077B0002B6802A82946DB699847DDF80C8008F1A0
:1077C0000100EEF71BF906460023424602A83146A7
:1077D00011F04EFE02980023B84206F80830C4E9C2
:1077E000096801D0EEF70CF92B6828465B6A9847C8
:1077F0000346284623632A68CDE90133936A9847F4
:10780000606308B0BDE8F08102A811F009FC1CF02B
:1078100079F9F9E7F8E7F7E70B6808462DE9F0434F
:107820000D4689B09B68144698472B680246284647
:10783000DB68626198472B68024628461B6AA26192
:107840009847002301226063A36002A8E3612946F0
:107850006362E3622B6884F86C201B699847039F7E
:10786000781CEEF7CBF8064600233A4602A83146CC
:1078700011F0FEFD00230298C4E90267F35504AF3E
:10788000B84201D0EEF7BCF82B68294602A85B6924
:107890009847DDF80C906FF0604309F101069E42B5
:1078A00080F08280B6003046EEF7A8F880460023CC
:1078B0004A4602A841461BF0ABFE0298464400230C
:1078C000C4F82090B842C4F81C8046F8043C01D0AB
:1078D000EEF796F82B68294602A89B699847DDF8D1
:1078E0000C906FF0604309F101069E4259D2B60038
:1078F0003046EEF783F8804600234A4602A8414608
:107900001BF086FE029846440023C4F82890B84233
:10791000C4F8248046F8043C01D0EEF771F82B68D7
:10792000294602A8DB699847DDF80C906FF06043A8
:1079300009F101069E4231D2B6003046EEF75EF8FC
:10794000804600234A4602A841461BF061FE029889
:1079500046440023C4F83090B842C4F82C8046F85E
:10796000043C01D0EEF74CF82B6828465B6A984738
:1079700003462846A3632A68CDE90133936A9847F2
:10798000E06309B0BDE8F08302A811F049FB1CF0E8
:10799000B9F802A81BF026FC1CF0B4F81CF07AF928
:1079A000F7E71CF077F9F4E71CF074F90B68084668
:1079B0002DE9F0430D4689B09B68144698472B6823
:1079C00002462846DB68626198472B6802462846D3
:1079D0001B6AA2619847002301226063A36002A88A
:1079E000E36129466362E3622B6884F86C201B69BB
:1079F0009847039F781CEEF701F8064600233A46A5
:107A000002A8314611F034FD00230298C4E9026750
:107A1000F35504AFB84201D0EDF7F2FF2B682946C9
:107A200002A85B699847DDF80C906FF0604309F19C
:107A300001069E4280F08280B6003046EDF7DEFF00
:107A4000804600234A4602A841461BF0E1FD029809
:107A500046440023C4F82090B842C4F81C8046F87D
:107A6000043C01D0EDF7CCFF2B68294602A89B69A6
:107A70009847DDF80C906FF0604309F101069E42D3
:107A800059D2B6003046EDF7B9FF804600234A468A
:107A900002A841461BF0BCFD029846440023C4F8EE
:107AA0002890B842C4F8248046F8043C01D0EDF791
:107AB000A7FF2B68294602A8DB699847DDF80C90E0
:107AC0006FF0604309F101069E4231D2B6003046A4
:107AD000EDF794FF804600234A4602A841461BF07A
:107AE00097FD029846440023C4F83090B842C4F889
:107AF0002C8046F8043C01D0EDF782FF2B68284625
:107B00005B6A984703462846A3632A68CDE9013398
:107B1000936A9847E06309B0BDE8F08302A811F0CA
:107B20007FFA1BF0EFFF02A81BF05CFB1BF0EAFFE3
:107B30001CF0B0F8F7E71CF0ADF8F4E71CF0AAF879
:107B400030B587B00C46114602AD009502B993B925
:107B5000CA186846FEF7B8FC23680A9A20469B6854
:107B60006946984704460098A84201D0EDF748FFBF
:107B7000204607B030BD044806F020FB684611F0EF
:107B80004FFA1BF0BFFF00BF904D041030B587B017
:107B90000C46114602AD009502B993B9CA18684661
:107BA000FEF792FC23680A9A20469B68694698472C
:107BB00004460098A84201D0EDF722FF204607B006
:107BC00030BD044806F0FAFA684611F029FA1BF0B5
:107BD00099FF00BF904D04102DE9F04F91B00E4673
:107BE00014469B4606AFDDF870A01D9D0497BAF1C0
:107BF000000F01D1002D6AD10F2D0A9554D8012D07
:107C000039D19AF8003039460DF128090DF11008E4
:107C10008DF81830002305955A4648464B55314695
:107C20001B9BCDF8048000933368DD681A9BA8473E
:107C3000A3690BB1204698470B9D04F108000A9EEA
:107C40000F2D2060039520D8012D1BD1337823728E
:107C500000236560274A43550CAB0A98A2619842FD
:107C600001D0EDF7CDFE0498B84201D0EDF7C8FE83
:107C700011B0BDE8F08F6DBB39460DF128090DF14B
:107C80001008C7E7002DE3D007E0002203A9204633
:107C900011F09EF9039B2060A3602A4631462CF028
:107CA000EFFD039D2068D3E70DF128090DF11008C1
:107CB00000224946404611F08BF90A9B0490069336
:107CC0002A4651462CF0DCFD0A9D0499A2E70A4899
:107CD00006F074FA38460DF128090DF11008EFE7A7
:107CE00002E0484611F09CF9404611F099F91BF06A
:107CF00009FF00BF916F0110904D04102DE9F04174
:107D000090B014460D461E4606AF1898199A04976F
:107D100008B9002A4CD10DF1100800EB820201468F
:107D20004046FEF7FDFB179BCDF8048029460093E3
:107D300032462B680AA8DD68169BA847A3690BB1D9
:107D40002046984704F10800DDE90A63206043F308
:107D50001D059B000C2B039505D8012D0BD1336815
:107D60000422A3600CE0002203A920461BF014FAB1
:107D7000039B2060A360B5B9039D2068AA000A9EFA
:107D80000023656083500CAB0F4A9E42A26102D073
:107D90003046EDF735FE0498B84201D0EDF730FEDD
:107DA00010B0BDE8F0812A46314621F0D3FEE3E76A
:107DB000064806F003FA0AA81BF014FA40461BF026
:107DC00011FA1BF09FFEF9E7816F0110904D04102E
:107DD0000846114603681B69184700BF084611464C
:107DE00003681B69184700BF0B6808469B68184763
:107DF0000B6808469B68184782B0944630B58BB034
:107E000004460F939DF85830159A643B13990492D9
:107E1000152B79D8DFE803F05E7878787878787871
:107E200078447878787878782A78780B7878149B02
:107E30000DF1440E08AACDE902130FABDCF8005097
:107E400093E8030006AB83E803009EE8030082E8A2
:107E500003008DE8030061466D6920460CCBA847FE
:107E600020460BB0BDE8304002B07047149B0DF1C6
:107E7000440E08AACDE902130FABDCF8005093E8DA
:107E8000030006AB83E803009EE8030082E80300DA
:107E90008DE803006146ED6820460CCBA847DFE77C
:107EA000149B0DF1440E08AACDE902130FABDCF8C8
:107EB000005093E8030006AB83E803009EE803004C
:107EC00082E803008DE803006146AD6920460CCBD3
:107ED000A847C5E7149B0DF1440E08AACDE902138B
:107EE0000FABDCF8005093E8030006AB83E8030017
:107EF0009EE8030082E803008DE8030061462D69D7
:107F000020460CCBA847ABE7149B0DF1440E08AA02
:107F1000CDE902130FABDCF8005093E8030006AB89
:107F200083E803009EE8030082E803008DE8030075
:107F30006146ED6920460CCBA84791E782B0944694
:107F400030B58BB004460F939DF85830159A643BBA
:107F500013990492152B79D8DFE803F05E787878CE
:107F60007878787878447878787878782A78780B80
:107F70007878149B0DF1440E08AACDE902130FABDB
:107F8000DCF8005093E8030006AB83E803009EE8AA
:107F9000030082E803008DE8030061466D69204616
:107FA0000CCBA84720460BB0BDE8304002B070476C
:107FB000149B0DF1440E08AACDE902130FABDCF8B7
:107FC000005093E8030006AB83E803009EE803003B
:107FD00082E803008DE803006146ED6820460CCB83
:107FE000A847DFE7149B0DF1440E08AACDE9021360
:107FF0000FABDCF8005093E8030006AB83E8030006
:108000009EE8030082E803008DE803006146AD6945
:1080100020460CCBA847C5E7149B0DF1440E08AAD7
:10802000CDE902130FABDCF8005093E8030006AB78
:1080300083E803009EE8030082E803008DE8030064
:1080400061462D6920460CCBA847ABE7149B0DF188
:10805000440E08AACDE902130FABDCF8005093E8F8
:10806000030006AB83E803009EE8030082E80300F8
:108070008DE803006146ED6920460CCBA84791E7E7
:1080800082B094462DE9F04F93B0044616681D93D4
:108090009DF88410229FDDE92353E3B10DF1300EEA
:1080A000CDE904531DABCDE9021793E803000AABF9
:1080B00083E803001FA903C90CCB8EE803008DE8F9
:1080C00003006146B5682046A847204613B0BDE8C6
:1080D000F04F02B07047CDE902170DF1300A1DAF25
:1080E00004950DF17C0ECDF814A008AA8DF8383057
:1080F0000DF138090D9306AB0DF12808CDF830903D
:1081000097E8030083E803009EE8030082E8030089
:108110008DE803006146D6F80CB040460CCBD8473A
:108120002B6898E8030087E80300DBB9259B9B696F
:108130000BB125989847259B0D9D03F10800DDF8AC
:1081400030B00F2D0A9518601AD8012D15D19BF863
:108150000030259A1372259B259A5D6000234355B4
:10816000134B93610C9B97E803004B4584E8030095
:10817000ABD01846EDF744FCA7E7002DEBD009E0A3
:1081800041460022184610F023FF259B259A1860CF
:108190000A9B93602A4659462CF072FB259B0A9D48
:1081A0001868D8E7504610F03BFF1BF0ABFC00BF4F
:1081B000916F011082B094462DE9F04F93B00446C0
:1081C00016681D939DF88410229FDDE92353E3B1C7
:1081D0000DF1300ECDE904531DABCDE9021793E844
:1081E00003000AAB83E803001FA903C90CCB8EE888
:1081F00003008DE803006146B5682046A847204685
:1082000013B0BDE8F04F02B07047CDE902170DF191
:10821000300A1DAF04950DF17C0ECDF814A008AA0C
:108220000DF138090DF1280897E80300CDE90D3369
:1082300006ABCDF8309083E803009EE8030082E8A7
:1082400003008DE803006146D6F80CB040460CCB25
:10825000D8472B6898E8030087E803000BBB259BF1
:108260009B690BB1259898470D9B259A43F31D0BED
:108270009B0002F108000C9D0C2BCDF828B010607B
:108280001AD8BBF1010F21D1259A2B6893600422E3
:10829000259BC3F804B000238350164B259A9361A5
:1082A00000E00C9D4D4597E8030084E80300A6D04C
:1082B0002846EDF7A5FBA2E74146002225981AF0D3
:1082C0006BFF259B259A18600A9B9360BBF1000FFA
:1082D00003D05A46294621F03DFCDDF828B0259B05
:1082E0000C9D4FEA8B021868D2E750461AF07AFFCD
:1082F0001BF008FC816F011082B02DE9F04F91B0A6
:108300000446154622999DF874709DF87C801B9355
:1083100000293AD08B69002B6CD00DF13009D1E9DE
:1083200000A6CDF82890BAF1000F01D1002E5ED141
:108330000F2E08963FD8012E53D19AF800304946A7
:108340000DF1280B8DF8303008AB00220B968A55C2
:108350001E9ACDF8088001921BAA0097CDF80CB0A8
:108360002968CE6892E8030083E803002946204686
:108370000CCBB0470A98484501D0EDF741FB2046A9
:1083800011B0BDE8F04F02B070479DED207B1BAAF5
:108390001E99CDF808800AAB009701918DED047B02
:1083A00092E8030083E80300286829460CCB85681F
:1083B0002046A847E3E708AB0DF1280B0022194639
:1083C0005846079310F004FE089A079B0A900C92F7
:1083D0003246514607932CF053FA089E0A99079BA0
:1083E000B3E756B9494608AB0DF1280BADE708488D
:1083F00005F0E4FE074805F0E1FE484608AB0DF144
:10840000280BE5E7584610F00BFE1BF07BFB00BF86
:10841000904D0410F44B041082B02DE9F0418EB061
:10842000044615461C9E9DF85C701593002E2ED0B8
:10843000B369002B44D00DF12808D6E90012CDF81D
:10844000208009B9002A38D108AE01EB82023046FB
:10845000FEF766F8199B009715AA0293189B0396DE
:10846000019306AB2968CF6892E8030083E8030014
:10847000294620460CCBB8470898404501D0EDF777
:10848000BFFA20460EB0BDE8F04102B0704715AA11
:10849000009708AB2E6892E80300199A9DED1A7BAD
:1084A00083E8030002922946189A20468DED047B4A
:1084B0000192B6680CCBB047E3E7054805F07EFEB5
:1084C000044805F07BFE30461AF08CFE1BF01AFBC8
:1084D000904D0410F44B041070B56FF00103B94ACD
:1084E0000D46B94906461BF093F9044610B10568DC
:1084F000284670BDB54B9D4247D0B54B9D4200F01C
:108500008D80B44B9D426BD0B34B9D4200F0928066
:10851000B24B9D4200F09480B14B9D4200F096809A
:10852000B04B9D4200F0C480AF4B9D4200F0F28002
:10853000AE4B9D4200F0FC80AD4B9D425CD0AD4BFC
:108540009D4200F02281AC4B9D4200F02B81AB4B51
:108550009D4200F02F81AA4B9D4200F08781A94BDC
:108560009D4200F0B581A84B9D4240F0E38114206C
:10857000EDF742FA0021054605F0F6FB7368A34AC1
:1085800001332E612A607360B2E71420EDF734FAEC
:1085900005466820EDF730FA00219D4B0446017432
:1085A000818480F86410C0E900319A4BC5E901105C
:1085B000C0E90211C0E90511C0E907112B60284686
:1085C000F3F746F87368224693494FF000000133F1
:1085D000296031467360C5E90364F5F7BBFA87E7A4
:1085E0000C20EDF709FA73688C4A01330546C0E99F
:1085F0000146736002607BE71020EDF7FDF9002271
:10860000874B0546C0E90032F1F79EFC7368854A46
:108610000133EE60A8602A60736069E71020EDF70F
:10862000EBF9814B0546C0E90034F1F78DFC736826
:108630007E4AEDE70C20EDF7DFF973687C4AD4E75A
:108640000C20EDF7D9F973687A4ACEE71420EDF7DC
:10865000D3F905464420EDF7CFF90022764B0446C6
:1086600002741146A0F81120426380F84320C0E94B
:108670000032724BC5E90120C0E90222C0E905229F
:10868000C0E90722C0E90922C0E90B222B60284675
:10869000F2F71EFB7368224669494FF00000013370
:1086A000296031467360C5E90364F5F755FC1FE79F
:1086B0001420EDF7A1F905464420EDF79DF90022BD
:1086C000604B044602741146A0F81120426380F802
:1086D0004320C0E900325C4BC5E90120C0E9022219
:1086E000C0E90522C0E90722C0E90922C0E90B223E
:1086F0002B602846F2F73AFB7368224653494FF045
:1087000000000133296031467360C5E90364F5F761
:10871000FBFCEDE61420EDF76FF921460546FBF76B
:10872000D5FF73684A4A01332E612A607360DFE621
:108730001420EDF761F905464FF49470EDF75CF9FC
:108740000021444B0446017480F82411C0E9003133
:10875000414BC5E90110C0E90211C0E90511C0E9AA
:108760000711C0E909112B602846F3F701F8736877
:1087700022463A494FF000000133296031467360C8
:10878000C5E90364F5F780FAB2E60C20EDF734F999
:10879000736800210546324A0133C5E9011673604A
:1087A0002A60A5E60C20EDF727F97368002105463D
:1087B0002C4AF1E70C20EDF71FF9736800210546FC
:1087C000294AE9E71C6E0410605D04108847002008
:1087D000784700209047002098470020A0470020BD
:1087E0006C47002068470020804700208C4700200D
:1087F0007C470020944700209C470020A44700208D
:10880000744700207047002084470020B87C041083
:10881000AC65041060740410EC7A0410D47C04106D
:10882000447F0410047C041044740410107B041072
:10883000947B0410AC7B04106C65041084740410E9
:108840002C7B04107C650410B8740410607B041049
:10885000C47B0410BC650410607F0410E07B04102E
:10886000007D0410887C0410A07C04101420EDF717
:10887000C3F805467020EDF7BFF800224F4B0446C1
:1088800002741146C26380F86C20C0E900324C4B80
:10889000C5E90120C0E90222C0E90522C0E907229A
:1088A000C0E90922C0E90B22C0E90D222B6028464D
:1088B000F2F70EFB7368224642494FF00000013385
:1088C000296031467360C5E90364F5F7F5FC0FE6EE
:1088D0001420EDF791F805467020EDF78DF8002291
:1088E000394B044602741146C26380F86C20C0E91B
:1088F0000032364BC5E90120C0E90222C0E9052259
:10890000C0E90722C0E90922C0E90B22C0E90D2213
:108910002B602846F2F728FB736822462C494FF05B
:1089200000000133296031467360C5E90364F5F73F
:10893000C5FDDDE5274805F041FC2846F1F7EEFAD4
:108940002846EDF75DF81BF0DDF8F9E7F5E7F7E706
:10895000F6E7F5E7F1E7F0E7E868F5F7F1F828461C
:10896000F2F7D4FEECE7E8E7E868F5F7E9F828461F
:10897000F2F74AFAE4E7E868F5F7E2F82846F2F792
:1089800075FADDE7D9E7DBE7DAE7E868F5F7D8F865
:108990002846F2F73FFFD3E7CFE7D1E7E868F5F7DE
:1089A000CFF82846F2F72CFBCAE7E868F5F7C8F8D5
:1089B0002846F2F757FBC3E7BFE7C1E78C65041011
:1089C000847F0410207C04109C650410B87F041080
:1089D000547C04103C4C041083685869704700BFF5
:1089E00083689869704700BF8368586B704700BF01
:1089F000836882B0986B02B0704700BF836882B012
:108A0000D86B02B0704700BF83685869704700BFD9
:108A100083689869704700BF8368586B704700BFD0
:108A2000836882B0986B02B0704700BF836882B0E1
:108A3000D86B02B0704700BF8368586A704700BFA8
:108A40008368986A704700BF002070470020704715
:108A5000704700BF91424FF0000006D251F8043B2E
:108A60008A4203EB7060F9D870477047034B10B52A
:108A700004460360F1F752FA204610BD0880041046
:108A8000054B10B504460360F1F748FA2046ECF7B1
:108A9000B7FF204610BD00BF08800410034B10B57F
:108AA00004460360F1F73AFA204610BD2080041016
:108AB000054B10B504460360F1F730FA2046ECF799
:108AC0009FFF204610BD00BF20800410034B10B54F
:108AD00004460360F1F722FA204610BD38800410E6
:108AE000054B10B504460360F1F718FA2046ECF781
:108AF00087FF204610BD00BF38800410054B10B51D
:108B0000044640F8083B1CF02BFA2046F1F706FA21
:108B1000204610BDEC7F041010B50446FFF7EEFFB1
:108B20002046ECF76DFF204610BD00BF054B10B589
:108B3000044640F8083B1CF013FA2046F1F7EEF922
:108B4000204610BD447F0410521A70B50C2A82B022
:108B50004FEAA2060D460446019605D8012E00688C
:108B600009D10B68036008E0002201A91AF014FB88
:108B7000019B2060A3603EB92068019B00226360D6
:108B800040F8232002B070BD3246294620F0E2FFB3
:108B9000F2E700BF70B5541A82B00E4605460F2C9E
:108BA000019411D8012C006808D10B7803700023C0
:108BB000019C28686C60035502B070BD5CB900234D
:108BC0006C60035502B070BD002201A910F000FADC
:108BD000019B2860AB60224631462BF051FE019C80
:108BE000286800236C60035502B070BD074B10B5B8
:108BF000044640F8083B1CF0B3F92046F1F78EF923
:108C00002046ECF7FDFE204610BD00BF447F041057
:108C10008A6838B500F10803956803605DB10446C1
:108C2000284625F04FF90246294620462A44FFF7F8
:108C3000B1FF204638BD014805F0C0FA904D041040
:108C40008A6838B500F10803956803605DB1044691
:108C5000284625F037F90246294620462A44FFF7E0
:108C600099FF204638BD014805F0A8FA904D041040
:108C70008A6838B500F10803956803605DB1044661
:108C8000284625F01FF90246294620462A44FFF7C8
:108C900081FF204638BD014805F090FA904D041040
:108CA0008A6838B500F10803D56A036065B10446E7
:108CB000284622F0B9FD02462946204605EB8202ED
:108CC000FFF742FF204638BD014805F077FA00BFA4
:108CD000904D04108A6838B500F1080355690360A7
:108CE00065B10446284622F09FFD024629462046EB
:108CF00005EB8202FFF728FF204638BD014805F04A
:108D00005DFA00BF904D04108A6838B500F1080381
:108D1000D569036065B10446284622F085FD024608
:108D20002946204605EB8202FFF70EFF204638BD9C
:108D3000014805F043FA00BF904D04108A6838B529
:108D400000F10803556A036065B10446284622F025
:108D50006BFD02462946204605EB8202FFF7F4FE32
:108D6000204638BD014805F029FA00BF904D041097
:108D70008A6838B500F10803D56A036065B1044616
:108D8000284622F051FD02462946204605EB820284
:108D9000FFF7DAFE204638BD014805F00FFA00BFA4
:108DA000904D04108A6838B500F10803D569036056
:108DB00065B10446284622F037FD02462946204682
:108DC00005EB8202FFF7C0FE204638BD014805F0E2
:108DD000F5F900BF904D04108A6838B500F108031A
:108DE000D569036065B10446284622F01DFD0246A0
:108DF0002946204605EB8202FFF7A6FE204638BD35
:108E0000014805F0DBF900BF904D04108A6838B5C1
:108E100000F10803556A036065B10446284622F054
:108E200003FD02462946204605EB8202FFF78CFE31
:108E3000204638BD014805F0C1F900BF904D04102F
:108E40002DE9F04F8DB01C46002581460DF1080A32
:108E500068460DF1200B0195CDF800A0FFF774FED8
:108E6000169A214606A80795CDF818B0FFF76CFEB4
:108E7000DDE90047DDE9066304EB870706EB8308BD
:108E800003E0804529D00434061D32462146484679
:108E90001CF02CFA054690B9204622F0C5FC03468A
:108EA000304604EB830422F0BFFCA74206EB8000AF
:108EB000E7D1804503D0A742E3D14FF0FF350698B4
:108EC000584501D0ECF79CFD0098504501D0ECF7D7
:108ED00097FD28460DB0BDE8F08F0125EFE7684605
:108EE0001AF080F91AF00EFE2DE9F04F1D468BB0F6
:108EF00000F10803164604468A4603602A46039397
:108F0000002331460593C0E9013306AB04A804935E
:108F1000FFF71AFEAD1BDDE904736E1007EB830348
:108F20000293424B9D4275D8B000ECF767FD0546B1
:108F30006FF0704B07E0002243F8282003EB880312
:108F4000C4F804905A603A463346294650461CF00D
:108F5000D9F98642024613D8461C15B12846ECF7CB
:108F600051FD6FF060439E4247D2B000ECF746FDE2
:108F700005463A463346504629461CF0C3F9024698
:108F80006368ABEB03039A4230D8294620461AF0B7
:108F900015FB384622F048FC029B07EB8000834219
:108FA00016D0039A071D2368D4F804809A4208F16A
:108FB000010914BFA26803229145BCD9012341468F
:108FC0002046009300231A461AF036F92368B2E7C8
:108FD00015B12846ECF716FD049806AB984201D06F
:108FE000ECF70EFD20460BB0BDE8F08F104805F001
:108FF000FDF81AF0F7FE1BF0F7FA1AF04BFE1AF024
:109000002FFF04A81AF0EEF820461AF0EBF81AF039
:1090100079FDF6E71AF03EFEF6E71AF0E3FE002DC2
:10902000E9D02846ECF7EEFCE5E700BFFCFFFF3F88
:10903000084D04102DE9F04FA1B01D46144610A9AB
:109040000C90A74881E80C00DDE92A730393F1F73F
:1090500015FA2C9BDB6E5B6853F820300A93002BCB
:1090600000F094859F48F1F709FA2C9B0646DB6EC9
:10907000D3F80C8058F820B0BBF1000F00F0278423
:109080000BF14002DBF82830089223B1DBF83030D6
:10909000003B18BF01230F93002315938DF8583020
:1090A00016AB14939BF81030002B40F0A0820023E5
:1090B00020211AA81B938DF870301CAB1A9310F066
:1090C00051F8DBF83C30002213930BF14403069275
:1090D0000593079204920D9209920E92069B13AA91
:1090E000D35C042B00F27F83DFE813F0A5000001BE
:1090F0007D0166010500DFF8F0A1A5F1FF38B8FA9F
:1091000088F84FEA5818002C0CBF002608F001061A
:10911000002E40F03C824646039BA3F1FF33B3FA96
:1091200083F35B09002F0CBF4FF0000903F0010926
:10913000B9F1000F40F0E081B34200F0EB8114B1CF
:10914000B8F1000F2DD1A8460A220598414623F018
:10915000C3FF002838D0089B1CAAC01ADAF80030D8
:10916000801013F80080DDE91A36934206F10105FC
:1091700014BF1C9A0F22954200F2A78103F80680C3
:109180004FF00002049B1B95013304931A9B5A5520
:10919000D4E90232934249D20433A3604FF0FF3541
:1091A000ABE7D4E90232934280F08B83D3F800809E
:1091B000B8F1FF3F4FF00A024146059808BF00246E
:1091C00023F08AFF0028C6D1DBF81430434500F0B5
:1091D00086819BF81060002E00F09C81DBF818302F
:1091E000434540F0EA81079B002B40F0E581049B5A
:1091F000002B00F0BD8316AA5FFA83F8DDE9143670
:10920000934206F1010514BF169A0F22954200F20F
:10921000C98103F806804FF00002149B15955A553A
:1092200000230493D4E902329342B5D32368204645
:109230009B6A9847B2E70126069B032B7CD1099BCA
:10924000012B94BF002306F00103002B00F0A4843F
:109250000E9B002B40F0DA81DBF824309A464FF069
:109260000109A5F1FF38B8FA88F84FEA5818002C20
:109270000CBF002608F00106002E40F08C82464606
:10928000039BA3F1FF33B3FA83F35B09002F0CBFF9
:10929000002203F001020592002A40F06482099A3C
:1092A000914580F06F825E40F6B2002E00F06A8237
:1092B0001CB1B8F1000F40F09F8128465AF8043FD6
:1092C000834240F03281D4E90232934280F09282AC
:1092D0000433A36009F101094FF0FF35C1E700BF76
:1092E000544700207447002010290020A5F1FF38C2
:1092F000B8FA88F84FEA5818002C0CBF002608F07E
:109300000106002E40F029834646039BA3F1FF335C
:10931000B3FA83F35B09002F0CBF4FF0000903F091
:109320000109B9F1000F40F00C839E4240F07181B9
:10933000069B0026032B82D0A5F1FF39B9FA89F9E3
:109340004FEA591914B1B9F1000F25D1CA46039B50
:10935000A3F1FF33B3FA83F35B09002F0CBF4FF087
:10936000000803F00108B8F1000F40F0348199457E
:109370002FD01CB1BAF1000F40F023812A460A9881
:10938000082103689B68984718B3D4E902329342D6
:1093900080F02B820433A360D4E90232934280F040
:1093A000EC821D68681C4FF0010A00F0B7824FF094
:1093B000FF354FF00009CAE7DBF82830002B40F0FA
:1093C0004181DBF83030002B40F020820F9B83F08E
:1093D0000106069B0133032B06933FF730AF002EA7
:1093E0007FF47CAE2BE72C9BDB68980500F1658150
:1093F000099B012B00F26181069B002B00F05D812F
:10940000012B00F04F81069B022B00F041821B9B39
:10941000012B00F228820E9B5BB11A9B1B78302B2C
:1094200007D02D2300221AA80093114601230FF024
:10943000C5FE159E26B3079B002B00F09B829DF86E
:10944000349016AA149B06F10108934214BF169A91
:109450000F22904500F2F78203F806900022149B39
:10946000CDF8548003F8082014AADBE902011CF0AF
:109470008BFA28B92D9B2D9A1B6843F004031360C7
:10948000A5F1FF38079BB8FA88F84FEA581823B1BE
:10949000DBF83430049A934247D1002C0CBF0026ED
:1094A00008F001061AA92E9810F008F8002E49D0ED
:1094B000D4E90232934280F01A83186801300ABF5F
:1094C000B0464FF0000800243CE0012331461AA8C2
:1094D000009300231A460FF0D1FD1A9B4EE6079B1E
:1094E000002B69D1DBF83430002B13DD049B049092
:1094F0000D93012307934BE6D7E90232934280F0A4
:10950000D681186801300ABF4B4600230027B342BA
:109510007FF415AE1B9B0126002B7FF45AAFA5F1FB
:10952000FF38B8FA88F84FEA58182D9B002C0CBF6A
:10953000002608F001062D9A1B6843F0040313600F
:10954000002EB5D1039BA3F1FF33B3FA83F35B097C
:1095500017B1002B40F0E781434505D12D9B2D9A93
:109560001B6843F0020313600C9B1A981C605D603B
:109570001CAB984201D0ECF743FA149816AB984212
:1095800001D0ECF73DFA0C9821B0BDE8F08FD4E99A
:109590000232934280F090811868013000F02F81F0
:1095A0000026B9E50123314614A8009300231A468A
:1095B0000FF064FD149B2CE6079E1B9B002BAED086
:1095C00007E7D4E90232934280F028821A68511CDE
:1095D00008BF0024D3E6D7E90232934280F0D3815A
:1095E000186801300ABF434600230027BFE6202148
:1095F00014A80FF0B7FD5AE5D4E90232934280F087
:109600001D821868421C08BF002457E6DBF82C3086
:1096100024E61CB1B8F1000F40F033822A460A98C4
:10962000082103689B689847064600283FF404AE6B
:10963000D4E90232934280F06F820433A3604FF08A
:10964000FF35F9E5A5F1FF39B9FA89F94FEA59195A
:10965000002C0CBF4FF0000809F00108B8F1000F12
:1096600040F00582C846039BA3F1FF33B3FA83F3AE
:109670005B09002F0CBF002603F00106002E40F00E
:109680001E82984540F08481DBF83030002B40F09A
:10969000BD80DBF82830002B3FF498AE01231E4636
:1096A0000E9396E60F9B43B99DF84C30032B04D0E4
:1096B0009DF84E30012B40F0F680DBF8203000267C
:1096C0000B93A5F1FF39B9FA89F94FEA5919002C22
:1096D0000CBF4FF0000809F00108B8F1000F65D188
:1096E000C846039BA3F1FF33B3FA83F35B09002F52
:1096F0000CBF4FF0000A03F0010ABAF1000F61D16C
:109700000B9A96426CD298456AD014B1B9F1000F09
:1097100010D1DBF81C30284653F82630834218D18C
:10972000D4E9023293426CD20433A36001364FF085
:10973000FF35C6E7D4E90232934280F0BB81186856
:10974000DBF81C30411C53F8263008BF002483424C
:10975000E6D0002E7FF4E3AE2C9BDB6883F400732D
:10976000C3F3402635E6D7E90232934280F06181A7
:1097700018680130099A059B0CBF0027002391450A
:10978000FFF491AD099B99457FF4CFAE1B9B012B54
:109790007FF641AE67E0D4E90232934280F0448123
:1097A0001868013000F0BD80002669E5D4E9023276
:1097B000934280F057811868013000F0C0804FF06C
:1097C00000088EE7D7E90232934280F0468118689C
:1097D00001300B9A0ABF534600230027964292D3CA
:1097E0000B9B9E42B5D10126F3E5236820469B6A78
:1097F0009847D1E5236820469B6A98476AE500248C
:109800008AE4236820469B6A98478FE7A5F1FF39D1
:10981000B9FA89F94FEA5919002C0CBF4FF000082A
:1098200009F00108B8F1000F40F03481C846039BED
:10983000A3F1FF33B3FA83F35B09002F0CBF0026BB
:1098400003F00106002E40F04581984540F0C280AB
:10985000DBF82830002B3FF4B9ADDBF83030002BBB
:109860007FF4B4AD1AE7002230211AA80FF09EFE53
:1098700000283FF4D0AD431C1B9A00F015818242B2
:109880004FF0000128BF02461AA80FF04BFCC2E5BA
:109890009DF84F30042B3FF410AF032B03D10F9BE7
:1098A000002B7FF40AAF069B0133069316E43B6856
:1098B00038465B6A984725E6236820465B6A9847E6
:1098C0006BE6236820465B6A9847804670E4702008
:1098D000ECF792F800238146C0E90133C3600374BA
:1098E000C36380F86C30C0E90533C0E90733C0E9D1
:1098F0000933C0E90B33C0E90D339E4B03602C9B49
:1099000003F16C0110F0A6FD2C9B49463246D86E3F
:10991000F0F73AFD58F826B0FFF7B2BB0024D14665
:1099200015E50024ACE4D7E90232934280F0E480EC
:109930001B68A3F1FF33B3FA83F35B090CE6002441
:10994000CFE6D7E90232934280F0DC80186801301C
:109950000ABF4B4600230027E7E4D4E902329342D2
:1099600080F0D5801868013000F0BF800026CCE47C
:10997000049E22E69DF8109063E5236820465B6A0A
:10998000984705460EE53B6838465B6A984728E6E7
:1099900064B1B9F1000F09D0D4E90232934280F0EA
:1099A000E3801868421C08BF002400E02846DBF86A
:1099B0002420126882427FF467AEDBF82810D4E9D5
:1099C00002320991934280F0D7800433A3604FF0B4
:1099D000FF3508E764B1B9F1000F09D0D4E90232CC
:1099E000934280F0BC801868431C08BF002400E04C
:1099F0002846DBF82C20126882427FF429AFDBF87E
:109A00003010D4E902320991934280F0BA800433D5
:109A1000A36001264FF0FF350E96DAE42368204656
:109A20005B6A98470246D2E5236820465B6A9847FE
:109A3000B7E63B6838465B6A98479AE62368204653
:109A40005B6A9847DEE50123314614A800930023A2
:109A50001A460FF013FB149BFEE43B6838465B6A22
:109A60009847B5E6236820465B6A9847A4E6D4E9A0
:109A70000232934259D21868013052D04FF0000898
:109A8000F1E5D4E90232934263D21A68561C08BF4A
:109A90000024C4E5D4E9023293424BD21868013065
:109AA00041D04FF00008C2E6501E002A70D11A9B28
:109AB0001A70B0E4236820465B6A984740E6D7E90D
:109AC000023293423BD2186801300ABF334600236A
:109AD0000027D6E5D7E90232934235D21868013023
:109AE0000ABF334600230027AFE600240DE42368B5
:109AF00020465B6A9847E1E43B6838465B6A9847D2
:109B0000034616E73B6838465B6A98471FE72368B9
:109B100020465B6A984726E7236820469B6A984759
:109B20008DE500249FE5002481E6236820465B6ADA
:109B30009847A1E7236820465B6A9847AFE73B68F0
:109B400038465B6A9847BFE73B6838465B6A984788
:109B5000C5E7236820465B6A9847024696E7236874
:109B600020465B6A98473FE7236820465B6A984730
:109B700018E700BF8C650410236820469B6A98474D
:109B800025E7236820469B6A984742E704F006FBD6
:109B900000283FF440AC72E6002E3FF4C0AC36E43F
:109BA0001AF020F91AF020FD14A80FF039FA19F074
:109BB000A9FF1AF055F919F0A5FF1AF013F9D9F811
:109BC000003048465B689847ECE71AA80FF028FA7F
:109BD000EAE700BF2DE9F04FA1B01D46144610A9D9
:109BE0000C90A74881E80C00DDE92A730393F0F795
:109BF00045FC2C9BDB6E5B6853F820300A93002BEE
:109C000000F094859F48F0F739FC2C9B0646DB6EEC
:109C1000D3F80C8058F820B0BBF1000F00F0278477
:109C20000BF14002DBF82830089223B1DBF830302A
:109C3000003B18BF01230F93002315938DF8583074
:109C400016AB14939BF81030002B40F0A082002339
:109C500020211AA81B938DF870301CAB1A930FF0BB
:109C600081FADBF83C30002213930BF14403069297
:109C70000593079204920D9209920E92069B13AAE5
:109C8000D35C042B00F27F83DFE813F0A500000112
:109C90007D0166010500DFF8F0A1A5F1FF38B8FAF3
:109CA00088F84FEA5818002C0CBF002608F001066F
:109CB000002E40F03C824646039BA3F1FF33B3FAEB
:109CC00083F35B09002F0CBF4FF0000903F001097B
:109CD000B9F1000F40F0E081B34200F0EB8114B124
:109CE000B8F1000F2DD1A8460A220598414623F06D
:109CF000F3F9002838D0089B1CAAC01ADAF8003003
:109D0000801013F80080DDE91A36934206F1010550
:109D100014BF1C9A0F22954200F2A78103F8068017
:109D20004FF00002049B1B95013304931A9B5A5574
:109D3000D4E90232934249D20433A3604FF0FF3595
:109D4000ABE7D4E90232934280F08B83D3F80080F2
:109D5000B8F1FF3F4FF00A024146059808BF0024C2
:109D600023F0BAF90028C6D1DBF81430434500F0DF
:109D700086819BF81060002E00F09C81DBF8183083
:109D8000434540F0EA81079B002B40F0E581049BAE
:109D9000002B00F0BD8316AA5FFA83F8DDE91436C4
:109DA000934206F1010514BF169A0F22954200F264
:109DB000C98103F806804FF00002149B15955A558F
:109DC00000230493D4E902329342B5D3236820469A
:109DD0009B6A9847B2E70126069B032B7CD1099B1F
:109DE000012B94BF002306F00103002B00F0A48494
:109DF0000E9B002B40F0DA81DBF824309A464FF0BE
:109E00000109A5F1FF38B8FA88F84FEA5818002C74
:109E10000CBF002608F00106002E40F08C8246465A
:109E2000039BA3F1FF33B3FA83F35B09002F0CBF4D
:109E3000002203F001020592002A40F06482099A90
:109E4000914580F06F825E40F6B2002E00F06A828B
:109E50001CB1B8F1000F40F09F8128465AF8043F2A
:109E6000834240F03281D4E90232934280F0928200
:109E70000433A36009F101094FF0FF35C1E700BFCA
:109E8000544700207047002010290020A5F1FF381A
:109E9000B8FA88F84FEA5818002C0CBF002608F0D2
:109EA0000106002E40F029834646039BA3F1FF33B1
:109EB000B3FA83F35B09002F0CBF4FF0000903F0E6
:109EC0000109B9F1000F40F00C839E4240F071810E
:109ED000069B0026032B82D0A5F1FF39B9FA89F938
:109EE0004FEA591914B1B9F1000F25D1CA46039BA5
:109EF000A3F1FF33B3FA83F35B09002F0CBF4FF0DC
:109F0000000803F00108B8F1000F40F034819945D2
:109F10002FD01CB1BAF1000F40F023812A460A98D5
:109F2000082103689B68984718B3D4E9023293422A
:109F300080F02B820433A360D4E90232934280F094
:109F4000EC821D68681C4FF0010A00F0B7824FF0E8
:109F5000FF354FF00009CAE7DBF82830002B40F04E
:109F60004181DBF83030002B40F020820F9B83F0E2
:109F70000106069B0133032B06933FF730AF002EFB
:109F80007FF47CAE2BE72C9BDB68980500F16581A4
:109F9000099B012B00F26181069B002B00F05D8183
:109FA000012B00F04F81069B022B00F041821B9B8E
:109FB000012B00F228820E9B5BB11A9B1B78302B81
:109FC00007D02D2300221AA80093114601230FF079
:109FD000F5F8159E26B3079B002B00F09B829DF899
:109FE000349016AA149B06F10108934214BF169AE6
:109FF0000F22904500F2F78203F806900022149B8E
:10A00000CDF8548003F8082014AADBE902011BF004
:10A01000BBFC28B92D9B2D9A1B6843F004031360E9
:10A02000A5F1FF38079BB8FA88F84FEA581823B112
:10A03000DBF83430049A934247D1002C0CBF002641
:10A0400008F001061AA92E980FF038FA002E49D010
:10A05000D4E90232934280F01A83186801300ABFB3
:10A06000B0464FF0000800243CE0012331461AA816
:10A07000009300231A460FF001F81A9B4EE6079B47
:10A08000002B69D1DBF83430002B13DD049B0490E6
:10A090000D93012307934BE6D7E90232934280F0F8
:10A0A000D681186801300ABF4B4600230027B3420F
:10A0B0007FF415AE1B9B0126002B7FF45AAFA5F150
:10A0C000FF38B8FA88F84FEA58182D9B002C0CBFBF
:10A0D000002608F001062D9A1B6843F00403136064
:10A0E000002EB5D1039BA3F1FF33B3FA83F35B09D1
:10A0F00017B1002B40F0E781434505D12D9B2D9AE8
:10A100001B6843F0020313600C9B1A981C605D608F
:10A110001CAB984201D0EBF773FC149816AB984235
:10A1200001D0EBF76DFC0C9821B0BDE8F08FD4E9BD
:10A130000232934280F090811868013000F02F8144
:10A140000026B9E50123314614A8009300231A46DE
:10A150000EF094FF149B2CE6079E1B9B002BAED0A9
:10A1600007E7D4E90232934280F028821A68511C32
:10A1700008BF0024D3E6D7E90232934280F0D381AE
:10A18000186801300ABF434600230027BFE620219C
:10A1900014A80EF0E7FF5AE5D4E90232934280F0AA
:10A1A0001D821868421C08BF002457E6DBF82C30DB
:10A1B00024E61CB1B8F1000F40F033822A460A9819
:10A1C000082103689B689847064600283FF404AEC0
:10A1D000D4E90232934280F06F820433A3604FF0DF
:10A1E000FF35F9E5A5F1FF39B9FA89F94FEA5919AF
:10A1F000002C0CBF4FF0000809F00108B8F1000F67
:10A2000040F00582C846039BA3F1FF33B3FA83F302
:10A210005B09002F0CBF002603F00106002E40F062
:10A220001E82984540F08481DBF83030002B40F0EE
:10A23000BD80DBF82830002B3FF498AE01231E468A
:10A240000E9396E60F9B43B99DF84C30032B04D038
:10A250009DF84E30012B40F0F680DBF820300026D0
:10A260000B93A5F1FF39B9FA89F94FEA5919002C76
:10A270000CBF4FF0000809F00108B8F1000F65D1DC
:10A28000C846039BA3F1FF33B3FA83F35B09002FA6
:10A290000CBF4FF0000A03F0010ABAF1000F61D1C0
:10A2A0000B9A96426CD298456AD014B1B9F1000F5E
:10A2B00010D1DBF81C30284653F82630834218D1E1
:10A2C000D4E9023293426CD20433A36001364FF0DA
:10A2D000FF35C6E7D4E90232934280F0BB811868AB
:10A2E000DBF81C30411C53F8263008BF00248342A1
:10A2F000E6D0002E7FF4E3AE2C9BDB6883F4007382
:10A30000C3F3402635E6D7E90232934280F06181FB
:10A3100018680130099A059B0CBF0027002391455E
:10A32000FFF491AD099B99457FF4CFAE1B9B012BA8
:10A330007FF641AE67E0D4E90232934280F0448177
:10A340001868013000F0BD80002669E5D4E90232CA
:10A35000934280F057811868013000F0C0804FF0C0
:10A3600000088EE7D7E90232934280F046811868F0
:10A3700001300B9A0ABF534600230027964292D31E
:10A380000B9B9E42B5D10126F3E5236820469B6ACC
:10A390009847D1E5236820469B6A98476AE50024E0
:10A3A0008AE4236820469B6A98478FE7A5F1FF3926
:10A3B000B9FA89F94FEA5919002C0CBF4FF000087F
:10A3C00009F00108B8F1000F40F03481C846039B42
:10A3D000A3F1FF33B3FA83F35B09002F0CBF002610
:10A3E00003F00106002E40F04581984540F0C28000
:10A3F000DBF82830002B3FF4B9ADDBF83030002B10
:10A400007FF4B4AD1AE7002230211AA80FF0CEF87D
:10A4100000283FF4D0AD431C1B9A00F01581824206
:10A420004FF0000128BF02461AA80EF07BFEC2E5DD
:10A430009DF84F30042B3FF410AF032B03D10F9B3B
:10A44000002B7FF40AAF069B0133069316E43B68AA
:10A4500038465B6A984725E6236820465B6A98473A
:10A460006BE6236820465B6A9847804670E470205C
:10A47000EBF7C2FA00238146C0E90133C3600374DD
:10A48000C36380F86C30C0E90533C0E90733C0E925
:10A490000933C0E90B33C0E90D339E4B03602C9B9D
:10A4A00003F16C010FF0BEFD2C9B49463246D86E7D
:10A4B000EFF76AFF58F826B0FFF7B2BB0024D14689
:10A4C00015E50024ACE4D7E90232934280F0E48041
:10A4D0001B68A3F1FF33B3FA83F35B090CE6002496
:10A4E000CFE6D7E90232934280F0DC801868013071
:10A4F0000ABF4B4600230027E7E4D4E90232934227
:10A5000080F0D5801868013000F0BF800026CCE4D0
:10A51000049E22E69DF8109063E5236820465B6A5E
:10A52000984705460EE53B6838465B6A984728E63B
:10A5300064B1B9F1000F09D0D4E90232934280F03E
:10A54000E3801868421C08BF002400E02846DBF8BE
:10A550002420126882427FF467AEDBF82810D4E929
:10A5600002320991934280F0D7800433A3604FF008
:10A57000FF3508E764B1B9F1000F09D0D4E9023220
:10A58000934280F0BC801868431C08BF002400E0A0
:10A590002846DBF82C20126882427FF429AFDBF8D2
:10A5A0003010D4E902320991934280F0BA8004332A
:10A5B000A36001264FF0FF350E96DAE423682046AB
:10A5C0005B6A98470246D2E5236820465B6A984753
:10A5D000B7E63B6838465B6A98479AE623682046A8
:10A5E0005B6A9847DEE50123314614A800930023F7
:10A5F0001A460EF043FD149BFEE43B6838465B6A46
:10A600009847B5E6236820465B6A9847A4E6D4E9F4
:10A610000232934259D21868013052D04FF00008EC
:10A62000F1E5D4E90232934263D21A68561C08BF9E
:10A630000024C4E5D4E9023293424BD218680130B9
:10A6400041D04FF00008C2E6501E002A70D11A9B7C
:10A650001A70B0E4236820465B6A984740E6D7E961
:10A66000023293423BD2186801300ABF33460023BE
:10A670000027D6E5D7E90232934235D21868013077
:10A680000ABF334600230027AFE600240DE4236809
:10A6900020465B6A9847E1E43B6838465B6A984726
:10A6A000034616E73B6838465B6A98471FE723680E
:10A6B00020465B6A984726E7236820469B6A9847AE
:10A6C0008DE500249FE5002481E6236820465B6A2F
:10A6D0009847A1E7236820465B6A9847AFE73B6845
:10A6E00038465B6A9847BFE73B6838465B6A9847DD
:10A6F000C5E7236820465B6A9847024696E72368C9
:10A7000020465B6A98473FE7236820465B6A984784
:10A7100018E700BF9C650410236820469B6A984791
:10A7200025E7236820469B6A984742E703F036FDF9
:10A7300000283FF440AC72E6002E3FF4C0AC36E493
:10A7400019F050FB19F050FF14A80EF069FC19F035
:10A75000D9F919F085FB19F0D5F919F043FBD9F8AF
:10A76000003048465B689847ECE71AA80EF058FCA2
:10A77000EAE700BF2DE9F04790B08C46054606ACED
:10A780000DF130081C9F0DF128099DF8681008AEE6
:10A79000CDF8288084E80C0000231B9A0B938DF8D9
:10A7A000303018AB0292CDE9037931B393E803005E
:10A7B0008DE803006146304694E80C00FEF73AFC51
:10A7C000DDF828A096E8030084E80300EFF7BCFB5F
:10A7D00033461D9908903A4650461AF067FB0A9B8B
:10A7E00094E80300434585E8030002D01846EBF7E0
:10A7F00007F9284610B0BDE8F08793E803008DE81C
:10A8000003006146304694E80C00FFF7E3F9D7E710
:10A8100048460EF005FC19F075F900BF2DE9F04728
:10A8200090B0054633480E461B9F06AC9DF868A0C5
:10A8300084E80C00EFF722FEFB6E5B6853F8208083
:10A84000B8F1000F4FD000230DF130090B938DF8B4
:10A850003030CDF82890BAF1000F32D10AAB029710
:10A8600008AF04931C9B039318AB93E803008DE897
:10A8700003003146384694E80C00FFF7ABF90B9E15
:10A8800097E8030084E803006EB1002231461D986A
:10A8900018F0A6FDD8F8003040460A998A19DE6AF9
:10A8A0001D9B1B68B0470A9B94E803004B4585E855
:10A8B000030002D01846EBF7A3F8284610B0BDE815
:10A8C000F0870AAB029708AF04931C9B039318AB65
:10A8D00093E803008DE803003146384694E80C0005
:10A8E000FEF7A8FBCBE703F059FC0AA80EF098FB93
:10A8F00019F008F9544700202DE9F04F9DB0824629
:10A90000A748269F0DF1280BDDF8A0808BE80C00EE
:10A91000EFF7B4FDFB6E5B6853F82050002D00F09C
:10A92000E681A048EFF7AAFDFB6E0646D3F80C902F
:10A9300059F82040002C00F07F81226CD8E9006398
:10A94000316891421AD0A26B0D92626A0592A26A96
:10A9500003922A68284606EB830304215569324690
:10A96000A847851BAD1013D100239BE80300BB60F3
:10A970008AE8030050461DB0BDE8F08FE26B0D92EF
:10A98000E26A0592226B0392002BE2D00436E0E7E4
:10A990000023690010A8CDE9113312AB109318F011
:10A9A000A1FC636BA5EB0308B8F1000F29DDE1689A
:10A9B00038EA230828BFA846119A002900F06081D0
:10A9C00000214FEA480310A8009118F0B5FCDDF80B
:10A9D000409006EB8800A169D4E902230190484623
:10A9E000009610F025FA119BA0EB0900B3EBA00F25
:10A9F0004FEAA002C0F08681109B119200221A50EB
:10AA0000636B002BDDF8449000F3E680039B03EBBF
:10AA10000902FB6803F0B00104920691990500F168
:10AA2000C580002316A8CDE9173318AB1693049BF5
:10AA3000590018F057FC069A0DADD7F808900DF1A3
:10AA40003808049BA2F11002179EB2FA82F29945CF
:10AA50004FEA521298BF0022079215F8013B042BCF
:10AA600010D8DFE803F06782754A03006FF0704387
:10AA7000DDE910129B1B9A4200F23B8116A818F0E8
:10AA80009DFD179EA845E8D1039B012B00F2928003
:10AA9000B14540F29F80069AA9EB0603202A00F0F8
:10AAA000C380279A16A800920022114618F044FC91
:10AAB0009DF82C40169B0A9D4CB919462B684A46B6
:10AAC00028461B6B9847484518BF0124169B18AAB7
:10AAD0000E958DF83C40934298E803000A908DF85B
:10AAE0002C1002D01846EAF78BFF109812AB984250
:10AAF0003FF43AAFEAF784FF36E7039B002BC1D05F
:10AB0000059A711C169B12680892721C099218AA69
:10AB1000934214BF189A0322914200F2CA80089A05
:10AB200043F8262003EB8603099A179200225A6005
:10AB3000179EA7E7079B002BA4D0279B3146002236
:10AB400016A80093049BA9EB030318F0F5FB98E704
:10AB5000FB689B0596D56FF07043D4E907129B1BE9
:10AB60009A428BD9104803F041FB079B002BE4D19C
:10AB7000721C169B711C089218AA934214BF189A53
:10AB80000322914200F2A980279A43F8262003EB82
:10AB90008603089A179200225A60179E72E700BF38
:10ABA0005447002074470020084D0410236A1A44BB
:10ABB000049236E75A1E6FF0704305999B1B0431CF
:10ABC0009A4200F29C8016A818F0F8FC179EB14536
:10ABD0003FF661AFB1466BE76269109B069209F1DF
:10ABE0000102049212AA0499934214BF129A0322FA
:10ABF000914268D8069A43F8292003EB8903049A06
:10AC00001192002290455A6042DB119A6FF0704316
:10AC100006EB88019B1A626B9A426DD810A818F057
:10AC2000CDFCDDF84490F1E6279A314616A8009253
:10AC3000002218F081FB3BE77020EAF7DDFE0023DD
:10AC400007F16C010446C3600374C36380F86C3081
:10AC5000C0E90133C0E90533C0E90733C0E909336E
:10AC6000C0E90B33C0E90D33364B03600FF0F2FB44
:10AC700021463246F86EEFF787FB59F826405CE62E
:10AC8000334610A8CDF8008018F036FC636BB8E6A8
:10AC9000616CC8F1000310A80091119918F04CFBE9
:10ACA0006FF07043119A9B1A9D422FD82A46314665
:10ACB000B4E70123314616A8009300231A4618F082
:10ACC000BBFA169B2BE70123494610A800930023EB
:10ACD0001A4618F0B1FA109B8CE70123314616A8EA
:10ACE000009300231A4618F0A7FA169B4CE703F0CE
:10ACF00055FA154803F07AFA134803F077FA124828
:10AD000003F074FA1149124803F0A0FA0E4803F058
:10AD10006DFA19F067F8236820465B68984719F0C8
:10AD200063FC19F05FF8FAE719F09AF818F0EAFEF8
:10AD300016A818F057FA10A818F054FA18F0E2FE06
:10AD4000F9E700BF8C650410084D0410C44D0410D1
:10AD50006C4C04102DE9F04F9DB08246A748269F09
:10AD60000DF1280BDDF8A0808BE80C00EFF786FBD7
:10AD7000FB6E5B6853F82050002D00F0E681A04880
:10AD8000EFF77CFBFB6E0646D3F80C9059F8204099
:10AD9000002C00F07F81226CD8E900633168914279
:10ADA0001AD0A26B0D92626A0592A26A03922A6877
:10ADB000284606EB8303042155693246A847851BC4
:10ADC000AD1013D100239BE80300BB608AE80300A9
:10ADD00050461DB0BDE8F08FE26B0D92E26A05921D
:10ADE000226B0392002BE2D00436E0E700236900D7
:10ADF00010A8CDE9113312AB109318F073FA636BFE
:10AE0000A5EB0308B8F1000F29DDE16838EA230853
:10AE100028BFA846119A002900F0608100214FEA5E
:10AE2000480310A8009118F087FADDF8409006EB6F
:10AE30008800A169D4E902230190484600960FF0EA
:10AE4000F7FF119BA0EB0900B3EBA00F4FEAA002A4
:10AE5000C0F08681109B119200221A50636B002B68
:10AE6000DDF8449000F3E680039B03EB0902FB68E6
:10AE700003F0B00104920691990500F1C58000230A
:10AE800016A8CDE9173318AB1693049B590018F098
:10AE900029FA069A0DADD7F808900DF13808049BF1
:10AEA000A2F11002179EB2FA82F299454FEA5212AD
:10AEB00098BF0022079215F8013B042B10D8DFE859
:10AEC00003F06782754A03006FF07043DDE91012EA
:10AED0009B1B9A4200F23B8116A818F06FFB179E4D
:10AEE000A845E8D1039B012B00F29280B14540F2C6
:10AEF0009F80069AA9EB0603202A00F0C380279AB8
:10AF000016A800920022114618F016FA9DF82C405F
:10AF1000169B0A9D4CB919462B684A4628461B6B5E
:10AF20009847484518BF0124169B18AA0E958DF81E
:10AF30003C40934298E803000A908DF82C1002D010
:10AF40001846EAF75DFD109812AB98423FF43AAF0D
:10AF5000EAF756FD36E7039B002BC1D0059A711C1A
:10AF6000169B12680892721C099218AA934214BF89
:10AF7000189A0322914200F2CA80089A43F82620C8
:10AF800003EB8603099A179200225A60179EA7E7DF
:10AF9000079B002BA4D0279B3146002216A80093C4
:10AFA000049BA9EB030318F0C7F998E7FB689B051E
:10AFB00096D56FF07043D4E907129B1B9A428BD948
:10AFC000104803F013F9079B002BE4D1721C169B69
:10AFD000711C089218AA934214BF189A0322914236
:10AFE00000F2A980279A43F8262003EB8603089AEB
:10AFF000179200225A60179E72E700BF5447002044
:10B0000070470020084D0410236A1A44049236E762
:10B010005A1E6FF0704305999B1B04319A4200F24F
:10B020009C8016A818F0CAFA179EB1453FF661AF8A
:10B03000B1466BE76269109B069209F10102049226
:10B0400012AA0499934214BF129A0322914268D81B
:10B05000069A43F8292003EB8903049A11920022EF
:10B0600090455A6042DB119A6FF0704306EB8801FD
:10B070009B1A626B9A426DD810A818F09FFADDF8FF
:10B080004490F1E6279A314616A80092002218F063
:10B0900053F93BE77020EAF7AFFC002307F16C019E
:10B0A0000446C3600374C36380F86C30C0E90133A5
:10B0B000C0E90533C0E90733C0E90933C0E90B3300
:10B0C000C0E90D33364B03600EF0ACFF214632462B
:10B0D000F86EEFF759F959F826405CE6334610A8A8
:10B0E000CDF8008018F008FA636BB8E6616CC8F11F
:10B0F000000310A80091119918F01EF96FF0704329
:10B10000119A9B1A9D422FD82A463146B4E7012353
:10B11000314616A8009300231A4618F08DF8169BA6
:10B120002BE70123494610A8009300231A4618F084
:10B1300083F8109B8CE70123314616A80093002367
:10B140001A4618F079F8169B4CE703F027F81548D3
:10B1500003F04CF8134803F049F8124803F046F89E
:10B160001149124803F072F80E4803F03FF818F046
:10B1700039FE236820465B68984719F035FA18F0C5
:10B1800031FEFAE718F06CFE18F0BCFC16A818F0B7
:10B1900029F810A818F026F818F0B4FCF9E700BF59
:10B1A0009C650410084D0410C44D04106C4C041030
:10B1B0002DE9F04F2DED028B91B0054604AF07F15C
:10B1C0000806796007F1140097F8609086E80C0093
:10B1D0007B6E03F16C0197ED1C8BEEF7A7FE3C48EC
:10B1E000EFF74CF97B695B6853F820A0BAF1000FC8
:10B1F00061D090B00DF11008EEF7A6FE0023B86103
:10B2000040224146009307F11800324B8DED028B2E
:10B21000F5F788FE3F28044617DD00F108030134E6
:10B2200023F00703ADEB030D0DF11008EEF78CFED4
:10B230000023224641468DED028BB86107F11800CC
:10B240000093244BF5F76EFE044607F1200B002215
:10B25000214607F11800C7F818B017F0CBFFDAF84D
:10B26000003008EB040241465046DC6ABB69A04747
:10B270007B6E2846009307F1180379680293BB6E32
:10B28000019396E80C00B9F1000F11D1FFF762FDB0
:10B29000B869584501D0EAF7B3FB07F11400EEF79F
:10B2A000D1FE28463437BD46BDEC028BBDE8F08F99
:10B2B000FFF722FBECE702F071FF07F1180017F02F
:10B2C00091FF07F11400EEF7BDFE18F01BFCF8E744
:10B2D00054470020D84D041030B587B004460DF116
:10B2E000100C9DF828508CE80C00DDE90B3255B1AC
:10B2F0000D9D0093CDE901259CE80C00FFF7FCFAB9
:10B30000204607B030BD0D9D0093CDE901259CE896
:10B310000C00FFF71FFD204607B030BD2DE9F04FB0
:10B3200087B007465B48994606A9169C1546DDF886
:10B3300040B001E90C00EFF7A1F8E36E5B6853F849
:10B340002060002E00F0A380119A0024CDF804B0F4
:10B35000B346A2F1FF3AA0460297BAFA8AFA4FEA38
:10B360005A1AA9F1FF32B2FA82F25209002D0CBF2B
:10B37000002702F00107002F58D11746019B002B30
:10B380000CBF00260AF001066EBB5646BE4234D002
:10B39000159B984531D205B1E2B94946DBF800204A
:10B3A0005846166B2A22B0473038C2B2092A24D830
:10B3B00004EB8404149B00EB44049C4251DCD5E96B
:10B3C00002218A423BD20432AA6008F101084FF000
:10B3D000FF39C6E7D5E902218A4252D211684B1CD7
:10B3E00008BF0025DAE7D3E90201884242D20068AB
:10B3F000013033D00026BE42CAD1B8F10003139AFF
:10B40000029F18BF01239442B8BF002313B1149BBD
:10B410009C4219DD179B3846179A1B6843F00403BA
:10B42000C7E90059136007B0BDE8F08FD5E9020104
:10B43000884218D2006801300ED000279EE72A68A3
:10B440002846926A9047C0E7129B38461C60C7E9BD
:10B45000005907B0BDE8F08F00258FE70023019366
:10B4600094E7029FD6E7296828460392496A8847ED
:10B47000039AE0E7019803920168496A8847039AB2
:10B48000B6E72A682846526A90470146A7E702F0C5
:10B4900085FE00BF544700202DE9F04F93B04FF0D8
:10B4A000000A0446B0480EAE0F46CDF844A0DDE9D0
:10B4B0001EB886E80C00DDE91C95EEF7DFFFDBF82F
:10B4C0006C20526852F820300993002B00F07981EB
:10B4D00011AB0221A5F1FF35CDF818B00793632316
:10B4E000CDF80CA00DF1300BB5FA85F5CDE904319E
:10B4F00010AB6D0902931CABD1450CBF4FF0000A95
:10B5000005F0010A93E803008DE803003946584628
:10B5100096E80C00FFF702FF119A9BE8030086E80B
:10B5200003000B46064622B3A1F1FF37D8F80020EE
:10B53000B7FA87F742F004027F09C8F80020002814
:10B540000CBF4FF0000B07F0010BBBF1000F2FD128
:10B55000BAF1000F3AD1AF4205D1D8F8002042F03D
:10B560000202C8F800202046C4E9006313B0BDE819
:10B57000F08FA1F1FF37B7FA87F77F0900280CBFDA
:10B580004FF0000B07F0010BBBF1000F74D13A46EE
:10B59000BAF1000F67D12946914223D1109A442A6B
:10B5A00001DC6432109220994A61BBF1000FCFD0C8
:10B5B000D6E902218A4280F0A380106801300ABFD8
:10B5C0005F4600270026BAF1000FC4D0D9E9022156
:10B5D0008A4280F08C801568A5F1FF35B5FA85F5B3
:10B5E0006D09B8E7BBF1000F6FD1194609980A93AE
:10B5F0000268D2F830B02A22D847A0F1300B0A9B5B
:10B600005FFA8BF2092A40D8D6E902218A4280F0FB
:10B610008A80109B043203EB8303B2600BEB43037D
:10B6200010938A421AD21068013006BF0026012703
:10B630000027BAF1000F51D12B46BB422CD1B6F1F5
:10B64000000B109A18BF4FF0010BA2F26C722099F8
:10B6500001274FF0FF3310924A61A6E73368304666
:10B660005B6A9847E0E7D9E9021081427ED2086818
:10B67000013069D000218FE7D0E902218A426DD2E2
:10B680001068013065D0002282E7002E0CBF4FF019
:10B69000000B07F0010B81E7002E51D0D6E90232F2
:10B6A000934280F0888019684B1C00F081804FF035
:10B6B000010B09982A2203681B6B9847A0F13007F9
:10B6C000FBB2092B23D9109ABFE7D6E902218A429F
:10B6D00061D211684A1C08BF002687E7D9E9023207
:10B6E000934252D2186801304AD00023A5E7D9F816
:10B6F000002048460993526A9047099B05466BE72C
:10B70000326830460993526A9047099B56E7D6E95A
:10B710000232934247D20433B360109B03EB83039E
:10B7200007EB430291E7336830469B6A9847109BCA
:10B7300003EB83030BEB4303D6E90221109370E77D
:10B74000B3464FF0FF31B4E751464FF0000AD146FF
:10B7500022E75A464FF0000B5E4619E702680A934B
:10B76000526A90470A9B8CE754470020D9F8001092
:10B770004846CDE90A32496A8847DDE90A3277E767
:10B7800053464FF0000AD14657E7D9F800304846F3
:10B790005B6A9847A7E7326830460A93526A904737
:10B7A0000A9B014696E7336830469B6A9847B4E7A0
:10B7B0000026B3467DE7336830465B6A984701460A
:10B7C00072E702F0EBFC00BF2DE9F04F93B000AF41
:10B7D00007F14801D7F884407861AF4801E90C00CF
:10B7E0003B6F3D6C7A6C7B62FD63BA63EEF746FE9D
:10B7F000E36E5B6853F82040002C00F0C9836A4672
:10B80000D7F88030A2EBC303BA6BA2F1FF369D4696
:10B81000DB08B6FA86F6E946BB617609002D0CBF57
:10B820004FF0000806F00108B8F1000F40F0038364
:10B83000B0467B6FA3F1FF33B3FA83F35B091D4678
:10B84000BB627B6A002B0CBF002505F00105002DB3
:10B8500040F00583BD6AA84510D1D7F88830D7F8E5
:10B8600088101B6843F004030B607B69F96B4C374D
:10B870001846C3E90012BD46BDE8F08FFB6B13B15B
:10B88000002E40F0F882154623682946BA63204608
:10B890001B6A98472368294680469B69204698473B
:10B8A000D7F88030BA6B002BD7D0D7F880100023A0
:10B8B000C7F838904FEA810A9B4609EB81013A6349
:10B8C000A146C7F82CA079630446F96F0D1FAA465C
:10B8D0001D4604E00135D7F88030AB4225D05AF838
:10B8E000042F48461168D9F80020126A9047804515
:10B8F00009D0DAF8002048461168D9F8002092698A
:10B9000090478442E6D1DAF800004FEA8B061FF038
:10B910008BFF7B6B43F82B000BF1010BBB6B9D5135
:10B920000135D7F88030AB42D9D1BBF1010F4C467D
:10B930003A6BD7F83890D7F82CA07D6040F22A8374
:10B94000BB695E46C7F810A05AF8332000233B635A
:10B950004FEA8B039346FB627B6B043BFB61FB6B03
:10B96000F9695D46F86A7A6B081852F8041F8D422F
:10B9700028BF0D469042F8D1386BD3E9022101303F
:10B980008A42386380F014810432A8429A6000F041
:10B990001A8180F0D581D3E902218A4280F0C681E4
:10B9A0001068013006BF00234FF001084FF0000877
:10B9B000D7E90925002A0CBF002505F00105002D57
:10B9C0006CD1BD6A454575D0002B59D0D3E9022111
:10B9D0008A4280F02882116820684D1C026A50D08B
:10B9E000BB6320469047BB6BF863D3E902218A42D0
:10B9F00080F011821168481C08BF0023226820468D
:10BA0000BB6392699047BB6B002E00F0CD803A6B10
:10BA100000253B624FEA820AB86317E0236820469C
:10BA200058F80A109B699847BB6B83421ED0013EB1
:10BA30007A6B59F82630B54249F80B304FEA860345
:10BA4000FB6252F8263042F80B3012D259F82530FA
:10BA50002046FA6F4FEA850B52F82380236858F886
:10BA60000A101B6A9847FB6B9842D7D10135B54243
:10BA7000ECD3012E3B6A1DD97A6BD2F800B06FE788
:10BA80002068036A4FF0FF312046984700234FF0AB
:10BA9000FF31F863B2E700BF54470020D2E9021239
:10BAA000914280F0B1810868013000F046810025A4
:10BAB000454589D1B346D7F810A04FF0FF32FB635C
:10BAC000BBF1010F7FF4C9AEFA6BD2E902318B42B0
:10BAD00080F0DC81043393603B6B01333B63D9F826
:10BAE0000050BB693A6B5AF83380FB6F424553F8FC
:10BAF000253080F04D8103EB8206FB6B002B42D199
:10BB00004FF00109D7E90923002A0CBF002303F0F5
:10BB10000103002B40F03081BB6A4B4500F03881B7
:10BB20002368204631681B6A9847FB6B8146002BCF
:10BB300040F0328123684FF0FF3120461B6A98475E
:10BB4000814500F001812368204631689B69984750
:10BB5000002381464FF0FF31FB63236820469B6939
:10BB60009847814540F01481FA6BD2E902318B424B
:10BB700080F0F280396B04330436013193608845DC
:10BB8000396300F0F480FA6BD2E902318B4280F025
:10BB90008F8118680130FB6B06BF00234FF001094D
:10BBA0004FF00009FB63ADE74FF0FF32FB6354E653
:10BBB0001A681846FB63926A90473B6BAB42FB6B7B
:10BBC0007FF4E7AED9689A688A4280F0C481106831
:10BBD0000130D7E9092506BF00234FF001084FF0D7
:10BBE0000008002A0CBF002505F00105002D40F0DB
:10BBF0002D81BD6AA84500F0F080002B00F0F9808F
:10BC0000D3E902218A4280F09E81116820684D1C90
:10BC1000026A00F0EF80FB6320469047FB6BB8633D
:10BC2000D3E902218A4280F0758111684A1C08BF5D
:10BC3000002322682046FB60A9F1040A92690025CE
:10BC400090473B6BC7F820B09A00C7F80890D7F828
:10BC50001C80A1469346F8635AF8042FFB6F53F8F3
:10BC6000224058F8042F3B6B9A4215D9D9F800208E
:10BC7000484654F80B10126A9047BB6B984200F08C
:10BC8000AF80D9F80020484654F80B1092699047CD
:10BC9000FB6B834200F0A4800135B542DCD14C46F9
:10BCA000D7F820B0FB684FF00008D7F808900021C3
:10BCB0005A46D7F82CC0D7E90C5004E00131B14204
:10BCC00014D250F82120AA1AB2FA82F2520942453F
:10BCD000F4D1013E59F82620B1424FEA860C49F8CA
:10BCE000212050F8262040F82120EAD3C7F82CC0A4
:10BCF000B8F1000F00F0E1807A6B012E116809D9CC
:10BD00006046FD69451952F8040F814228BF01467B
:10BD1000AA42F8D13A6B8A42BFF4CCAE002B3FF472
:10BD200047AED3E902218A42FFF43AAE1A681846B8
:10BD3000FB63526A9047FB6B33E600227A6241E66E
:10BD4000FB634FF0FF3288E50023FB63FA6BD2E917
:10BD500002318B42FFF40EAFF86B043603689B6A26
:10BD600098473B6B013398453B637FF40CAFBB6F47
:10BD70004FF0FF321D6078E5D2E90201884280F081
:10BD800090800068013073D000234B457FF4C8AE2B
:10BD90003B6B9845D5D1EAE7D3E902318B427AD2A1
:10BDA00019684A1C3FF4C6AE236820461B6A9847B0
:10BDB00081453FF4D9AE2368204631689B69984796
:10BDC000FA6B8146D2E902318B427FD219684B1C53
:10BDD000FB6B08BF0023FB63BFE64FF0000866E77C
:10BDE0004C46D7F820B0FB684FF00108D7F8089010
:10BDF0005DE72068036A4FF0FF3120469847002333
:10BE00004FF0FF31B86314E7786AFB630268526A47
:10BE10009047FB6B48E61A681846BB63526A904726
:10BE2000BB6B0146E7E51A681846FB63526A904708
:10BE3000FB6B0146D0E5FB6BD3E90213994262D25A
:10BE40000868013048D04FF00008F2E4D2E902124D
:10BE5000914251D20868013044D00025CAE6D3E9A6
:10BE60000213994241D20868013038D00025F2E42B
:10BE700000227A6251E6D3E902318B4272D21D6808
:10BE80006E1CFB6B08BF0023FB63FDE4F86B0368CB
:10BE90009B6A984720E6F86B03685B6A98470146FF
:10BEA0007FE7786ABB630168496A8847BB6B69E7CB
:10BEB000F86B03685B6A98476CE6022ED7F810A00F
:10BEC000FB632FD0012E7FF43CAF08E6F86B0368CC
:10BED0005B6A984701467AE70023FB63A9E40023E5
:10BEE0007B62B8E400227A6284E6786ABA63036807
:10BEF0005B6A9847BA6BB7E7786AFB630268526A75
:10BF00009047FB6BA7E7F86BBA6303685B6A9847D7
:10BF1000BA6B96E71A681846FB63526A9047FB6B48
:10BF2000014683E67A68D6073FF50BAFD9F8005093
:10BF30005308D9F80410B5EB520F1BD22B448B4297
:10BF40007FF4FFAECDE51A681846FB63526A90474E
:10BF5000FB6B01465AE61A681846FB63526A904723
:10BF6000FB6B35E6F86BBA6303685B6A9847BA6B9C
:10BF7000054685E7EB1A8B427FF4E3AEC9F8003043
:10BF80007B6BBA695B684AF83230D9F80050A8E593
:10BF900002F004F900233B6392E500BF2DE9F04F66
:10BFA0008BB000AF07F128017C6E3861B548D7F837
:10BFB0005CB001E90C003B6D7D6A7B61D7F8209095
:10BFC000FD61EEF75BFAE36E5B6853F820A0BAF10F
:10BFD000000F00F09381A5F1FF356A463B6EB5FA7C
:10BFE00085F5A2EBC3036D099D46B9F1000F0CBFA7
:10BFF000002605F00106E846002E40F024817B6D06
:10C00000A3F1FF33B3FA83F35B091C46BB617B6981
:10C01000002B0CBF002404F00104002C40F01C8114
:10C02000BC69A54240F0AA80002426462546FB694B
:10C03000A3F1FF31B1FA81F14909B9F1000F0CBF49
:10C04000002301F00103002B6FD10B46D7E9050255
:10C0500000280CBF002202F00102002A3ED1BA697A
:10C060009A4248D0B9F1000F01D0002967D1D7F822
:10C070001CE0002C49D000234FEA860A9C4604E0CD
:10C080000CF1010C0133A34218D255F8232098007B
:10C0900005EB8301B242F3D958F823205BF8222044
:10C0A00052F80A20724517D0013C58F82420A342C8
:10C0B00048F8002055F824200A60E6D364451AD0D9
:10C0C000D9E902239A4247D20432C9F808204FF036
:10C0D000FF330136FB61AAE70133D4E7D0E902C0A0
:10C0E000844580F0C280DCF80000013000F0A880B8
:10C0F00000229A42B6D1012C34D0022C05D12B68F3
:10C10000B34232D06B68B3422FD0BB6EBA6E1B689D
:10C1100043F0040313603B69FA692C371846C3F8EF
:10C1200000905A60BD46BDE8F08FD9E90202904206
:10C1300080F0AA80006801307FD0002386E7D9E92B
:10C1400002239A4280F0AA80D2F800E0BEF1FF3FBD
:10C1500008BF4FF000098CE7D9F8003048469B6AC9
:10C160009847B4E72B68B342CFD13A6ED8F8003085
:10C170009342A8BF9B1ABA6D1360CCE7002E40F023
:10C180009480FA693B6E5FEA430C3FF44DAF0024A4
:10C19000ABF10405C7F80C909146C7F85CB0264691
:10C1A000D346E24609E0DBF8002058469269904702
:10C1B000484507D0013454450AD055F8042F11687A
:10C1C0004945F0D148F82640013401365445F4D1B0
:10C1D000D7F80C90D7F85CB0002E3FF425AFD9E922
:10C1E00002239A4280F084800432C9F80820B30008
:10C1F000C7F81C800024073323F00703ADEB030DC1
:10C20000A8F104036D46A5F1040AD046CA46A94622
:10C210001D4655F8042F01345BF822001FF004FB83
:10C22000A64248F8040FF4D14FF0FF33D7F81C8032
:10C230004D460126D146FB61F9E64FF0000905E7BE
:10C24000002078610CE7D9E902239A423ED21068B7
:10C25000013037D00025D2E6D3E902239A423BD2FF
:10C26000106801302BD00024DBE6FB607B69186886
:10C27000C7E90121D0F824A01846D047FB68D7E9C8
:10C28000012132E754470020D9F800204846C7E989
:10C290000213526A9047D7E902134CE7D9F80030ED
:10C2A00048465B6A9847864650E7D9E902239A4296
:10C2B00017D21268531C08BF4FF0000962E7002331
:10C2C0007B61AEE635460026B14698E6D9F80030E7
:10C2D00048465B6A9847BBE7786903685B6A98479A
:10C2E000BFE7D9F8003048465B6A98470246E1E765
:10C2F000D9F8003048469B6A984778E701F04EFF2E
:10C300002DE9F0419EB0054656480E460CACDDE9DD
:10C31000268784E80C00EEF7B1F8D8F86C30D3E942
:10C320000132904280F09B8053F82000002800F0FA
:10C33000968000234C4A4D4917F06AFA002800F015
:10C340008E80836800220F92DA6A17921A6B189215
:10C350005A6B19929A6B1A92DA6B1B921A6C1C9296
:10C360005A6C1D92DA6C11921A6D12925A6D1392D8
:10C370009A6D1492DA6D15921A6E9B6C1692109348
:10C380000FABCDF8148006930723049310AB0393EF
:10C390000EAB029324AB93E803008DE80300314613
:10C3A0000AAE94E80C003046FFF7F8FD0F9B96E8C4
:10C3B0000300024684E803003BB33B6843F00403F8
:10C3C0003B600D9EA6F1FF36B6FA86F67609002A86
:10C3D0000CBF002306F00103DBB9259B2498A3F1D1
:10C3E000FF33B3FA83F35B0900B1EBB99E4203D18B
:10C3F0003B6843F002033B600C9294E8030085E83D
:10C40000030028461EB0BDE8F0810E9B28998B6181
:10C41000D7E7D2E90210814211D2086801300ABF81
:10C420001E4600260022D8E7D0E902318B420FD207
:10C430001B68A3F1FF33B3FA83F35B09D6E71168F6
:10C44000104609930892496A8847DDE90823E5E721
:10C45000036808925B6A9847089A0346E9E701F087
:10C460009DFE00BF9C460020408B0410605D0410C0
:10C470002DE9F04FB3B0054673488B4616ACDDE9A5
:10C480003E7884E80C00EDF7F9FFFB6ED3E901324A
:10C49000904280F0D68053F82000002800F0D18030
:10C4A00000236A4A6A4917F0B3F9002800F0C980EE
:10C4B00083680DF1640A4FF00C0914AED3F898208C
:10C4C000596E1B92D3F89C20986E1C92D3F8A02032
:10C4D0000E911D92D3F8A420D96E1E92D3F8A820F5
:10C4E0000B901F92D3F8AC20186F2092D3F89420B1
:10C4F00009911A92996FD3F8B02008901292D86FD0
:10C500005A6F0D91D3F880100A920F901091D3F8C2
:10C510008400D3F8902011900C92D3F8B420D3E982
:10C520002201D3E92EECD3F8C0301392129ACDF841
:10C53000109021920A9ACDE924C30E9B2A92269349
:10C540000B9B2793099B2893089BCDE9057A299398
:10C55000139F0D9BCDE9227E2B930F9B30912C9343
:10C56000109B2D93119BCDE92E300C9B31931AAB70
:10C57000039318AB0293002319933CAB93E8030099
:10C580008DE803005946304694E80C00FFF706FD9D
:10C59000199B96E80300074684E803005BB3D8F8CC
:10C5A000003043F00403C8F80030179EA6F1FF36B0
:10C5B000B6FA86F67609002F0CBF002306F00103B9
:10C5C000EBB93D9B3C98A3F1FF33B3FA83F35B09CE
:10C5D00000B1FBB99E4205D1D8F8003043F0020308
:10C5E000C8F80030169794E8030085E80300284651
:10C5F00033B0BDE8F08F189B409A1361D5E7D7E9B7
:10C6000002218A4211D2106801300ABF1E4600265C
:10C610000027D6E7D0E9023293420DD21B68A3F17E
:10C62000FF33B3FA83F35B09D4E73A6838460893DB
:10C63000526A9047089BE7E703685B6A984703469E
:10C64000EDE701F0ABFD00BF9C460020408B0410DD
:10C65000605D04102DE9F04FC1B00646C94892460E
:10C660000D9124A909934D9DDDF828B181E80C00B6
:10C67000EDF704FF4C9BDB6ED3E90132904281F071
:10C68000298153F82000002801F024810023BE4AAC
:10C69000BE4917F0BDF80F90002801F01B81BC487F
:10C6A000EDF7ECFE4C9BDB6E5B6853F82070002FBF
:10C6B00001F010814F9854461FF0B6F8DDF82CC1F8
:10C6C0000023DA46ACF1FF38DDF824B099460B9030
:10C6D000B8FA88F82693CDF840C04FEA58180E965D
:10C6E0004D95ABF1FF36B6FA86F67609002C0CBFF5
:10C6F000002306F00103002B40F0A4813346BAF179
:10C70000000F0CBF002508F00105002D40F08F81BF
:10C7100045465D400B9B269A99452CBF002505F0A8
:10C720000105002D00F09981002A40F0DC813B6872
:10C7300038464F99D3F830C04FEA890309920A93DB
:10C740004F9B51F8291003EB89030C93E0472528F0
:10C75000099A36D03B6808214F9A38469B6852F8B0
:10C76000292098470546002840F014813B68384648
:10C770004F9A0A991B6A51589847054614B1002EE2
:10C7800040F08F8159463B6838461B6A984785427E
:10C7900000F0ED804F9B38460A9A99583B689B6998
:10C7A0009847594605463B6838469B699847A842D2
:10C7B00000F0DD80269B43F00403269309F1010974
:10C7C0008FE73B6838460C9909921B6B496898477C
:10C7D000099A4528279200F055814F2800F0528190
:10C7E00009F10109BAF1000F0CBF002308F00103A1
:10C7F000253809935428DDD801A353F820F000BF51
:10C8000055C90110B5C70110B5C70110B5C7011052
:10C81000B5C70110B5C70110B5C70110B5C70110E4
:10C82000B5C70110B5C70110B5C70110B5C70110D4
:10C83000B5C70110B5C70110B5C70110B5C70110C4
:10C84000B5C70110B5C70110B5C70110B5C70110B4
:10C85000B5C70110B5C70110B5C70110B5C70110A4
:10C86000B5C70110B5C70110B5C70110B5C7011094
:10C870004DCD011001CC011079D301105BD3011013
:10C88000B5C70110B5C70110B5C70110A3D5011078
:10C8900029D50110B5C70110B5C70110B5C70110E2
:10C8A000D1D40110B5C70110B5C70110B5C701102B
:10C8B000B5C70110B5D4011031D6011007D601104B
:10C8C00049D40110B5C70110DBD301107BD1011091
:10C8D0000DD10110C5CF0110B5C70110B5C70110AA
:10C8E000B5C70110B5C70110B5C70110B5C7011014
:10C8F0004DCD011001CC011091CE011015CE0110CB
:10C9000015CE0110B5C70110B5C7011001CC01103B
:10C91000B5C7011053CF0110B5C70110B5C701103D
:10C92000EDCE0110F3CA0110B5C7011089D2011074
:10C93000B5C7011071D20110B5C70110F3CA0110BB
:10C94000B5C70110B5C7011007D301105FD20110A0
:10C95000C5D1011014B1002E40F0B2865D463B688F
:10C96000252138469B6A9847A8427FF423AFD4E933
:10C970000232934280F01E810433A3604FF0FF3BEC
:10C980001CE700BF9C460020408B0410605D041033
:10C9900054470020002C0CBF002206F00102D2B93F
:10C9A000BAF1000F0CBF002308F0010353BB43464C
:10C9B000B3423FF403AF82BB5A463B680821384676
:10C9C0009B68984700283FF4F9AED4E902329342BD
:10C9D00062D20433A360D4E90232934280F0DA8059
:10C9E000D3F800B0BBF1FF3F00F0CB80BAF1000FED
:10C9F0000CBF002308F001032A464FF0FF3B00263E
:10CA0000002BD4D0DAE90201884280F0C9800068A6
:10CA1000013000F0B3800023CAE7D4E90232934228
:10CA200080F0CD801A68511C08BF0024C5E7DAE900
:10CA30000212914280F0C9800868013000F0A7809E
:10CA4000002566E6D4E902218A4280F0C68010689B
:10CA5000013000F09A80002351E60B9BA2460E9E07
:10CA600099454D9DCDF824B000D11AB12B6843F003
:10CA700004032B60099B3046C6F800A0736041B0E8
:10CA8000BDE8F08F0C9B0022384609F10209996835
:10CA90003B681B6B9847A5E6236820469B6A98472E
:10CAA00099E7D4E90232934280F01B8619684A1C48
:10CAB00000F0A4803B6838461B6A984785423FF4E3
:10CAC00056AF4F9B38460A9A99583B689B699847DE
:10CAD0000546D4E90232934280F0D68519684B1C92
:10CAE00008BF00245FE6A2460E9E4D9DCDF824B0FF
:10CAF000BCE7002C0CBF002206F00102E2B9BAF13B
:10CB0000000F0CBF002308F0010363BB43469E42A5
:10CB10003FF454AE002A67D15A463B680821384694
:10CB20009B68984700283FF449AED4E9023293420B
:10CB300080F0D1850433A360D4E90232934280F0BF
:10CB4000F685D3F800B0BBF1FF3F00F0DC85BAF109
:10CB5000000F0CBF002308F001032A464FF0FF3BF3
:10CB60000026002BD2D0DAE90201884280F0D48579
:10CB70000068013000F0CC850023C8E74FF0000AC0
:10CB800016E700242E4622460AE70024B7E54FF0B8
:10CB9000000ABEE5236820465B6A9847834621E782
:10CBA000DAF800105046CDE90932496A8847DDE9D4
:10CBB00009322DE7236820469B6A9847DEE6236802
:10CBC00020465B6A984702462DE7DAF80020504677
:10CBD0000993526A9047099B2FE7226820460993E0
:10CBE000526A9047099B33E7D4E90232934280F0BE
:10CBF000A5851A68501C08BF00248EE70024C2E5F2
:10CC00000F9B26AA4FF0180C22AD9B68D86E996E28
:10CC10002090D3F8840021911C90D3F888001B90B9
:10CC2000D3F88C001A90D3F890001990D3F89400A0
:10CC30001890D3F89800D3E91C161790D3F89C00ED
:10CC40001F961690D3F8A000D3E91EE615901E9605
:10CC5000D3F8A400D3F880601D965E6E1490D3F8CC
:10CC6000A8001390D3F8AC001290D3F8B000119044
:10CC7000D3F8B4000C90D3F8B8000A90D3F8BC00F5
:10CC8000D3F8C0302896219E099029961F9E20989F
:10CC90000692CDF810C0CDE92C6E1E9ECDE92A017A
:10CCA0002E961C981D9E30902F96CDE9244B1B98F4
:10CCB000CDF828A131901A9832901998339018988D
:10CCC0003490179835901698369015983790149898
:10CCD00038901398399012983A9011983B900C988C
:10CCE0003C900A983D900998CDE93E034C9B0593F2
:10CCF00028AB039327AB02934AAB93E8030024AB22
:10CD00008DE803000D9928460CCBFEF75DFD24ABA2
:10CD100095E8030083E80300269B04468B46002B1E
:10CD20007FF44CAD2799A54A82FB0132CB17C3EBA8
:10CD300062034E9A03EB4303A1EB83031361509B01
:10CD4000509A1B8843F48163138037E50F9BCDF81D
:10CD500028A19B68D3E91212D3E90CEC13921A6D47
:10CD600012925A6D11929A6D0C92DA6DD3E90E659A
:10CD7000CDE9244B0A920DF1880B1A6ED3E91040CD
:10CD8000DB6A0992289326ABCDE92D40CDE929EC49
:10CD9000CDE92B652F910693139A4C9B3092059306
:10CDA0000E23129A049328AB3192119A039327AB66
:10CDB00032920C9A02934AAB33920A9A93E8030098
:10CDC000349224AB099A8DE80300359258460D99A8
:10CDD0000CCBFEF7F9FC24AB9BE8030083E80300CF
:10CDE000269B04468B46002B7FF4E8AC279B7449B6
:10CDF00081FB0321DA171944C2EBA102C2EBC20284
:10CE00009B1A4E9A9361509B509A1B7843F00203F1
:10CE10001370D3E414B1002E40F047845A463B68A7
:10CE2000082138469B689847002840F061844C9B55
:10CE30000221CDF828A1069326AB07931F23CDE945
:10CE400004310123039327AB02934AABCDE9244B72
:10CE500093E8030022AC24AB8DE8030020460D9933
:10CE60000CCBFEF75BFA24AB94E8030083E80300E5
:10CE7000269B04468B46002B7FF4A0AC509B279A40
:10CE80001B884E9943F48263CA60509A138095E4DC
:10CE90000F9BCDF828A19B689B69CDE9244B059396
:10CEA000509B22AC06934E9B04934C9B029326AB63
:10CEB00003934AAB93E8030024AB8DE803002046BC
:10CEC0000D990CCBFFF7C6FB24AB94E8030083E875
:10CED0000300269B04468B46002B7FF46FAC509BCF
:10CEE000509A5B7843F00403537067E44C9B4FF017
:10CEF000020CCDF828A1069326AB07930C23CDE9AD
:10CF0000043C0123039327AB02934AABCDE9244BA6
:10CF100093E8030022AC24AB8DE8030020460D9972
:10CF20000CCBFEF7FBF924AB94E8030083E8030085
:10CF3000269B04468B46002B7FF440AC279B4E9AE1
:10CF4000013B1361509B509A1B7843F00803137008
:10CF500034E44C9B4FF0030ECDF828A1069326AB8A
:10CF600007934FF4B773CDE9043E0123039327AB36
:10CF700002934AABCDE9244B93E8030022AC24ABE7
:10CF80008DE8030020460D990CCBFEF7C7F924ABC2
:10CF900094E8030083E80300269B04468B46002B9D
:10CFA0007FF40CAC279B4E9A013BD361509B509A67
:10CFB0001B7843F00403137000E400BFABAAAA2A55
:10CFC0009324499214B1002E40F065835A463B6881
:10CFD000012138469B68984700283FF4EBAB4C9BF7
:10CFE00022AECDF828A1059326AB06930E23049319
:10CFF000A44B039328AB02934AAB93E8030024AB02
:10D00000CDE9244B8DE803000D9930460CCBFEF79B
:10D01000DBFB24AB96E80300A1F1FF358B46044609
:10D02000B5FA85F56D0983E8030000280CBF0021DF
:10D0300005F00101002940F0DD832B46099A002A02
:10D0400040F0CD83CDF82480099A93423FF4B6ABEB
:10D05000269B289A13437FF4B1AB002940F05484F7
:10D060005A463B682D21099238469B6A9847099A8F
:10D0700090420CD014B1002D40F037845D463B68DF
:10D080002B2138469B6A9847A8427FF497AB26AB82
:10D0900024940224002507934C9BDDF834B00693BA
:10D0A00028AB039502931723CDF828A1CDE90434CA
:10D0B0004AAB93E8030024AB8DE8030059463046A1
:10D0C0000CCBFEF72BF926AB0594079328AB039501
:10D0D00002934C9B06933B23049324AB96E80300F6
:10D0E00083E803004AAB93E8030024AB8DE8030018
:10D0F000594630460CCBFEF711F924AB96E80300F5
:10D1000004468B4683E80300FFF758BB4C9B04257D
:10D11000CDF828A1069326AB079342F20F73CDE911
:10D1200004350023039327AB02934AABCDE9244B8C
:10D1300093E8030022AC24AB8DE8030020460D9950
:10D140000CCBFEF7EBF824AB94E8030083E8030074
:10D15000269B04468B46002B7FF430AB509B279ACE
:10D160005B78A2F26C724E9923F006034A6143F099
:10D170000403509A5370FFF721BB0F9BCDF828A1F1
:10D180009B681B69CDE9244B0593509B22AC069309
:10D190004E9B04934C9B029326AB03934AAB93E8BC
:10D1A000030024AB8DE8030020460D990CCBFFF75C
:10D1B00051FA24AB94E8030004468B4683E803004D
:10D1C000FFF7FCBA4C9B4FF0020CCDF828A1069358
:10D1D00026AB07936323CDE9043C0023039327ABDD
:10D1E00002934AABCDE9244B93E8030022AC24AB75
:10D1F0008DE8030020460D990CCBFEF78FF824AB89
:10D2000094E8030083E80300269B04468B46002B2A
:10D210007FF4D4AA509B509A5B7823F0060343F026
:10D2200006035370A1F1FF32B2FA82F252090028CC
:10D230000CBF002602F00106002E40F0C682099BBA
:10D24000002B40F0B8824346934240F07E82279BF9
:10D25000442BD8BF64334E9A5361FFF7AFBA0F9B8C
:10D26000CDF828A19B689B68CDE9244B05938CE7FA
:10D270000F9BCDF828A19B689B6ACDE9244B0593B1
:10D2800083E700BF142900200F9B9B681A6A28922D
:10D2900012685B6A2993002A3FF490AA1B68002B4E
:10D2A0003FF48CAA4C9BCDF828A1059326AB06939E
:10D2B0000223049328AB039327AB02934AABCDE937
:10D2C000244B93E8030022AC24AB8DE803002046F6
:10D2D0000D990CCBFEF778FA24AB94E8030083E8B1
:10D2E0000300269B04468B46002B7FF467AA279BEE
:10D2F000002B3FF463AA509B509A5B7843F00103E4
:10D300005370FFF75BBA4C9BCDF828A1069326AB70
:10D31000CDE9244B07934FF0010B062322ACCDE956
:10D32000043B0023039327AB02934AAB93E803002B
:10D3300024AB8DE8030020460D990CCBFDF7EEFFE2
:10D3400024AB94E8030083E80300269B04468B4645
:10D35000002B7FF433AA279B53E53B6828AEAE4AE7
:10D360003846DD6A3346A2F10901A8470596CDF893
:10D3700028A1CDE9244B93E54C9B0225CDF828A1AB
:10D38000069326AB07936323CDE90435002303936B
:10D3900027AB02934AABCDE9244B93E8030022ACC0
:10D3A00024AB8DE8030020460D990CCBFDF7B6FFAA
:10D3B00024AB94E8030083E80300269B04468B46D5
:10D3C000002B7FF4FBA9509B509A1B8843F4906379
:10D3D0001380279B5360FFF7F1B94C9B4FF0020E6F
:10D3E000CDF828A1069326AB07933523CDE9043E5B
:10D3F0000023039327AB02934AABCDE9244B93E878
:10D40000030022AC24AB8DE8030020460D990CCB21
:10D41000FDF784FF24AB94E8030083E80300269B18
:10D4200004468B46002B7FF4C9A9279B509A1B0406
:10D43000116803F47C13794A43F040030A40134314
:10D44000509A1360FFF7BAB94C9B0222CDF828A17D
:10D45000069326AB07933523CDE9043200230393CB
:10D4600027AB02934AABCDE9244B93E8030022ACEF
:10D4700024AB8DE8030020460D990CCBFDF74EFF41
:10D4800024AB94E8030083E80300269B04468B4604
:10D49000002B7FF493A9279B509A1B04116803F477
:10D4A0007C135F4A43F020030A401343509A1360F1
:10D4B000FFF784B93B6828AE5A4A3846DD6A3346DE
:10D4C000911FA8470596CDF828A1CDE9244B5CE62D
:10D4D0004C9B0225CDF828A1069326AB07933B234E
:10D4E000CDE904350023039327AB02934AABCDE982
:10D4F000244B93E8030022AC24AB8DE803002046C4
:10D500000D990CCBFDF70AFF24AB94E8030083E8E8
:10D510000300269B04468B46002B7FF44FA9279BD4
:10D520004E9A5360FFF74AB94C9BCDF828A1069359
:10D5300026ABCDE9244B07934FF0020B0C2322AC12
:10D54000CDE9043B0123039327AB02934AAB93E855
:10D55000030024AB8DE8030020460D990CCBFDF7AA
:10D56000DDFE24AB94E8030083E80300269B044619
:10D570008B46002B7FF422A927992B4A82FB01328C
:10D58000CB17C3EB62034E9A03EB4303A1EB830378
:10D590009360509B509A1B7843F001031370FFF780
:10D5A0000DB94C9B0222CDF828A1069326AB079318
:10D5B0001723CDE904320023039327AB02934AAB30
:10D5C000CDE9244B93E8030022AC24AB8DE80300A3
:10D5D00020460D990CCBFDF7A1FE24AB94E8030087
:10D5E00083E80300269B04468B46002B7FF4E6A8C5
:10D5F000279A4E998A60509A127863F30002509BE2
:10D600001A70FFF7DBB83B6828AE084A3846DD6A77
:10D610003346A2F1090154E7E94D0410BFFFC0FFF2
:10D62000DFFFC0FFF24D0410ABAAAA2AFD4D041083
:10D630004C9B0221CDF828A1069326AB07933D23EE
:10D64000CDE904310023039327AB02934AABCDE924
:10D65000244B93E8030022AC24AB8DE80300204662
:10D660000D990CCBFDF75AFE24AB94E8030083E838
:10D670000300269B04468B46002B7FF49FA8279B24
:10D680004E9A1360FFF79AB8236820465B6A984762
:10D690000146FFF724BAD4E90232934280F00A81AE
:10D6A0001A68501C08BF002491E4D4E90232934266
:10D6B00080F0D8801A68501C08BF0024FFF7AFBB69
:10D6C000D4E90232934280F00A811D68681C08BFC9
:10D6D0000024FFF744B9236820469B6A9847FFF768
:10D6E0002BBA236820465B6A98470146FFF7DFB9EB
:10D6F000D4E90232934280F0A8800433A3604FF053
:10D70000FF3BFFF794BB00242E462246FFF7F7B9F4
:10D710004FF0000AFFF7FBB9DAF800105046CDE9E8
:10D720000923496A8847DDE90923FFF722BA2368FC
:10D7300020465B6A98478346FFF705BA2368204670
:10D740005B6A98470246FFF755BA002E40F0A98061
:10D7500059463B682A2238461B6B9847A0F1300691
:10D76000F3B2092B3FF673ADD4E902218A4280F06F
:10D770008C80279B043203EB8303A26006EB4303F8
:10D7800027938A4280F0118111684A1C099B00F09E
:10D790000581002B6CD14546099BAB4234D1279BB8
:10D7A000509AA3F26C7350994FF0FF3B527822F0DD
:10D7B00002024A704FE5DAE902318B4280F0D280F2
:10D7C000186801307CD000233EE5D0E90232934254
:10D7D00080F0D680186801303CD000222FE5DAE9CD
:10D7E0000220824280F0D0801068013036D00022C2
:10D7F000099229E4D0E90232934280F0BB80186894
:10D80000013062D0002319E4002C65D0D4E9023243
:10D81000934280F09B8019684B1C08BF00243B6832
:10D820002A2238461B6B9847A0F13005EBB2092B32
:10D83000B5D8D4E90232934261D20433A360279B66
:10D840000A2202FB03532793AAE7236820469B6A18
:10D85000984754E7324600263446F0E44FF0000A79
:10D86000FFF7F2BB236820465B6A9847024622E72F
:10D8700000230993DAE90232934280F0A18018680C
:10D88000013000F09A80002586E7236820469B6AD5
:10D8900098470A22279B02FB0366D4E902212796B8
:10D8A0006FE7D4E90232934241D21968481C08BF9D
:10D8B00000244EE7236820465B6A98470246F0E65C
:10D8C0000021099B8A460991BEE40B4600210C46C3
:10D8D000FFF7B4BB00F062FC4FF0FF319FE7236815
:10D8E00020465B6A98470546F0E6D4E90232934247
:10D8F00032D21D686B1C08BF0024FFF7C0BB236831
:10D9000020469B6A98479AE7D4E90232934217D29D
:10D910001A68511C7FF4A5AB3B682D2138469B6AE1
:10D920009847013009D05D460024FFF7A8BB236863
:10D9300020465B6A98470146B8E70024FFF7A7BB7B
:10D94000236820465B6A98470246E2E72368204640
:10D950005B6A984701465FE7236820465B6A984701
:10D960000546C7E7DAF8003050460A925B6A9847E6
:10D970000A9A26E703680A915B6A98470A993FE783
:10D9800003685B6A984726E7DAF8002050460C9354
:10D990000A91526A90470C9B0A9926E75BB9109B43
:10D9A000099C01333FF4FBAE39E7236820465B6AEC
:10D9B00098470146E9E600245CE74FF0000AEBE6F1
:10D9C000DAF8003050465B6A984759E72DE9F0478E
:10D9D00092B00546454888460CACDDF87890DDE904
:10D9E0001C6784E80C00ECF749FDF36ED3E90132C3
:10D9F000904279D253F82000002875D000233C4A89
:10DA00003C4915F005FF00286ED083680DF1280A07
:10DA10001B6902960FAE03970696CDE90493002387
:10DA2000CDE90F3311931AAB93E803008DE803009F
:10DA30004146504694E80C00FEF70CFE9AE80300BD
:10DA400084E8030030464946DDF8308017F086FD53
:10DA50000D9EA6F1FF36B6FA86F67609B8F1000FEC
:10DA60000CBF002306F001032BBB1B9B1A98A3F1EC
:10DA7000FF33B3FA83F35B0900B17BB99E4203D154
:10DA80003B6843F002033B60CDF8308094E803002C
:10DA900085E80300284612B0BDE8F087D0E90232DD
:10DAA000934214D21B68A3F1FF33B3FA83F35B09EB
:10DAB0009E42E9D1E4E7D8E902218A420CD21068FB
:10DAC00001300ABF1E4600264FF00008CDE703686C
:10DAD0005B6A98470346E6E7D8F80020404609937A
:10DAE000526A9047099BEBE700F058FB9C460020E8
:10DAF000408B0410605D04102DE9F04792B005469C
:10DB0000454888460CACDDF87890DDE91C6784E870
:10DB10000C00ECF7B3FCF36ED3E90132904279D2FA
:10DB200053F82000002875D000233C4A3C4915F0EA
:10DB30006FFE00286ED083680DF1280A9B6802965C
:10DB40000FAE03970696CDE904930023CDE90F337A
:10DB500011931AAB93E803008DE803004146504649
:10DB600094E80C00FEF776FD9AE8030084E80300D1
:10DB700030464946DDF8308017F0F0FC0D9EA6F1E6
:10DB8000FF36B6FA86F67609B8F1000F0CBF00230F
:10DB900006F001032BBB1B9B1A98A3F1FF33B3FACA
:10DBA00083F35B0900B17BB99E4203D13B6843F02C
:10DBB00002033B60CDF8308094E8030085E8030061
:10DBC000284612B0BDE8F087D0E90232934214D261
:10DBD0001B68A3F1FF33B3FA83F35B099E42E9D1DB
:10DBE000E4E7D8E902218A420CD2106801300ABF6A
:10DBF0001E4600264FF00008CDE703685B6A984791
:10DC00000346E6E7D8F8002040460993526A904759
:10DC1000099BEBE700F0C2FA9C460020408B041001
:10DC2000605D04102DE9F04F97B005464D480E4653
:10DC30000CAC9DF894B09DF898A0DDE9228784E8AB
:10DC40000C00ECF71BFCD8F86C305B6853F8200034
:10DC5000002800F0858003684FF0000925219B6AA9
:10DC6000C7F8009098475B461290BAF1000F51D068
:10DC70005A465346CDF85490CDF808800DF13C0833
:10DC80000DF1280ACDF81880CDE91332249BCDE997
:10DC9000037312AB05930023CDE90F33119320AB2F
:10DCA00093E803008DE803003146504694E80C00E9
:10DCB000FEF7D0FC9AE8030084E80300404624996C
:10DCC000DDF8308017F04AFC0D9EA6F1FF36B6FA5B
:10DCD00086F67609B8F1000F0CBF002306F00103A9
:10DCE000D3B9219B2098A3F1FF33B3FA83F35B09E7
:10DCF00000B1EBB99E4203D13B6843F002033B60A5
:10DD0000CDF8308094E8030085E80300284617B07A
:10DD1000BDE8F08F5246AFE7D8E902218A4212D21D
:10DD2000106801300ABF1E4600264FF00008D8E7F1
:10DD3000D0E9023293420ED21B68A3F1FF33B3FA4B
:10DD400083F35B09D6E7D8F8002040460993526A6E
:10DD50009047099BE5E703685B6A98470346ECE751
:10DD600000F01CFA544700200039084B18BF01216D
:10DD700010B5C0E900310446ECF7E6F8A060204693
:10DD800010BD2046ECF7CAF815F0BCFEEC7F04107D
:10DD9000184B1A68D10701D401221A60164B1A6871
:10DDA000D20701D401221A60144B1A68D00701D49B
:10DDB00001221A60124B1A68D10701D401221A609D
:10DDC000104B1A68D20701D401221A600E4B1A6850
:10DDD000D00701D401221A600C4B1A68D10701D474
:10DDE00001221A600A4B1A68D20701D401221A6074
:10DDF000704700BF343800203C380020083800202D
:10DE00000C380020243800202C3800201C3800203A
:10DE100014380020044B10B5044640F81C3BECF7C6
:10DE200011F9204610BD00BF84890410054B10B5C0
:10DE3000044640F81C3BECF705F92046E7F7E0FD07
:10DE4000204610BD84890410044B10B5044640F8E8
:10DE50001C3BECF7F7F8204610BD00BFC489041046
:10DE6000054B10B5044640F81C3BECF7EBF8204698
:10DE7000E7F7C6FD204610BDC489041010B504465E
:10DE8000006A18F089FE606210BD00BF10B504463C
:10DE9000006A18F081FE216ABDE8104021F0D4BA72
:10DEA0004A1C10B5044609D1406A431C02D0216ABD
:10DEB00021F0CAFA4FF0FF33636210BD0B46016ACE
:10DEC000184621F0C1FA4FF0FF33636210BD00BF66
:10DED000006A1AF0B1BE00BF006A1AF0ADBE00BF02
:10DEE00038B59FED137B0D46049B11460022044676
:10DEF000C0E9022280ED007B4BB1012B286A14BFE0
:10DF0000022201221DF062FB38B1204638BD1A46BC
:10DF1000286A1DF05BFB0028F7D1286A18F0B2FED2
:10DF2000C317C4E90003204638BD00BFAFF300802B
:10DF3000FFFFFFFFFFFFFFFF38B59FED137B0D468F
:10DF4000049B114600220446C0E9022280ED007BBA
:10DF50004BB1012B286A14BF022201221DF036FBAF
:10DF600038B1204638BD1A46286A1DF02FFB00281C
:10DF7000F7D1286A18F086FEC317C4E900032046CB
:10DF800038BD00BFAFF30080FFFFFFFFFFFFFFFFC3
:10DF900010B50446006A1AF005FF606210BD00BFAC
:10DFA0002DE9F04106467AB1884617460D1F002438
:10DFB00004E0013445F8040FA7420CD0306A1AF08F
:10DFC000F1FE431CF5D134B900244FF0FF33204655
:10DFD0007362BDE8F0816FF040432046234458F857
:10DFE00023307362BDE8F08110B50446006A1AF070
:10DFF000D9FE216ABDE8104018F024BE4A1C10B5B5
:10E00000044609D1406A431C02D0216A18F01AFE66
:10E010004FF0FF33636210BD0B46016A184618F0DB
:10E0200011FE4FF0FF33636210BD00BFF8B5164616
:10E030007AB107460D46002402E00134A64206D01C
:10E04000396A55F8040B1AF001FC0130F5D120466D
:10E05000F8BD1446FBE700BF0346084601211B6AD2
:10E060001EF0F4BC38B50C46036A01210546204673
:10E0700018F066FD002804DD044414F8013C6B62CE
:10E0800038BD4FF0FF336B6238BD00BF08B50B469B
:10E09000016A5A1C04D01846BDE808401AF0D6BBE5
:10E0A00008461AF0C9FD003818BF0120404208BDDB
:10E0B00008B50B46016A5A1C04D01846BDE8084052
:10E0C0001DF054BD08461AF0B7FD003818BF0120F6
:10E0D000404208BD82B0F0B583B0164F08AC84E86A
:10E0E0000C000B6804461E69099BBE421CD1944675
:10E0F0004FF0FF334FF0FF320D466146C0E9002379
:10E100000022C0E90222286A1DF060FA28B12046E8
:10E1100003B0BDE8F04002B07047286A18F0B2FDC5
:10E12000C317C4E90003F2E70C9D01950025009593
:10E13000B047ECE739DF011082B0F0B583B0164F7D
:10E1400008AC84E80C000B6804461E69099BBE42BB
:10E150001CD194464FF0FF334FF0FF320D4661461D
:10E16000C0E900230022C0E90222286A1DF02EFA2D
:10E1700028B1204603B0BDE8F04002B07047286ADD
:10E1800018F080FDC317C4E90003F2E70C9D019568
:10E1900000250095B047ECE7E1DE011008B504204A
:10E1A00015F008FC024B034A0349036016F000FA1D
:10E1B0009C900410E13603108890041010B50446BA
:10E1C000082015F0F7FB2146044617F04BFF054ADF
:10E1D0002046054916F0ECF9204615F003FC15F031
:10E1E00091FC00BFE55903107093041010B504466C
:10E1F000082015F0DFFB2146044617F073FF054A9F
:10E200002046054916F0D4F9204615F0EBFB15F031
:10E2100079FC00BF6D5A03109093041010B50446AA
:10E22000082015F0C7FB2146044617F065FF054A94
:10E230002046054916F0BCF9204615F0D3FB15F031
:10E2400061FC00BFAD5A0310B09304100FB408B5C1
:10E250000298FFF7E3FF000010B50446082015F010
:10E26000A9FB2146044617F051FF054A20460549FF
:10E2700016F09EF9204615F0B5FB15F043FC00BFE3
:10E28000A5590310D0930410034B10B50446036046
:10E2900000F014F9204610BDCC810410034B10B5DA
:10E2A0000446036000F00AF9204610BDDC8104102A
:10E2B000054B10B50446036000F000F92046E7F76F
:10E2C0009FFB204610BD00BFCC810410054B10B54C
:10E2D0000446036000F0F2F82046E7F791FB204681
:10E2E00010BD00BFDC81041008B5836F23B1036942
:10E2F0004161194203D108BD41F00101F7E701482E
:10E3000018F06EF8004E041008B5D0E904230B4352
:10E310001142436100D108BD16F066F938B50D46CB
:10E3200004460E48ECF7AAF82B6802460C485B68D6
:10E3300053F82230E367ECF7A1F82B68024609484E
:10E340005B6853F82230C4F88030ECF797F82B68FC
:10E350005B6853F82030C4F8843038BD5047002043
:10E36000D0470020C847002038B504460D4616F0B7
:10E37000F3FF04F16C012046FFF7D0FFB5FA85F3F7
:10E380000022A5675B092267A4F87420C4E904236E
:10E3900038BD00BF08B5C36F23B10369416119429D
:10E3A00003D108BD41F00101F7E7014818F018F862
:10E3B000004E041008B5D0E904230B431142436119
:10E3C00000D108BD16F010F938B50D4604460F48C7
:10E3D000ECF754F82B6802460D485B6853F822307E
:10E3E000C4F88030ECF74AF82B68024609485B68AD
:10E3F00053F82230C4F88430ECF740F82B685B689F
:10E4000053F82030C4F8883038BD00BF544700208E
:10E41000D4470020CC47002038B504460D4616F0FE
:10E420009BFF04F16C012046FFF7CEFFB5FA85F2A1
:10E430000023E5675209636784F878302367C4E9ED
:10E44000043238BD38B500220E4B00F124050446D5
:10E4500000F164018260C0E900322B46C0E903226A
:10E46000C0E90522C0E90722C3E9002208338B4234
:10E47000FAD1082304F16C00C4E91935ECF7EEFB7E
:10E48000204638BD0082041070B584694CB1054641
:10E490000E4629463046D4E9013298472468002CBC
:10E4A000F7D170BD15F09EFC15F0DAFCF6E70131EE
:10E4B00001D115F02DFC15F025FB00BF38B5134B2D
:10E4C000054600210360FFF7DFFFAB692BB90AE0C7
:10E4D0001C68E7F795FA23462CB1DA681846511EF6
:10E4E000D960002AF4D0A86E05F1240300229842D6
:10E4F000AA6104D008B1E7F785FA0023AB6605F1FD
:10E500006C00EBF79FFD284638BD00BF0082041069
:10E5100010B50446FFF7D2FF2046E7F771FA204610
:10E5200010BD00BF06490022064B10B50446C0E9E5
:10E53000001240F8083FFFF7C1FF204610BD00BFA2
:10E5400078820410CC81041003680021074A53F834
:10E550000C3C10B5064CC450C4182046616040F80D
:10E56000082FFFF7ABFF204610BD00BFCC81041081
:10E570007882041007490022074B10B50446C0E911
:10E58000001240F8083FFFF799FF2046E7F738FAF6
:10E59000204610BD78820410CC810410036800214D
:10E5A000084A53F80C3C10B5074CC450C418204618
:10E5B000616040F8082FFFF781FF2046E7F720FA57
:10E5C000204610BDCC810410788204100649002238
:10E5D000064B10B50446C0E9001240F8083FFFF7AB
:10E5E0006DFF204610BD00BFA8820410DC8104101E
:10E5F00003680021074A53F80C3C10B5064CC45080
:10E60000C4182046616040F8082FFFF757FF2046E6
:10E6100010BD00BFDC810410A8820410074900224D
:10E62000074B10B50446C0E9001240F8083FFFF759
:10E6300045FF2046E7F7E4F9204610BDA882041004
:10E64000DC81041003680021084A53F80C3C10B523
:10E65000074CC450C4182046616040F8082FFFF7EB
:10E660002DFF2046E7F7CCF9204610BDDC810410D1
:10E67000A88204108368587C704700BF8368987C28
:10E68000704700BF8368D86A704700BF836882B054
:10E69000186B02B0704700BF836882B0586B02B03D
:10E6A000704700BF8368587C704700BF8368987CC0
:10E6B000704700BF8368D86A704700BF836882B024
:10E6C000186B02B0704700BF836882B0586B02B00D
:10E6D000704700BF836893F824007047836893F8FD
:10E6E000250070470020704700207047704700BF2A
:10E6F00091424FF0000006D211F8013B8A4203EB31
:10E700007060F9D170477047034B10B50446036041
:10E71000EBF704FC204610BDB8860410034B10B57F
:10E7200004460360EBF7FAFB204610BDF4860410A4
:10E73000034B10B504460360EBF7F0FB204610BD19
:10E74000F4870410034B10B504460360EBF7E6FBB7
:10E75000204610BD0C880410034B10B5044603601E
:10E76000EBF7DCFB204610BD24870410034B10B5EB
:10E7700004460360EBF7D2FB204610BD248804104A
:10E78000034B10B504460360EBF7C8FB204610BDF1
:10E7900038880410054B10B504460360EBF7BEFB48
:10E7A0002046E7F72DF9204610BD00BFB8860410BB
:10E7B000054B10B504460360EBF7B0FB2046E7F7C6
:10E7C0001FF9204610BD00BFF4860410054B10B59C
:10E7D00004460360EBF7A2FB2046E7F711F9204659
:10E7E00010BD00BFF4870410054B10B5044603604C
:10E7F000EBF794FB2046E7F703F9204610BD00BF76
:10E800000C88041010B50446FFF7A6FF2046E7F772
:10E81000F7F8204610BD00BF054B10B50446036055
:10E82000EBF77CFB2046E7F7EBF8204610BD00BF76
:10E8300024880410054B10B504460360EBF76EFB0B
:10E840002046E7F7DDF8204610BD00BF38880410E9
:10E85000054B10B5044640F8083B16F081FB2046F6
:10E86000EBF75CFB204610BDAC87041010B50446E6
:10E87000FFF7EEFF2046E7F7C3F8204610BD00BFC4
:10E88000054B10B5044640F8083B16F069FB2046DE
:10E89000EBF744FB204610BD7886041038B50D4BCD
:10E8A000044605690360EBF75FFB25B1854202D0A2
:10E8B0002846E7F7A7F8A06810B103685B68984797
:10E8C00004F10C0016F04CFB2046EBF727FB20462A
:10E8D00038BD00BF3487041010B50446FFF7DEFFD3
:10E8E0002046E7F78DF8204610BD00BF38B5037904
:10E8F0003BB904460068154603681B6B9847854280
:10E9000000D138BD0123237138BD00BFD0E90221F9
:10E910008A4202D201328260704703689B6A1847BC
:10E9200070B504460D46F1F72FFD064A23689B6932
:10E93000934201D1284670BD29462046BDE870406B
:10E94000184700BFB1020110E0B51E46037F82B038
:10E950001546012B07D0074673B13B68D3F81CE07E
:10E960000F4B9E4512D1A94218D06A1A304602B008
:10E97000BDE8E04025F084BF0191F1F705FD3B685B
:10E980000199D3F81CE0064B9E45ECD033462A464D
:10E990003846F44602B0BDE8E040604702B0E0BD52
:10E9A0001903011070B50D46064600212D1A2846A0
:10E9B000F0F78AFE012D044600F10C030AD02A4626
:10E9C0001846314625F05CFF084A0346944206D1BA
:10E9D000184670BD32780273044A9442F8D000227F
:10E9E000611925601846A2600A7370BD7846002040
:10E9F00003680A4AA3F10C00904200D1704753F813
:10EA0000042C511E002A43F8041CF7DC00B583B027
:10EA100001A9F0F7A9FE03B05DF804FB78460020D9
:10EA2000074B10B5044640F8083B16F099FA20460B
:10EA3000EBF774FA2046E6F7E3FF204610BD00BF6F
:10EA40007886041088421AD070B5054600B30C1AB7
:10EA500000212046F0F738FE012C064600F10C0399
:10EA60000AD018462246294625F00AFF03460A4ADC
:10EA7000964207D1184670BD2A780273F7E7074B14
:10EA800018467047002231193460B2600A73F1E70A
:10EA90000348FFF793FB00BF784600208446002020
:10EAA000104C04108B6830B59D6883B09DB104464E
:10EAB00028461FF007FA29188D4204D10748206024
:10EAC000204603B030BD01AA2846FFF76BFF206047
:10EAD000204603B030BD0248FFF770FB844600209B
:10EAE000104C04108B6830B5DD6983B09DB10446CD
:10EAF00028461FF0E7F929188D4204D10748206005
:10EB0000204603B030BD01AA2846FFF74BFF206026
:10EB1000204603B030BD0248FFF750FB844600207A
:10EB2000104C04108B6830B55D6A83B09DB104460B
:10EB300028461FF0C7F929188D4204D107482060E4
:10EB4000204603B030BD01AA2846FFF72BFF206006
:10EB5000204603B030BD0248FFF730FB844600205A
:10EB6000104C04108B6830B55D6983B09DB10446CC
:10EB700028461FF0A7F929188D4204D107482060C4
:10EB8000204603B030BD01AA2846FFF70BFF2060E6
:10EB9000204603B030BD0248FFF710FB844600203A
:10EBA000104C04108B6830B59D6883B09DB104464D
:10EBB00028461FF087F929188D4204D107482060A4
:10EBC000204603B030BD01AA2846FFF7EBFE2060C7
:10EBD000204603B030BD0248FFF7F0FA844600201B
:10EBE000104C04108B6830B55D6983B09DB104464C
:10EBF00028461FF067F929188D4204D10748206084
:10EC0000204603B030BD01AA2846FFF7CBFE2060A6
:10EC1000204603B030BD0248FFF7D0FA84460020FA
:10EC2000104C04108B6830B5DD6983B09DB104468B
:10EC300028461FF047F929188D4204D10748206063
:10EC4000204603B030BD01AA2846FFF7ABFE206086
:10EC5000204603B030BD0248FFF7B0FA84460020DA
:10EC6000104C04108B6830B5DD6983B09DB104464B
:10EC700028461FF027F929188D4204D10748206043
:10EC8000204603B030BD01AA2846FFF78BFE206066
:10EC9000204603B030BD0248FFF790FA84460020BA
:10ECA000104C04108B6830B59D6883B09DB104464C
:10ECB00028461FF007F929188D4204D10748206023
:10ECC000204603B030BD01AA2846FFF76BFE206046
:10ECD000204603B030BD0248FFF770FA844600209A
:10ECE000104C04108B6830B55D6A83B09DB104464A
:10ECF00028461FF0E7F829188D4204D10748206004
:10ED0000204603B030BD01AA2846FFF74BFE206025
:10ED1000204603B030BD0248FFF750FA8446002079
:10ED2000104C04108B6830B55D6983B09DB104460A
:10ED300028461FF0C7F829188D4204D107482060E3
:10ED4000204603B030BD01AA2846FFF72BFE206005
:10ED5000204603B030BD0248FFF730FA8446002059
:10ED6000104C04102DE9F041A6B00446324802A927
:10ED70002C9E9DF8BC809DF8C07081E80C00EBF7DC
:10ED80007DFBF36E5B6853F82050002D52D02B486A
:10ED9000EBF774FBF36ED3E9013290424AD253F899
:10EDA0002000002846D00023254A264914F030FDD3
:10EDB000064600283ED02B7F73B395F842008DF8AD
:10EDC000140017BB2E9B3046802206A9009305AB8A
:10EDD0008DF816708DF8158016F0F4FE06A81FF059
:10EDE00071F89DF80C50029F064645B93B680246F3
:10EDF00006A938461B6B9847864218BF0125204656
:10EE00002760257126B0BDE8F08142460023B84650
:10EE10008DF817301746D5E72846F1F7B5FA2B6875
:10EE2000094A9B69934201D12520C8E7284625213C
:10EE30009847C4E7FFF7B2F95047002098460020F2
:10EE4000C8830410605D0410B10201102DE9F04F79
:10EE50000C4685B01146804602AA20461C46FFF7A4
:10EE6000F1FD814602AA20460E99CDF80C90FFF7DD
:10EE7000E9FD59F80C6C054650F80C7CCB464E4425
:10EE80000190074404E0874228D00BF1010B451C98
:10EE90002A465946404616F03BFA824680B9584603
:10EEA0001FF010F804462846A3441FF00BF828442E
:10EEB0005E45E8D1874203D05E45E4D14FF0FF3A8A
:10EEC000019B184CA3F10C00A0420FD1A9F10C003A
:10EED000A04216D1504605B0BDE8F08F019B4FF01F
:10EEE000010A104CA3F10C00A042EFD053F8042CFF
:10EEF000511E002A43F8041CE8DC02A9F0F734FC98
:10EF0000E4E759F8042C511E002A49F8041CE1DCFE
:10EF100002A9F0F729FCDDE703A8FFF769FD14F06B
:10EF2000F1FD00BF784600202DE9F04F144685B072
:10EF30004A4E07468A4602AA0660194620461D46E2
:10EF4000FFF780FD2D1B50F80C3C064601906D002C
:10EF5000C318039028460093E6F750FD04464FF08F
:10EF6000000B0EE041463846F0F754FD3B6853F87D
:10EF70000C2C03F802B03A683949A2F10C038B4219
:10EF800041D132462B462146504616F0CDF98542F6
:10EF900002460FD8451C14B12046E6F733FD28463B
:10EFA000E6F72CFD044632462B465046214616F025
:10EFB000BBF9024621463846F0F78EFD30461EF07A
:10EFC00081FF009B304483420FD03B68461C53F8BE
:10EFD0000C9C53F8082C09F101089045C2D853F84D
:10EFE000042C002ABEDC4A46C3E714B12046E6F7EB
:10EFF00009FD019BA3F10C00194B98420BD1384637
:10F0000005B0BDE8F08F4B4442F80C8C42F804BCCC
:10F0100083F80DB0B5E7019951F8043C5A1E002B56
:10F0200041F8042CEBDC02A9F0F79EFBE7E714F0B3
:10F03000D9FE2CB12046E6F7E5FC01E014F0D2FE43
:10F0400015F0D2FA14F00CFF03A8FFF7D1FC3846F4
:10F05000FFF7CEFC14F056FDF6E7F8E784460020F3
:10F0600078460020F8B5451895F81D517DB905681A
:10F070000446DFF824C00B462D6A16460F46654548
:10F0800007D19E4202D03C4484F81D311D462846DB
:10F09000F8BDA8470346F4E7B50201102DE9F04F8B
:10F0A00088468DB00546A748EBF7E8F9D8F8003058
:10F0B0005B6853F82040002C00F084812368A24A4A
:10F0C0005B69934240F00E81A3685E69002E00F0F8
:10F0D000838130461EF0F6FE31188E4201D19B48E6
:10F0E00003E030460AAAFFF75DFC0BAE0B9050F828
:10F0F0000CAC5046E6F782FC0146019000235246D4
:10F100003046F0F787FA0B9BDFF86C92A3F10C0006
:10F11000484540F00A8123688D4A9B69934240F03C
:10F12000DC80A368DF69002F00F0538138461EF0B1
:10F13000C9FE39188F4200F0CC80384607AAFFF785
:10F1400031FC0B9050F80CBC5846E6F757FC0146D2
:10F15000029000235A463046F0F75CFA0B9BA3F16D
:10F160000C00484540F00A8123687A4ADB699342E3
:10F1700040F0BE80A3685F6A002F00F02781384608
:10F180001EF0A0FE39188F4200F0A180384608AA70
:10F19000FFF708FC0B9050F80C3C18461F460493F0
:10F1A000E6F72CFC0146039000233A463046F0F780
:10F1B00031FA0B9BA3F10C00484540F0EB8023682B
:10F1C000654A1B69934240F09880A3689E68002EB0
:10F1D00000F0058130461EF075FE31188E427AD05F
:10F1E000304609AAFFF7DEFB06AB0690059350F800
:10F1F0000C6C3046E6F702FC0746002332460598C1
:10F200003946F0F707FAC5E90276002E58D123688F
:10F21000524A9B682E7493427DD1A368587C6874CF
:10F2200023684F4ADB68934278D1A368987C019B9E
:10F23000A8744C49C5E9053A029BC5E9073B039B05
:10F240006B62049BAB6223681A6A8A4269D1A26826
:10F25000D06A5B6A444AE862934254D1A3681B6B4C
:10F260000A930793079B414A0B932B6323689B6A7E
:10F2700093424CD1A3685B6B0B930993099B3C4869
:10F280006B630893EBF7FAF8D8F800305B6853F833
:10F290002040002C00F09880364B2046196805F17C
:10F2A000380301F10B02FFF74FFB069B0122A3F18C
:10F2B0000C0085F84320484578D10DB0BDE8F08FAB
:10F2C00097F90060002ED4BF002601269FE71F4853
:10F2D00060E71E4835E71D4886E7214630469847D7
:10F2E0000B982FE70BAE2146304698470B98FEE669
:10F2F0002146304698470B984DE706A821460590D1
:10F300009847069873E7204698470790AAE7204653
:10F3100098470990B2E72046984780E720469847EB
:10F3200085E720469047236893E753F8042C511E45
:10F33000002A43F8041C3FF7EEAE0AA9F0F714FACE
:10F34000E9E600BF8846002065EB011084460020F6
:10F35000E5EA0110E5EC0110A5EB011075E60110DE
:10F360007DE6011085E601108DE6011099E6011099
:10F3700050470020102900207846002053F8042C24
:10F38000511E002A43F8041C3FF7EEAE0AA9F0F71D
:10F39000EBF9E9E653F8042C511E002A43F8041C4B
:10F3A0003FF70DAF0AA9F0F7DFF908E753F8042C8F
:10F3B000511E002A43F8041C3FF77FAF08A9F0F75D
:10F3C000D3F97AE7FEF7EAFEFEF7E8FE1C48FEF7FF
:10F3D000F5FE1B48FEF7F2FE1948FEF7EFFE18484F
:10F3E000FEF7ECFE0023CDE9023301930598FFF709
:10F3F000FFFA039B13B10398E6F704FB029BBBB92A
:10F4000019E0EFE7F7E7EDE7ECE7EBE702E030467E
:10F41000FFF7EEFA0198E6F7F5FA14F073FBE5E76B
:10F420003046FFF7E5FA14F06DFB3046FFF7E0FADF
:10F430000298E6F7E7FA019B002BEBD1EDE7F7E73F
:10F44000104C04102DE9F04F88468DB00546A748B2
:10F45000EBF714F8D8F800305B6853F82040002C24
:10F4600000F084812368A24A5B69934240F00E81D8
:10F47000A3685E69002E00F0838130461EF022FDF5
:10F4800031188E4201D19B4803E030460AAAFFF7AB
:10F4900089FA0BAE0B9050F80CAC5046E6F7AEFA7A
:10F4A00001460190002352463046F0F7B3F80B9B1B
:10F4B000DFF86C92A3F10C00484540F00A81236804
:10F4C0008D4A9B69934240F0DC80A368DF69002F7E
:10F4D00000F0538138461EF0F5FC39188F4200F0D9
:10F4E000CC80384607AAFFF75DFA0B9050F80CBCA9
:10F4F0005846E6F783FA0146029000235A46304602
:10F50000F0F788F80B9BA3F10C00484540F00A8106
:10F5100023687A4ADB69934240F0BE80A3685F6A41
:10F52000002F00F0278138461EF0CCFC39188F429E
:10F5300000F0A180384608AAFFF734FA0B9050F883
:10F540000C3C18461F460493E6F758FA0146039010
:10F5500000233A463046F0F75DF80B9BA3F10C0010
:10F56000484540F0EB802368654A1B69934240F0B0
:10F570009880A3689E68002E00F0058130461EF03A
:10F58000A1FC31188E427AD0304609AAFFF70AFA58
:10F5900006AB0690059350F80C6C3046E6F72EFA51
:10F5A00007460023324605983946F0F733F8C5E997
:10F5B0000276002E58D12368524A9B682E749342DB
:10F5C0007DD1A368587C687423684F4ADB689342F6
:10F5D00078D1A368987C019BA8744C49C5E9053A89
:10F5E000029BC5E9073B039B6B62049BAB622368EC
:10F5F0001A6A8A4269D1A268D06A5B6A444AE862A0
:10F60000934254D1A3681B6B0A930793079B414A0B
:10F610000B932B6323689B6A93424CD1A3685B6B6B
:10F620000B930993099B3C486B630893EAF726FF09
:10F63000D8F800305B6853F82040002C00F0988028
:10F64000364B2046196805F1380301F10B02FFF72C
:10F650007BF9069B0122A3F10C0085F84320484565
:10F6600078D10DB0BDE8F08F97F90060002ED4BFBF
:10F67000002601269FE71F4860E71E4835E71D4822
:10F6800086E72146304698470B982FE70BAE214678
:10F69000304698470B98FEE62146304698470B982F
:10F6A0004DE706A8214605909847069873E720463F
:10F6B00098470790AAE7204698470990B2E7204666
:10F6C000984780E72046984785E72046904723687B
:10F6D00093E753F8042C511E002A43F8041C3FF70B
:10F6E000EEAE0AA9F0F740F8E9E600BF8C4600202C
:10F6F000E5EB01108446002065EC011025EB0110BC
:10F70000A5EA0110A5E60110ADE60110B5E601106D
:10F71000BDE60110C9E60110504700201029002065
:10F720007846002053F8042C511E002A43F8041C8C
:10F730003FF7EEAE0AA9F0F717F8E9E653F8042C04
:10F74000511E002A43F8041C3FF70DAF0AA9F0F739
:10F750000BF808E753F8042C511E002A43F8041C48
:10F760003FF77FAF08A9EFF7FFFF7AE7FEF716FD37
:10F77000FEF714FD1C48FEF721FD1B48FEF71EFD99
:10F780001948FEF71BFD1848FEF718FD0023CDE9C8
:10F79000023301930598FFF72BF9039B13B10398EC
:10F7A000E6F730F9029BBBB919E0EFE7F7E7EDE7C1
:10F7B000ECE7EBE702E03046FFF71AF90198E6F7CD
:10F7C00021F914F09FF9E5E73046FFF711F914F03D
:10F7D00099F93046FFF70CF90298E6F713F9019B07
:10F7E000002BEBD1EDE7F7E7104C04102DE9F04FBB
:10F7F000894689B00446AD48EAF740FED9F80030A2
:10F800005B6853F82060002E00F007813368A84A37
:10F810001B69934240F0CA80B3689D68002D00F0D8
:10F82000018128461EF04EFB29188D4201D1A148C6
:10F8300003E0284607AAFFF7B5F805AB059001934A
:10F8400050F80C0CE060E6F7D9F807460023E268B0
:10F8500001983946EFF7DEFEE368002B40F0948014
:10F8600023743368944A5B69934240F09880B3688C
:10F870005D69002D00F0D98028461EF023FB291871
:10F880008D4200F08A80284603AAFFF78BF80DF11D
:10F89000180B069050F80C0CA061E6F7AFF8804604
:10F8A0000023A26958464146EFF7B4FE3368834A05
:10F8B0009B69934240F08480B368DD69002D00F0BD
:10F8C000AE8028461EF0FEFA29188D4263D02846E5
:10F8D00004AAFFF767F80DF11C0A079050F80C0C0A
:10F8E0002062E6F78BF805460023226A5046294637
:10F8F000EFF790FE3368724A9B68934267D1B36812
:10F9000093F8240084F8240033686E4ADB6893423D
:10F9100053D1B36893F8250084F825006A48EAF7C4
:10F92000ADFDD9F800305B6853F82060002E72D02E
:10F93000664B3046196804F1260301F12402FFF7F3
:10F9400003F8634B3046196804F14A0301F11A02C7
:10F95000FEF7FAFF079B0122A760A3F10C0084F8D1
:10F960006420C4F81480E5615A4CA0423DD1069B46
:10F97000A3F10C00A04243D1059BA3F10C00A042CF
:10F9800028D109B0BDE8F08F97F90030002BD4BF23
:10F990000023012364E747489DE7464877E70DF1D8
:10F9A000180B314658469847069873E705AA314622
:10F9B000104601929847059842E730469847ABE7D2
:10F9C0000DF11C0A314650469847079886E73046A5
:10F9D000984797E753F8042C511E002A43F8041C5B
:10F9E000CFDC5146EFF7C0FECBE753F8042C511E95
:10F9F000002A43F8041CBADC04A9EFF7B5FEB6E709
:10FA000053F8042C511E002A43F8041CB4DC514660
:10FA1000EFF7AAFEB0E7FEF7C1FBFEF7BFFB2E48EB
:10FA2000FEF7CCFB2C48FEF7C9FB2B48FEF7C6FBC4
:10FA300004465846FEF7DCFF0198FEF7D9FF204642
:10FA400014F0D0F917B13846E5F7DCFFB8F1000F34
:10FA500002D04046E5F7D6FF15B12846E5F7D2FFBC
:10FA600014F0C2FD044600255046FEF7C1FFE0E752
:10FA700000250446A846DFE704460025D9E7F8E755
:10FA800014F0EEF914F03EF8F6E7F1E714F0AAF9F5
:10FA9000E6E7F1E700250446A846CAE70446E3E79F
:10FAA000E6E700250446A8462F46C5E7E4470020C0
:10FAB000A5EC01108446002025ED011025EC011075
:10FAC000D5E60110DDE6011050470020082900208E
:10FAD0000C29002078460020104C0410F8B5074689
:10FAE0001A48EAF7CBFC04463B68DE6856F820006B
:10FAF00000B1F8BD6820E5F77FFF002339460546D1
:10FB0000C3600374838480F86430C0E90133C0E9C2
:10FB10000533C0E907330E4B0360FFF767FE386813
:10FB200022462946EAF730FC56F82400F8BD14F0C6
:10FB300059F914F059FD14F055F92B6828465B6803
:10FB40009847F6E714F08CF913F0DCFFE447002047
:10FB5000AC650410003A0B4B18BF012210B5C0E988
:10FB6000003281600446EAF7FFF90346002120468F
:10FB7000236116F05BF8204610BD2046EAF7CEF967
:10FB800013F0C0FF3487041083685A6E0A609A6EBF
:10FB90004A60DA6E8A601A6FCA605A6F0A619A6F99
:10FBA0004A61DA6F8A61D3F88020CA61D3F8842071
:10FBB0000A62D3F888204A62D3F88C208A62D3F88C
:10FBC0009030CB62704700BF8368D3F894200A60FE
:10FBD000D3F898204A60D3F89C208A60D3F8A020FC
:10FBE000CA60D3F8A4200A61D3F8A8204A61D3F8E8
:10FBF000AC208A61D3F8B020CA61D3F8B4200A627D
:10FC0000D3F8B8204A62D3F8BC208A62D3F8C03057
:10FC1000CB6270472DE9F04F85B0054662489846A3
:10FC200004A9149C1646DDF838A001E90C00EAF797
:10FC300025FCE36E5B6853F82090B9F1000F00F0EB
:10FC4000B1800F9B00240095A3F1FF3B2746BBFA30
:10FC50008BFB4FEA5B1BA8F1FF31B1FA81F1490937
:10FC6000002E0CBF002501F00105002D37D10D46F7
:10FC7000BAF1000F02D0BBF1000F36D185EA0B05B7
:10FC8000139B9F4250D2002D4ED00EB100293ED181
:10FC90005FFA88F10D464D4495F81D3153B9D9F8F6
:10FCA0000030424A1B6A934238D12A293CD00B4685
:10FCB00085F81D11303BDAB2092A35D804EB8404EB
:10FCC00003EB4404129B9C4253DCD6E9023293427C
:10FCD00042D20133B36001374FF0FF38BBE7D6E9BA
:10FCE00002239A4247D20025C2E7DAE902239A4268
:10FCF000C6D3DAF80030504601915B6A984701306C
:10FD00000199BDD185F001054FF0000AB8E7D6E9A9
:10FD10000232934239D219780D46BCE72A2248466E
:10FD2000984701462A29C2D1003F119B009D18BF68
:10FD300001279C42B8BF002717B1129B9C4210DDDF
:10FD4000159B2846159A1B6843F00403C5E9006813
:10FD5000136005B0BDE8F08F336830469B6A984762
:10FD6000B9E7109B28461C60C5E9006805B0BDE8EE
:10FD7000F08F009DE4E73368304601915B6A984755
:10FD800001300199AFD1002672E7336830465B6AD3
:10FD90009847431C02D0C1B20D467CE7FF250026E0
:10FDA000294678E7FEF7FAF950470020B50201101E
:10FDB0000039084B18BF012110B5C0E900310446D5
:10FDC000EAF7C2F8A060204610BD2046EAF7A6F880
:10FDD00013F098FEAC8704102DE9F047DDF820E021
:10FDE0001446099A0D4694F800C0A2EB0E01614535
:10FDF0005ADD4FF0000A5F1EA04656460FE0B7429C
:10FE0000A2EB0C0288BF0136A2EB0E0198BF0AF1EB
:10FE1000010A14F806C004EB0608614503DD4FFA39
:10FE20008CF3002BEBDC96450AF1FF3906F1FF3726
:10FE300009D0734600F1FF3C13F801EB93420CF834
:10FE400001EFF9D10844BAF1000F12D086460EF83E
:10FE5000015B98F8001029B302EB010C12F8013B8A
:10FE6000624500F8013FF9D10EEB0100B9F101093B
:10FE7000ECD29EB17E1C264486460EF8015B16F835
:10FE8000011D69B102EB010C12F8013B624500F85B
:10FE9000013FF9D10EEB0100A642EDD1BDE8F0879C
:10FEA0007046F9E77046E1E77245F7D04FF0FF374B
:10FEB0004FF0000AA046B9465646BAE7F0B583B0FF
:10FEC00018468C461346089D01460B9C6246DDE9A8
:10FED00009679DB13046CDE90075FFF77DFFEF1B47
:10FEE0002268861BD21B03D11644266003B0F0BDE6
:10FEF000294624F0C5FC2268D21BF5E70097256847
:10FF0000781901903046FFF767FF861B266003B023
:10FF1000F0BD00BF70B582B08C4619461346079DF0
:10FF20006246DDE9080400902668304401902846C6
:10FF3000FFF752FF401B206002B070BD2DE9F04F6B
:10FF400091B00546AB4808AF1A9E87E80C009DF8B3
:10FF50006C300493EAF792FAF36E5B6853F82080F2
:10FF6000B8F1000F00F09681A348EAF787FAF36E24
:10FF70008146D3F80CA05AF82040002C00F04081B4
:10FF80001C9BD3F800A094F838309AF800209A42CD
:10FF900000F0A180236B5AF80C1C0B93E3690593C6
:10FFA000236A0393514451450ED9D8F8180053469B
:10FFB00001E0994212D0984613F8012B825C520757
:10FFC000F7D4B8EB0A080DD1002397E80300B3601B
:10FFD00085E80300284611B0BDE8F08F8846B8EBED
:10FFE0000A08F1D04FEA48030DF13009834A194657
:10FFF000484606930C92EFF70DFDE36AA8EB030B5E
:020000041002E8
:10000000BBF1000F5A4637DD002BE168C0F21C81BE
:10001000002900F01C814FEA4B0306930C9A002143
:10002000069B484652F80C2C0091EFF73DFC0C98CB
:1000300050F8043C002B80F223810AEB0B0CA17CCE
:10004000D4E90223CDF800A0CDF804C0FFF7C4FE28
:100050000C9B069053F8042C002A80F20C81069A1F
:10006000D11A53F80C3C8B42C0F00F815A1A484603
:100070000023EFF77BFBE36A002B00F3A880F36813
:10008000039903F0B00206920C9A52F80C2C01EB83
:10009000020A9A0500F18B80584B4FEA4A010DA8DD
:1000A0000D93EFF7B7FC069B0DF12C08D6F808B0BE
:1000B000A3F11003D345B3FA83F34FEA531398BF68
:1000C0000023079318F8013B042B16D8DFE803F050
:1000D00054675E4B1100636B5AF80C1C0B93636AF8
:1000E0000593A36A039300293FF46EAF0AF1010A56
:1000F00058E749460DA8EFF7BDFCC145E2D1039B87
:10010000012B57D80D9951F80C3C9B455DD9069AA7
:10011000ABEB0303202A049A67D0009200220DA8BB
:100120001146EFF7C1FB0D999DF82440DDF82080C2
:1001300044B9D8F800305A4640461B6B984758459A
:1001400018BF012410ABCDF838808DF83C4013E97E
:10015000030008900DA88DF82410FEF749FC4846CE
:10016000FEF746FC30E7039B002BC6D0059B0DA88D
:100170001978EFF757FDC0E7079B002BBDD0049A15
:10018000ABEB0A010DA8EFF7F5FCB6E7F3689B05AA
:10019000B3D50DA8D4E90512EFF79EFCADE7079B98
:1001A000002BECD104990DA8EFF73CFDA5E7A3695E
:1001B0009A4471E705995A1E0DA80131EFF78CFC9E
:1001C0000D9951F80C3C9B45A1D89B46ACE7617C4E
:1001D0004846EFF727FDBBF1000F3DDB0AEB0B01B3
:1001E000E26A4846EFF778FC49E719460DA8EFF7B1
:1001F000C1FC98E7504700208C4600208446002030
:100200004420E5F7F9FB002306F16C010446C360C6
:100210000374A0F81130436380F84330C0E9013320
:10022000C0E90533C0E90733C0E90933C0E90B333E
:10023000254B0360FFF706F921464A46F06EEAF7C0
:10024000A3F85AF829409BE699B94246C34651465D
:100250004846EFF76BFB0EE7CBF1000194F839202D
:100260004846EFF787FC424651464846EFF734FCD4
:1002700005E7C346D2E64846EFF7FAFA0C9BEEE6EE
:100280004846EFF7F5FA0C98D7E60A460F481049AA
:10029000FDF7DCFFFDF782FF02E00DA8FEF7A8FBEB
:1002A0004846FEF7A5FB13F02DFC13F09BFD2368D9
:1002B00020465B68984714F097F913F093FDFAE72E
:1002C00013F0CEFD13F01EFC6C6504106C4C041092
:1002D000C44D04102DE9F04F91B00546AB4808AF6E
:1002E0001A9E87E80C009DF86C300493EAF7C6F874
:1002F000F36E5B6853F82080B8F1000F00F0968130
:10030000A348EAF7BBF8F36E8146D3F80CA05AF87D
:100310002040002C00F040811C9BD3F800A094F8F2
:1003200038309AF800209A4200F0A180236B5AF8E6
:100330000C1C0B93E3690593236A039351445145C5
:100340000ED9D8F81800534601E0994212D09846C9
:1003500013F8012B825C5207F7D4B8EB0A080DD1D1
:10036000002397E80300B36085E80300284611B036
:10037000BDE8F08F8846B8EB0A08F1D04FEA480391
:100380000DF13009834A1946484606930C92EFF75F
:1003900041FBE36AA8EB030BBBF1000F5A4637DDC4
:1003A000002BE168C0F21C81002900F01C814FEA9B
:1003B0004B0306930C9A0021069B484652F80C2CDE
:1003C0000091EFF771FA0C9850F8043C002B80F282
:1003D00023810AEB0B0CA17CD4E90223CDF800A009
:1003E000CDF804C0FFF7F8FC0C9B069053F8042CE2
:1003F000002A80F20C81069AD11A53F80C3C8B42E9
:10040000C0F00F815A1A48460023EFF7AFF9E36AAC
:10041000002B00F3A880F368039903F0B002069262
:100420000C9A52F80C2C01EB020A9A0500F18B8011
:10043000584B4FEA4A010DA80D93EFF7EBFA069BD4
:100440000DF12C08D6F808B0A3F11003D345B3FA88
:1004500083F34FEA531398BF0023079318F8013B27
:10046000042B16D8DFE803F054675E4B1100636B72
:100470005AF80C1C0B93636A0593A36A0393002933
:100480003FF46EAF0AF1010A58E749460DA8EFF7AD
:10049000F1FAC145E2D1039B012B57D80D9951F8D0
:1004A0000C3C9B455DD9069AABEB0303202A049ACA
:1004B00067D0009200220DA81146EFF7F5F90D99CB
:1004C0009DF82440DDF8208044B9D8F800305A4621
:1004D00040461B6B9847584518BF012410ABCDF818
:1004E00038808DF83C4013E9030008900DA88DF882
:1004F0002410FEF77DFA4846FEF77AFA30E7039BB0
:10050000002BC6D0059B0DA81978EFF78BFBC0E731
:10051000079B002BBDD0049AABEB0A010DA8EFF7A7
:1005200029FBB6E7F3689B05B3D50DA8D4E90512FE
:10053000EFF7D2FAADE7079B002BECD104990DA899
:10054000EFF770FBA5E7A3699A4471E705995A1E76
:100550000DA80131EFF7C0FA0D9951F80C3C9B45FD
:10056000A1D89B46ACE7617C4846EFF75BFBBBF14B
:10057000000F3DDB0AEB0B01E26A4846EFF7ACFAED
:1005800049E719460DA8EFF7F5FA98E7504700201C
:1005900088460020844600204420E5F72DFA0023F9
:1005A00006F16C010446C3600374A0F81130436384
:1005B00080F84330C0E90133C0E90533C0E90733AF
:1005C000C0E90933C0E90B33254B0360FEF766FD34
:1005D00021464A46F06EE9F7D7FE5AF829409BE6D5
:1005E00099B94246C34651464846EFF79FF90EE790
:1005F000CBF1000194F839204846EFF7BBFA4246A8
:1006000051464846EFF768FA05E7C346D2E6484642
:10061000EFF72EF90C9BEEE64846EFF729F90C9818
:10062000D7E60A460F481049FDF710FEFDF7B6FD64
:1006300002E00DA8FEF7DCF94846FEF7D9F913F001
:1006400061FA13F0CFFB236820465B68984713F0EC
:10065000CBFF13F0C7FBFAE713F002FC13F052FADA
:100660007C6504106C4C0410C44D04102DE9F04F4F
:100670002DED028B8FB0804604AF07F1100BB960EF
:1006800007F120008BE80C0097F85830FB6097F8D2
:1006900060307B60FB6D03F16C0197ED1A8BE9F71D
:1006A00045FC5848E9F7EAFE3B6A5B6853F820903E
:1006B000B9F1000F00F0998090B004AEE9F744FC66
:1006C0000023786240223146009307F124004E4B0C
:1006D0008DED028BF0F726FC3F28044650DC00210C
:1006E000204607F11C02EFF719F850F8043C0546C4
:1006F00006EB040A7862002B5ADA99F81C30012BB9
:1007000009D0002B5AD0D9F80030DB691A469C4634
:100710003E4B9A4256D1B24504D022463146284635
:1007200024F0AEF8FB68EBB97B6840460193FB6DA3
:10073000009307F12403B96802939BE80C00FFF7CC
:10074000C9FD7B6A324AA3F10C00904241D107F106
:100750002000E9F777FC40462C37BD46BDEC028B04
:10076000BDE8F08F7B6840460193FB6D009307F175
:100770002403B96802939BE80C00FFF7DFFBE0E776
:1007800000F10803013423F00703ADEB030D04AEC1
:10079000E9F7DAFB0023224631468DED028B7862C1
:1007A00007F124000093184BF0F7BCFB044696E7D2
:1007B00007F12400EFF75CF87D6A9EE74846EFF703
:1007C000E3FDA0E72B465246314648466446A04723
:1007D000A8E753F8042C511E002A43F8041CB6DC89
:1007E00007F11C01EEF7C0FFB1E7FDF7D7FC03E00E
:1007F00007F12400FEF7FCF807F12000E9F722FCDE
:1008000013F080F950470020D84D0410190301104F
:100810007846002030B587B004460DF1100C9DF8E5
:1008200028508CE80C000B9B9DF8302055B10D9D95
:100830000093CDE901259CE80C00FFF77FFB2046E3
:1008400007B030BD0D9D0093CDE901259CE80C005B
:10085000FFF740FD204607B030BD00BF2DE9F0474F
:10086000C4688946089F154604F0B00C099C984658
:10087000BCF1200FA7EB040717D0BCF1100F26D056
:10088000002627B9A21B09D1BDE8F08700263A4609
:100890004946284624F00CF8A21BF5D03D444146B9
:1008A0002846BDE8F04723F0EBBF44B9002FEBD05A
:1008B0003A4649462819BDE8F04723F0F9BF1946E2
:1008C0002246284623F0DCFF002FDDD0F0E7064665
:1008D0004B48E9F7D3FDF36E5B6853F82060002EB8
:1008E00000F08A80337F0BB398F8003096F84A20E6
:1008F00018469A4212D096F848209A420ED096F89E
:100900004D209A42BCD1012CBADD98F8012096F80E
:10091000951091425FD096F875004BE008F1010800
:10092000012605F8010B002FACD0B0E73046DFF808
:10093000D4A0EFF729FD33689B69534545D12D209D
:1009400098F800308342E9D0327F002A56D13046F1
:10095000EFF71AFD33689B69534532D12B2098F885
:1009600000308342DAD0327F002AC8D13046EFF718
:100970000BFD33689B6953453AD1302098F800301D
:1009800083427FF47DAF012C7FF77AAF327F002A5C
:10099000BBD178213046FDF7C3FF98F80120824291
:1009A00017D0337F002BB6D130465821FDF7B8FF62
:1009B00098F8012090420CD0002F7FF467AF2246B8
:1009C0006DE72B2130469847C9E72D2130469847DF
:1009D000B6E798F800302B7008F1020818F8013CCF
:1009E0000235022605F8013C002F3FF44BAF4EE7DD
:1009F000302130469847C1E7FDF7D0FB18467AE72B
:100A000050470020B102011030B583B0144618469B
:100A1000089D079B2A6800940192069AFFF71EFF23
:100A20002C6003B030BD00BF2DE9F04F2DED028BDF
:100A300093B0804604AF07F11804BD6E796105F1EB
:100A40006C0084E80C0097F86C3097F87040BB603D
:100A500097ED1E8BFFF742F822466C68814607F13E
:100A600028012846002CB8BF062414F0E3FCEB68EC
:100A70008CB003F4827304AEB3F5827F00F0DC80A7
:100A8000E9F762FA07F1280378622D22314607F16F
:100A9000240000948DED028BF0F744FA2C28386284
:100AA0006EDC9F48E9F7EAFCEB6E5B6853F82000C8
:100AB000002800F032813A6A90F81CC0D31D92469B
:100AC000BCF1010F934623F0070306EB0201ADEBE7
:100AD000030D0DF117044FEAD40324F00704FB6063
:100AE00000F01281BCF1000F00F0CE800368D3F853
:100AF0001CA08C4B9A4540F0D680B14203D03146C1
:100B0000204623F0BDFE3A6A93469246002A00F042
:100B1000D4802E2130463A6123F09EFE3A690028A7
:100B200000F0D280801B99F82420FB6800F8332065
:100B3000204499F81020002A3FD13E6AAA68B242A8
:100B400068DC002397F81C90D7F818A0AB60B9F1C7
:100B5000000F0AD1DAF800302146324650461B6BAE
:100B60009847B04218BF4FF0010940463C37C8F8DB
:100B700000A088F80490BD46BDEC028BBDE8F08F64
:100B800000F1080300F1010A23F00703ADEB030DA8
:100B9000E9F7DAF907F1280304AE0094524631462A
:100BA0008DED028B786207F12400F0F7BBF9386213
:100BB00077E74FF0000AD34650464FEA4A0296F8CC
:100BC00000A00732BAF12D0F22F00702ADEB020DA3
:100BD00004AE00F08E80AAF12B02B2FA82F2520922
:100BE000002A40F086809246B44699F82530D9E92B
:100BF0000212009007F120000390CDE901C478694A
:100C00003446FFF75BF93A6A0AEB0206AA68B24279
:100C10003E6296DDD31DB968786907F1200623F09E
:100C20000703ADEB030D2B46019404AC0296009430
:100C3000FFF7EAFE3E6A84E7E9F786F907F1280341
:100C400078622D22314607F124008DED008BF0F7FC
:100C500069F92C2838627FF724AF00F10803441C9F
:100C600023F00703ADEB030DE9F76EF907F1280355
:100C700004AE22468DED008B3146786207F12400E8
:100C8000F0F750F938620CE7C7E900213861EFF757
:100C90007BFB38690368D3F81CA0224B9A45D7E93F
:100CA00000213FF42AAF0A4623463146D0473A6A2C
:100CB00093469246002A7FF42CAF99F81030002B0F
:100CC0007FF477AF164639E799F8101000293FF402
:100CD00034AF022A7FF771AF7278392A3FF62DAF11
:100CE000B178303909293FF628AF2F2A7FF625AF92
:100CF00063E70BF1FF33B4464FF0010A3B6214F88F
:100D0000013B0CF8013B70E7B142D6D0314620469A
:100D10003A6123F0B5FD3A69FBE6FDF73FFA00BF03
:100D2000504700201903011030B589B004460DF179
:100D3000180C9DF834508CE80C000C9B9DED0E7B3C
:100D400000939CE80C00019500258DED047B029535
:100D5000FFF76AFE204609B030BD00BF2DE9F04F15
:100D60002DED028B93B0804604AF07F11804BD6EE1
:100D7000796105F16C0084E80C0097F86C3097F805
:100D80007040BB6097ED1E8BFEF7A8FE22466C6894
:100D9000814607F128012846002CB8BF062414F02C
:100DA00049FBEB688CB003F4827304AEB3F5827F29
:100DB00000F0DC80E9F7C8F807F1280378622D22FB
:100DC000314607F1240000948DED028BF0F7AAF86C
:100DD0002C2838626EDC9F48E9F750FBEB6E5B68AD
:100DE00053F82000002800F032813A6A90F81CC0C5
:100DF000D31D9246BCF1010F934623F0070306EB87
:100E00000201ADEB030D0DF117044FEAD40324F0FA
:100E10000704FB6000F01281BCF1000F00F0CE80EF
:100E20000368D3F81CA08C4B9A4540F0D680B142A1
:100E300003D03146204623F023FD3A6A934692467A
:100E4000002A00F0D4802E2130463A6123F004FDC0
:100E50003A69002800F0D280801B99F82420FB68B2
:100E600000F83320204499F81020002A3FD13E6A30
:100E7000AA68B24268DC002397F81C90D7F818A043
:100E8000AB60B9F1000F0AD1DAF8003021463246E2
:100E900050461B6B9847B04218BF4FF001094046BF
:100EA0003C37C8F800A088F80490BD46BDEC028B22
:100EB000BDE8F08F00F1080300F1010A23F00703F9
:100EC000ADEB030DE9F740F807F1280304AE0094F9
:100ED000524631468DED028B786207F12400F0F71F
:100EE00021F8386277E74FF0000AD34650464FEAC0
:100EF0004A0296F800A00732BAF12D0F22F007023D
:100F0000ADEB020D04AE00F08E80AAF12B02B2FA16
:100F100082F25209002A40F086809246B44699F83F
:100F20002530D9E90212009007F120000390CDE9A5
:100F300001C478693446FEF7C1FF3A6A0AEB02063B
:100F4000AA68B2423E6296DDD31DB968786907F19E
:100F5000200623F00703ADEB030D2B46019404ACF0
:100F600002960094FFF750FD3E6A84E7E8F7ECFF35
:100F700007F1280378622D22314607F124008DED18
:100F8000008BEFF7CFFF2C2838627FF724AF00F1FA
:100F90000803441C23F00703ADEB030DE8F7D4FF6F
:100FA00007F1280304AE22468DED008B31467862AE
:100FB00007F12400EFF7B6FF38620CE7C7E900211C
:100FC0003861EFF7E1F938690368D3F81CA0224BC8
:100FD0009A45D7E900213FF42AAF0A462346314615
:100FE000D0473A6A93469246002A7FF42CAF99F88C
:100FF0001030002B7FF477AF164639E799F81010C0
:1010000000293FF434AF022A7FF771AF7278392A92
:101010003FF62DAFB178303909293FF628AF2F2A96
:101020007FF625AF63E70BF1FF33B4464FF0010ABB
:101030003B6214F8013B0CF8013B70E7B142D6D09B
:10104000314620463A6123F01BFC3A69FBE6FDF786
:10105000A5F800BF504700201903011030B589B032
:1010600004460DF1180C9DF834508CE80C000C9BD4
:101070009DED0E7B00939CE80C0001954C258DEDB9
:10108000047B0295FFF76AFE204609B030BD00BF21
:1010900030B59DF80C40A4B18646184DA5FB013C27
:1010A0000C464FEADC0C092C0CEB8C03A1EB430340
:1010B000614613441B790EF8013DEFD8A0EB0E00FA
:1010C00030BD03F04A04402C0ED013F4804F864606
:1010D0000CBF042314231A4401F00F030909D35C45
:1010E0000EF8013DF8D1E9E7864601F00703C9088B
:1010F00013441B790EF8013DF7D1DFE7CDCCCCCC02
:101100002DE9F04F8DB0064604AF07F11004D7F873
:101110004880B96008F16C0084E80C0097F84C3006
:101120007B60FEF7DBFCD8F80CA086B0396D00F1CF
:1011300026030AF04A0B054604ACFB60BBF1400FE6
:1011400018BFBBF1080F14BF4FF001094FF00009A1
:10115000002903DCB9F1000F00D04942CDF800901E
:101160005346FA6804F11400FFF792FFC0F114032C
:101170000246F8611C442B7C33BBB9F1000F3DD013
:101180003B6D002B6DDB1AF4006F4DD1D8F80830A1
:10119000934253DC00233D7DD7F81090C8F8083007
:1011A00055B9D9F800302146FA6048461B6B98477C
:1011B000FA68904218BF012530462437C6F80090DF
:1011C0003571BD46BDE8F08F420095F8253007F136
:1011D0001C00093222F00702ADEB020DD5E9021224
:1011E00002940DF11204CDF8008001940390B868C8
:1011F000FEF790FEFA69B9F1000FC1D11AF4007F31
:10120000C4D03B6D002BC1D0BBF1400F30D0CAF32E
:10121000803AFB680232023C53449B78FA61637067
:1012200095F82A302370B1E795F827300132013C58
:101230002370D8F80830FA619342ABDDDD1D1A4601
:10124000434625F00705ADEB050D07F11C05D7E971
:101250000110019404AC02950094FFF7D5FBFA69E4
:1012600098E795F826300132013C2370FA618DE74A
:1012700095F82A300132013C2370FA6186E700BFFD
:1012800030B587B004460DF1100C9DF82C508CE859
:101290000C000A9B00939CE80C0001950C9D0295A4
:1012A000FFF72EFF204607B030BD00BF2DE9F04FFD
:1012B0008DB0054604AFBE6C07F1080497F84CB03A
:1012C000D6F80C8097F8509018F0010F84E80C00C5
:1012D00016D1CDE901B994E80C00009607F1180683
:1012E0003046FFF70DFF96E80300B86039732437E6
:1012F00094E8030085E803002846BD46BDE8F08F6A
:1013000006F16C00FEF7EAFBB9F1000F41D0B268BC
:10131000D0E9053A924541DAA2EB0A09594608F0AC
:10132000B0087B6009F1070222F00702ADEB020D65
:101330004A460DF1100B584623F0BAFA0022B8F1D4
:10134000200F7B68B26043D097F80C80BE687B604A
:10135000B8F1000F13D1326859463046D2F830B098
:101360004A46D84781457B6855D11946336852466D
:1013700030461B6B9847824518BF4FF0010807F1B4
:101380002003BE6187F81C8013E90300B86039733D
:10139000ADE7D0E9073AB2689245BDDB0022D7F845
:1013A0000880B2603E7B4EB91946D8F800305246EC
:1013B00040461B6B9847824518BF012607F1200362
:1013C000C7F818803E7713E90300B86039738EE7D9
:1013D00007F11806524607F1100894E8030086E862
:1013E000030019463046FDF781FA4A4696E80300A5
:1013F00088E80300B860397394E8030086E80300C6
:1014000059463046FDF772FA96E8030088E8030073
:10141000B86039736BE74FF00108B0E72DE9F04F82
:101420008DB0064604AF07F11004D7F84880F96084
:1014300008F16C0084E80C0097F84C30BB60FEF7B4
:101440004DFBD8F80C9086B000F12603054609F054
:101450004A0A396D1A467B60BAF1400F18BFBAF1DB
:10146000080F4B4609A804AC14BF4FF0010B4FF016
:10147000000BCDF800B0FFF70BFEC0F114030246DD
:10148000F8611C442B7C03BBBBF1000F37D0D8F8AC
:101490000830934249DC00233D7DD7F81090C8F80E
:1014A000083055B9D9F800302146FA6048461B6B20
:1014B0009847FA68824218BF012530462437C6F89B
:1014C00000903571BD46BDE8F08F420095F825309B
:1014D00007F11C00093222F00702ADEB020DD5E93D
:1014E000021202940DF11204CDF8008001940390D1
:1014F000F868FEF70FFDFA69BBF1000FC7D119F4C8
:10150000007FC4D03B6D002BC1D0BAF1400F1FD07B
:10151000C9F380397B680232023C4B449B78FA6104
:10152000637095F82A302370B1E7DD1D1A464346F3
:1015300025F00705ADEB050D07F11C05D7E90210F5
:10154000019404AC02950094FFF75EFAFA69A2E7F1
:1015500095F82A300132013C2370FA6197E700BF09
:1015600030B587B004460DF1100C9DF82C508CE876
:101570000C000A9B00939CE80C0001950C9D0295C1
:10158000FFF74CFF204607B030BD00BF2DE9F0410A
:1015900088B0054604AC0E9E06AF84E80C009DF8AA
:1015A0003C303846CDE900630E4BD6F80C8008EA93
:1015B000030343F40273F360109B029394E80C005E
:1015C000FFF72CFFC6F80C8097E8030004908DF815
:1015D000141094E8030085E80300284608B0BDE82D
:1015E000F08100BFB5BFFFFF2DE9F04F9DF82C1033
:1015F0008146099899B34D462D4C4FF0CC380526BD
:10160000D1189E4641F10001A4FB017C2CF0030798
:1016100007EB9C07C91B1746B2EB010C63F1000BEB
:1016200008FB0CFAACFB042C04FB0BAA02F0010330
:101630005208E244A3FB06C342EACA721CEB010C47
:101640000A2F4FEA5A0384447EF1000E9CF80410DE
:1016500005F8011DD4D2A9EB0500BDE8F08F0A9969
:1016600001F04A01402914D00A994D4611F4804FE7
:101670000CBF04211421084402F00F011209415C3F
:1016800042EA03721B0905F8011D52EA0301F3D176
:10169000E1E74D4602F00701D208014442EA4372F5
:1016A000DB08097905F8011D52EA0301F2D1D2E7FE
:1016B000CDCCCCCC2DE9F04F8FB0064604AF07F16E
:1016C0001804D7F85080B96008F16C0084E80C0069
:1016D00097F85430D7E916A97B60FEF7FFF9D8F8E0
:1016E0000CB005468AB052460BF04A0005F12603BD
:1016F00004A9402818BF082838603B614B4614BF36
:1017000001240024BAF1010F7C6179F1000004DAB0
:101710001CB1DAF1000269EB49037869CDE901B047
:101720003869009001F12800F960FFF75DFFF96862
:10173000C0F1280C2B7C044678628C44002B4ED1DF
:101740007B69002B67D0B9F1000F3FDB1BF4006F02
:101750001CD1D8F80820A24224DC00233D7FD7F812
:101760001890C8F808304DB9D9F8003061462246C3
:1017700048461B6B9847A04218BF012530462C37BE
:10178000C6F800903571BD46BDE8F08F0134D8F839
:10179000082095F827300CF1FF3CA2427C628CF8BF
:1017A0000030DADDD31D07F1240423F00703ADEB8D
:1017B000030D434604ADD7E90110CDF804C00294EF
:1017C0000095FFF721F97C6AAC46C6E795F826300C
:1017D00001340CF1FF3C8CF800307C62B9E7440026
:1017E00007F1240095F82530093424F00704ADEB07
:1017F000040D0DF11204D5E90212CDF808C00194D0
:10180000CDF800800390B868FEF784FB7B69A4469E
:101810007C6A002B97D11BF4007F9AD05AEA090901
:1018200097D03B68402B0FD0CBF3803B3B69023411
:10183000ACF1020C5B449B787C628CF8013095F82B
:101840002A308CF8003084E795F82A3001340CF106
:10185000FF3C8CF800307C627BE700BF30B587B07E
:1018600004460DF1100C9DF82C509DED0C7B8CE87E
:101870000C000A9B00939CE80C0001958DED027B07
:10188000FFF718FF204607B030BD00BF2DE9F04F2D
:101890008FB0064604AF07F11804D7F85080F960FE
:1018A00008F16C0084E80C0097F85430BC6DBB6004
:1018B000FB6D7C607B61FEF711F9D8F80C908AB063
:1018C00000F12602054609F04A0A04A9CDF8049061
:1018D0000EA8BAF1400F18BFBAF1080F3A60009293
:1018E000224614BF4FF0010B4FF0000BCDF808B0AB
:1018F0007B693961FFF778FE3969C0F12803044636
:10190000786201EB030C2B7CFBB9BBF1000F38D0E4
:10191000D8F80820A2424EDC00233D7FD7F818906B
:10192000C8F808304DB9D9F800306146224648461B
:101930001B6B9847844218BF012530462C37C6F8E8
:1019400000903571BD46BDE8F08F440007F12400DA
:1019500095F82530093424F00704ADEB040D0DF1A2
:101960001204D5E90212CDF808C00194CDF8008028
:101970000390F868FEF7CEFAA4467C6ABBF1000F2C
:10198000C6D119F4007FC3D07B687A691343BFD0F6
:10199000BAF1400F23D0C9F380393B680234ACF16F
:1019A000020C4B449B787C628CF8013095F82A300D
:1019B0008CF80030ACE7D31D07F1240423F00703B3
:1019C000ADEB030D434604ADD7E90210CDF804C0DA
:1019D00002940095FFF718F87C6AAC469CE795F8EE
:1019E0002A3001340CF1FF3C8CF800307C628FE728
:1019F00030B587B004460DF1100C9DF82C509DEDCC
:101A00000C7B8CE80C000A9B00939CE80C00019571
:101A10008DED027BFFF73AFF204607B030BD00BFD7
:101A200070B5054682B0D0E90004A4F1FF34B4FAE1
:101A300084F4640900280CBF002604F0010696B95E
:101A4000D1E90030A0F1FF30B0FA80F04009002B5E
:101A50000CBF002500F001055DB9201AB0FA80F036
:101A6000400902B070BDD0E902239A4207D2002497
:101A7000E6E7D3E9020290420CD20020EDE70368CA
:101A800001915B6A984701300199F0D100233446F7
:101A90002B60D5E71A6818460191536A98470130C0
:101AA0000199EAD1002328460B60D6E72DE9F04FD3
:101AB00089B00146149C029104A904F16C00169EA1
:101AC00081E80C00FEF70AF812A9054604A8FFF702
:101AD000A7FF8346002800F06C8200242B7CA246DE
:101AE0002746A54A03920792002B40F05B8295F8A7
:101AF0006480B8F1000F40F0B580BBF1000F40F0FA
:101B000022835B46CDF800B0DFF870B20193A4F1F8
:101B10003003092B47D8336853F80C8C53F8082C42
:101B200008F10107974204D853F8042C002A40F327
:101B30001081394630460DF11C09EDF76BFF336813
:101B400053F80C2C9C543268A2F10C035B4540F016
:101B500008810127049CD4E90232934266D2013302
:101B60004FF0FF319A42A36005916CD90024DDE962
:101B70001203A3F1FF33B3FA83F35B0910B1002B17
:101B800040F09B81A34200F0B3800498002800F04D
:101B9000BC81D0E90232934280F0AC811C78A4F180
:101BA0003003092BB7D995F82430A34200F0B38154
:101BB00095F85C30A34204D095F86230A34240F01F
:101BC0009780009B83F001031F4000F09180652106
:101BD00030460DF11C09EEF725F80498FCF796FE47
:101BE0004FF0FF3312A904A80593FFF719FF00284F
:101BF00040F0A78004A80DF11C09F2F77BFDC4B2E8
:101C000095F84B30A34200F0A58295F84A30A342E4
:101C100040F061822D2130460DF11C09EEF702F8EB
:101C2000049C0097D4E90232934298D3236820465B
:101C30000DF11C099B6A98474FF0FF330593D4E9D7
:101C400002329A4292D8236820460DF11C095B6A41
:101C50009847431C00F0D782A0F1FF34B4FA84F413
:101C6000640984E7BBF1000F40F06D825A46CDF85D
:101C700000B02B7C05F14E0B019223B195F8252085
:101C8000A24200F0218195F82430A34278D00A22A4
:101C90002146584622F0E0FD002800F0B880A0EB75
:101CA0000B000DF11C0900F130013046C9B2EDF70F
:101CB000B9FF0AF1010A4746049CD4E90232934273
:101CC0007CD201334FF0FF319342A360059180F045
:101CD00083800024139B1298A3F1FF33B3FA83F39C
:101CE0005B0910B1002B40F02881A34240F08380B3
:101CF000079C54F80C3CA3B1019B3BBB009B2BBB46
:101D00000DF11C095FFA8AF14846EDF78BFF079C3D
:101D10004A46D5E9020113F01BFC10B90423159AB9
:101D2000136004AB029A93E80300A4F10C0382E869
:101D30000300124A934240F03682029809B0BDE88F
:101D4000F08F079C54F80C3C002BEAD00DF11C09D5
:101D5000DEE742469C543268A2F10C035B453FF437
:101D6000F8AE002142F80C7C4344012742F8041CE1
:101D70004FF000025A73EDE68446002078460020BA
:101D8000DDE90023079C134354F80C1C13F0FF03F8
:101D90000093D7D129B107A85FFA8AF18146EDF700
:101DA00041FF2E2130460DF11C09EDF73BFF049C4D
:101DB000CDF80480D4E90232934282D323682046CE
:101DC0000DF11C099B6A98474FF0FF330593D4E946
:101DD00002329342FFF47DAF236820460DF11C09C7
:101DE0005B6A9847421C00F01B82A0F1FF34B4FAF2
:101DF00084F464096EE70498002800F0A580D0E917
:101E00000232934280F0E4811C782B7C35E795F810
:101E10005C30A34204D095F86230A3427FF468AFEF
:101E2000009B83F00103DBB2002B3FF461AF002F76
:101E30003FF45EAF079B53F80C3C1BB1019B002B9A
:101E400000F09F80652130460DF11C09EDF7EAFE98
:101E50000498D0E90232934280F0298101338360F3
:101E60004FF0FF3312A904A80DF11C090593FFF7E9
:101E7000D7FD00287FF465AFDDE9040410B1611CD3
:101E800000F08680E4B295F84B102B7CA1425DD027
:101E900095F84A20A24270D1002B5FD195F82430EA
:101EA000A34200F059812D2130460DF11C09EDF7B8
:101EB000B9FE4746CDF80080FEE6D0E902239A42FB
:101EC00080F0FB8000235DE6DDE90032134313F070
:101ED000FF0301937FF435AFBAF1000F00F02781C3
:101EE00007A85FFA8AF18146EDF79CFE00239A4627
:101EF0000093E1E603680DF11C095B6A9847C4B2E0
:101F000001307FF404AE00230493FF2495F82430BD
:101F1000A3427FF44DAEDDE900321343DBB2002B68
:101F20007FF446AE01232E2130460DF11C090193AA
:101F3000EDF778FE002300930CE6D0E902239A42E5
:101F400080F019810023D0E6FF245EE733B995F8CD
:101F50002430A34200F000812B21A5E795F825202D
:101F6000A24200F0A08095F82430A34200F09B80AC
:101F7000A1420CBF2B212D2196E74746CDF80080CA
:101F80007BE607A85FFA8AF18146EDF74BFE59E739
:101F9000D0E90232934280F024811C7873E7A34B8E
:101FA000039307930DF11C0920214846EDF732FDFC
:101FB0009DE504A8F2F79EFB95F84B10C4B2287C6F
:101FC000A14200F0E68095F84A200346A24200F0C4
:101FD000848000274FF0FF38BA461BB195F82520C2
:101FE000A242DCD095F82420A2423FF47AAD95F8C5
:101FF0004E20A2427FF475AD0FB3049F0AF1010A8F
:10200000D7E90232934225D20133CDF814809A42A7
:10201000BB6029D90027DDE91203A3F1FF33B3FA2E
:1020200083F35B0900280CBF002103F0010181BB91
:102030009F4223D14FF0010B2B7C5F4651E53021AD
:102040003046EDF7EFFD049F0AF1010AD7E90232AD
:102050009342D9D33B6838469B6A9847CDF81480A1
:10206000D7E902329A42D5D83B6838465B6A98472E
:102070000130CFD1002301270493CCE7049880B12D
:10208000D0E90232934280F09B801C782B7C0127A0
:10209000A3E7D0E902239A4262D20023C8E70023D3
:1020A0000493FF24F2E74746CDF80080E8E5036893
:1020B0000DF11C099B6A9847D2E603680DF11C09D3
:1020C0005B6A984701300CBF012300237FF45AADAF
:1020D0000022129256E5009719E530B995F82420B0
:1020E00094423FF476AF2D210BE095F82520A242D3
:1020F0001BD095F82430A34217D0A1420CBF2B214E
:102100002D213046EDF78EFD0498FCF7FFFB4FF0D4
:10211000FF3312A904A80593FFF782FC00286CD0B6
:10212000002783462B7CBA46DBE4034651E733683D
:1021300053F8042CA3F10C01002A67DD3C488142CE
:1021400078D1039B3360079C54F80C3C002B7FF440
:10215000D7ADE6E52B215EE54746CDF8008094E556
:10216000036800915B6A98470130009995D100227D
:102170000B4612925CE703680DF11C095B6A9847F5
:1021800001300CBF012300237FF4AFAD0022129277
:10219000ABE503460028A8D195F8242094423FF4EB
:1021A00018AF2B21ADE754F8042C511E002A44F837
:1021B000041C3FF7C2AD06A91846EDF7D5FABCE5F9
:1021C00003685B6A9847421C3FF469AFC4B25DE79D
:1021D00003680DF11C095B6A9847431C23D0C4B205
:1021E00013E603680DF11C095B6A9847C4B201301D
:1021F0007FF449AE0023049345E604A8F2F77AFA87
:102200002B7CC4B2E5E60023049325E5084A9142FD
:1022100099D043F804AC43F80CAC83F800A092E7E3
:1022200000230493E1E500230493D8E784460020CB
:1022300078460020013A43F8042C82E74846FCF730
:10224000D7FB11F05FFC00BF2DE9F0478CB00546CD
:102250008946202108AC0DF1280884E80C00424B87
:102260004046DDE916670A93EDF7D4FB14AB0296FE
:1022700006AECDE9037893E803008DE803004946F4
:10228000304694E80C00FFF711FC96E803000A9E24
:10229000814684E80300E7F757FE0B903A46304644
:1022A00018990BAB12F074FD099EA6F1FF36B6FA31
:1022B00086F67609B9F1000F0CBF4FF0000A06F060
:1022C000010ABAF1000F24D1159B1498A3F1FF3332
:1022D000B3FA83F35B0900B1ABB9B34203D13B68F6
:1022E00043F002033B600A9BCDF820901F4A94E81C
:1022F000030085E80300A3F10C0090420FD12846AB
:102300000CB0BDE8F087D0E902239A421ED2002328
:10231000E3E7D9E902239A420CD20026D4E753F826
:10232000042C511E002A43F8041CE8DC0BA9EDF72D
:102330001BFAE4E7D9F8003048465B6A9847013059
:102340000ABF564600264FF00009BDE703685B6AE6
:102350009847A0F1FF33B3FA83F35B09BDE740462A
:10236000FCF746FB11F0CEFB8446002078460020A7
:102370002DE9F0478CB005468946202108AC0DF1C7
:10238000280884E80C00424B4046DDE916670A93B2
:10239000EDF740FB14AB029606AECDE9037893E867
:1023A00003008DE803004946304694E80C00FFF72F
:1023B0007DFB96E803000A9E814684E80300E7F768
:1023C000C3FD0B903A46304618990BAB12F022FD34
:1023D000099EA6F1FF36B6FA86F67609B9F1000F26
:1023E0000CBF4FF0000A06F0010ABAF1000F24D129
:1023F000159B1498A3F1FF33B3FA83F35B0900B183
:10240000ABB9B34203D13B6843F002033B600A9B84
:10241000CDF820901F4A94E8030085E80300A3F15B
:102420000C0090420FD128460CB0BDE8F087D0E9EF
:1024300002239A421ED20023E3E7D9E902239A42FB
:102440000CD20026D4E753F8042C511E002A43F87E
:10245000041CE8DC0BA9EDF787F9E4E7D9F80030B4
:1024600048465B6A984701300ABF564600264FF03F
:102470000009BDE703685B6A9847A0F1FF33B3FA30
:1024800083F35B09BDE74046FCF7B2FA11F03AFB73
:1024900084460020784600202DE9F0478CB00546A0
:1024A0008946202108AC0DF1280884E80C00424B35
:1024B0004046DDE916670A93EDF7ACFA14AB0296D5
:1024C00006AECDE9037893E803008DE803004946A2
:1024D000304694E80C00FFF7E9FA96E803000A9EFC
:1024E000814684E80300E7F72FFD0B903A4630461B
:1024F00018990BAB12F0DAFC099EA6F1FF36B6FA7A
:1025000086F67609B9F1000F0CBF4FF0000A06F00D
:10251000010ABAF1000F24D1159B1498A3F1FF33DF
:10252000B3FA83F35B0900B1ABB9B34203D13B68A3
:1025300043F002033B600A9BCDF820901F4A94E8C9
:10254000030085E80300A3F10C0090420FD1284658
:102550000CB0BDE8F087D0E902239A421ED20023D6
:10256000E3E7D9E902239A420CD20026D4E753F8D4
:10257000042C511E002A43F8041CE8DC0BA9EDF7DB
:10258000F3F8E4E7D9F8003048465B6A9847013031
:102590000ABF564600264FF00009BDE703685B6A94
:1025A0009847A0F1FF33B3FA83F35B09BDE74046D8
:1025B000FCF71EFA11F0A6FA8446002078460020A7
:1025C0002DE9F04F8FB01A9C0AA9069004F16C0017
:1025D00081E80C00FDF782FAE368054603F04A093A
:1025E000B9F1400F00F06482B9F1080F18A90AA8E8
:1025F00014BF4FF00A084FF01008FFF711FA824697
:10260000002840F05F820AA8F2F774F895F84A3083
:10261000C4B2A3420CBF01230023079304D095F852
:102620004B30A34240F067822B7C002B40F0EF80C0
:1026300095F82420A24211D00A98FCF767F94FF0D0
:10264000FF3318A90AA80B93FFF7EAF9002840F016
:1026500058820AA8F2F74EF82B7CC4B200263746FF
:1026600023B195F82520A24200F05E8295F824203F
:10267000A24243D095F84E20A24200F0CE80002E18
:1026800000F00E8195F84C20A24204D095F84D2020
:10269000A24240F04782B8F1100F18BFB9F1000F05
:1026A0000CBF0122002240F05B8200274FF010088F
:1026B0003E460A9AD2E902318B4280F0CB80013348
:1026C0004FF0FF308B4293600B9080F0D1804FF041
:1026D000000B199B1898A3F1FF33B3FA83F35B093E
:1026E00000280CBF002103F00101002940F01181F6
:1026F0009B4540F0C9802B7C4FF0010AB8F1100FC8
:1027000000F0D380AD4ACDF80480CDF80C800D9256
:10271000002B40F0D580079A6FF000430399D3183F
:1027200095F8642005930992B3FBF1F30293002A14
:1027300040F04881BAF1000F40F0478208F13008BC
:10274000D346D146019B0A2B00F2D5802F2C40F2B4
:10275000FA80444580F0F780A4F13003029A4A459C
:10276000C0F0B580039A01370A9C09FB02F9059A6B
:10277000D21A4A4538BF4BF0010B9944D4E90232D2
:10278000934280F0AC8001334FF0FF31A3600B9196
:10279000934280F0E8810024199B1898A3F1FF333D
:1027A000B3FA83F35B0910B1002B40F00081A34220
:1027B00040F0B6804FF001080D9B53F80C2C002A16
:1027C00040F0C980012E00F0DE80002F40F0DB8059
:1027D0001C9900220A6004221B990A60B8F1000FBC
:1027E00005D01B9A1B99126842F002020A600AAADD
:1027F000069C92E80300A3F10C0284E803007049F0
:102800008A4240F09E8106980FB0BDE8F08F95F89F
:102810002520A2427FF40CAF20E786F00102B8F138
:102820000A0F08BF42F00102002A3FF42BAFB9F1B2
:10283000000F18BFB8F1080F0CBF0126002640F0AA
:10284000B3800A9A00274FF00808D2E902318B4280
:10285000FFF435AF1368104601929B6A98474FF01A
:10286000FF33019A0B93D2E902318B42FFF42FAF71
:10287000136810465B6A984701307FF428AF002345
:102880004FF0010B0A9324E70A98002859D0D0E9A9
:1028900002239A424DD214782B7C002E7FF4E0AEB6
:1028A000B8F1100FB2467FF42DAF444ACDF80C803A
:1028B0004FF016080D92CDF80480002B3FF42BAF9B
:1028C0000DAB202118460493EDF7A4F823E70A9CEA
:1028D0004FF0010BD4E902329342FFF454AF236866
:1028E0000DAA20469B6A049298474FF0FF330B9342
:1028F000D4E902324CE7A4F13003DAB2092A7FF6B8
:102900002DAFA4F16103052B00F2CA80A4F1570397
:1029100024E7D0E902239A4280F0F8800023E7E61A
:102920000A9880B1D0E90232934280F03A811C7853
:1029300008E703685B6A9847421C40F03081002337
:102940000A93FF24A8E70D9B4FF0000853F80C2CC6
:10295000002A3FF437AF0DABF9B218461C4604937A
:10296000EDF760F92246D5E9020112F0F1FD0028E9
:1029700000F0BD800D9B37B9012E04D053F80C2C0C
:10298000002A3FF425AFBAF1000F7FF421AFBBF16D
:10299000000F40F09E80079A002A00F0DF80C9F106
:1029A00000021C990A6019E70137164681E6D0E952
:1029B00002239A4280F0E5800023F8E68446002056
:1029C00078460020BAF1000F40F0058105F14E0372
:1029D000D346D14608932B7C1BB195F82520A24203
:1029E00046D095F82480019A002A18BFA0450CBF54
:1029F0004FF001084FF00008A5D02146089C204662
:102A000021F02AFF002800F0DE80001B029B0F2827
:102A1000C8BF06384B4540D3039B013709FB03F978
:102A2000059B1B1A4B4538BF4BF0010B81440A989C
:102A3000D0E9023293422AD2013383604FF0FF3350
:102A400018A90AA80B930DAB0493FEF7E9FF804683
:102A500000287FF4B1AE0DAB0AA80493F1F74AFE4B
:102A60002B7CC4B2002BBCD095F82520A242B8D153
:102A7000002F00F0B6800DABF9B218460493EDF7C5
:102A8000D1F80A980027D0E902329342D4D30368E0
:102A90000DAA9B6A04929847D0E7DDF824B0C6E7F8
:102AA000A4F14103052B3FF64EAFA4F1370355E6E1
:102AB00018A90AA8FEF7B4FF4FF0080882460028BC
:102AC0003FF4A1AD00231E4607932B7C34463746C6
:102AD00014E6079A1C98002A4FF004020CBF6FF00E
:102AE00000414FF0004101601B990A6076E6042323
:102AF0001B9A13603EE700262B7CCDF81CA03746BE
:102B0000AEE5002682462B7C3746F7E50368019147
:102B10005B6A9847013001997FF400AF00220B46B1
:102B20001892E5E50126E9E5B8F1100F7FF4EAAD6A
:102B3000314BCDF80C804FF016080D93CDF8048082
:102B4000BEE653F8041C481E002943F8040C3FF766
:102B50005AAE0CA91046ECF707FE54E64A4620E7A9
:102B600092460126CEE523680DAA20465B6A0492B0
:102B70009847431C38D0A0F1FF34B4FA84F46409B8
:102B80000AE603680DAA5B6A0492984701300CBFFD
:102B9000012300237FF40BAE0022189207E6C4B293
:102BA0007AE603680DAA5B6A049298470346C4B2AA
:102BB00001337FF4C7AD0023FF240A93019B0A2B46
:102BC0007FF6C7AD9DE6C246F6E5DDF824B0D046F7
:102BD000D946DA46F0E54FF00009D046CB46CA4662
:102BE000EAE59A46B846E7E500230A93C3E7049866
:102BF000FBF7FEFE10F086FF844600202DE9F04F23
:102C000091B00C4606900CA91C9881E80C00C36892
:102C1000DA072AD41D9B029003931AAB93E80300B2
:102C20000FAB04934FF0FF338DE803000F93214661
:102C30000CAB0AAC0CCB2046FFF7C2FC0CAB94E803
:102C4000030083E803000F9B012B00F2AD8003F02B
:102C500001031E9A13700CAB93E80300069B83E8F4
:102C60000300184611B0BDE8F08F6C30FCF736FF5A
:102C7000036A82698346B3FA83F4B2FA82FA134391
:102C80004FEA54144FEA5A1A00F026811B9B012682
:102C90004FF00008A3F1FF313546B1FA81F1DDE9CB
:102CA0000C724909B94694468E46ACF1FF33B3FA2B
:102CB00083F35B09B9F1000F0CBF002703F0010794
:102CC000002F40F09E801F461A9800280CBF4FF03E
:102CD00000090EF00109B9F1000F40F08680F146BD
:102CE0004F4500F08B800C9810B1002B40F08F8086
:102CF0005FFA8CF33CB9DBF81C2012F80850ED1A8F
:102D0000B5FA85F56D0985F001021AEA020F40F067
:102D1000A780BAF1000F07D1DBF8142012F8086081
:102D2000F61AB6FA86F6760986F00107274040F0D3
:102D30009C8055EA060A00F08C80DDF8309008F19E
:102D40000108D9E902239A4267D20132C9F8082062
:102D50004FF0FF330D93002D3AD0DBF8204044456F
:102D60008CBF00240124002E33D12346AA464FF005
:102D7000FF3C002B99D0B9461DB1DBF8203043450C
:102D800057D03EB1DBF81830434503D1B8F1000FFE
:102D900040F0A58000231E9A1370B9F1000F5BD09C
:102DA00006231D9A136056E701221E9904230CA8DE
:102DB0000A701AA91D9A1360FEF732FE00283FF42C
:102DC0004AAF1D9B1D9A1B6843F00203136042E744
:102DD0005446DBF81830564643458CBF4FF0000A86
:102DE0004FF0010A0AEA0403C1E7D0E90212914256
:102DF00044D24FF000094F457FF475AF4FF0010901
:102E0000BAE7D9E90210814249D200275CE7D0E94C
:102E100002239A4255D213786CE7D9F8003048461D
:102E2000CDF81CE09B6A9847DDF81CE090E700268F
:102E3000B146B8F1000FADD000231E9A13701EB139
:102E4000DBF81830434507D04FEA49031D9A136059
:102E500001E71E9B83F800A004231D9A1360FAE685
:102E6000002E47D04FF000098CE7002D3FD0DBF853
:102E700020304345DBD04FF000098BE7CDE908EC6B
:102E8000D0F800C00793DCF8243098470130DDF813
:102E900024C0DDE9073EACD100201A9020E7CDE93F
:102EA00008ECD9F800C048460793DCF82490C847DE
:102EB0000130DDF824C0DDE9073EA6D100200C90EA
:102EC00002E70368CDF81CE05B6A9847431CDDF815
:102ED0001CE012D0C3B20DE71E9A1370BCE70122AA
:102EE0001E9909FA02F30A701D9A1360B3E61E9B3D
:102EF0001D70B1E71E9B1E70AEE700230C93FF23ED
:102F0000F8E600BF10B588B08E4604460DF1180CE7
:102F10008CE80C000C9B02930AAB93E803000D9B1A
:102F20008DE803000E98714603939CE80C00049012
:102F30002046FFF745FB204608B010BD2DE9F04FB5
:102F40008DB0189C08A9049004F16C0081E80C0075
:102F5000FCF7C4FDE368054603F04A09B9F1400FE8
:102F600000F06582B9F1080F16A908A814BF0A2756
:102F70001027FEF755FD8246002840F0618208A820
:102F8000F1F7B8FB95F84A30C4B2A3420CBF012355
:102F90000023079304D095F84B30A34240F05E82A3
:102FA0002B7C002B40F0EE8095F82420A24211D01B
:102FB0000898FBF7ABFC4FF0FF3316A908A809935C
:102FC000FEF72EFD002840F04F8208A8F1F792FB93
:102FD0002B7CC4B20026B04623B195F82520A2422E
:102FE00000F0558295F82420A24242D095F84E2058
:102FF000A24200F0CD80002E00F00B8195F84C200D
:10300000A24204D095F84D20A24240F03E82102FFB
:1030100018BFB9F1000F0CBF0122002240F04D8211
:103020004FF0000810274646089AD2E902318B4239
:1030300080F0C98001334FF0FF308B4293600990DC
:1030400080F0CF804FF0000B179B1698A3F1FF3351
:10305000B3FA83F35B0900280CBF002103F00101E0
:10306000002940F00B819B4540F0C7802B7C4FF03E
:10307000010A102F00F0D180AC4A009702970B9202
:10308000002B40F0D2804FF6FF71029B95F8642030
:1030900091FBF3F39BB206920193002A40F04A8120
:1030A000BAF1000F40F03E8207F13009D34657468F
:1030B000009B0A2B00F2D4802F2C40F2F980A1450E
:1030C00040F2F680A4F13003019ABA42C0F0B48015
:1030D000029A08F10108089C02FB07F74FF6FF72FD
:1030E000BFB2D21A9742C8BF4BF0010B1F44D4E9BC
:1030F0000232BFB2934280F0A78001334FF0FF311C
:10310000A3600991934280F0DB810024179B1698FD
:10311000A3F1FF33B3FA83F35B0910B1002B40F046
:10312000FD80A34240F0B1804FF001090B9B53F8A2
:103130000C2C002A40F0C480012E00F0DC80B8F195
:10314000000F40F0D88000221A990A8004221999B1
:103150000A60B9F1000F05D0199A1999126842F066
:1031600002020A6008AA049C92E80300A3F10C0280
:1031700084E803006E498A4240F0928104980DB0C1
:10318000BDE8F08F95F82520A2427FF40DAF21E72E
:1031900086F001020A2F08BF42F00102002A3FF424
:1031A0002DAFB9F1000F18BF082F0CBF0126002664
:1031B00040F0B080089A4FF000080827D2E90231A9
:1031C0008B42FFF437AF1368104600929B6A984712
:1031D0004FF0FF33009A0993D2E902318B42FFF49A
:1031E00031AF136810465B6A984701307FF42AAF0D
:1031F00000234FF0010B089326E70898002855D0CC
:10320000D0E902239A4249D214782B7C002E7FF415
:10321000E3AE102FB2467FF42FAF444A0297162731
:103220000B920097002B3FF42EAF0BAB20211846DA
:103230000393ECF7EFFB26E7089C4FF0010BD4E972
:1032400002329342FFF459AF23680BAA20469B6ACF
:10325000039298474FF0FF330993D4E9023251E7C4
:10326000A4F13003DAB2092A7FF62EAFA4F161038C
:10327000052B00F2D480A4F1570325E7D0E90223FF
:103280009A4280F0F6800023EDE6089880B1D0E9FC
:103290000232934280F032811C7809E703685B6A4E
:1032A0009847421C40F0288100230893FF24ACE794
:1032B0000B9B4FF0000953F80C2C002A3FF43CAF55
:1032C0000BAB5FFA88F118461C460393ECF7AAFC97
:1032D0002246D5E9020112F03BF9002800F0BA803D
:1032E0000B9BB8F1000F06D1012E04D053F80C2C23
:1032F000002A3FF428AFBAF1000F7FF424AFBBF1EE
:10330000000F40F0A480079A0AB17F42BFB21A9A18
:1033100017801EE708F10108164685E6D0E902236A
:103320009A4280F0DB800023FBE600BF8446002049
:1033300078460020BAF1000F40F0FA8005F14E0304
:10334000D346574605932B7C1BB195F82520A24206
:103350004AD095F82490009A002A18BFA1450CBFC6
:103360004FF001094FF00009A2D02146059C2046EC
:1033700021F072FA002800F0D380001B019B0F2877
:10338000C8BF0638BB4247D3029B08F1010803FBC4
:1033900007F74FF6FF73BFB21B1A9F42C8BF4BF02F
:1033A000010B0744BFB20898D0E9023293422DD2F4
:1033B000013383604FF0FF3316A908A809930BABC4
:1033C0000393FEF72DFB814600287FF4AFAE0BABD5
:1033D00008A80393F1F78EF92B7CC4B2002BB8D068
:1033E00095F82520A242B4D1B8F1000F00F0A580D5
:1033F0000BAB5FFA88F118460393ECF713FC0898BF
:103400004FF00008D0E902329342D1D303680BAAEF
:103410009B6A03929847CDE7DDF818B0C3E7A4F1A3
:103420004103052B3FF644AFA4F137034CE616A940
:1034300008A8FEF7F5FA0827824600283FF49FAD5A
:1034400000231E4607932B7C3446B04611E64FF608
:10345000FF7279E60423199A136041E700262B7C5A
:10346000CDF81CA0B046B7E5002682462B7CB046BE
:10347000FFE5036800915B6A9847013000997FF48B
:1034800002AF00220B461692EDE50126F1E5102F62
:103490007FF4F2AD2E4B029716270B930097C4E6EC
:1034A00053F8041C481E002943F8040C3FF766AE8D
:1034B0000AA91046ECF758F960E692460126DBE5CA
:1034C00023680BAA20465B6A03929847431C37D0B7
:1034D000A0F1FF34B4FA84F4640917E603680BAA78
:1034E0005B6A0392984701300CBF012300237FF4ED
:1034F00018AE0022169214E6C4B286E603680BAA40
:103500005B6A039298470346C4B201337FF4D0AD9F
:103510000023FF240893009B0A2B7FF6D0ADA5E67D
:10352000CA4603E6DDF818B0D1465F46DA46FDE547
:103530000027D146BB46BA46F8E59A46C146F5E5AE
:1035400000230893C4E70398FBF752FA10F0DAFA65
:103550008446002010B588B08E4604460DF1180C44
:103560008CE80C000C9B02930AAB93E803000D9BC4
:103570008DE803000E98714603939CE80C000490BC
:103580002046FFF7DBFC204608B010BD2DE9F04FC8
:103590008DB0189C08A9049004F16C0081E80C001F
:1035A000FCF79CFAE368054603F04A09B9F1400FBD
:1035B00000F05F82B9F1080F16A908A814BF4FF0F8
:1035C0000A084FF01008FEF72BFA8246002840F058
:1035D0005A8208A8F1F78EF895F84A30C4B2A3428F
:1035E0000CBF01230023079304D095F84B30A3426E
:1035F00040F057822B7C002B40F0EB8095F8242084
:10360000A24211D00898FBF781F94FF0FF3316A9B9
:1036100008A80993FEF704FA002840F0488208A899
:10362000F1F768F82B7CC4B20026374623B195F831
:103630002520A24200F04E8295F82420A24243D0D9
:1036400095F84E20A24200F0CA80002E00F00A81B8
:1036500095F84C20A24204D095F84D20A24240F0AB
:103660003782B8F1100F18BFB9F1000F0CBF01225B
:10367000002240F0498200274FF010083E46089A89
:10368000D2E902318B4280F0C78001334FF0FF3026
:103690008B429360099080F0CD804FF0000B179B18
:1036A0001698A3F1FF33B3FA83F35B0900280CBF2C
:1036B000002103F00101002940F00D819B4540F0FD
:1036C000C5802B7C4FF0010AB8F1100F00F0CF80BD
:1036D000AB4ACDF80080CDF808800B92002B40F06B
:1036E000D1804FF0FF31029A95F86430B1FBF2F2CD
:1036F00006930192002B40F04781BAF1000F40F091
:10370000388208F13008D346D146009B0A2B00F2DC
:10371000D4802F2C40F2F980A04540F2F680A4F12D
:103720003003019A4A45C0F0B480029A0137089CE0
:1037300009FB02F913EB0903994628BF4BF0010B73
:10374000D4E90232934280F0AC8001334FF0FF3174
:10375000A3600991934280F0DA810024179B1698A8
:10376000A3F1FF33B3FA83F35B0910B1002B40F0F0
:10377000FF80A34240F0B6804FF001080B9B53F846
:103780000C2C002A40F0C980012E00F0DE80002FB2
:1037900040F0DB8000221A990A60042219990A601D
:1037A000B8F1000F05D0199A1999126842F0020277
:1037B0000A6008AA049C92E80300A3F10C0284E8C2
:1037C000030070498A4240F0928104980DB0BDE830
:1037D000F08F95F82520A2427FF410AF24E786F001
:1037E0000102B8F10A0F08BF42F00102002A3FF4BB
:1037F0002FAFB9F1000F18BFB8F1080F0CBF0126A9
:10380000002640F0B280089A00274FF00808D2E95D
:1038100002318B42FFF439AF1368104600929B6A65
:1038200098474FF0FF33009A0993D2E902318B4257
:10383000FFF433AF136810465B6A984701307FF49A
:103840002CAF00234FF0010B089328E708980028BD
:1038500059D0D0E902239A424DD214782B7C002E05
:103860007FF4E4AEB8F1100FB2467FF431AF444AB2
:10387000CDF808804FF016080B92CDF80080002B91
:103880003FF42FAF0BAB202118460393ECF7C2F89F
:1038900027E7089C4FF0010BD4E902329342FFF472
:1038A00054AF23680BAA20469B6A039298474FF0B7
:1038B000FF330993D4E902324CE7A4F13003DAB2C2
:1038C000092A7FF62EAFA4F16103052B00F2C9800F
:1038D000A4F1570325E7D0E902239A4280F0EC8057
:1038E0000023EBE6089880B1D0E90232934280F0E1
:1038F0002C811C7809E703685B6A9847421C40F0FA
:10390000228100230893FF24A8E70B9B4FF00008B7
:1039100053F80C2C002A3FF437AF0BABF9B2184622
:103920001C460393ECF77EF92246D5E9020111F01B
:103930000FFE002800F0B1800B9B37B9012E04D098
:1039400053F80C2C002A3FF425AFBAF1000F7FF496
:1039500021AFBBF1000F40F09D80079A0AB1C9F179
:1039600000091A9AC2F800901AE70137164686E64F
:10397000D0E902239A4280F0D8800023F9E600BF04
:103980008446002078460020BAF1000F40F0F7800E
:1039900005F14E03D346D14605932B7C1BB195F818
:1039A0002520A24245D095F82480009A002A18BF0D
:1039B000A0450CBF4FF001084FF00008A5D02146EC
:1039C000059C204620F048FF002800F0D080001B16
:1039D000019B0F28C8BF06384B453FD3029B0137D8
:1039E00009FB03F910EB090028BF4BF0010B8146DE
:1039F0000898D0E9023293422AD2013383604FF013
:103A0000FF3316A908A809930BAB0393FEF708F838
:103A1000804600287FF4B2AE0BAB08A80393F0F702
:103A200069FE2B7CC4B2002BBDD095F82520A242A4
:103A3000B9D1002F00F0A9800BABF9B2184603935F
:103A4000ECF7F0F808980027D0E902329342D4D37B
:103A500003680BAA9B6A03929847D0E7DDF818B079
:103A6000C6E7A4F14103052B3FF64FAFA4F137039E
:103A700057E616A908A8FDF7D3FF4FF008088246BD
:103A800000283FF4A6AD00231E4607932B7C344646
:103A9000374619E64FF0FF327DE60423199A13608A
:103AA0004AE700262B7CCDF81CA03746BEE5002651
:103AB00082462B7C374607E6036800915B6A98478D
:103AC000013000997FF40CAF00220B461692F5E509
:103AD0000126F9E5B8F1100F7FF4FAAD304BCDF8BF
:103AE00008804FF016080B93CDF80080CAE653F813
:103AF000041C481E002943F8040C3FF766AE0AA9CF
:103B00001046EBF731FE60E692460126E0E52368B9
:103B10000BAA20465B6A03929847431C38D0A0F159
:103B2000FF34B4FA84F4640918E603680BAA5B6AEC
:103B30000392984701300CBF012300237FF419AE94
:103B40000022169215E6C4B288E603680BAA5B6AE7
:103B5000039298470346C4B201337FF4D6AD0023E5
:103B6000FF240893009B0A2B7FF6D6ADABE6C24636
:103B700004E6DDF818B0D046D946DA46FEE54FF047
:103B80000009D046CB46CA46F8E59A46B846F5E560
:103B900000230893C3E70398FAF72AFF0FF0B2FF58
:103BA0008446002010B588B08E4604460DF1180CEE
:103BB0008CE80C000C9B02930AAB93E803000D9B6E
:103BC0008DE803000E98714603939CE80C00049066
:103BD0002046FFF7DBFC204608B010BD2DE9F04F72
:103BE0008DB0189C08A9049004F16C0081E80C00C9
:103BF000FBF774FFE368054603F04A09B9F1400F8B
:103C000000F05F82B9F1080F16A908A814BF4FF0A1
:103C10000A084FF01008FDF703FF8246002840F025
:103C20005A8208A8F0F766FD95F84A30C4B2A3425C
:103C30000CBF01230023079304D095F84B30A34217
:103C400040F057822B7C002B40F0EB8095F824202D
:103C5000A24211D00898FAF759FE4FF0FF3316A987
:103C600008A80993FDF7DCFE002840F0488208A868
:103C7000F0F740FD2B7CC4B20026374623B195F8FF
:103C80002520A24200F04E8295F82420A24243D083
:103C900095F84E20A24200F0CA80002E00F00A8162
:103CA00095F84C20A24204D095F84D20A24240F055
:103CB0003782B8F1100F18BFB9F1000F0CBF012205
:103CC000002240F0498200274FF010083E46089A33
:103CD000D2E902318B4280F0C78001334FF0FF30D0
:103CE0008B429360099080F0CD804FF0000B179BC2
:103CF0001698A3F1FF33B3FA83F35B0900280CBFD6
:103D0000002103F00101002940F00D819B4540F0A6
:103D1000C5802B7C4FF0010AB8F1100F00F0CF8066
:103D2000AB4ACDF80080CDF808800B92002B40F014
:103D3000D1804FF0FF31029A95F86430B1FBF2F276
:103D400006930192002B40F04781BAF1000F40F03A
:103D5000388208F13008D346D146009B0A2B00F286
:103D6000D4802F2C40F2F980A04540F2F680A4F1D7
:103D70003003019A4A45C0F0B480029A0137089C8A
:103D800009FB02F913EB0903994628BF4BF0010B1D
:103D9000D4E90232934280F0AC8001334FF0FF311E
:103DA000A3600991934280F0DA810024179B169852
:103DB000A3F1FF33B3FA83F35B0910B1002B40F09A
:103DC000FF80A34240F0B6804FF001080B9B53F8F0
:103DD0000C2C002A40F0C980012E00F0DE80002F5C
:103DE00040F0DB8000221A990A60042219990A60C7
:103DF000B8F1000F05D0199A1999126842F0020221
:103E00000A6008AA049C92E80300A3F10C0284E86B
:103E1000030070498A4240F0928104980DB0BDE8D9
:103E2000F08F95F82520A2427FF410AF24E786F0AA
:103E30000102B8F10A0F08BF42F00102002A3FF464
:103E40002FAFB9F1000F18BFB8F1080F0CBF012652
:103E5000002640F0B280089A00274FF00808D2E907
:103E600002318B42FFF439AF1368104600929B6A0F
:103E700098474FF0FF33009A0993D2E902318B4201
:103E8000FFF433AF136810465B6A984701307FF444
:103E90002CAF00234FF0010B089328E70898002867
:103EA00059D0D0E902239A424DD214782B7C002EAF
:103EB0007FF4E4AEB8F1100FB2467FF431AF444A5C
:103EC000CDF808804FF016080B92CDF80080002B3B
:103ED0003FF42FAF0BAB202118460393EBF79AFD6D
:103EE00027E7089C4FF0010BD4E902329342FFF41C
:103EF00054AF23680BAA20469B6A039298474FF061
:103F0000FF330993D4E902324CE7A4F13003DAB26B
:103F1000092A7FF62EAFA4F16103052B00F2C980B8
:103F2000A4F1570325E7D0E902239A4280F0EC8000
:103F30000023EBE6089880B1D0E90232934280F08A
:103F40002C811C7809E703685B6A9847421C40F0A3
:103F5000228100230893FF24A8E70B9B4FF0000861
:103F600053F80C2C002A3FF437AF0BABF9B21846CC
:103F70001C460393EBF756FE2246D5E9020111F0E9
:103F8000E7FA002800F0B1800B9B37B9012E04D06E
:103F900053F80C2C002A3FF425AFBAF1000F7FF440
:103FA00021AFBBF1000F40F09D80079A0AB1C9F123
:103FB00000091A9AC2F800901AE70137164686E6F9
:103FC000D0E902239A4280F0D8800023F9E600BFAE
:103FD0008446002078460020BAF1000F40F0F780B8
:103FE00005F14E03D346D14605932B7C1BB195F8C2
:103FF0002520A24245D095F82480009A002A18BFB7
:10400000A0450CBF4FF001084FF00008A5D0214695
:10401000059C204620F020FC002800F0D080001BEA
:10402000019B0F28C8BF06384B453FD3029B013781
:1040300009FB03F910EB090028BF4BF0010B814687
:104040000898D0E9023293422AD2013383604FF0BC
:10405000FF3316A908A809930BAB0393FDF7E0FC07
:10406000804600287FF4B2AE0BAB08A80393F0F7AC
:1040700041FB2B7CC4B2002BBDD095F82520A24279
:10408000B9D1002F00F0A9800BABF9B21846039309
:10409000EBF7C8FD08980027D0E902329342D4D349
:1040A00003680BAA9B6A03929847D0E7DDF818B023
:1040B000C6E7A4F14103052B3FF64FAFA4F1370348
:1040C00057E616A908A8FDF7ABFC4FF00808824692
:1040D00000283FF4A6AD00231E4607932B7C3446F0
:1040E000374619E64FF0FF327DE60423199A136034
:1040F0004AE700262B7CCDF81CA03746BEE50026FB
:1041000082462B7C374607E6036800915B6A984736
:10411000013000997FF40CAF00220B461692F5E5B2
:104120000126F9E5B8F1100F7FF4FAAD304BCDF868
:1041300008804FF016080B93CDF80080CAE653F8BC
:10414000041C481E002943F8040C3FF766AE0AA978
:104150001046EBF709FB60E692460126E0E523688E
:104160000BAA20465B6A03929847431C38D0A0F103
:10417000FF34B4FA84F4640918E603680BAA5B6A96
:104180000392984701300CBF012300237FF419AE3E
:104190000022169215E6C4B288E603680BAA5B6A91
:1041A000039298470346C4B201337FF4D6AD00238F
:1041B000FF240893009B0A2B7FF6D6ADABE6C246E0
:1041C00004E6DDF818B0D046D946DA46FEE54FF0F1
:1041D0000009D046CB46CA46F8E59A46B846F5E50A
:1041E00000230893C3E70398FAF702FC0FF08AFC58
:1041F0008446002010B588B08E4604460DF1180C98
:104200008CE80C000C9B02930AAB93E803000D9B17
:104210008DE803000E98714603939CE80C0004900F
:104220002046FFF7DBFC204608B010BD2DE9F04129
:104230008CB08C46054608AC06AF84E80C00DDE97E
:104240001463CDE902630BABD6F80C80049328F01D
:104250004A0343F00803F36012AB93E803008DE8D0
:1042600003006146384694E80C00FFF7B7FC0B9B4F
:10427000169AC6F80C80136097E8030084E80300E0
:1042800085E8030028460CB0BDE8F0812DE9F04F29
:1042900093B01E9C0EA90A9004F16C0081E80C00FA
:1042A000FBF71CFCE368054603F04A08B8F1400F31
:1042B00000F09582B8F1080F1CA90EA814BF0A27B8
:1042C0001027FDF7ADFB8346002840F091820EA831
:1042D000F0F710FA95F84A30C4B2A3420CBF01239C
:1042E00000230B9304D095F84B30A34240F0958205
:1042F0002B7C002B40F0088195F82420A24211D09D
:104300000E98FAF703FB4FF0FF331CA90EA80F938A
:10431000FDF786FB002840F086820EA8F0F7EAF948
:104320002B7CC4B20026B14623B195F82520A242C9
:1043300000F08C8295F82420A24242D095F84E20BD
:10434000A24200F0E780002E00F0258195F84C2075
:10435000A24204D095F84D20A24240F07582102F61
:1043600018BFB8F1000F0CBF0122002240F0898273
:104370004FF0000910274E460E9AD2E902318B42C7
:1043800080F0E38001334FF0FF308B4293600F9059
:1043900080F0E9804FF0000A1D9B1C98A3F1FF33C9
:1043A000B3FA83F35B0900280CBF002103F001017D
:1043B000002940F025819A4540F0E1802B7C4FF0A8
:1043C000010B102F00F0EB809A4A0297059711928B
:1043D000002B40F0EC806FF000431A460B9B9918BD
:1043E000059A581ED31709910890079320F064FA94
:1043F00095F86430CDE903010D93002B40F0628104
:10440000BBF1000F40F0728207F1300AD8465F46D8
:10441000CDF804B0029B0A2B00F2E4802F2C40F26E
:104420000D81544580F00A81A4F13003039A42457E
:10443000049ABA41C0F0C280059A09F101090799AE
:1044400002FB07F70E9C08FB0177A2FB08821744CA
:10445000089AD11A099A62EBE3724145BA41019A6E
:1044600038BF42F0010213EB0808019247EBE377F3
:10447000D4E90232934280F0A98001334FF0FF313A
:10448000A3600F91934280F0FF8100241D9B1C9834
:10449000A3F1FF33B3FA83F35B0910B1002B40F0B3
:1044A0000A81A34240F0B3804FF0010A119B53F8F8
:1044B0000C2C002A40F0CA80012E00F0E280B9F1F5
:1044C000000F40F0DE8000210020209C0422C4E97F
:1044D00000011F990A60BAF1000F05D01F9A1F99B9
:1044E000126842F002020A600EAA0A9C92E80300D7
:1044F000A3F10C0284E803004F498A4240F0AF81E7
:104500000A9813B0BDE8F08F95F82520A2427FF4F9
:10451000F3AE07E786F001020A2F08BF42F001025E
:10452000002A3FF413AFB8F1000F18BF082F0CBFDB
:104530000126002640F0BB800E9A4FF000090827A4
:10454000D2E902318B42FFF41DAF1368104601928D
:104550009B6A98474FF0FF33019A0F93D2E90231DB
:104560008B42FFF417AF136810465B6A984701301F
:104570007FF410AF00234FF0010A0E930CE70E9862
:10458000002855D0D0E902239A4249D214782B7CD6
:10459000002E7FF4C9AE102FB3467FF415AF254A25
:1045A0000597162711920297002B3FF414AF11AB19
:1045B000202118460693EBF72DFA0CE701230E9CF9
:1045C0000193D4E902329342FFF457AF236811AA52
:1045D00020469B6A069298474FF0FF330F93D4E929
:1045E00002324FE7A4F13003DAB2092A7FF61EAF98
:1045F000A4F16103052B00F2EA80A4F1570315E74B
:10460000D0E902239A4280F013810023D3E60E986A
:10461000A0B1D0E90232934280F054811C78F9E6CF
:1046200003685B6A9847421C40F04A8100230E935E
:10463000FF24ACE78446002078460020119B4FF011
:10464000000A53F80C2C002A3FF436AF11AB5FFA86
:1046500089F118461C460693EBF7E4FA2246D5E9A1
:10466000020110F075FF002800F0D380119BB9F112
:10467000000F06D1012E04D053F80C2C002A3FF471
:1046800022AFBBF1000F7FF41EAF019A002A00F0A9
:10469000B6800B9A002A00F0EF8000204FF0004116
:1046A000209AC2E9000104221F990A6013E709F168
:1046B0000109164660E6D0E902239A4280F0F280B2
:1046C0000023EEE6BBF1000F40F0178105F14E0329
:1046D000D8465F46CDF804B00C932B7C1BB195F8FF
:1046E0002520A24258D095F824A0029A002A18BF8B
:1046F000A2450CBF4FF0010A4FF0000A9ED02146A0
:104700000C9C204620F0A8F8002800F0ED80031B48
:10471000039A0F2BC8BF063B4245049ABA4153D3B4
:10472000059A09F10109079902FB07F708FB0177D0
:10473000A2FB08821744089AD11A099A62EBE37225
:104740004145BA41019A38BF42F0010213EB080813
:1047500047EBE37701920E98D0E9023293422DD2D3
:10476000013383604FF0FF331CA90EA80F9311ABE8
:104770000693FDF755F9824600287FF497AE11ABFA
:104780000EA80693EFF7B6FF2B7CC4B2002BAAD07D
:1047900095F82520A242A6D1B9F1000F00F0B5800E
:1047A00011AB5FFA89F118460693EBF73BFA0E98C6
:1047B0004FF00009D0E902329342D1D3036811AA25
:1047C0009B6A06929847CDE70D9B0193C3E7A4F13E
:1047D0004103052B3FF632AFA4F1370326E61CA9AF
:1047E0000EA8FDF71DF90827834600283FF46FAD9A
:1047F00000231E460B932B7C3446B146E1E50B9A11
:104800001AB1D8F1000867EB4707209AC2E9008780
:1048100061E604231F9A136028E700262B7CCDF85D
:104820002CB0B14680E5002683462B7CB146C8E516
:10483000036801915B6A9847013001997FF4E5AE06
:1048400000220B461C92B6E50126BAE5102F7FF434
:10485000BBAD334B0597162711930297A7E653F884
:10486000041C481E002943F8040C3FF749AE10A968
:104870001046EAF779FF43E64FF0FF306FF0004152
:104880000EE7934601269FE5236811AA20465B6A3E
:1048900006929847431C3BD0A0F1FF34B4FA84F44D
:1048A0006409F3E5036811AA5B6A06929847013030
:1048B0000CBF012300237FF4F4AD00221C92F0E52D
:1048C000C4B264E6036811AA5B6A0692984703467D
:1048D000C4B201337FF49EAD0023FF240E93029BEC
:1048E0000A2B7FF69EAD83E6D346DFE50D9BDA46C5
:1048F00098469B461F460193D8E54FF00008DA46DC
:104900004746C346CDF80480D0E59B46CA46CDE570
:1049100000230E93C0E70698FAF76AF80FF0F2F852
:104920008446002010B588B08E4604460DF1180C60
:104930008CE80C000C9B02930AAB93E803000D9BE0
:104940008DE803000E98714603939CE80C000490D8
:104950002046FFF79BFC204608B010BD2DE9F04F24
:1049600091B01C9C0CA9089004F16C0081E80C002B
:10497000FBF7B4F8E368054603F04A08B8F1400FC6
:1049800000F08E82B8F1080F1AA90CA814BF0A27EC
:104990001027FDF745F88346002840F08A820CA8CE
:1049A000EFF7A8FE95F84A30C4B2A3420CBF01232A
:1049B00000230B9304D095F84B30A34240F08F8234
:1049C0002B7C002B40F0048195F82420A24211D0CA
:1049D0000C98F9F79BFF4FF0FF331AA90CA80D9321
:1049E000FDF71EF8002840F080820CA8EFF782FE49
:1049F0002B7CC4B20026B14623B195F82520A242F3
:104A000000F0868295F82420A24242D095F84E20EC
:104A1000A24200F0E380002E00F0218195F84C20A6
:104A2000A24204D095F84D20A24240F06F82102F90
:104A300018BFB8F1000F0CBF0122002240F07E82A7
:104A40004FF0000910274E460C9AD2E902318B42F2
:104A500080F0DF8001334FF0FF308B4293600D9088
:104A600080F0E5804FF0000A1B9B1A98A3F1FF33FA
:104A7000B3FA83F35B0900280CBF002103F00101A6
:104A8000002940F021819A4540F0DD802B7C4FF0D9
:104A9000010B102F00F0E780B54A029705970F929F
:104AA000002B40F0E880059A4FF0FF304FF0FF31C7
:104AB000D31707931FF000FF95F86430CDE9030189
:104AC0000A93002B40F05F81BBF1000F40F06B8236
:104AD00007F1300AD8465F46CDF804B0029B0A2B96
:104AE00000F2E4802F2C40F20981A24540F20681B9
:104AF000A4F13003039A4245049ABA41C0F0C2803F
:104B0000059A09F10109079902FB07F70C9C08FBBC
:104B100001770021A2FB08823A4413EB08004FEA18
:104B2000E37757EB020028BF012113EB0808019B34
:104B300047EB02070B430193D4E90232934280F022
:104B4000A98001334FF0FF31A3600D91934280F0B3
:104B5000F88100241B9B1A98A3F1FF33B3FA83F367
:104B60005B0910B1002B40F00781A34240F0B380F5
:104B70004FF0010A0F9B53F80C2C002A40F0C6801E
:104B8000012E00F0DE80B9F1000F40F0DA80002144
:104B900000201E9C0422C4E900011D990A60BAF19C
:104BA000000F05D01D9A1D99126842F002020A609A
:104BB0000CAA089C92E80300A3F10C0284E803000D
:104BC0006C498A4240F0AD81089811B0BDE8F08F81
:104BD00095F82520A2427FF4F7AE0BE786F001029C
:104BE0000A2F08BF42F00102002A3FF417AFB8F1C4
:104BF000000F18BF082F0CBF0126002640F0B3801D
:104C00000C9A4FF000090827D2E902318B42FFF4D9
:104C100021AF1368104601929B6A98474FF0FF330B
:104C2000019A0D93D2E902318B42FFF41BAF136856
:104C300010465B6A984701307FF414AF00234FF0B1
:104C4000010A0C9310E70C98002855D0D0E90223F4
:104C50009A4249D214782B7C002E7FF4CDAE102FCF
:104C6000B3467FF419AF424A059716270F92029771
:104C7000002B3FF418AF0FAB202118460693EAF73C
:104C8000C9FE10E701230C9C0193D4E90232934240
:104C9000FFF457AF23680FAA20469B6A06929847F5
:104CA0004FF0FF330D93D4E902324FE7A4F1300304
:104CB000DAB2092A7FF61EAFA4F16103052B00F2D8
:104CC000E780A4F1570315E7D0E902239A4280F068
:104CD00011810023D7E60C9880B1D0E902329342CB
:104CE00080F04D811C78F9E603685B6A9847421CA6
:104CF00040F0438100230C93FF24ACE70F9B4FF05F
:104D0000000A53F80C2C002A3FF43AAF0FAB5FFABD
:104D100089F118461C460693EAF784FF2246D5E936
:104D2000020110F015FC002800F0D5800F9BB9F1AE
:104D3000000F06D1012E04D053F80C2C002A3FF4AA
:104D400026AFBBF1000F7FF422AF019A002A40F09A
:104D5000B7800B9A1AB1D8F1000867EB47071E9A83
:104D6000C2E900871BE709F1010916466CE600BF9E
:104D70008446002078460020D0E902239A4280F041
:104D8000EE800023F1E6BBF1000F40F0138105F146
:104D90004E03D8465F46CDF804B009932B7C1BB177
:104DA00095F82520A24258D095F824A0029A002A0E
:104DB00018BFA2450CBF4FF0010A4FF0000A9DD06A
:104DC0002146099C20461FF047FD002800F0E9809D
:104DD000031B039A0F2BC8BF063B4245049ABA41F6
:104DE00053D3059A09F10109079902FB07F708FB5C
:104DF00001770021A2FB08823A4413EB08004FEA36
:104E0000E37757EB020028BF012113EB0808019B51
:104E100047EB02070B4301930C98D0E9023293420F
:104E20002DD2013383604FF0FF331AA90CA80D93E4
:104E30000FAB0693FCF7F4FD824600287FF49AAE90
:104E40000FAB0CA80693EFF755FC2B7CC4B2002BDC
:104E5000AAD095F82520A242A6D1B9F1000F00F002
:104E6000B1800FAB5FFA89F118460693EAF7DAFED4
:104E70000C984FF00009D0E902329342D1D3036875
:104E80000FAA9B6A06929847CDE70A9B0193C3E756
:104E9000A4F14103052B3FF631AFA4F1370329E616
:104EA0001AA90CA8FCF7BCFD0827834600283FF48C
:104EB00076AD00231E460B932B7C3446B146E8E5C5
:104EC0004FF0FF314FF0FF301E9C0422C4E9000177
:104ED0001D990A6063E604231D9A136026E70026E5
:104EE0002B7CCDF82CB0B14686E5002683462B7C82
:104EF000B146CEE5036801915B6A9847013001999C
:104F00007FF4E7AE00220B461A92BCE50126C0E50D
:104F1000102F7FF4C1AD314B059716270F930297E1
:104F2000A9E653F8041C481E002943F8040C3FF777
:104F30004BAE0EA91046EAF717FC45E6934601264C
:104F4000AAE523680FAA20465B6A06929847431C8D
:104F50003BD0A0F1FF34B4FA84F46409FAE50368A5
:104F60000FAA5B6A0692984701300CBF0123002309
:104F70007FF4FBAD00221A92F7E5C4B26BE603683A
:104F80000FAA5B6A069298470346C4B201337FF4C6
:104F9000A5AD0023FF240C93029B0A2B7FF6A5AD41
:104FA0008AE6D346E6E50A9BDA4698469B461F46C4
:104FB0000193DFE54FF00008DA464746C346CDF8D7
:104FC0000480D7E59B46CA46D4E500230C93C0E78E
:104FD0000698F9F70DFD0EF095FD00BF8446002000
:104FE00010B588B08E4604460DF1180C8CE80C0004
:104FF0000C9B02930AAB93E803000D9B8DE8030022
:105000000E98714603939CE80C0004902046FFF72D
:10501000A5FC204608B010BD2DE9F04790B04FF038
:105020000008054670480CAC0E46CDF83C80DDE922
:105030001A9784E80C00E5F721FAD9F86C305B6820
:1050400053F820A0BAF1000F00F0CB800FAB022282
:10505000CDF80C800DF1280807936323CDF8189044
:10506000CDE904320EAB029318AB93E803008DE850
:1050700003003146404694E80C00FAF7CBFD0F9B45
:1050800098E8030084E8030023B33B68DDE90C06DD
:1050900043F00403A6F1FF363B60B6FA86F67609C4
:1050A00008B1002E50D1DDE91803A3F1FF33B3FAA4
:1050B00083F35B0900B103BB9E4203D13B6843F01D
:1050C00002033B6094E8030085E80300284610B023
:1050D000BDE8F08718A92046FCF7A2FC002843D0C1
:1050E0000E9B442B36DDDDE90C06A6F1FF36B6FA41
:1050F00086F676091C9A5361D2E7D0E902239A42D8
:1051000066D200239E42DDD1D8E72046EFF7F2FABF
:1051100001462A225046C9B2F9F7A4FFA0F130088F
:105120005FFA88F3092B3ED80C980990F9F7EEFB4B
:105130000E9B1C9A03EB830309980D9608EB43031F
:10514000A3F26C730E935361D0E902239A4236D2D4
:105150000026A8E70D9E64330C98A6F1FF360E9347
:10516000B6FA86F67609C5E72046EFF7C3FA2A2293
:10517000C1B25046F9F776FFA0F13006F3B2092B21
:10518000AED80C98F9F7C2FB0E9B18A9204603EB8A
:10519000830306EB43060E964FF0FF360D96FCF7A1
:1051A0003FFC0028B1D00E9BDDE90C06A3F26C7326
:1051B000A6F1FF360E93B6FA86F676099AE70368EB
:1051C0005B6A98470130C3D1002301260C936AE73C
:1051D00003685B6A9847A0F1FF33B3FA83F35B0976
:1051E0006AE7F8F7DBFF00BF504700202DE9F04FDA
:1051F00091B000AF07F13801FC6F78619F48BD6F37
:1052000081E80C00E5F73AF9E36E5B6853F820B0EB
:10521000BBF1000F00F0C5826B4607F1680107F192
:105220003800A3EBC5039D46DB08C7F820D0BB615F
:10523000FCF7F6FB804698B1D7F88030D7F880208D
:105240001B6843F00403136007F1380393E803007D
:105250007B69443783E803001846BD46BDE8F08FFC
:1052600007F13800EFF746FADBF80030C6B25846CF
:105270001B6931469847DBF80030824631469B680F
:1052800058469847002DD7D0AB00464678633B611F
:105290003B6A03EB8503FB627B6F1C1F234644467E
:1052A00098460DE0D8F8002058461178DBF8002029
:1052B000926890477B6B83420CD00134A54219D091
:1052C00058F8042F58461178DBF8002012699047EF
:1052D0008245E7D1D8F800004FEA860918F0F2FDC0
:1052E000FB6A43F8260001363B6A43F80940013463
:1052F000A542E5D1012E40F236823B694FF0000A0B
:10530000BA693D6A53F83220B300FC60BB62FB6AA5
:10531000043B7B621346FA6A1C46D7E90910081859
:1053200052F8041F8C4228BF0C469042F8D1B86B4B
:105330000AF1010AD0E902218A4280F01A81013281
:10534000A24582604FF0FF32FA6300F01D81A24552
:1053500077D2D7E90E0CACF1FF31B1FA81F14909EE
:1053600000280CBF002401F00104002C40F0E7806D
:105370000C46FB6EB86EA3F1FF33B3FA83F35B09FF
:1053800000280CBF4FF0000803F00108B8F1000F2F
:105390004FD19C4255D0BC6B14B1002940F0D6804F
:1053A0005FFA8CF42146DBF8003058461B699847B9
:1053B00021467863DBF8003058469B689847002EFA
:1053C0003FF43AAF0024A946386318E0DBF8003018
:1053D000584615F80A109B6898473B6B83421FD0CC
:1053E000013EFA6A59F82630B44249F808304FEACB
:1053F0008603BB6252F8263042F8083013D259F8BF
:10540000243058467A6F4FEA840852F82350DBF86C
:10541000003015F80A101B6998477B6B9842D5D16C
:105420000134B442EBD3012E4D460AD9FB6A1B6806
:1054300071E7D0E902239A4280F0438100239C4225
:10544000A9D1012E7FF4F8AEB86B0AF10104F9F787
:105450005DFA3B6A1D684FF0FF33FB633B69BA6935
:1054600053F832207B6F944253F8253080F023812B
:1054700003EB0409C7E90C522DE000BF50470020A0
:10548000F1B2DBF80020584612699047804511D0F0
:10549000DBF80030584699F800109B689847804622
:1054A000F1B2DBF8003058469B689847404540F021
:1054B0000081BD6BD5E902218A4280F0F58001327E
:1054C000AA604FF0FF33013409F10109FB637B6BE4
:1054D000A34200F0268107F1680107F13800FCF7CC
:1054E0009FFA8246002840F0E480DBF800305846FE
:1054F00099F800101B699847BD6BFE6B8046002D24
:10550000BED0711CBCD1D5E90210814280F00D8162
:105510000978DBF800205846126990478045C9D0C9
:10552000DBF80020584699F80010926890478046B2
:10553000D5E902218A4280F000811178B1E7D0E9F3
:1055400002239A4280F0E080002412E7D4E902317D
:105550008B4280F0CD801978DBF8003058461B690B
:1055600098477863D4E90232934280F0B880197882
:1055700020E702687B63926A90474FF0FF32A245B2
:105580007B6BFA637FF4E3AE07F1680107F1380043
:105590007B63FCF745FA7B6BF861002878D107F153
:1055A00038007B60EFF7A6F8DBF80020C1B2584660
:1055B00012699047786307F13800EFF79BF8DBF842
:1055C0000020C1B25846926890472A1FC7F808A029
:1055D000DA463D60B346D7F824901546D7F81C80CC
:1055E000386355F8042F7B6F53F8226059F8042F65
:1055F000A24211D9DAF800205046315D1269904775
:105600007B6B834247D0DAF800205046315D9268C8
:1056100090473B6B83423ED008F10108D845E0D16A
:105620005E46D346D7F808A0D7E900530022F869B0
:10563000D7E90AC104E00132B24214D251F8223053
:105640001B1BB3FA83F35B098342F4D1013E55F887
:105650002630B2424FEA860C45F8223051F8263007
:1056600041F82230EAD3FB69C7F828C0002B7DD06F
:10567000FB6A012E1C687FF66AAE6246796A511891
:1056800053F8042F944228BF14469942F8D15EE69D
:105690000022FA61CAE701225E46D346D7F808A085
:1056A000FA61D7E90053C1E72A682846936A984708
:1056B00007E7D7E90C52A2427FF4BEAD3B6F1D60F5
:1056C000C2E50368C7E90C1C5B6A98470130D7E95B
:1056D0000C1C7FF4B3AE00204346B86659E623683D
:1056E00020465B6A98470146481C34D0C9B261E63F
:1056F00023682046C7F834C05B6A9847431CD7F834
:1057000034C022D0C1B227E70368C7E90C1C5B6A2A
:1057100098470130D7E90C1C7FF416AF0023BB6318
:1057200027E63D6B3B6F1D608EE529682846496A78
:105730008847421C37D0C1B2EBE62A682846536A34
:105740009847431C0BD0C1B2ABE600235FFA8CF440
:10575000FF21BB6327E60023FF21BB632AE600236A
:10576000FF21BB639DE64FF0000A6AE6022ED7F8E0
:105770000C8005D0012E7FF45FAD3B6A1D686DE69D
:1057800018F0010F7FF458AD3A6A4FEA58031568D4
:105790005168B5EB580F0BD22B448B427FF44CADC4
:1057A0005CE6F8F7FBFC5546FF21C7F838A068E631
:1057B000EB1A8B427FF440AD3A6A39691360FB6A99
:1057C000B8695B6841F83030156847E62DE9F04F5D
:1057D0008BB000AF07F120017C6E3861AE48D7F87E
:1057E0005CA081E80C00E4F749FEE36E5B6853F8C7
:1057F00020B0BBF1000F00F04D816A463B6E07F10F
:10580000500107F12000A2EBC3039D46FCF708F905
:105810000546E846002800F0B28000247B6AD7F8ED
:1058200020B01A46264625467B6DFE61A3F1FF3166
:10583000B1FA81F14909C7E905511146A1F1FF39D2
:10584000B9FA89F94FEA5919BBF1000F0CBF0023CF
:1058500009F00103002B6CD14B46386DBA69002862
:105860000CBF002202F00102002A5CD1BA69934207
:1058700040D0386A10B1B9F1000F61D15FFA81FEF2
:10588000002C3ED00022FE697D69944604E00CF1B4
:10589000010C0132944217D955F82230900005EBE3
:1058A0008201B342F3D958F822305AF823309B5D75
:1058B00073451DD0013C58F82430944248F800301C
:1058C00055F824300B60E7D86445FE617D6111D046
:1058D000D7F820B0DBE902239A4239D20132CBF863
:1058E0000820FB694FF0FF3101337962FB61A5E7C6
:1058F0000132CFE7012CFE697D692FD12B68B342BD
:1059000034D0BB6EBA6E1B6843F00403136007F11A
:10591000200393E803003B692C3783E80300184613
:10592000BD46BDE8F08FD0E90256B5427DD20022D7
:105930009DE7DBE90202904280F0888000238CE73B
:10594000D0E902239A4280F0908092F800E097E735
:10595000DBF8003058469B6A9847C2E7022CD0D14A
:105960002B68B34202D06B68B342CAD13A6ED8F802
:1059700000309342A8BF9B1ABA6D1360C7E707F1C6
:105980002000EEF7B7FE3B6EC2B25E0076D0AAF101
:105990000409C7F85CA02C46DA46934609E0DAF819
:1059A0000020504692689047834507D00135B542A4
:1059B0000AD059F8042F11785945F0D148F82450ED
:1059C00001350134B542F4D1D7F85CA0D7F820B046
:1059D00024B97B6A264625461A4625E75846A6007E
:1059E000F8F794FF4FF0FF33A8F104097B62F31D31
:1059F00009EB060223F00703ADEB030D6D462E1FE6
:105A0000FD6135462646144659F8042F5AF82200FF
:105A100018F058FA4C4545F8040FF5D14FF0FF3314
:105A20003446FD6901261A46FEE6D0F800C0FA6049
:105A3000DCF824B0C7E90113D84701307968D7E909
:105A400002327FF474AF0020386510E7DBF80020E5
:105A50005846C7E90213526A90470130D7E902134A
:105A60007FF46CAF00223A62F7E603685B6A9847FE
:105A7000B0F1FF3F09D05FFA80FE01E77B6A344650
:105A8000D7F820B035461A46CEE600234FF0FF0E79
:105A90003B62F5E6F8F782FB504700202DE9F04124
:105AA0009EB0054655480E460CACDDE9268784E8D5
:105AB0000C00E4F7E3FCD8F86C30D3E901329042F3
:105AC00080F09A8053F82000002800F09580002391
:105AD0004B4A4C490DF09CFE002800F08D808368F5
:105AE00000220F92DA6A17921A6B18925A6B199267
:105AF0009A6B1A92DA6B1B921A6C1C925A6C1D925A
:105B0000DA6C11921A6D12925A6D13929A6D149268
:105B1000DA6D15921A6E9B6C169210930FABCDF83E
:105B2000148006930723049310AB03930EAB0293E8
:105B300024AB93E803008DE8030031460AAE94E8F5
:105B40000C003046FFF742FE0F9B96E8030002462A
:105B500084E803003BB33B6843F004033B600D9EC5
:105B6000A6F1FF36B6FA86F67609002A0CBF0023A6
:105B700006F00103DBB9259B2498A3F1FF33B3FAA8
:105B800083F35B0900B1C3B99E4203D13B6843F084
:105B900002033B600C9294E8030085E8030028466A
:105BA0001EB0BDE8F0810E9B28998B61D7E7D2E942
:105BB0000201884207D20026DDE7D0E902139942AC
:105BC0000FD20023E0E71168104609930892496A52
:105BD0008847099B0130089A0ABF1E46002600220A
:105BE000C9E7036808925B6A9847A0F1FF33089AF7
:105BF000B3FA83F35B09C7E7F8F7D0FA98460020B9
:105C0000C8830410605D04102DE9F04FB3B0054661
:105C100073488B4616ACDDE93E7884E80C00E4F767
:105C20002DFCFB6ED3E90132904280F0D78053F80F
:105C30002000002800F0D28000236A4A6A490DF053
:105C4000E7FD002800F0CA8083680DF1640A4FF078
:105C50000C0914AED3F89820596E1B92D3F89C20EF
:105C6000986E1C92D3F8A0200D911D92D3F8A42019
:105C7000D96E1E92D3F8A8200F901F92D3F8AC20B3
:105C8000186F2092D3F8942011911A92996FD3F83B
:105C9000B02010901292D86F5A6F0991D3F88010EB
:105CA0000B9208900E91D3F88400D3F890200C90BA
:105CB0000A92D3F8B420D3E92201D3E92EECD3F829
:105CC000C0301392129ACDF8109021920B9ACDE920
:105CD00024C30D9B2A9226930F9B2793119B2893F5
:105CE000109BCDE9057A2993139F099BCDE9227E6C
:105CF0002B93089B30912C930E9B2D930C9BCDE9FD
:105D00002E300A9B31931AAB039318AB02930023F6
:105D100019933CAB93E803008DE8030059463046E5
:105D200094E80C00FFF752FD199B96E80300024629
:105D300084E803005BB3D8F8003043F00403C8F8EC
:105D40000030179EA6F1FF36B6FA86F67609002ACD
:105D50000CBF002706F00107EFB93D9B3C98A3F16B
:105D6000FF33B3FA83F35B0900B1D3B99E4205D187
:105D7000D8F8003043F00203C8F80030169294E8D7
:105D8000030085E80300284633B0BDE8F08F189B78
:105D900040990B61D5E7D2E90213994207D2002658
:105DA000DBE7D0E9021399420DD20023DEE7136846
:105DB000104608925B6A98470130089A0ABF3E462F
:105DC00000260022C9E7036808925B6A9847A0F1A1
:105DD000FF33089AB3FA83F35B09C7E7F8F7DEF9F4
:105DE00098460020C8830410605D04102DE9F04F30
:105DF000B3B0814671480DF1580B3F9E0B918BE873
:105E00000C00E4F73BFB3E9BDB6ED3E90132904292
:105E100080F02F8653F82000002800F02A86002307
:105E2000674A68490DF0F4FC0C90002800F02186C8
:105E30006548E4F723FB3E9BDB6E5B6853F820402C
:105E4000002C00F016860027419818F03BF8CDF89A
:105E50002890099018973F963CA95846FBF7E0FD1B
:105E6000099B80F001069F422CBF002606F0010628
:105E7000002E00F03181189B002B40F04181419BA6
:105E8000D95D03EB070863180D4693F81D214AB945
:105E900023684E481B6A834233D131B125440A46F8
:105EA00085F81D11252A00F0938098F80010A36949
:105EB0005B5C180730D4236820461B699847054669
:105EC0005846EEF717FC2368C1B220461B69984775
:105ED00085421AD02368204698F800109B6898479E
:105EE00005465846EEF706FC2368C1B220469B687B
:105EF0009847854209D0189B43F004031893013753
:105F0000AAE7204698470146C7E71698F8F7FEFC2F
:105F10004FF0FF331793F2E7DDF85C803D9BA8F16B
:105F2000FF3A169DA3F1FF39BAFA8AFAB9FA89F94C
:105F30004FEA5A1A4FEA591915B1BAF1000F1FD199
:105F400051463C9800280CBF002509F0010515BBFF
:105F50004D46AA45D3D0169D05B119BB5FFA88F806
:105F6000A36913F808301B07C9D5169DD5E902238C
:105F70009A4280F0978001324FF0FF33AA60179366
:105F8000D5E902239A4280F0998031464FF0FF38DC
:105F90004FF0000AD5E7D0E902239A4280F0C28090
:105FA0000025D6E7D5E902239A4280F0C680117811
:105FB000A3695B5C1907DED4A1E700BF9846002007
:105FC000C8830410605D041050470020B502011022
:105FD000419B7D1C00222046595DF9F743F80023C0
:105FE0004528199300F090804F2800F08D802538C7
:105FF000542800F29180DFE810F079028F008F00C2
:106000008F008F008F008F008F008F008F008F0018
:106010008F008F008F008F008F008F008F008F0008
:106020008F008F008F008F008F008F008F008F00F8
:106030008F001A01AC004F027C038F008F008F008D
:1060400051031B038F008F008F008E028F008F0083
:106050008F008F00AE0388039401CE048F009D044F
:10606000FE04EB0211048F008F008F008F008F0061
:106070008F001A01AC00BE01E700E7008F008F001F
:10608000AC008F00E2038F008F00B4037C018F000F
:10609000E6018F0048028F007C018F008F002502EF
:1060A000B701B3022B6828469B6A98474FF0FF332D
:1060B0001793D5E902239A42FFF467AF2B6828466D
:1060C0005B6A9847B0F1FF3F80467FF45EAF0023E4
:1060D0003146B246169334E7189BDDF828903F9E70
:1060E00013B9099B9F4203D0336843F00403336024
:1060F0009BE8030089E80300484633B0BDE8F08F11
:10610000DDF828903F9EEFE7BD1C419B0022204612
:10611000595DF8F7A7FF6AE7189B43F0040318934B
:106120002F46ECE603680D915B6A984701300D99A4
:106130007FF436AF00233C930BE72B6828465B6A5D
:106140009847B0F1FF3F80467FF408AF00231693D5
:1061500004E71AAE0C9F31463846F9F715FD26A91B
:106160003846F9F731FD3E9B039614AE059318AB04
:1061700006931823049319AB02933CAB93E80300F6
:106180008DE803000B9930469BE80C00FFF72EF8D2
:10619000189B96E803008BE80300002BC0D1199AE6
:1061A0002F46A54981FB0231D317C3EB610303EBF3
:1061B0004303A2EB8302409B1A61429B429A1B88D5
:1061C00043F4816313809AE65846EEF793FAA26986
:1061D000C3B2D35C180700F11B843E9B022114AEAE
:1061E000069318AB07931F23CDE9043101230393D2
:1061F00019AB02933CAB93E803008DE803000B99C5
:1062000030469BE80C00F9F705FD189B96E8030063
:106210008BE80300002B83D1429B2F46199A1B88E1
:10622000409943F48263CA60429A138067E60C9BEC
:1062300018A94FF00E0C1AAA9B68186B1390D86B14
:106240001290186D1190586D1090986D0F90D86D38
:10625000D3E90D76D3E910E8D3E9129A0E90186EBF
:10626000DB6A0D901A931398129B1D9614AECDE91C
:106270001E3ECDE91B07CDE9208911983E9B239056
:106280001098059319AB24900F9802933CAB25907E
:106290000E98069126900D98CDF810C00392279085
:1062A000CDF888A093E803008DE803000B993046F1
:1062B0009BE80C00FEF79AFF189B96E803008BE81A
:1062C0000300002B7FF42CAF199B5C4981FB032159
:1062D000DA171944C2EBA102C2EBC2029B1A409A20
:1062E0002F469361429B429A1B7843F0020313703E
:1062F00005E64FF0FF360CE05846EEF7FBF9A369D0
:10630000C0B21B5C18077FF50BAF1698F8F7FEFAC2
:1063100017963CA95846FBF783FB0028ECD02F4684
:10632000EDE51AAE464A20463346A2F10901F8F7D8
:106330000BFB429B05960693409B14AE2F4604939D
:106340003E9B029318AB03933CAB93E803008DE8AC
:1063500003000B9930469BE80C00FFF747FD96E8D9
:1063600003008BE80300CAE5429B06930C9B9B68E5
:106370009B680593E0E7429B06930C9B9B689B6997
:106380000593409B14AE04933E9B029318AB03937A
:106390003CAB93E803008DE803000B9930469BE883
:1063A0000C00FFF723FD189B96E803008BE8030021
:1063B000002B7FF4B5AE429B2F46429A5B7843F0A8
:1063C000040353709BE50C9B9A68136A1A93526AF4
:1063D0001B921B78002B3FF4A3AE1378002B3FF4E5
:1063E0009FAE3E9B14AE059318AB06930223049315
:1063F0001AAB039319AB02933CAB93E803008DE80F
:1064000003000B9930469BE80C00FEF7EFFE189B4B
:1064100096E803008BE80300002B7FF481AE199B04
:10642000002B3FF47DAE429B2F46429A5B7843F0AF
:106430000103537063E500BFABAAAA2A93244992D3
:10644000FD4D04103E9B4FF0010814AE069318ABAF
:1064500007930623CDE904380023039319AB029375
:106460003CAB93E803008DE803000B9930469BE8B2
:106470000C00F9F7CFFB189B96E803008BE80300AC
:10648000002B7FF44DAE199B29E7429B06930C9B92
:106490009B689B6A05934FE73E9B022714AE0693C9
:1064A00018AB07936323CDE904370023039319AB9B
:1064B00002933CAB93E803008DE803000B99304650
:1064C0009BE80C00F9F7A6FB189B96E803008BE805
:1064D0000300002B7FF424AE429B2F46429A1B8878
:1064E00043F490631380199B536008E55846EEF718
:1064F00001F9237FC6B2002B00F0848294F8423069
:106500009E427FF409AE16982F46F8F7FFF94FF038
:10651000FF331793F3E43E9B022714AE069318ABA8
:1065200007933B23CDE904370023039319AB029370
:106530003CAB93E803008DE803000B9930469BE8E1
:106540000C00F9F767FB189B96E803008BE8030043
:10655000002B7FF4E5AD199B2F46409A5360CEE4A3
:106560003E9B4FF0020C14AE069318AB07936323C7
:10657000CDE9043C0023039319AB02933CAB93E8B1
:1065800003008DE803000B9930469BE80C00F9F7F7
:1065900041FB189B96E803008BE80300002B7FF477
:1065A000BFAD429B3CA9429A58465B7823F0060354
:1065B00043F006035370FBF733FA002800F03082F3
:1065C000199B442BD8BF6433409A2F46536196E4FD
:1065D0003E9B042714AE069318AB079342F20F7349
:1065E000CDE904370023039319AB02933CAB93E846
:1065F00003008DE803000B9930469BE80C00F9F787
:1066000009FB189B96E803008BE80300002B7FF43E
:1066100087AD429B2F46199A5B78A2F26C72409923
:1066200023F006034A6143F00403429A537066E480
:106630003E9B4FF0020814AE069318AB07930C2351
:10664000CDE904380123039319AB02933CAB93E8E3
:1066500003008DE803000B9930469BE80C00F9F726
:10666000D9FA189B96E803008BE80300002B7FF40F
:1066700057AD199A2F46AB4981FB0231D317C3EBB3
:10668000610303EB4303A2EB8302409B9A60429BAE
:10669000429A1B7843F00103137030E43E9B0222C0
:1066A00014AE069318AB07931723CDE904320023E9
:1066B000039319AB02933CAB93E803008DE803000E
:1066C0000B9930469BE80C00F9F7A4FA189B96E862
:1066D00003008BE80300002B7FF422AD199A2F46AC
:1066E00040998A60429A127863F30002429B1A70C2
:1066F00005E41AAE8C4A20463346A2F10901F8F7A8
:1067000023F9429B059606933BE63E9B022114AE7D
:10671000069318AB07933D23CDE90431002303937F
:1067200019AB02933CAB93E803008DE803000B998F
:1067300030469BE80C00F9F76DFA189B96E80300C9
:106740008BE80300002B7FF4EBAC199B2F46409A9B
:106750001360FFF7D4BB1AAE744A20463346911F2C
:10676000E5E53E9B4FF0020C14AE069318AB079381
:106770000C23CDE9043C0123039319AB02933CABFA
:1067800093E803008DE803000B9930469BE80C006A
:10679000F9F740FA189B96E803008BE80300002BFA
:1067A0007FF4BEAC199B2F46409A013B1361429B7C
:1067B000429A1B7843F008031370FFF7A0BB3E9B7F
:1067C0004FF0030E14AE069318AB07934FF4B77354
:1067D000CDE9043E0123039319AB02933CAB93E84C
:1067E00003008DE803000B9930469BE80C00F9F795
:1067F00011FA189B96E803008BE80300002B7FF446
:106800008FAC199B2F46409A013BD361429B429A21
:106810001B7843F004031370FFF771BB5846EDF784
:1068200069FFA269C3B2D35CDE077FF575AC3E9BFE
:106830000DF1600A0DF168090DF1500805930E2362
:10684000CDF818A004933A4BCDF8089003933CABD5
:1068500093E803008DE803000B9940469BE80C0089
:10686000FEF7C4FC98E803008BE803003CA95846F7
:10687000FBF7D6F800287FF453AC189B1A9A134301
:106880007FF44EAC5846EDF735FF237FC6B2002BA0
:1068900000F0088194F84A309E420CD05846EDF73B
:1068A00029FF237FC6B2002B00F0028194F8483004
:1068B0009E427FF435AC3E9B02260027CDF81CA0FB
:1068C000069317230397CDF80890CDE904363CAB27
:1068D00093E803008DE803000B9940469BE80C0009
:1068E000F9F798F93E9BCDF81CA006933B2305963B
:1068F00004933CABCDE9029798E803002F468BE860
:10690000030093E803008DE803000B9940469BE8E1
:106910000C00F9F77FF998E803008BE80300FFF714
:10692000EEBA00BFABAAAA2AE94D0410F24D04103A
:106930004C2900203E9B4FF0020E14AE069318AB7C
:1069400007933523CDE9043E0023039319AB02934B
:106950003CAB93E803008DE803000B9930469BE8BD
:106960000C00F9F757F9189B96E803008BE8030031
:10697000002B7FF4D5AB199B2F46429A1B0411685C
:1069800003F47C134D4A43F040030A401343429AF8
:106990001360FFF7B4BA3E9B022214AE069318AB05
:1069A00007933523CDE904320023039319AB0293F7
:1069B0003CAB93E803008DE803000B9930469BE85D
:1069C0000C00F9F727F9189B96E803008BE8030001
:1069D000002B7FF4A5AB199B2F46429A1B0411682C
:1069E00003F47C13364A43F020030A401343429ACF
:1069F0001360FFF784BA429B06930C9B9B681B694C
:106A0000059399E425212046F7F78AFF034677E5A9
:106A10001698F7F77BFF4FF0FF331793FFF7DDBBB7
:106A20005846EDF767FE2A22C1B22046F8F71AFB56
:106A3000A0F13006F3B2092B3FF6C2AD1698F7F776
:106A400065FF199B3CA9584603EB830306EB4306FD
:106A500019964FF0FF361796FAF7E2FF58B1199BD7
:106A6000429AA3F26C734299527822F002024A7061
:106A7000AAE5F7F793FB5846EDF73CFE2A22C1B290
:106A80002046F8F7EFFAA0F13007FBB2092BE6D861
:106A90001698F7F73BFF199B0A22179602FB037320
:106AA0001993DDE72D212046F7F73AFF0346F3E679
:106AB0002B212046F7F734FF0346F9E6BFFFC0FF5E
:106AC000DFFFC0FF2DE9F04F93B0054645488846EB
:106AD0000CACDDF88090DDE91E6784E80C00E3F77C
:106AE000CDFCF36ED3E90132904279D253F8200005
:106AF000002875D000233C4A3C490CF089FE002850
:106B00006ED083684FF0000A0DF1280B1B690296C6
:106B10000FAE03970696CDF844A0CDE904931CABC5
:106B200093E80300CDE90FAA8DE8030041465846DB
:106B300094E80C00FFF75AF99BE8030084E803008F
:106B400030464946DDF830800EF008FD0D9EA6F176
:106B5000FF36B6FA86F67609D0450CBF002306F05C
:106B6000010303BB1D9B1C98A3F1FF33B3FA83F30E
:106B70005B0900B17BB99E4203D13B6843F002033D
:106B80003B60CDF8308094E8030085E80300284698
:106B900013B0BDE8F08FD0E902239A4209D2002356
:106BA0009E42EED1E9E7D8E9021291420AD2564656
:106BB000D8E703685B6A9847A0F1FF33B3FA83F321
:106BC0005B09D8E7D8F8002040460993526A9047FD
:106BD000099B01300ABF1E4600264FF00008C1E79E
:106BE000F7F7DCFA98460020C8830410605D0410B3
:106BF0002DE9F04F93B00546454888460CACDDF8CA
:106C00008090DDE91E6784E80C00E3F737FCF36E43
:106C1000D3E90132904279D253F82000002875D090
:106C200000233C4A3C490CF0F3FD00286ED08368F9
:106C30004FF0000A0DF1280B9B6802960FAE0397E8
:106C40000696CDF844A0CDE904931CAB93E803006D
:106C5000CDE90FAA8DE803004146584694E80C00A0
:106C6000FFF7C4F89BE8030084E803003046494678
:106C7000DDF830800EF072FC0D9EA6F1FF36B6FAFC
:106C800086F67609D0450CBF002306F0010303BB4E
:106C90001D9B1C98A3F1FF33B3FA83F35B0900B18A
:106CA0007BB99E4203D13B6843F002033B60CDF8C1
:106CB000308094E8030085E80300284613B0BDE85F
:106CC000F08FD0E902239A4209D200239E42EED1EE
:106CD000E9E7D8E9021291420AD25646D8E703689A
:106CE0005B6A9847A0F1FF33B3FA83F35B09D8E7F7
:106CF000D8F8002040460993526A9047099B01301A
:106D00000ABF1E4600264FF00008C1E7F7F746FA13
:106D100098460020C8830410605D04102DE9F04FF0
:106D2000014693B0944808910CA981E80C00E3F760
:106D3000A5FB1E9BDB6E5B6853F820300693002B8F
:106D400000F03A848D48E3F799FB1E9B0446DB6E06
:106D5000DD6855F82080B8F1000F00F0818308F15C
:106D60003802D8F82030049223B1D8F82830003BFC
:106D700018BF0123824C0B9398F810300F94002B0E
:106D800040F067810FAB0793202110A81094E8F71B
:106D900041FE4FF00009D8F834304F46119308F106
:106DA0003903CDF82490CDF81490CDF82890CDE992
:106DB000023911AB13F80930042B00F2A382DFE88B
:106DC00013F0B602E500780063000500DDE90C541D
:106DD000DFF8B0B1DFF8B0A1A4F1FF36B6FA86F65D
:106DE00076090DB1002E48D135461D9B1C98A3F1A4
:106DF000FF33B3FA83F35B0910B1002B40F09181AC
:106E00009D4200F097810C9810B1002E40F028812F
:106E1000E4B20A22029821461DF01EFD002800F06F
:106E20002D81049BC01ADBF800301E5C109B53E9D7
:106E300003526C1C944204D853F8042C002A40F3EB
:106E40005E81214610A8E8F7E5FD109B53F80C2C55
:106E50009E54109AA2F10C03534540F0588101371B
:106E60000C9DD5E90232934280F039810133AB6049
:106E70004FF0FF331C460D93AEE7D5E902239A424B
:106E800080F0D9820025B0E7D8F82030002B40F000
:106E90005082D8F82830002B40F05C820B9B83F0A6
:106EA000010609F10109B9F1030F7BDC002E80D145
:106EB00078E01E9BDB68980500F1D981059B012BCA
:106EC00000F2D581B9F1000F00F0D181B9F1010FC5
:106ED00000F0C281B9F1020F00F06582109B53F8F7
:106EE0000C3C012B00F247820A9B002B40F0DE8213
:106EF0000F9B53F80C3CABB1039B002B00F0EF82CF
:106F00009DF82410079C2046E8F78CFE2246D8E91D
:106F100002010EF01DFB28B91F9B1F9A1B6843F04E
:106F200004031360039B002B00F04B82D8F82C3035
:106F3000BB4200F046821F9B1F9A1B6843F004036C
:106F400013601CA90CA8FAF76BFD28B11F9B1F9AB0
:106F50001B6843F0020313600CAB93E80300089B2B
:106F600083E8030010A8F7F743FD0798F7F740FD03
:106F7000089813B0BDE8F08F504700208C460020E1
:106F80008446002010290020784600201CA90CA867
:106F9000FAF746FD002800F0BA810026B9F1030F88
:106FA00040F0FF80059B012B94BF002306F00103F6
:106FB0000293029B002B00F0FB820A9B002B00F047
:106FC000A381D8F824600136DDE90C4AAAF1FF3527
:106FD000B5FA85F56D0914B1002D40F0DD82AB46A0
:106FE0004FF001091D9B1C98A3F1FF33B3FA83F303
:106FF0005B0910B1002B40F0B6805D40059B9945C0
:1070000080F06F81002D00F06C810C9C1CB1BBF1F5
:10701000000F40F0BB805FFA8AFA337853458AD17B
:107020000C9CD4E90232934280F011810133A360B9
:107030004FF0FF3309F1010901360D93D4E9022322
:107040009A4280F07582DDF808B04FF0FF3A0025D3
:10705000C8E70FAB202118460793E8F7DBFC93E65F
:10706000D0E90232934280F0F3811C780A22214653
:1070700002981DF0F1FB00287FF4D3AE98F8113090
:10708000A34231D098F81030002B53D098F812302A
:10709000A3424FD1039B002B5DD1002F00F01D8236
:1070A0000F9BFFB253E903526C1C944203D853F870
:1070B000042C002A40DD21460798E8F7ABFC0F9B23
:1070C00053F80C2C9F540F9AA2F10C0353453AD15C
:1070D0000C9D0027D5E902329342FFF4C7AE2B681E
:1070E00028469B6A9847C3E6039BA3BBD8F82C307D
:1070F000002B1FDD0123099700270393B0E62A46E2
:107100009E54109AA2F10C0353453FF4A8AE0021FF
:1071100042F80C4C2B4442F8041C4FF000025A7306
:107120009DE6D0E902239A4280F0798100239D42B6
:107130007FF469AE01260FE02A469F540F9AA2F110
:107140000C035345C4D000212B4442F80C4C42F8A8
:10715000041C5973BCE7039E109B53F80C3C002B96
:107160003FF4E9AE9DE6D0E902239A42FFF446AF30
:1071700003685B6A984701300CBF0123002385EA4E
:1071800003057FF43BAF00231C9337E7D4E90232B9
:10719000934280F0DB811978327891423FF446AF18
:1071A000C9E6DDE90C45A5F1FF3ABAFA8AFA4FEAD9
:1071B0005A1A14B1BAF1000F22D1D3461D9B1C9864
:1071C000A3F1FF33B3FA83F35B0900B123BB9A4504
:1071D0003FF467AE0C9C14B1BBF1000F23D1069BAA
:1071E000EDB29B695B5D19077FF55BAE0C9CD4E942
:1071F0000232934223D20133A3604FF0FF330D9349
:10720000D4E902239A4280F078814FF0010B4FF0CD
:10721000FF354FF0000AD1E7D0E902239A4280F00F
:1072200060810023D3E7D4E90232934280F0758174
:1072300006991A7889698A5C1207DCD431E62368DA
:1072400020469B6A98474FF0FF330D93D8E7236899
:1072500020469B6A9847EBE60B9B43B99DF8443068
:10726000032B04D09DF84630012B40F0A780D8F8BE
:10727000185000244FF0FF360EE0D8F81420DBB28F
:10728000125D9A4223D10C98D0E90232934233D254
:107290000133836001340D961CA90CA8FAF7C0FBDA
:1072A000AC422DD280F00100C0B248B3DDE90C033E
:1072B000591CE2D10028E0D0D0E90232934280F09C
:1072C0005181D8F814201978125D9142E0D0002C39
:1072D0007FF431AE1E9BDB6883F40073C3F340265A
:1072E000DFE5059B99457FF426AE109B53F80C3CD7
:1072F000012B7FF6F9AD3EE003689B6A9847C9E72A
:10730000AC42E4D10126CCE5D8F81C605BE60CA8C1
:10731000EDF7F0F9069BC0B29B691B5C19077FF57E
:107320003CAE0C98F7F7F2FA4FF0FF330D930126BD
:1073300034E61CA90CA8FAF773FB002846D0D8F84D
:1073400028303BB9D8F82030002B3FF4A7AD0126F8
:107350000A96A6E51CA90CA8FAF762FB002849D0FA
:10736000D8F82030002B3FF499ADD8F82830002B06
:107370007FF494ADEBE70022302110A8E8F784F900
:1073800000283FF4B1AD109B421C53F80C3C00D1D7
:10739000581E9842024610A828BF1A4600231946D4
:1073A000E8F7E4F9A0E59DF84730042B3FF45FAF20
:1073B000032B03D10B9B002B7FF459AF09F101097B
:1073C000F7E410A92098E8F749F9BAE50CA8EDF719
:1073D00091F9D8F81C20C3B212789A42AFD1D8F8EC
:1073E00020300C980593F7F791FA4FF0FF33012600
:1073F0000D9356E50CA8EDF77DF9D8F82420C3B21B
:1074000012789A42ACD1D8F828300C980593F7F747
:107410007DFA4FF0FF3301260D930A9641E503688C
:107420005B6A984701300CBF012300237FF4E8AC6E
:1074300000221C92E4E42B6828465B6A98470130DE
:107440000CBF012500257FF4D0AC00230C93CCE4C5
:1074500003685B6A9847441C00F0A180C4B205E64B
:107460004420DEF7C9FA00230646C0E90133C360B1
:107470000374A0F81130436380F84330C0E905334A
:10748000C0E90733C0E90933C0E90B33574B036048
:107490001E9B03F16C01F7F7D5FF1E9B3146224678
:1074A000D86EE2F771FF55F8248058E4109B53F82A
:1074B000042C002A60DA1B78302B3FF419AD2D2301
:1074C000002210A8009311460123E8F7EDF9109B64
:1074D0004FF0FF3243F8042C0AE53E463CE6F9B291
:1074E00010E503685B6A984701300CBF0123002355
:1074F0007FF46DAE00221C9269E6236820465B6A29
:10750000984701300CBF4FF0010A4FF0000A49D0F4
:107510004FF0010B4FF0FF3550E6236820465B6AC1
:1075200098470546681C7FF45AAE00230C9356E634
:10753000236820465B6A984701300CBF012500256F
:1075400033D0DDF808B04FF0FF3A4BE52368204612
:107550005B6A9847B0F1FF3F82467FF45CAD002341
:107560000C9358E503685B6A9847421C03467FF416
:1075700084AE00220C9280E610A8E8F779F9109BFF
:107580001A78302A3FF4B4AC53F8043C002B96DB55
:1075900010A8E8F76DF992E74FF001094EE50023D6
:1075A0000C935BE700230C93B2E700230C93C8E72E
:1075B000002E3FF4C0AC91E4F6F7F0FD0CF012FCA5
:1075C000336830465B6898470DF00EF80CF00AFC03
:1075D000FAE70CF045FC0CF095FA02E010A8F7F77A
:1075E00007FA0798F7F704FA0CF08CFA6C650410A8
:1075F0002DE9F04F014693B0964808910CA981E817
:107600000C00E2F73BFF1E9BDB6E5B6853F82030FB
:107610000693002B00F04A848F48E2F72FFF1E9B51
:107620000446DB6EDD6855F82080B8F1000F00F0ED
:10763000858308F13802D8F82030049223B1D8F8B5
:107640002830003B18BF0123844C0B9398F810306E
:107650000F94002B40F06B810FAB0793202110A8F3
:107660001094E8F7D7F94FF00009D8F834304F46B6
:10767000119308F13903CDF82490CDF81490CDF88A
:107680002890CDE9023911AB13F80930042B00F230
:10769000A782DFE813F0BA02E90078006300050072
:1076A000DDE90C54DFF8BCB1DFF8B4A1A4F1FF367A
:1076B000B6FA86F676090DB1002E48D135461D9BE7
:1076C0001C98A3F1FF33B3FA83F35B0910B1002BCD
:1076D00040F09581AB4200F09B810C9810B1002ED8
:1076E00040F02C81E4B20A22029821461DF0B4F841
:1076F000002800F03181049BC01ADBF800301E5CCA
:10770000109B53E903526C1C944204D853F8042C88
:10771000002A40F36281214610A8E8F77BF9109B0C
:1077200053F80C2C9E54109AA2F10C03534540F0D0
:107730005C8101370C9DD5E90232934280F03D8196
:107740000133AB604FF0FF331C460D93AEE7D5E934
:1077500002239A4280F0D1820025B0E7D8F8203089
:10776000002B40F05482D8F82830002B40F0608283
:107770000B9B83F0010609F10109B9F1030F7FDCCE
:10778000002E80D17CE01E9BDB68980500F1DD8136
:10779000059B012B00F2D981B9F1000F00F0D581D2
:1077A000B9F1010F00F0C681B9F1020F00F0698252
:1077B000109B53F80C3C012B00F24B820A9B002BD0
:1077C00040F0E2820F9B53F80C3CABB1039B002BC3
:1077D00000F0FF829DF82410079C2046E8F722FA6B
:1077E0002246D8E902010DF0B3FE28B91F9B1F9A6B
:1077F0001B6843F004031360039B002B00F04F82CF
:10780000D8F82C30BB4200F04A821F9B1F9A1B689D
:1078100043F0040313601CA90CA8FAF701F928B17E
:107820001F9B1F9A1B6843F0020313600CAA109B56
:1078300092E80300089A82E80300A3F10C00084ACA
:10784000904240F0B8820798F7F7D2F8089813B042
:10785000BDE8F08F50470020884600208446002075
:1078600078460020102900201CA90CA8FAF7D8F8A7
:10787000002800F0BA810026B9F1030F40F0FF8024
:10788000059B012B94BF002306F001030293029B8A
:10789000002B00F007830A9B002B00F0A381D8F88F
:1078A00024600136DDE90C4AAAF1FF35B5FA85F509
:1078B0006D0914B1002D40F0E982AB464FF001098B
:1078C0001D9B1C98A3F1FF33B3FA83F35B0910B13E
:1078D000002B40F0B6805D40059B4B4540F26F8128
:1078E000002D00F06C810C9C1CB1BBF1000F40F02E
:1078F000BB805FFA8AFA3378534586D10C9CD4E971
:107900000232934280F011810133A3604FF0FF33C4
:1079100009F1010901360D93D4E902239A4280F05E
:107920008182DDF808B04FF0FF3A0025C8E70FABC1
:10793000202118460793E8F76DF88FE6D0E9023268
:10794000934280F0F3811C780A22214602981CF0B1
:1079500083FF00287FF4CFAE98F81130A34231D0D6
:1079600098F81030002B53D098F81230A3424FD122
:10797000039B002B5DD1002F00F029820F9BFFB2EB
:1079800053E903526C1C944203D853F8042C002A88
:1079900040DD21460798E8F73DF80F9B53F80C2C83
:1079A0009F540F9AA2F10C0353453AD10C9D002726
:1079B000D5E902329342FFF4C3AE2B6828469B6A96
:1079C0009847BFE6039BA3BBD8F82C30002B1FDDE4
:1079D0000123099700270393ACE62A469E54109A88
:1079E000A2F10C0353453FF4A4AE002142F80C4C25
:1079F0002B4442F8041C4FF000025A7399E6D0E978
:107A000002239A4280F086810023AB427FF465AE68
:107A100001260FE02A469F540F9AA2F10C0353450A
:107A2000C4D000212B4442F80C4C42F8041C59737A
:107A3000BCE7039E109B53F80C3C002B3FF4E5AED3
:107A400099E6D0E902239A42FFF446AF03685B6AE5
:107A5000984701300CBF0123002385EA03057FF41A
:107A60003BAF00231C9337E7D4E90232934280F006
:107A7000E7811978327891423FF446AFC5E6DDE9F7
:107A80000C45A5F1FF3ABAFA8AFA4FEA5A1A14B12C
:107A9000BAF1000F22D1D3461D9B1C98A3F1FF33EE
:107AA000B3FA83F35B0900B123BB53453FF463AEE4
:107AB0000C9C14B1BBF1000F23D1069BEDB29B6966
:107AC0005B5D19077FF557AE0C9CD4E902329342F7
:107AD00023D20133A3604FF0FF330D93D4E9022387
:107AE0009A4280F084814FF0010B4FF0FF354FF048
:107AF000000AD1E7D0E902239A4280F06C8100238A
:107B0000D3E7D4E90232934280F0818106991A7852
:107B100089698A5C1207DCD42DE6236820469B6ABB
:107B200098474FF0FF330D93D8E7236820469B6AB0
:107B30009847EBE60B9B43B99DF84430032B04D0E8
:107B40009DF84630012B40F0A780D8F8185000244B
:107B50004FF0FF360EE0D8F81420DBB2125D9A42E7
:107B600023D10C98D0E90232934233D2013383609F
:107B700001340D961CA90CA8F9F752FFAC422DD286
:107B800080F00100C0B248B3DDE90C03591CE2D11A
:107B90000028E0D0D0E90232934280F05D81D8F82D
:107BA00014201978125D9142E0D0002C7FF42DAEA4
:107BB0001E9BDB6883F40073C3F34026DBE5059B63
:107BC0004B457FF422AE109B53F80C3C012B7FF603
:107BD000F5AD3EE003689B6A9847C9E7AC42E4D143
:107BE0000126C8E5D8F81C605BE60CA8ECF782FD1E
:107BF000069BC0B29B691B5C19077FF53CAE0C98D5
:107C0000F6F784FE4FF0FF330D93012634E61CA9EE
:107C10000CA8F9F705FF002846D0D8F828303BB962
:107C2000D8F82030002B3FF4A3AD01260A96A2E538
:107C30001CA90CA8F9F7F4FE002849D0D8F8203088
:107C4000002B3FF495ADD8F82830002B7FF490AD91
:107C5000EBE70022302110A8E7F716FD00283FF4DB
:107C6000ADAD109B421C53F80C3C00D1581E9842FD
:107C7000024610A828BF1A4600231946E7F776FDEA
:107C80009CE59DF84730042B3FF45FAF032B03D1F5
:107C90000B9B002B7FF459AF09F10109F3E410A904
:107CA0002098E7F7DBFCB6E50CA8ECF723FDD8F845
:107CB0001C20C3B212789A42AFD1D8F820300C9869
:107CC0000593F6F723FE4FF0FF3301260D9352E59F
:107CD0000CA8ECF70FFDD8F82420C3B212789A4212
:107CE000ACD1D8F828300C980593F6F70FFE4FF07A
:107CF000FF3301260D930A963DE52B6828465B6A03
:107D0000984701300CBF012500257FF4D8AC002333
:107D10000C93D4E403685B6A984701300CBF0123DD
:107D200000237FF4D7AC00221C92D3E403685B6A83
:107D30009847441C00F0AD80C4B205E64420DDF74E
:107D40005BFE00230646C0E90133C3600374A0F85C
:107D50001130436380F84330C0E90533C0E907338D
:107D6000C0E90933C0E90B335D4B03601E9B03F18F
:107D70006C01F7F793F91E9B31462246D86EE2F765
:107D800003FB55F8248054E4109B53F8042C002A7C
:107D90006CDA1B78302B3FF415AD2D23002210A890
:107DA000009311460123E7F77FFD109B4FF0FF3250
:107DB00043F8042C06E553F8042C511E002A43F81E
:107DC000041C3FF740AD0EA9E7F7CEFC3BE53E466D
:107DD00030E6F9B200E503685B6A984701300CBFF2
:107DE000012300237FF461AE00221C925DE623682C
:107DF00020465B6A984701300CBF4FF0010A4FF0F4
:107E0000000A49D04FF0010B4FF0FF3544E62368DC
:107E100020465B6A98470546681C7FF44EAE0023F7
:107E20000C934AE6236820465B6A984701300CBFF2
:107E30000125002533D0DDF808B04FF0FF3A3FE5CB
:107E4000236820465B6A9847B0F1FF3F82467FF483
:107E500050AD00230C934CE503685B6A9847421CC5
:107E600003467FF478AE00220C9274E610A8E7F780
:107E7000FFFC109B1A78302A3FF4A4AC53F8043C62
:107E8000002B8ADB10A8E7F7F3FC86E74FF0010927
:107E900042E500230C934FE700230C93B2E7002345
:107EA0000C93C8E7002E3FF4B0AC81E4F6F776F906
:107EB00010A8F6F79DFD0798F6F79AFD0BF022FE45
:107EC000F9E70BF08FFF336830465B6898470CF09A
:107ED0008BFB0BF087FFFAE70BF0C2FF0BF012FEF3
:107EE0007C6504102DE9F0438DB00E462749054608
:107EF00006AC189F09910DF1240884E80C00179B2B
:107F00009DF85820CDE9023714AB93E80300CDF873
:107F100010808DE8030031460AAE304602B394E883
:107F20000C00FEF7FBFEDDF8249096E8030084E8E1
:107F30000300E2F709F83A46334619990A90484691
:107F40000CF0B4FF099B124A94E8030085E8030093
:107F5000A3F10C00904208D128460DB0BDE8F08393
:107F600094E80C00FFF744FBDDE753F8042C511EA6
:107F7000002A43F8041CEFDC3146E7F7F5FBEBE79A
:107F80004046F6F735FD0BF0BDFD00BF84460020EE
:107F9000784600202DE9F04F8FB005464F480F4638
:107FA0001B9E08AC9DF8689084E80C00E2F766FA26
:107FB000F36E5B6853F82080B8F1000F00F0878003
:107FC000474B0B93B9F1000F4FD11C9B0DF12C09BE
:107FD00002960CAE039318ABCDF8109093E8030013
:107FE0008DE803003946304694E80C00FFF700FBAB
:107FF0000B9B96E8030053F80C7C84E803003FB326
:10800000002239461D98E7F7F1FD1D9BDDF82CB0E5
:10801000D3F800A00BEB07025AF8043C0792002BA0
:1080200037DA98F81C30012B09D0002B38D0D8F85B
:108030000030DB691A469C462A4B9A4234D1079B92
:108040005B4537D03A46594650461CF019FC0B9B0D
:10805000254A94E8030085E80300A3F10C00904250
:108060002AD128460FB0BDE8F08F1C9B0DF12C09DA
:1080700002960CAE039318ABCDF8109093E8030072
:108080008DE803003946304694E80C00FEF746FEC2
:10809000AEE71D98E7F7ECFB1D9BD3F800A0C0E707
:1080A0004046E8F771F9C2E75346079A59464046F9
:1080B0006746B8470B9BCBE753F8042C511E002AA8
:1080C00043F8041CCDDC3146E7F74EFBC9E7F6F771
:1080D00065F84846F6F78CFC0BF014FD504700207D
:1080E000844600201903011078460020244B1A68AA
:1080F000D00701D401221A60224B1A68D10701D49B
:1081000001221A60204B1A68D20701D401221A609A
:108110001E4B1A68D00701D401221A601C4B1A6842
:10812000D10701D401221A601A4B1A68D20701D470
:1081300001221A60184B1A68D00701D401221A6074
:10814000164B1A68D10701D401221A60144B1A6821
:10815000D20701D401221A60124B1A68D00701D449
:1081600001221A60104B1A68D10701D401221A604B
:108170000E4B1A68D20701D401221A60704700BF63
:1081800048380020503800207838002080380020FF
:10819000E8370020EC37002060380020F837002056
:1081A00070380020683800205838002040380020FF
:1081B000054A064B10B50446026040F8043FF6F746
:1081C0007DF9204610BD00BFC8880410CC81041082
:1081D0000368074953F80C3C064A10B5C418C1504F
:1081E000204640F8042FF6F769F9204610BD00BF7D
:1081F000C8880410CC810410064A074B10B5044609
:10820000026040F8043FF6F759F92046DDF7F8FB25
:10821000204610BDC8880410CC81041003680849AA
:1082200053F80C3C074A10B5C418C150204640F81A
:10823000042FF6F743F92046DDF7E2FB204610BD98
:10824000C8880410CC810410054A064B10B50446BA
:10825000026040F8043FF6F731F9204610BD00BF38
:10826000F8880410DC8104100368074953F80C3CBB
:10827000064A10B5C418C150204640F8042FF6F73E
:108280001DF9204610BD00BFF8880410DC810410E1
:10829000064A074B10B50446026040F8043FF6F763
:1082A0000DF92046DDF7ACFB204610BDF888041020
:1082B000DC8104100368084953F80C3C074A10B5E8
:1082C000C418C150204640F8042FF6F7F7F82046AE
:1082D000DDF796FB204610BDF8880410DC81041001
:1082E00038B5436805461A6852F80C4C1C44E368DC
:1082F0009B0409D50BF0F8FD30B9A06F20B10368DD
:108300009B699847013001D0284638BD68680368EA
:1083100053F80C3C1844416941F00101F5F7E4FFC2
:10832000F2E700BF036853F80C3C03449B6F30B581
:10833000044683B013B30146684600F05DF89DF82B
:1083400000304BB1236853F80C3C2344986F03680A
:108350009B699847013014D0019B1A6852F80C5C55
:108360001D44EB689B0409D50BF0BEFD30B9A86F26
:1083700020B103689B69984701300CD0204603B0B8
:1083800030BD236853F80C0C2044416941F00101D1
:10839000F5F7AAFFE0E70198036853F80C3C18448E
:1083A000416941F00101F5F79FFFE7E701290D461B
:1083B0000FD10BF017FD2368294653F80C0C20440D
:1083C000F5F7A2FF0CF010F96846FFF789FF0BF0F4
:1083D00099FB0BF007FD2368012153F80C0C204496
:1083E000F5F792FF0BF03CFDB6E70BF039FDEBE73C
:1083F0000BF036FDE8E700BF38B50B68002241609E
:10840000044653F80C3C0D4602700B44186F596932
:1084100050B119B1CA070ED4204638BDFFF782FF0C
:108420002B6853F80C3C2B4459690029F2D10123E5
:108430002046237038BD184641F00401F5F754FF7B
:10844000204638BD2DE9F04F83B004460F46014663
:1084500068461546FFF7D0FF9DF80030002B42D04C
:10846000236853F80C0C2318D3F808A09B465545F5
:108470004FDADA6802F0B009B9F1200F63D093F84F
:108480007530AAEB0506002B00F0A5809BF87480E0
:108490000BE083F800804369013343612368013EA8
:1084A00053F80C0C4ED004EB000BDBF87800D0E94D
:1084B00005329342EDD3036841465B6B9847013028
:1084C000ECD1236853F80C0C2044416941F00101C0
:1084D000F5F70AFF236853F80C3C23445A69002A35
:1084E00034D000229A60019B1A6852F80C5C1D443B
:1084F000EB689B0409D50BF0F7FC30B9A86F20B1ED
:1085000003689B69984701307AD0204603B0BDE8E4
:10851000F08F986F39462A4603681B6B984723688B
:10852000854253F80C3C2344DBD05969184641F08E
:108530000101F5F7D9FE236853F80C3C23440022CF
:108540009A60D0E723185A69002ACAD1986F394631
:108550002A4603681B6B98472368854253F80C2C06
:1085600006D0A018416941F00101F5F7BDFE23686E
:1085700053F80C3CB9F1200F04EB03063346B0D19D
:108580007269002AADD196F87530AAEB0505002B6B
:108590004DD096F8747009E01F7043690133436150
:1085A0002368013D53F80C3CC8D0E618B06FD0E901
:1085B00005329342F0D3036839465B6B984701302C
:1085C000EED1236853F80C0C2044416941F00101BD
:1085D000F5F78AFEAFE7DBF87C80B8F1000F4CD0EE
:1085E00098F81C30BBB198F83D808BF874802368F4
:1085F00053F80C0C01238BF8753004EB000B54E797
:108600000198036853F80C3C1844416941F001019A
:10861000F5F76AFE79E74046E7F7B6FED8F800308E
:10862000294A9B6993421CD14FF02008DDE7F76F80
:108630000FB33B7F5BB197F83D7086F874700122F1
:10864000236853F80C3C86F87520E618AEE73846E8
:10865000E7F79AFE3B681C4A9B69934206D12027A4
:10866000EBE74046202198478046BEE73846202168
:1086700098470746E1E7F5F791FDF5F78FFD0129EA
:108680000D460AD10BF0AEFB2368294653F80C0CBB
:108690002044F5F739FE0BF0A7FF0BF0A3FB23688E
:1086A000012153F80C0C2044F5F72EFE0BF0D8FBFB
:1086B00019E70BF0D5FB6846FFF712FE0BF022FA24
:1086C000F9E70BF0CDFBF6E7B10201102DE9F04719
:1086D00004468AB0894604A82146FFF78DFE9DF81E
:1086E00010306BB3236853F80C5C2544D5F88060D8
:1086F000002E65D0D5F8788095F87530B8FA88F7EF
:108700007F09002B32D095F874003368314600950C
:10871000CDF820808DF82470CDE90109DD680AAB21
:1087200006A813E90C00A8479DF81C3043B1236844
:1087300053F80C0C2044416941F00101F5F7D4FDD8
:10874000059B1A6852F80C5C1D44EB689B0409D524
:108750000BF0CAFB30B9A86F20B103689B6998473A
:1087600001301ED020460AB0BDE8F087D5F87CA0C5
:10877000BAF1000F26D09AF81C303BB19AF83D00B0
:10878000012385F8740085F87530BEE75046E7F799
:10879000FBFDDAF800301F4A9B6993420CD1202080
:1087A000EEE70598036853F80C3C1844416941F022
:1087B0000101F5F799FDD5E7504620219847DFE7FD
:1087C000F5F7ECFCF5F7EAFC01290D460FD10BF0AB
:1087D00009FB2368294653F80C0C2044F5F794FD57
:1087E0000BF002FF04A8FFF77BFD0BF08BF90BF0F9
:1087F000F9FA2368012153F80C0C2044F5F784FDA5
:108800000BF02EFB9CE70BF02BFBEBE70BF028FBB0
:10881000E8E700BFB102011008B5FFF757FF08BD38
:108820002DE9F04704468AB0894604A82146FFF79F
:10883000E3FD9DF810306BB3236853F80C5C2544BE
:10884000D5F88060002E65D0D5F8788095F8753021
:10885000B8FA88F77F09002B32D095F87400336896
:1088600031460095CDF820808DF82470CDE90109BE
:108870001D690AAB06A813E90C00A8479DF81C3037
:1088800043B1236853F80C0C2044416941F00101C5
:10889000F5F72AFD059B1A6852F80C5C1D44EB683D
:1088A0009B0409D50BF020FB30B9A86F20B10368F9
:1088B0009B69984701301ED020460AB0BDE8F0877A
:1088C000D5F87CA0BAF1000F26D09AF81C303BB145
:1088D0009AF83D00012385F8740085F87530BEE7ED
:1088E0005046E7F751FDDAF800301F4A9B69934282
:1088F0000CD12020EEE70598036853F80C3C18448F
:10890000416941F00101F5F7EFFCD5E75046202120
:108910009847DFE7F5F742FCF5F740FC01290D46E3
:108920000FD10BF05FFA2368294653F80C0C204452
:10893000F5F7EAFC0BF058FE04A8FFF7D1FC0BF0AA
:10894000E1F80BF04FFA2368012153F80C0C204496
:10895000F5F7DAFC0BF084FA9CE70BF081FAEBE711
:108960000BF07EFAE8E700BFB10201102DE9F04FED
:108970008BB0014604461F4604A81646FFF73CFD8F
:108980009DF810308BB3236853F80C5C2544D5F860
:108990008080B8F1000F68D0D5F878A095F87530D0
:1089A000BAFA8AF94FEA5919002B34D095F87400B5
:1089B000D8F800304146CDF820A08DF82490CDE9BC
:1089C0000050CDE90267DD690AAB06A813E90C0087
:1089D000A8479DF81C3043B1236853F80C0C204481
:1089E000416941F00101F5F77FFC059B1A6852F8D7
:1089F0000C5C1D44EB689B0409D50BF075FA30B98B
:108A0000A86F20B103689B69984701301ED02046AB
:108A10000BB0BDE8F08FD5F87CB0BBF1000F26D0CD
:108A20009BF81C303BB19BF83D00012385F8740096
:108A300085F87530BCE75846E7F7A6FCDBF8003050
:108A40001E4A9B6993420CD12020EEE705980368EB
:108A500053F80C3C1844416941F00101F5F744FC1E
:108A6000D5E7584620219847DFE7F5F797FBF5F75C
:108A700095FB01290D460FD10BF0B4F92368294667
:108A800053F80C0C2044F5F73FFC0BF0ADFD04A8A7
:108A9000FFF726FC0BF036F80BF0A4F92368012150
:108AA00053F80C0C2044F5F72FFC0BF0D9F99CE798
:108AB0000BF0D6F9EBE70BF0D3F9E8E7B1020110C0
:108AC00038B5436805461A6852F80C4C1C44E368F4
:108AD0009B0409D50BF008FA30B9E06F20B10368A8
:108AE0009B699847013001D0284638BD6868036803
:108AF00053F80C3C1844416941F00101F5F74AFC78
:108B0000F2E700BF036853F80C3C0344DB6F30B559
:108B1000044683B013B30146684600F05DF89DF843
:108B200000304BB1236853F80C3C2344D86F0368E2
:108B30009B699847013014D0019B1A6852F80C5C6D
:108B40001D44EB689B0409D50BF0CEF930B9E86FF2
:108B500020B103689B69984701300CD0204603B0D0
:108B600030BD236853F80C0C2044416941F00101E9
:108B7000F5F710FCE0E70198036853F80C3C184443
:108B8000416941F00101F5F705FCE7E701290D46D0
:108B90000FD10BF027F92368294653F80C0C204419
:108BA000F5F708FC0BF020FD6846FFF789FF0AF097
:108BB000A9FF0BF017F92368012153F80C0C20448E
:108BC000F5F7F8FB0BF04CF9B6E70BF049F9EBE7DA
:108BD0000BF046F9E8E700BF38B50B6800224160AA
:108BE000044653F80C3C0D4602700B44186F59694B
:108BF00050B119B1CA070ED4204638BDFFF782FF25
:108C00002B6853F80C3C2B4459690029F2D10123FD
:108C10002046237038BD184641F00401F5F7BAFB31
:108C2000204638BD704700BF704700BF00000000FD
:108C30009FED037B002280ED007BC0E9022270479C
:108C4000FFFFFFFFFFFFFFFF9FED057B82B00021CD
:108C50008DE80C0080ED007B02B0C0E90211704786
:108C6000FFFFFFFFFFFFFFFF00207047002070475E
:108C70004FF0FF30704700BF4FF0FF30704700BF2C
:108C80004FF0FF30704700BF704700BF704700BF14
:108C90009FED037B002280ED007BC0E9022270473C
:108CA000FFFFFFFFFFFFFFFF9FED057B82B000216D
:108CB0008DE80C0080ED007B02B0C0E90211704726
:108CC000FFFFFFFFFFFFFFFF0020704700207047FE
:108CD0004FF0FF30704700BF4FF0FF30704700BFCC
:108CE0004FF0FF30704700BF044B10B5044640F80A
:108CF0001C3BE1F7A7F9204610BD00BF8489041092
:108D0000044B10B5044640F81C3BE1F79BF92046A4
:108D100010BD00BFC4890410054B10B5044640F8CF
:108D20001C3BE1F78FF92046DCF76AFE204610BDB8
:108D300084890410054B10B5044640F81C3BE1F74C
:108D400081F92046DCF75CFE204610BDC489041082
:108D50002DE9F843171E30DD064689460025DFF869
:108D600060807A1BD6E905031C1A83424FEAA404EB
:108D70000ED094424946A8BF1446224614B110F0C2
:108D8000E9FE706900EB8400254409EB84097061F9
:108D9000BD4202DB2846BDE8F8833368D9F80010ED
:108DA0005B6B4345F6D0304609F104099847013022
:108DB000F0D00135AF42D4DCECE70025EAE700BF94
:108DC000E18C02102DE9F047171E34DD06468A4675
:108DD0000025DFF86890A7EB0508D6E90502141A0C
:108DE0000FD0A0452246514625441ADB1BF048FD12
:108DF0007369AF422344736102DC2846BDE8F08703
:108E0000A24433689AF800105B6B4B45F5D03046AE
:108E10000AF1010A98470130EFD00135AF42DADCA0
:108E2000EBE742463D461BF02BFD73692846434461
:108E30007361BDE8F0870025DFE700BF818C021079
:108E400003680A4A5B6A934202D14FF0FF307047D1
:108E500010B504469847013004D0A36853F8040BBA
:108E6000A36010BD4FF0FF3010BD00BFD18C0210C9
:108E700003680A4A5B6A934202D14FF0FF307047A1
:108E800010B504469847013004D0A36813F8010BCD
:108E9000A36010BD4FF0FF3010BD00BF718C0210F9
:108EA0002DE9F047B2F1000944DD05460B460026E6
:108EB000214FDFF88880D5E90212541A10D0A9EBAF
:108EC000060AA24523DB224618461BF0D9FC26449D
:108ED000AA684E452244AA602ADB3046BDE8F087E6
:108EE0001C462B689A6ABA421CD15B6A4345F4D08F
:108EF000284698470130F0D0AB6813F8010BAB60FF
:108F000001362346B14503F8010BD4DCE5E75246B0
:108F100018461BF0B5FCAB684E4653443046AB6078
:108F2000BDE8F08728469047431CD6D0C0B2E7E79B
:108F30000444D6E70026D0E7718E0210718C02102F
:108F40002DE9F047B2F100093BDD06468A460025CF
:108F50001D4FDFF87880D6E902148C4212D0641AD3
:108F6000A9EB0503A4109C42A8BF1C4624B12246CD
:108F7000504610F0EFFDB16801EB840125440AEB87
:108F8000840AB1604D4502DB2846BDE8F0873368AE
:108F90009A6ABA4212D15B6A4345F5D03046984787
:108FA0000130F1D0B36853F8040BB360431CEBD02D
:108FB00001354AF8040BA945CDDCE5E7304690477A
:108FC000F4E70025E0E700BF418E0210D18C0210CB
:108FD0000868B0F1804F08B51DD2904210D9B0EBAF
:108FE000420F4FEA42030BD2B3F1804F0DD36FF023
:108FF00040434FF080400B60BDE80840DCF7FCBC0C
:109000000130BDE80840DCF7F7BC581C0B60BDE838
:109010000840DCF7F1BC0148F5F7E8F8144E0410FD
:10902000034653F8080B984201D0DCF7E9BC7047BF
:1090300030B50F2983B00446154601910ED800685B
:1090400039B1012912D00A4629461BF031FC019999
:10905000206800236160435403B030BD01A90022A1
:10906000FFF7B6FF01992060A160E9E705700023D2
:10907000019920686160435403B030BD2DE9F04F81
:1090800083B047689A468146DDF830B08E180D46A9
:1090900001A9ABEB020304463B44BF1B019359F803
:1090A000083B994514BF82680F22FFF791FF804665
:1090B0002DB1012D216829D02A461BF0E1FBBAF120
:1090C000000F0BD0BBF1000F08D0BBF1010F08EB74
:1090D000050022D051465A461BF0D2FB57B15D44E1
:1090E0002368012F08EB050003EB060111D03A4677
:1090F0001BF0C6FB2068814501D0DCF781FC019B99
:10910000C4F80080A36003B0BDE8F08F0B78037053
:10911000D5E79B5D08F80530ECE79AF8003008F8D1
:109120000530DBE738B501EB020C43681546044611
:10913000B3EB0C020BD055B10368012A03EB01001D
:1091400003EB0C0E09D071461BF0CAFB63685B1B76
:10915000226800216360D15438BD13F80C205A54A2
:109160006368F4E770B5054682B0044655F8083BDD
:1091700001919D42019B14BF82680F22934201D846
:1091800002B070BD01A9FFF723FF6368216806469E
:109190005A1C73B14AB98D4202D00846DCF730FC44
:1091A000019B2660A36002B070BD1BF069FB2168C3
:1091B000F1E70B7803702168EDE700BF2DE9F0417E
:1091C0001D466FF040430E464168134482B05B1A5F
:1091D0009DF820709D4243D8044650F8083BA5EB0B
:1091E00002088342884414BFA0680F20804524D819
:1091F0009019B1EB000C0DD0AA420BD03344BCF156
:10920000010F03EB050003EB020123D062461BF0C4
:1092100067FB236845B1012D03EB060017D02A46F2
:1092200039461BF045FB236800222046C4F8048021
:1092300003F8082002B0BDE8F08100233146204643
:109240000095FFF71BFF2368002DEDD0E3E79F5546
:109250002368E9E79A5C5A552368002DE4D0DAE7E1
:109260000148F4F7C3FF00BFD04C04100B4641681F
:10927000994206D304D9026800214360D154704753
:10928000704710B5144682B05B1A00220094FFF7B5
:1092900095FF02B010BD00BF2DE9F041069F1D46AD
:1092A0009046079E7B1E0C469A4209D9012F02D197
:1092B0002B780B7004E03A46294620461BF010FB41
:1092C00076B147454AD0012E04EB070004EB0801B4
:1092D00003D114F80830E35502E032461BF000FBDE
:1092E00047453BD904EB0806EB199E420BD3012FEF
:1092F00002D12B78237031E03A4629462046BDE85A
:10930000F0411BF0EDBAAE4210D82D1BA7EB0802BE
:10931000012F154404EB050102D1635D23701DE0AC
:109320003A462046BDE8F0411BF0AABA761B012E52
:1093300002D12B78237004E03246294620461BF0E8
:10934000CFFABA1BA019E119012A02D1E35DA35596
:1093500004E01AB1BDE8F0411BF092BABDE8F0811B
:109360002DE9F04704466FF0404082B00F461044AC
:1093700061680A9E401A86424CD898462346B51A20
:1093800053F808AB0D449A4514BFA3680F239D42C0
:109390002DD8D319C2450AEB0709A1EB03031BD94A
:1093A00053B1B24208D0012B09EB060009EB0201D0
:1093B00029D01A461BF094FA36B1012E1ED032463F
:1093C000414648461BF05CFA23680022204665604F
:1093D0005A5502B0BDE8F08751448845E0D8494667
:1093E0002046CDE900634346FFF756FFECE74346CE
:1093F000394620460096FFF741FEE5E798F8003031
:109400000AF80730E0E719F8023009F80630002EB4
:10941000DAD0D2E70148F4F7E9FE00BF2C4E041081
:10942000F0B50446476850F8085B83B0D61985420A
:1094300014BFA3680F23B3420DD332B1012A05EB49
:10944000070011D01BF01CFA256800232046666037
:10945000AB5503B0F0BD0B460092394600222046C2
:10946000FFF70CFE2568F0E70B78EB552568ECE775
:1094700010B5446886469C46A34215D8E41A944227
:1094800028BF14464CB1DEF80030012C084603EB2F
:109490000C0104D022461BF0F3F9204610BD13F84E
:1094A0000C300370204610BD234662460149024835
:1094B000F4F7CCFEA44C04106C4C041088421FD06E
:1094C0002DE9F043054687B080460C4655F8087BE9
:1094D0000E68BD4215D001F10803D0F808909E42F5
:1094E00023D006608B680F608360C4F808906668BC
:1094F000D8F80430C8F80460636007B0BDE8F083B2
:10950000704701F108074368B74218D02946A5689B
:109510005A1C38461BF0B4F9C8F80060D8F804307B
:109520002760C8F808506668E4E762683146284654
:1095300001321BF0A5F92760C8F80050D5E74E6846
:1095400073B103F10109E6B94A46294638461BF0D2
:1095500097F9D8E900326260C8F804601E70CCE761
:109560006EB1721C3946284601931BF089F9019BA4
:10957000D4E90021C8F8041063601370BDE73346D6
:10958000B8E70136394602A832461BF079F94A4657
:10959000294638461BF074F9324602A928461BF0CA
:1095A0006FF96668D8F80430A4E700BF43689A42B0
:1095B00017D2006803F1FF3C013A8444831800B5D8
:1095C00001E0634509D09E4613F8012F8A42F8D086
:1095D000C0F1010070445DF804FB4FF0FF305DF80E
:1095E00004FB4FF0FF30704783685869704700BF35
:1095F00083689869704700BF8368586B704700BFE5
:10960000836882B0986B02B0704700BF836882B0F5
:10961000D86B02B0704700BF83685869704700BFBD
:1096200083689869704700BF8368586B704700BFB4
:10963000836882B0986B02B0704700BF836882B0C5
:10964000D86B02B0704700BF8368586A704700BF8C
:109650008368986A704700BF0020704700207047F9
:10966000704700BF91424FF0000006D251F8043B12
:109670008A4203EB7060F9D870477047034B10B50E
:1096800004460360E0F74AFC204610BD708E0410CB
:10969000034B10B504460360E0F740FC204610BDC4
:1096A000AC8E0410034B10B504460360E0F736FCA3
:1096B000204610BDAC8F0410034B10B50446036068
:1096C000E0F72CFC204610BDC48F0410034B10B5EE
:1096D00004460360E0F722FC204610BDDC8E041037
:1096E000034B10B504460360E0F718FC204610BD9C
:1096F000DC8F0410034B10B504460360E0F70EFC4A
:10970000204610BDF08F0410054B10B504460360D1
:10971000E0F704FC2046DCF773F9204610BD00BFDB
:10972000708E0410054B10B504460360E0F7F6FB9D
:109730002046DCF765F9204610BD00BFAC8E041052
:10974000054B10B504460360E0F7E8FB2046DCF764
:1097500057F9204610BD00BFAC8F0410054B10B563
:1097600004460360E0F7DAFB2046DCF749F92046BF
:1097700010BD00BFC48F041010B50446FFF7A6FF4C
:109780002046DCF73DF9204610BD00BF054B10B563
:1097900004460360E0F7C2FB2046DCF731F92046BF
:1097A00010BD00BFDC8F0410054B10B504460360EC
:1097B000E0F7B4FB2046DCF723F9204610BD00BFDC
:1097C000F08F0410054B10B5044640F8083B0BF031
:1097D000C7FB2046E0F7A2FB204610BD648F0410B3
:1097E00010B50446FFF7EEFF2046DCF709F92046E6
:1097F00010BD00BF054B10B5044640F8083B0BF008
:10980000AFFB2046E0F78AFB204610BDF08D041028
:1098100038B50D4B044605690360E0F7A5FB25B19B
:10982000854202D02846DCF7EDF8A06810B1036845
:109830005B68984704F10C000BF092FB2046E0F7C0
:109840006DFB204638BD00BFEC8E041010B50446F9
:10985000FFF7DEFF2046DCF7D3F8204610BD00BF3F
:10986000D0E902218A4202D2043282607047036842
:109870009B6A184703680A4AA3F10C0090420ED075
:1098800053F8042C511E002A43F8041C07DC00B5D1
:1098900083B001A9E6F77EFA03B05DF804FB7047D8
:1098A000684600202DE9F0410E4605460021361A93
:1098B000B7103846E6F71CFA012F044600F10C08F1
:1098C00016D02FB90C4B9C420AD14046BDE8F0811E
:1098D00029463A46404610F03DF9074B9C42F4D0E9
:1098E0000023264427604046A360F360BDE8F08172
:1098F0002B68C360E6E700BF6846002003680A4A99
:10990000A3F10C0090420ED053F8042C511E002AF3
:1099100043F8041C07DC00B583B001A9E5F724FF78
:1099200003B05DF804FB704778460020074B10B584
:10993000044640F8083B0BF013FB2046E0F7EEFA34
:109940002046DCF75DF8204610BD00BFF08D041006
:1099500088422DE9F0411BD0044620B30D1A0021A6
:10996000AF103846E6F7C4F9012F064600F10C089F
:109970000BD027B121463A46404610F0EBF80B4B8E
:109980009E420AD14046BDE8F0812368C360F6E7F5
:10999000DFF820804046BDE8F08100237119376070
:1099A000B360CB60EEE70248F4F708FC684600209D
:1099B000104C0410744600208B68F0B59F6883B08B
:1099C0004FB30446384614F07DFA054620B9134BD0
:1099D0002046236003B0F0BD01AA0021E5F774FE24
:1099E000012D064600F10C030CD0184639462A46D4
:1099F0001AF046FF03460A4A964206D120462360E3
:109A000003B0F0BD3A780273F5E7002235603544C3
:109A1000B2602A73F2E70348F4F7D0FB84460020D3
:109A200078460020104C04108B68F0B59F6883B016
:109A30004FB30446384614F045FA054620B9134B97
:109A40002046236003B0F0BD01AA0021E5F73CFEEB
:109A5000012D064600F10C030CD0184639462A4663
:109A60001AF00EFF03460A4A964206D120462360AA
:109A700003B0F0BD3A780273F5E700223560354453
:109A8000B2602A73F2E70348F4F798FB844600209B
:109A900078460020104C04108B68F0B59F6883B0A6
:109AA0004FB30446384614F00DFA054620B9134B5F
:109AB0002046236003B0F0BD01AA0021E5F704FEB3
:109AC000012D064600F10C030CD0184639462A46F3
:109AD0001AF0D6FE03460A4A964206D12046236073
:109AE00003B0F0BD3A780273F5E7002235603544E3
:109AF000B2602A73F2E70348F4F760FB8446002063
:109B000078460020104C04108B6830B5DD6983B0B6
:109B1000A5B10446284611F087FE05EB80018D4271
:109B200004D108482060204603B030BD01AA284671
:109B3000FFF7B8FE2060204603B030BD0248F4F7BE
:109B40003DFB00BF74460020104C04108B6830B5FC
:109B5000DD6A83B0A5B10446284611F065FE05EB29
:109B600080018D4204D108482060204603B030BDFA
:109B700001AA2846FFF796FE2060204603B030BDBC
:109B80000248F4F71BFB00BF74460020104C041081
:109B90008B6830B55D6A83B0A5B10446284611F0E4
:109BA00043FE05EB80018D4204D108482060204629
:109BB00003B030BD01AA2846FFF774FE206020469E
:109BC00003B030BD0248F4F7F9FA00BF7446002034
:109BD000104C04108B6830B55D6A83B0A5B10446A3
:109BE000284611F021FE05EB80018D4204D1084882
:109BF0002060204603B030BD01AA2846FFF752FE80
:109C00002060204603B030BD0248F4F7D7FA00BF09
:109C100074460020104C04108B6830B5DD6A83B0A8
:109C2000A5B10446284611F0FFFD05EB80018D42E9
:109C300004D108482060204603B030BD01AA284660
:109C4000FFF730FE2060204603B030BD0248F4F735
:109C5000B5FA00BF74460020104C04108B6830B574
:109C6000DD6983B0A5B10446284611F0DDFD05EBA2
:109C700080018D4204D108482060204603B030BDE9
:109C800001AA2846FFF70EFE2060204603B030BD33
:109C90000248F4F793FA00BF74460020104C0410F9
:109CA0008B6830B55D6983B0A5B10446284611F0D4
:109CB000BBFD05EB80018D4204D1084820602046A1
:109CC00003B030BD01AA2846FFF7ECFD2060204616
:109CD00003B030BD0248F4F771FA00BF74460020AB
:109CE000104C04108B6830B5DD6983B0A5B1044613
:109CF000284611F099FD05EB80018D4204D10848FA
:109D00002060204603B030BD01AA2846FFF7CAFDF7
:109D10002060204603B030BD0248F4F74FFA00BF80
:109D200074460020104C04102DE9F04F0C4685B00D
:109D30001146804602AA20461C46FFF709FE8146CE
:109D400002AA20460E99CDF80C90FFF701FE59F8B3
:109D50000C6C054650F80C7CCB4609EB860601904E
:109D600000EB870704E087422AD00BF1040B051DA6
:109D70002A46594640460BF0DDFA824690B95846CD
:109D800011F052FD044628460BEB840B11F04CFDFC
:109D90005E4505EB8000E6D1874203D05E45E2D107
:109DA0004FF0FF3A019B184CA3F10C00A0420FD1D9
:109DB000A9F10C00A04216D1504605B0BDE8F08FC5
:109DC000019B4FF0010A104CA3F10C00A042EFD010
:109DD00053F8042C511E002A43F8041CE8DC02A9A5
:109DE000E5F7D8FFE4E759F8042C511E002A49F89A
:109DF000041CE1DC02A9E5F7CDFFDDE703A8FFF7CE
:109E000039FD09F07FFE00BF684600202DE9F043D0
:109E1000ADF5097D04462C48909F02AD9DF84C623B
:109E20009DF8508285E80C00E0F728FBFB6E5B682C
:109E300053F82090B9F1000F44D02448E0F71EFBFE
:109E4000FB6ED3E9013290423CD253F82000002847
:109E500038D000231E4A1F4909F0DAFC07460028C3
:109E600030D0D9F80030484625219B6A98470490A5
:109E7000B8F1000F24D03246002146460791929B4C
:109E8000384608A906920093802204AB05960BF091
:109E9000C1FF08A811F0C8FC2F682D79064645B906
:109EA0003B68024608A938461B6B9847864218BF94
:109EB00001252046276025710DF5097DBDE8F08359
:109EC0004246DCE7F4F76AF9544700209C4600203C
:109ED000408B0410605D04102DE9F04F154685B0ED
:109EE0004D4E0746894602AA0660194628461C467A
:109EF000FFF72EFD50F80C3C641B0646019000EB6A
:109F0000830A464B651003909C4200F28280A800B1
:109F1000DBF774FD0446DFF808B119E03B68061D65
:109F200053E9032102F10108884503D853F8041CC2
:109F3000002906DD41463846E6F786F83B6853F8C7
:109F40000C2C002143F82210A3F10C025A4535D104
:109F500032462B46214648460BF0F8F98542024628
:109F600013D8451C14B12046DBF74CFD6FF060435D
:109F70009D424BD2A800DBF741FD044632462B46FA
:109F8000484621460BF0E2F9024621463846E6F7FC
:109F9000BFF8304611F048FC06EB80008245BDD189
:109FA00014B12046DBF72EFD019BA3F10C001C4BE6
:109FB00098420AD1384605B0BDE8F08F43F8041C3A
:109FC00043F80C8C43F82810C2E7019951F8043C7F
:109FD0005A1E002B41F8042CECDC02A9E5F7DAFE4E
:109FE000E8E709F0FFFE2CB12046DBF70BFD01E0AE
:109FF00009F0F8FE0AF0F8FA09F032FF03A8FFF7BB
:10A0000039FC3846FFF736FC09F07CFD09F042FECA
:10A01000F4E709F03FFEF4E774460020FCFFFF3F41
:10A02000684600202DE9F04F8B468BB00446B348BC
:10A03000E0F724FADBF800305B6853F82050002D7D
:10A0400000F0C9812B68AE4A5B69934240F03C81C5
:10A05000AB68DE69002E00F02481304611F0E4FB8D
:10A0600006EB80018E4240F01F81A64809AE0990A0
:10A0700050F80C9C6FF06043994580F0D5814FEA11
:10A080008900DBF7BBFC0146019000234A463046BD
:10A09000E5F7F2FD099B9C4FA3F10C00B84240F09C
:10A0A00062812B68994A9B69934240F00881AB68B2
:10A0B000D3F82480B8F1000F00F0FB80404611F087
:10A0C000B3FB08EB8001884500F04B81404605AAB0
:10A0D000FFF7E8FB099050F80C8C6FF0604398454F
:10A0E00080F094814FEA8800DBF788FC01460090FD
:10A0F000002342463046E5F7BFFD099BA3F10C0063
:10A10000B84240F048812B68814ADB69934240F0B5
:10A11000E780AB68D3F82CA0BAF1000F00F0CC8038
:10A12000504611F081FB0AEB80018A4500F017814F
:10A13000504606AAFFF7B6FB099050F80CAC6FF03A
:10A1400060439A4580F079814FEA8A00DBF756FC3C
:10A1500001460290002352463046E5F78DFD099BEB
:10A16000A3F10C00B84240F00A812B68694A1B69D0
:10A17000934240F0AF80AB689F68002F00F02D81C4
:10A18000384613F09FFE0646002800F0E68007AA36
:10A190000021E5F799FA0346012E039003F10C0321
:10A1A00000F0D8801846394632461AF069FB03465B
:10A1B000594A0399914240F0068104AA04930392FC
:10A1C00053F80C6C3046DBF719FC07460023324687
:10A1D00003983946E5F71EFAC4E902762EB197F9DD
:10A1E0000060002ED4BF002601262B684B499A68D8
:10A1F00026748A4240F0AA80AA685069DA68484901
:10A2000060618A4240F09E80AA689069019A45493F
:10A21000A061C4E90729009AC4E90928029AC4E99F
:10A220000B2A1A6A8A4240F08980AA68506B5B6ADE
:10A230003D4A606393425CD1AB689B6B0893059386
:10A24000059B3A4A0993A3632B689B6A93424CD1BE
:10A25000AB68DB6B09930793079B3548E363069371
:10A26000E0F70CF9DBF800305B6853F82050002D64
:10A2700000F0AF802F4A28462B681168DD6A04F190
:10A28000400301F10B02A847049B0121224AA3F1DC
:10A290000C0084F86C10904240F089800BB0BDE84F
:10A2A000F08F2548F3F78AFF304608AAFFF7FAFA3D
:10A2B000DCE62148F3F782FF1F48F3F77FFF2946CA
:10A2C00030469847099806E709AE29463046984730
:10A2D0000998CDE604A8294603909847049B6FE7A8
:10A2E000294630469847099827E728469847079017
:10A2F000B2E7284698470590A2E700BF90460020A5
:10A30000099B02107446002068460020919B0210B1
:10A31000199C0210299A021078460020E995021033
:10A32000F1950210F9950210019602100D96021097
:10A330005447002010290020104C04102846904754
:10A340002B6874E7284690472B685FE728469047BC
:10A350002B6853E73A7802732AE73B4B2DE73B48DB
:10A36000EAE63A48B6E653F8042C511E002A43F8B0
:10A37000041C3FF796AE08A9E5F70CFD91E653F8EB
:10A38000042C511E002A43F8041C3FF7EEAE08A926
:10A39000E5F700FDE9E653F8042C511E002A43F8C6
:10A3A000041C3FF7B0AE08A9E5F7F4FCABE653F8A0
:10A3B000042C511E002A43F8041C3FF76FAF06A976
:10A3C000E5F7D2F96AE700220E600E448A60327324
:10A3D000F3E6F3F7E3FEF3F7E1FE1D48F3F7EEFED5
:10A3E00000230293CDE900330398FFF787FA029B1D
:10A3F00013B10298DBF706FB009B13B10098DBF763
:10A4000001FB019B4BB90BE0EAE7E9E709F042FCED
:10A41000EAE702E03046FFF72DFA0198DBF7F2FA9F
:10A4200009F070FBDCE7DBE709F034FC3046FFF7AE
:10A4300021FA09F067FBE1E7DBE709F02BFC304686
:10A44000FFF718FADAE700BF8446002074460020C0
:10A45000104C04102DE9F04F8B468BB00446B348E6
:10A46000E0F70CF8DBF800305B6853F82050002D63
:10A4700000F0C9812B68AE4A5B69934240F03C8191
:10A48000AB68DE69002E00F02481304611F0CCF973
:10A4900006EB80018E4240F01F81A64809AE09906C
:10A4A00050F80C9C6FF06043994580F0D5814FEADD
:10A4B0008900DBF7A3FA0146019000234A463046A3
:10A4C000E5F7DAFB099B9C4FA3F10C00B84240F082
:10A4D00062812B68994A9B69934240F00881AB687E
:10A4E000D3F82480B8F1000F00F0FB80404611F053
:10A4F0009BF908EB8001884500F04B81404605AA96
:10A50000FFF7D0F9099050F80C8C6FF06043984534
:10A5100080F094814FEA8800DBF770FA01460090E2
:10A52000002342463046E5F7A7FB099BA3F10C0048
:10A53000B84240F048812B68814ADB69934240F081
:10A54000E780AB68D3F82CA0BAF1000F00F0CC8004
:10A55000504611F069F90AEB80018A4500F0178135
:10A56000504606AAFFF79EF9099050F80CAC6FF020
:10A5700060439A4580F079814FEA8A00DBF73EFA22
:10A5800001460290002352463046E5F775FB099BD1
:10A59000A3F10C00B84240F00A812B68694A1B699C
:10A5A000934240F0AF80AB689F68002F00F02D8190
:10A5B000384613F087FC0646002800F0E68007AA1C
:10A5C0000021E5F781F80346012E039003F10C0307
:10A5D00000F0D8801846394632461AF051F9034641
:10A5E000594A0399914240F0068104AA04930392C8
:10A5F00053F80C6C3046DBF701FA0746002332466D
:10A6000003983946E5F706F8C4E902762EB197F9C2
:10A610000060002ED4BF002601262B684B499A68A3
:10A6200026748A4240F0AA80AA685069DA684849CC
:10A6300060618A4240F09E80AA689069019A45490B
:10A64000A061C4E90729009AC4E90928029AC4E96B
:10A650000B2A1A6A8A4240F08980AA68506B5B6AAA
:10A660003D4A606393425CD1AB689B6B0893059352
:10A67000059B3A4A0993A3632B689B6A93424CD18A
:10A68000AB68DB6B09930793079B3548E36306933D
:10A69000DFF7F4FEDBF800305B6853F82050002D44
:10A6A00000F0AF802F4A28462B681168DD6A04F15C
:10A6B000400301F10B02A847049B0121224AA3F1A8
:10A6C0000C0084F86C10904240F089800BB0BDE81B
:10A6D000F08F2548F3F772FD304608AAFFF7E2F83D
:10A6E000DCE62148F3F76AFD1F48F3F767FD2946CA
:10A6F00030469847099806E709AE294630469847FC
:10A700000998CDE604A8294603909847049B6FE773
:10A71000294630469847099827E7284698470790E2
:10A72000B2E7284698470590A2E700BF944600206C
:10A730005D9C02107446002068460020D59B0210E4
:10A740004D9B0210999A021078460020199602102B
:10A750002196021029960210319602103D960210A1
:10A760005447002010290020104C04102846904720
:10A770002B6874E7284690472B685FE72846904788
:10A780002B6853E73A7802732AE73B4B2DE73B48A7
:10A79000EAE63A48B6E653F8042C511E002A43F87C
:10A7A000041C3FF796AE08A9E5F7F4FA91E653F8D2
:10A7B000042C511E002A43F8041C3FF7EEAE08A9F2
:10A7C000E5F7E8FAE9E653F8042C511E002A43F8AD
:10A7D000041C3FF7B0AE08A9E5F7DCFAABE653F886
:10A7E000042C511E002A43F8041C3FF76FAF06A942
:10A7F000E4F7BAFF6AE700220E600E448A60327303
:10A80000F3E6F3F7CBFCF3F7C9FC1D48F3F7D6FCEE
:10A8100000230293CDE900330398FFF76FF8029B02
:10A8200013B10298DBF7EEF8009B13B10098DBF749
:10A83000E9F8019B4BB90BE0EAE7E9E709F02AFAEE
:10A84000EAE702E03046FFF715F80198DBF7DAF89F
:10A8500009F058F9DCE7DBE709F01CFA3046FFF7AE
:10A8600009F809F04FF9E1E7DBE709F013FA3046A0
:10A87000FFF700F8DAE700BF8446002074460020A6
:10A88000104C04102DE9F04F8B4689B00446B648B1
:10A89000DFF7F4FDDBF800305B6853F82060002E32
:10A8A00000F035813368B14A1B69934240F0ED8076
:10A8B000B368D3F80890B9F1000F00F02C81484636
:10A8C00013F000FB0546002840F0BD80DFF8CC8285
:10A8D00005ABCDF81480019358F80C0CE060DBF761
:10A8E0008DF807460023E26801983946E4F792FEA6
:10A8F000E3682BB197F90030002BD4BF002301236C
:10A90000237433689A4A5B69934240F0C680B36807
:10A910005D69002D00F0AF80284610F085FF05EB43
:10A9200080018D4200F0D080284603AAFEF7BAFFCE
:10A930000DF1180A069050F80C0C6FF06043984225
:10A94000A06180F037818000DBF758F88046002353
:10A95000A26950464146E5F78FF93368854A9B69FD
:10A96000934240F0A880B368DD69002D00F0868036
:10A97000284610F059FF05EB80018D4200F0A280BF
:10A98000284604AAFEF78EFF0DF11C09079050F827
:10A990000C0C6FF060439842206280F014818000BC
:10A9A000DBF72CF805460023226A48462946E5F7DE
:10A9B00063F9336870499A688A4278D1B268506AFC
:10A9C000DB686E4A606293426ED1B368986AA06297
:10A9D0006B48DFF753FDDBF800305B6853F820600D
:10A9E000002E00F09680674B30461968336801F1FD
:10A9F0002402D3F82CB004F12C03D847624B304624
:10AA00001968336801F11A02DE6A04F1BC03B04729
:10AA1000079B0122A760A3F10C0084F82421C4F84D
:10AA20001480E561594CA04266D1069BA3F10C004D
:10AA3000A04256D1059B564AA3F10C00904245D145
:10AA400009B0BDE8F08F07AA0021E4F73DFE012D13
:10AA5000074600F10C0814D049462A46404619F032
:10AA60000FFF4B4B9F423FF433AF00233D603D440B
:10AA7000BB602B732CE74748F3F7A0FB4548F3F77F
:10AA80009DFB99F800300373EBE705AA31461046A9
:10AA900001929847DDF814801EE70DF1180A31463F
:10AAA00050469847069846E7304698478FE7304625
:10AAB0009047336884E70DF11C09314648469847B2
:10AAC000079864E734485FE7334831E753F8042CCC
:10AAD000511E002A43F8041CB2DC4946E4F744FE48
:10AAE000AEE753F8042C511E002A43F8041CA1DCE5
:10AAF0004946E5F74FF99DE753F8042C511E002A0B
:10AB000043F8041C91DC04A9E5F744F98DE7F3F759
:10AB100045FBF3F743FB1F48F3F750FB0446504651
:10AB2000FEF7A8FE0198FEF7E9FE204609F05AF963
:10AB300017B13846DAF766FFB8F1000F02D0404689
:10AB4000DAF760FF15B12846DAF75CFF09F04CFD33
:10AB500004460025E3E700250446A846E2E709F09D
:10AB60007FF908F0CFFFF7E7E8470020B999021016
:10AB7000A19C0210E59C0210499602105196021009
:10AB800054470020082900200C2900206846002096
:10AB900078460020104C04107446002084460020A3
:10ABA00009F020F9D2E700250446A8462F46B9E768
:10ABB000D1E7D0E709F06EF800250446A846AEE7D5
:10ABC000C6E7F9E7C4E709F065F8044600254846FA
:10ABD000FEF750FEA3E70446F9E7F6E7F8B50546A9
:10ABE0001B48DFF74BFC04462B68DF6857F8200052
:10ABF00000B1F8BD4FF49470DAF7FEFE0023294649
:10AC00000646C360037480F82431C0E90133C0E90B
:10AC10000533C0E90733C0E909330E4B0360FFF782
:10AC200031FE286822463146DFF7AEFB57F8240094
:10AC3000F8BD09F0D7F809F0D7FC09F0D3F833686C
:10AC400030465B689847F6E709F00AF908F05AFFC2
:10AC5000E8470020BC650410003A0B4B18BF0122E6
:10AC600010B5C0E9003281600446DFF77DF9034684
:10AC70000021204623610BF001F9204610BD20463B
:10AC8000DFF74CF908F03EFFEC8E04102DE9F04F91
:10AC900087B007465B48994606A9169C1546DDF81D
:10ACA00040B001E90C00DFF7E9FBE36E5B6853F8A5
:10ACB0002060002E00F0A380119A0024CDF804B08B
:10ACC000B346A2F1FF3AA0460297BAFA8AFA4FEACF
:10ACD0005A1AA9F1FF32B2FA82F25209002D0CBFC2
:10ACE000002702F00107002F58D11746019B002BC7
:10ACF0000CBF00260AF001066EBB5646BE4234D099
:10AD0000159B984531D205B1E2B94946DBF80020E0
:10AD10005846166B2A22B0473038C2B2092A24D8C6
:10AD200004EB8404149B00EB44049C4251DCD5E901
:10AD300002218A423BD20432AA6008F101084FF096
:10AD4000FF39C6E7D5E902218A4252D211684B1C6D
:10AD500008BF0025DAE7D3E90201884242D2006841
:10AD6000013033D00026BE42CAD1B8F10003139A95
:10AD7000029F18BF01239442B8BF002313B1149B54
:10AD80009C4219DD179B3846179A1B6843F0040351
:10AD9000C7E90059136007B0BDE8F08FD5E902019B
:10ADA000884218D2006801300ED000279EE72A683A
:10ADB0002846926A9047C0E7129B38461C60C7E954
:10ADC000005907B0BDE8F08F00258FE700230193FD
:10ADD00094E7029FD6E7296828460392496A884784
:10ADE000039AE0E7019803920168496A8847039A49
:10ADF000B6E72A682846526A90470146A7E7F3F764
:10AE0000CDF900BF544700200039084B18BF01217D
:10AE100010B5C0E900310446DFF796F8A06020467F
:10AE200010BD2046DFF77AF808F06CFE648F04103E
:10AE30002DE9F04FDDF824E014460A9A94F800C09A
:10AE4000A2EB0E09BCEBA90F5DDA4FF0000A5E1E03
:10AE5000274655460FE0AE42A2EB8C0288BF013573
:10AE6000A2EB0E0998BF0AF1010A14F805C0671990
:10AE7000BCEBA90F03DA4FFA8CF3002BEBDC964501
:10AE80000AF1FF3805F1FF3B09D07346A0F1040C2D
:10AE900053F8046B93424CF8046FF9D14844BAF16B
:10AEA000000F13D086464EF8041B3B784BB34FEA95
:10AEB000830902EB830C52F8043B624540F8043FDF
:10AEC000F9D10EEB0900B8F10108EBD2ADB10BF1ED
:10AED0000105254486464EF8041B15F8013D73B163
:10AEE0009E0002EB830C52F8043B624540F8043F9D
:10AEF000F9D10EEB0600A542ECD1BDE8F08F70460B
:10AF0000F9E77046DFE77245F7D04FF0FF3B4FF0AF
:10AF1000000A2746D8465546B7E700BFF0B583B0CC
:10AF200018460D461346089F01460B9C2A46DDE94C
:10AF30000960B7B1CDE90007381A85103046FFF730
:10AF400077FF2268861B521B4FEAA60603D13244C4
:10AF5000226003B0F0BD39460EF0FCFD2268521BA2
:10AF6000F5E70090256800EB850001903046FFF77B
:10AF70005FFF821B9210226003B0F0BD70B582B0FB
:10AF80008C4619461346079D6246DDE90804009089
:10AF9000266800EB860001902846FFF749FF401B1A
:10AFA0008010206002B070BD2DE9F04F8FB00746D1
:10AFB000AB48DDF860800DF1180989E80C00DFF777
:10AFC0005DFAD8F86C305B6853F82050002D00F023
:10AFD000A181A448DFF752FAD8F86C300646D3F8BE
:10AFE0000CA05AF82040002C00F042811A9B1E68E9
:10AFF000236C32689A421DD0A36B0993636A039352
:10B00000A36A029356F80C3C2A68284606EB830391
:10B01000042155693246A847851BAD1016D100237F
:10B0200099E80300C8F8083087E8030038460FB0F5
:10B03000BDE8F08FE36B0993E36A0393236B0293FC
:10B0400056F80C3C002BDFD00436DDE76B000DF129
:10B05000280A854A1946504604930A92E4F7F4FFF9
:10B06000636BA5EB030BBBF1000F5A4637DD002BDA
:10B07000E168C0F22281002900F022814FEA4B03EF
:10B0800004930A9A0021049B504652F80C2C00911C
:10B09000E4F724FF0A9850F8043C002B80F2288142
:10B0A00006EB8B0CA169D4E902230096CDF804C00D
:10B0B000FFF7BEFE0A9B049053F8042C002A80F28E
:10B0C0001281049AD21A911053F80C2C914200F27A
:10B0D0002381521A00235046E4F75EFE636B002B77
:10B0E00000F3A980D8F80C3003F0B00204920A9A59
:10B0F00052F80C6C029A16449A0500F18C805A4B57
:10B1000071000BA80B93E4F79FFF049B09ADD8F8DF
:10B1100008B0A3F11003B345B3FA83F34FEA531316
:10B1200098BF0023059315F8013B042B08D8DFE8EE
:10B1300003F0566A604D030051460BA8E4F7B4FFD4
:10B14000AA45F0D1029B012B68D80B9A52F80C3C0F
:10B150009B456ED9049AABEB0303202A79D0199A48
:10B160000BA8009200221146E4F7B8FE0B9A9DF856
:10B170001C40069D4CB92B68114628465A461B6B4D
:10B180009847584518BF01240B9A0C95A2F10C035F
:10B190008DF834400CAC354D94E80300AB4206907A
:10B1A0008DF81C1040F0A9800A9BA3F10C00A84266
:10B1B0003FF435AF53F8042C511E002A43F8041C09
:10B1C0003FF72DAF2146E4F7E5FD28E7029B002B72
:10B1D000B6D0039B0BA81968E5F744F8B0E7059BC8
:10B1E000002BADD0199AABEB06010BA8E4F7E2FFF8
:10B1F000A6E7D8F80C309B05A2D50BA8D4E9071216
:10B20000E4F786FF9CE7059B002BEBD119990BA86F
:10B21000E5F728F894E7236A1E4470E703995A1E5D
:10B220000BA80431E4F774FF0B9A52F80C3C9B45D1
:10B2300090D89B469BE761695046E5F713F8BBF150
:10B24000000F42DB06EB8B01626B5046E4F760FFB8
:10B2500048E71946199A0BA8E4F7ACFF86E700BF48
:10B260005447002094460020744600206846002081
:10B270007020DAF7C1FB002308F16C010446C360BB
:10B280000374C36380F86C30C0E90133C0E905334F
:10B29000C0E90733C0E90933C0E90B33C0E90D3316
:10B2A0002C4B0360FFF7D6F821463246D8F86C00E5
:10B2B000DFF76AF85AF8264098E691B92A46AB4675
:10B2C00031465046E4F74AFE08E7CBF10001626CD4
:10B2D0005046E4F76FFF2A4631465046E4F718FF20
:10B2E00000E7AB46CDE65046E4F7DCFD0A9BE8E616
:10B2F0005046E4F7D7FD0A98D2E652F8041C481EDF
:10B30000002942F8040C3FF74FAF18462146E4F7F6
:10B3100041FD49E7F2F742FF13460F480A460F493D
:10B32000F2F794FF0BA8FEF7A5FA5046FEF7A2FA33
:10B3300008F0E8FBF9E708F055FD236820465B6854
:10B34000984709F051F908F04DFDFAE708F088FD3B
:10B3500008F0D8FB8C6504106C4C0410C44D04102C
:10B360002DE9F04F8FB00746AB48DDF860800DF156
:10B37000180989E80C00DFF781F8D8F86C305B68B1
:10B3800053F82050002D00F0A181A448DFF776F893
:10B39000D8F86C300646D3F80CA05AF82040002CA0
:10B3A00000F042811A9B1E68236C32689A421DD0BD
:10B3B000A36B0993636A0393A36A029356F80C3C48
:10B3C0002A68284606EB8303042155693246A847BC
:10B3D000851BAD1016D1002399E80300C8F808308A
:10B3E00087E8030038460FB0BDE8F08FE36B0993A0
:10B3F000E36A0393236B029356F80C3C002BDFD0D7
:10B400000436DDE76B000DF1280A854A19465046DF
:10B4100004930A92E4F718FE636BA5EB030BBBF1F0
:10B42000000F5A4637DD002BE168C0F22281002967
:10B4300000F022814FEA4B0304930A9A0021049BF7
:10B44000504652F80C2C0091E4F748FD0A9850F849
:10B45000043C002B80F2288106EB8B0CA169D4E917
:10B4600002230096CDF804C0FFF7E2FC0A9B04908B
:10B4700053F8042C002A80F21281049AD21A9110F7
:10B4800053F80C2C914200F22381521A00235046AB
:10B49000E4F782FC636B002B00F3A980D8F80C3032
:10B4A00003F0B00204920A9A52F80C6C029A164405
:10B4B0009A0500F18C805A4B71000BA80B93E4F7AE
:10B4C000C3FD049B09ADD8F808B0A3F11003B34540
:10B4D000B3FA83F34FEA531398BF0023059315F88B
:10B4E000013B042B08D8DFE803F0566A604D0300E7
:10B4F00051460BA8E4F7D8FDAA45F0D1029B012BD9
:10B5000068D80B9A52F80C3C9B456ED9049AABEB69
:10B510000303202A79D0199A0BA800920022114621
:10B52000E4F7DCFC0B9A9DF81C40069D4CB92B6897
:10B53000114628465A461B6B9847584518BF0124A8
:10B540000B9A0C95A2F10C038DF834400CAC354DE0
:10B5500094E80300AB4206908DF81C1040F0A980DF
:10B560000A9BA3F10C00A8423FF435AF53F8042C1A
:10B57000511E002A43F8041C3FF72DAF2146E4F783
:10B5800009FC28E7029B002BB6D0039B0BA8196887
:10B59000E4F768FEB0E7059B002BADD0199AABEB42
:10B5A00006010BA8E4F706FEA6E7D8F80C309B05C9
:10B5B000A2D50BA8D4E90712E4F7AAFD9CE7059BE6
:10B5C000002BEBD119990BA8E4F74CFE94E7236A02
:10B5D0001E4470E703995A1E0BA80431E4F798FD46
:10B5E0000B9A52F80C3C9B4590D89B469BE76169AF
:10B5F0005046E4F737FEBBF1000F42DB06EB8B0150
:10B60000626B5046E4F784FD48E71946199A0BA887
:10B61000E4F7D0FD86E700BF5447002090460020A5
:10B6200074460020684600207020DAF7E5F9002310
:10B6300008F16C010446C3600374C36380F86C3086
:10B64000C0E90133C0E90533C0E90733C0E9093374
:10B65000C0E90B33C0E90D332C4B0360FEF7E2FC6D
:10B6600021463246D8F86C00DEF78EFE5AF82640A6
:10B6700098E691B92A46AB4631465046E4F76EFC4F
:10B6800008E7CBF10001626C5046E4F793FD2A46CF
:10B6900031465046E4F73CFD00E7AB46CDE6504668
:10B6A000E4F700FC0A9BE8E65046E4F7FBFB0A9847
:10B6B000D2E652F8041C481E002942F8040C3FF759
:10B6C0004FAF18462146E4F765FB49E7F2F766FD00
:10B6D00013460F480A460F49F2F7B8FD0BA8FEF7CC
:10B6E000C9F85046FEF7C6F808F00CFAF9E708F07A
:10B6F00079FB236820465B68984708F075FF08F0DF
:10B7000071FBFAE708F0ACFB08F0FCF99C6504104B
:10B710006C4C0410C44D04102DE9F04F2DED028B3C
:10B720008BB00546894604AFC7E90023FB6C07F1DF
:10B73000100097F848B003F16C0197ED168BDEF717
:10B74000F5FB4748DEF79AFE3B695B6853F820A09B
:10B75000BAF1000F77D090B00DF11008DEF7F4FBCE
:10B760000023786140224146009307F114003D4BCD
:10B770008DED028BE5F7D6FB3F283E46044637DCCD
:10B780000021204607F10C02E4F7E0FA50F8042CFF
:10B79000444403467861002A43DA2246DAF800403E
:10B7A00041465046E46AA047FB6C49462846009350
:10B7B00007F1140302933B6D019396E80C00BBF173
:10B7C000000F12D1FFF7CCFD7B69274AA3F10C00D3
:10B7D00090422CD107F11000DEF734FC28461C37CC
:10B7E000BD46BDEC028BBDE8F08FFFF7DDFBEBE75C
:10B7F00000F10803013423F00703ADEB030D0DF155
:10B800001008DEF7A1FB0023224641468DED028B96
:10B81000786107F114000093124BE5F783FB0446AF
:10B82000AEE707F11400E4F73DFB7B69B5E753F899
:10B83000042C511E002A43F8041CCBDC07F10C0138
:10B84000E4F7A8FAC6E7F2F7A9FC07F11400FEF73F
:10B8500011F807F11000DEF7F5FB08F053F9F8E7EF
:10B8600054470020D84D04106846002030B587B0FA
:10B8700004460DF1100C9DF828508CE80C00DDE911
:10B880000B3255B10D9D0093CDE901259CE80C00CC
:10B89000FFF78AFB204607B030BD0D9D0093CDE930
:10B8A00001259CE80C00FFF75BFD204607B030BD8A
:10B8B0002DE9F843C4688946089F154604F0B00C8A
:10B8C000099C9846BCF1200FA7EB040718D0BCF1E7
:10B8D000100F28D0002627B9A21B09D1BDE8F88394
:10B8E00000263A46494628460BF076F8A21BF5D0CA
:10B8F00005EB870541462846BDE8F8430EF02AB916
:10B900004CB9002FEAD03A46494605EB8400BDE821
:10B91000F8430BF061B81946224628460EF01AF992
:10B92000002FDBD0EFE706462A48DEF7A7FDF36ECF
:10B930005B6853F82060002E49D033682D213046D3
:10B940009B6A9847D8F80030834229D033682B216E
:10B9500030469B6A9847D8F80030834220D033683D
:10B96000302130469B6A9847D8F800308342B1D1E5
:10B97000012CAFDD3368782130469B6A9847D8F8B0
:10B980000430834214D03368304658219B6A98476C
:10B99000D8F8043083420BD0002FA1D12246A9E76A
:10B9A00008F10408012645F8040B002F94D098E70D
:10B9B000D8F80030083508F10808022645F8083C98
:10B9C00058F8043C45F8043C002F85D089E7F2F78D
:10B9D000E5FB00BF5447002030B583B0144618463D
:10B9E000089D079B2A6800940192069AFFF760FF62
:10B9F0002C6003B030BD00BF2DE9F04F2DED028B60
:10BA00008FB080468A4604AFBC6D07F1080504F18B
:10BA10006C0085E80C0097ED1A8B97F86050FFF7E3
:10BA2000DDF8666881462A462046002E07F1180197
:10BA3000B8BF062609F0FEFCE3688CB003F48273FD
:10BA400004ADB3F5827F00F0A780DEF77DFA07F141
:10BA5000180378612D22294607F1140000968DED18
:10BA6000028BE5F75FFA2C2838617CDC7C48DEF736
:10BA700005FDE36E5B6853F82000002800F0ED80C0
:10BA80003A6929460368D3F82CB093002A44073357
:10BA900023F00703ADEB030D0DF1170323F00706A9
:10BAA000DB087B603346D847D7F810B0BBF1000FF6
:10BAB00000F0CC805A462E21284618F0CDFE99F889
:10BAC00010C0002800F0A480401BD9F824207B6817
:10BAD000810006EB800041F83320BCF1000F24D038
:10BAE0006B46A3EBCB039D462B782D2B04AD00F0CA
:10BAF000A280A3F12B03B3FA83F35B09002B40F080
:10BB00009A809B46AC46D9F82830D9E902120090B9
:10BB100007F11000CDE901C603905046FFF7FEF98A
:10BB20003B692E469B44C7F810B0A2685A455BDCBF
:10BB300000233D7BD7F80890A3604DB9D9F80030B9
:10BB400031465A4648461B6B9847834518BF012526
:10BB500040462C37C8F8009088F80450BD46BDEC2C
:10BB6000028BBDE8F08F00F1080300F1010B23F018
:10BB70000703ADEB030DDEF7E7F907F1180304AD9A
:10BB800000965A4629468DED028B786107F1140024
:10BB9000E5F7C8F9386169E7DEF7D6F907F1180368
:10BBA00078612D22294607F114008DED008BE5F711
:10BBB000B9F92C2838617FF759AF00F10803461C0A
:10BBC00023F00703ADEB030DDEF7BEF907F1180311
:10BBD00004AD32468DED008B2946786107F11400E3
:10BBE000E5F7A0F9386141E793005046073323F0A9
:10BBF0000703ADEB030D07F11003019604AE0293AA
:10BC000023460096F96DFFF7E7FED7F810B08FE7EF
:10BC1000BCF1000F89D0BBF1020F7FF761AF6B78E9
:10BC2000392B82D8AA78303A092A3FF67EAF2F2BDB
:10BC30007FF67BAF54E70BF1FF33AC464FF0010BBF
:10BC40003B6156F8043B4CF8043B5CE799F8103034
:10BC5000002B3FF46AAF584642E7F2F79FFA00BF65
:10BC60005447002030B589B004460DF1180C0D9DE5
:10BC70008CE80C000C9B9DED0E7B00939CE80C0067
:10BC8000019500258DED047B0295FFF7B5FE20465A
:10BC900009B030BD2DE9F04F2DED028B8FB08046FD
:10BCA0008A4604AFBC6D07F1080504F16C0085E815
:10BCB0000C0097ED1A8B97F86050FEF78FFF6668BF
:10BCC00081462A462046002E07F11801B8BF0626F5
:10BCD00009F0B0FBE3688CB003F4827304ADB3F5F4
:10BCE000827F00F0A780DEF72FF907F11803786153
:10BCF0002D22294607F1140000968DED028BE5F701
:10BD000011F92C2838617CDC7C48DEF7B7FBE36E48
:10BD10005B6853F82000002800F0ED803A6929465E
:10BD20000368D3F82CB093002A44073323F00703A9
:10BD3000ADEB030D0DF1170323F00706DB087B6065
:10BD40003346D847D7F810B0BBF1000F00F0CC80D5
:10BD50005A462E21284618F07FFD99F810C0002879
:10BD600000F0A480401BD9F824207B68810006EBFA
:10BD7000800041F83320BCF1000F24D06B46A3EBC8
:10BD8000CB039D462B782D2B04AD00F0A280A3F1B0
:10BD90002B03B3FA83F35B09002B40F09A809B4698
:10BDA000AC46D9F82830D9E90212009007F110000A
:10BDB000CDE901C603905046FFF7B0F83B692E4627
:10BDC0009B44C7F810B0A2685A455BDC00233D7B5A
:10BDD000D7F80890A3604DB9D9F8003031465A46DB
:10BDE00048461B6B9847834518BF012540462C37B2
:10BDF000C8F8009088F80450BD46BDEC028BBDE841
:10BE0000F08F00F1080300F1010B23F00703ADEB05
:10BE1000030DDEF799F807F1180304AD00965A46B2
:10BE200029468DED028B786107F11400E5F77AF869
:10BE3000386169E7DEF788F807F1180378612D2289
:10BE4000294607F114008DED008BE5F76BF82C28DF
:10BE500038617FF759AF00F10803461C23F0070350
:10BE6000ADEB030DDEF770F807F1180304AD3246B1
:10BE70008DED008B2946786107F11400E5F752F843
:10BE8000386141E793005046073323F00703ADEBD9
:10BE9000030D07F11003019604AE029323460096AA
:10BEA000F96DFFF799FDD7F810B08FE7BCF1000FDF
:10BEB00089D0BBF1020F7FF761AF6B78392B82D845
:10BEC000AA78303A092A3FF67EAF2F2B7FF67BAF58
:10BED00054E70BF1FF33AC464FF0010B3B6156F8D2
:10BEE000043B4CF8043B5CE799F81030002B3FF41E
:10BEF0006AAF584642E7F2F751F900BF54470020B5
:10BF000030B589B004460DF1180C0D9D8CE80C007D
:10BF10000C9B9DED0E7B00939CE80C0001954C253D
:10BF20008DED047B0295FFF7B5FE204609B030BDCC
:10BF300030B59DF80C40BCB186461B4DA5FB013CBD
:10BF40000C464FEADC0C092C0CEB8C03A1EB4303F1
:10BF5000614603F1040352F823304EF8043DEDD856
:10BF6000A0EB0E00801030BD03F04A04402C0FD02F
:10BF700013F4804F86460CBF0424142401F00F03F1
:10BF80000909234452F823304EF8043DF6D1E7E77F
:10BF9000864601F00703C90803F1040352F8233071
:10BFA0004EF8043DF5D1DBE7CDCCCCCC2DE9F04FFC
:10BFB0008BB0064604AFD7F8408007F1080439601B
:10BFC00008F16C0084E80C00FEF708FED8F80CA01D
:10BFD000B96C94B00AF04A0B00F12C03054604AC8E
:10BFE000BBF1400F18BFBBF1080F7B6014BF4FF0CF
:10BFF00001094FF00009002903DCB9F1000F00D05E
:10C000004942CDF8009053467A6804F15000FFF79A
:10C010008FFF2B7CC0F114010246786104EB810193
:10C0200013BBB9F1000F37D0BB6C002B69DB1AF4DE
:10C03000006F48D1D8F8083093424DDC00233C7B98
:10C04000BD68C8F8083044B92B6828467A601B6B75
:10C0500098477A68904218BF012430461C373560F3
:10C060003471BD46BDE8F08FC200AB6A0832ADEB5B
:10C07000020DD5E9020206AC0291014607F1140057
:10C08000CDF80080019403903868FEF777FF2146D1
:10C090007A69B9F1000FC7D11AF4007FCAD0BB6C1E
:10C0A000002BC7D0BBF1400F31D0CAF3803A7B6878
:10C0B000023208390AF1020A53F82A307A614B60D9
:10C0C000EB6B0B60B6E72B6B013204390B60D8F8D1
:10C0D00008307A619342B1DD9C001A4607F11403DF
:10C0E0003868073424F00704ADEB040D04AC029368
:10C0F000019143460094796CFFF76EFC7A69214602
:10C100009CE7EB6A013204390B607A6192E7EB6BD2
:10C11000013204390B607A618CE700BF30B587B01B
:10C1200004460DF1100C0B9D8CE80C000A9B00934B
:10C130009CE80C0001950C9D0295FFF737FF204607
:10C1400007B030BD2DE9F04F8DB0044604AFBE6C92
:10C1500007F1100597F85090D6F80C8018F0010FF1
:10C1600085E80C0018D1CDF8089007F11808FB6C91
:10C170004046CDE9006395E80C00FFF717FF98E80B
:10C18000030038613975243795E8030084E803001B
:10C190002046BD46BDE8F08F06F16C00FEF71EFD9F
:10C1A000B9F1000F34D0B26897F814A0D7F810B0E6
:10C1B000D0E90539914534DAFB60A2EB090308F0B8
:10C1C000B008F96C9A00BB60073222F00702ADEBB1
:10C1D000020D1A4604AB18467B600AF0FDFB0022F4
:10C1E000B8F1200FFB68B26036D0FB60BAF1000FE7
:10C1F00027D1DBF800205846D7F80880166B7968FD
:10C200004246B0478045FB6810D04FF0010A18E065
:10C21000D0E90739B26897F814A09145D7F810B063
:10C22000CADB0022B260BAF1000F0AD1DBF80020AD
:10C2300019465846166B4A46B047814518BF4FF01D
:10C24000010A07F12003C7F818B087F81CA013E90A
:10C2500003003861397596E7BAF1000FF1D1DBF8C8
:10C26000002019465846166B4A46B0478145CCD146
:10C27000BE685846DBF80030796832461B6B984739
:10C28000864218BF4FF0010ADBE700BF2DE9F04FEF
:10C290008BB0064604AFD7F8408007F108047960F8
:10C2A00008F16C0084E80C00FEF798FCD8F80C90BC
:10C2B00094B000F12C0309F04A0A05461A46B96CFD
:10C2C000BAF1400F18BFBAF1080F3B6018A84B46EF
:10C2D00014BF4FF0010B4FF0000B04ACCDF800B0D1
:10C2E000FFF726FE2B7CC0F114010246786104EBB7
:10C2F0008101E3B9BBF1000F31D0D8F80830934287
:10C3000044DC00233C7BBD68C8F8083044B92B6886
:10C3100028467A601B6B98477A68824218BF0124CE
:10C3200030461C3735603471BD46BDE8F08FC20021
:10C33000AB6A0832ADEB020DD5E9020206AC029100
:10C34000014607F11400CDF800800194039078684D
:10C35000FEF714FE21467A69BBF1000FCDD119F426
:10C36000007FCAD0BB6C002BC7D0BAF1400F22D0DF
:10C37000C9F380393B680232083909F1020953F8E0
:10C3800029307A614B60EB6B0B60B6E79C001A4674
:10C3900007F114037868073424F00704ADEB040DAB
:10C3A00004AC0293019143460094796CFFF714FBAF
:10C3B0007A692146A5E7EB6B013204390B607A619B
:10C3C0009BE700BF30B587B004460DF1100C0B9D04
:10C3D0008CE80C000A9B00939CE80C0001950C9DD6
:10C3E0000295FFF753FF204607B030BD2DE9F0411D
:10C3F00088B0054604AC06AF84E80C00DDE90E63A6
:10C400003846CDE900630E4BD6F80C8008EA0303EA
:10C4100043F40273F360109B029394E80C00FFF75F
:10C4200035FFC6F80C8097E8030004908DF81410CF
:10C4300094E8030085E80300284608B0BDE8F081D1
:10C44000B5BFFFFF2DE9F04F9DF82C1081460998EC
:10C45000A9B34D462F4C4FF0CC380526D1189E4637
:10C4600041F10001A4FB017C2CF0030707EB9C07C2
:10C47000C91B1746B2EB010C63F1000B08FB0CFA69
:10C48000ACFB042C04FB0BAA02F001035208E244AB
:10C49000A3FB06C342EACA721CEB010C0A2F4FEA47
:10C4A0005A030CF1040C7EF1000E50F82C1045F8E4
:10C4B000041DD3D2A9EB05008010BDE8F08F0A99C6
:10C4C00001F04A01402915D00A994D4611F4804FD8
:10C4D0000CBF0424142402F00F011209214442EA83
:10C4E00003721B0950F8211045F8041D52EA03019C
:10C4F000F1D1DFE74D4602F00701D208043142EAEC
:10C500004372DB0850F8211045F8041D52EA03017C
:10C51000F1D1CFE7CDCCCCCC2DE9F04F8FB0064692
:10C5200004AFD7F8508007F11804B96008F16C0027
:10C53000D7E916A984E80C00FEF750FBD8F80CB038
:10C540000546A8B00BF04A00524605F12C0304A999
:10C55000402818BF082878603B614B4614BF01246F
:10C560000024BAF1010F7C6179F1000004DA1CB1FA
:10C57000DAF1000269EB49037869CDE901B0386965
:10C58000009001F1A000F960FFF75CFFF968C0F1CD
:10C5900028030446786201EB83012B7C002B47D1F2
:10C5A0007B69002B5CD0B9F1000F3BDB1BF4006F03
:10C5B0001BD1D8F80820A24220DC00233D7FD7F809
:10C5C0001890C8F8083045B9D9F8003022464846D6
:10C5D0001B6B9847A04218BF012530462C37C6F880
:10C5E00000903571BD46BDE8F08F0134D8F80820C1
:10C5F0002B6B0439A2427C620B60DEDD9300B868CD
:10C60000073323F00703ADEB030D07F1240304AD5B
:10C610000293019143460095796DFFF7DDF97C6A3D
:10C620002946CAE7EB6A013404390B607C62C0E733
:10C63000C400AB6A0834D5E90202ADEB040D06ACC8
:10C640000291014607F124000194CDF80080039087
:10C65000B868FEF793FC7B6921467C6A002BA2D167
:10C660001BF4007FA5D05AEA0909A2D07B68402BB1
:10C670000DD0CBF3803B3B69023408390BF1020B40
:10C6800053F82B307C624B60EB6B0B6091E7EB6BEC
:10C69000013404390B607C628BE700BF30B587B092
:10C6A00004460DF1100C0B9D9DED0C7B8CE80C00ED
:10C6B0000A9B00939CE80C0001958DED027BFFF72F
:10C6C0002BFF204607B030BD2DE9F04F8FB0064656
:10C6D00004AF07F11804D7F85080F96008F16C0036
:10C6E00084E80C00BC6DFB6DBC607B61FEF776FAE4
:10C6F000D8F80C90A8B000F12C02054609F04A0ABF
:10C7000004A9CDF804902CA8BAF1400F18BFBAF1D3
:10C71000080F7A600092224614BF4FF0010B4FF0D1
:10C72000000BCDF808B07B693961FFF78BFE3969E2
:10C73000C0F128030446786201EB83012B7CF3B936
:10C74000BBF1000F33D0D8F80820A24247DC002309
:10C750003D7FD7F81890C8F8083045B9D9F80030AF
:10C76000224648461B6B9847844218BF0125304635
:10C770002C37C6F800903571BD46BDE8F08FC40077
:10C78000AB6A0834D5E90202ADEB040D06AC0291A8
:10C79000014607F124000194CDF800800390F86869
:10C7A000FEF7ECFB21467C6ABBF1000FCBD119F4FC
:10C7B000007FC8D0BB687A691343C4D0BAF1400F78
:10C7C00021D0C9F380397B680234083909F10209A4
:10C7D00053F829307C624B60EB6B0B60B3E793003E
:10C7E000F868073323F00703ADEB030D07F12403CB
:10C7F00004AD0293019143460095796DFFF7ECF883
:10C800007C6A2946A3E7EB6B013404390B607C6238
:10C8100099E700BF30B587B004460DF1100C0B9DB1
:10C820009DED0C7B8CE80C000A9B00939CE80C00AF
:10C8300001958DED027BFFF747FF204607B030BD25
:10C8400070B5054682B0D0E90004A4F1FF34B4FA13
:10C8500084F4640900280CBF002604F0010696B990
:10C86000D1E90030A0F1FF30B0FA80F04009002B90
:10C870000CBF002500F0010575B9201AB0FA80F050
:10C88000400902B070BDD0E90232934215D2186857
:10C8900001300AD00024E3E7D3E90220824212D219
:10C8A0001068013005D00020E7E7002334462B60F4
:10C8B000D6E7002328460B60DFE7036801915B6A37
:10C8C00098470199E4E71A6818460191536A984716
:10C8D0000199E6E710B504464068421C236800D180
:10C8E00003B910BDD3E902218A4205D21068431C66
:10C8F000F7D10023236010BD1A681846536A984781
:10C90000F5E700BF2DE9F04F8BB00146169C04916E
:10C9100006A904F16C00189D81E80C00FEF75EF991
:10C9200014A9064606A8FFF78BFF0190002800F027
:10C9300076820024337CA3462746AB4A05920992AF
:10C94000002B40F0658296F824310293002B40F0D2
:10C95000B480019B002B40F07083DFF890A200931D
:10C96000A4F13003092B4DD82B68E4B253E90382BC
:10C9700008F10107974204D853F8042C002A40F329
:10C980006A81394628460DF12409E3F743F82B68FC
:10C9900053F80C2C9C542A68A2F10C03534540F028
:10C9A00062810127069CD4E9023293426CD204339F
:10C9B0004FF0FF319342A360079172D21C68611C53
:10C9C00078D0159BA4F1FF341498A3F1FF33B4FA87
:10C9D00084F4B3FA83F364095B0910B1002B40F0CF
:10C9E0005D81A34200F0CE80069848B1D0E90232C2
:10C9F000934280F057831C68631CB1D100230693D7
:10CA00004FF0FF34736AA34200F0CA82D6F80431B3
:10CA1000A34204D0D6F81C31A34240F0B380009B5F
:10CA200083F001031F4000F0AD80652128460DF121
:10CA30002409E3F7F7F80698FCF712FF4FF0FF33ED
:10CA400014A906A80793FFF7FBFE002840F0C38057
:10CA500006A80DF12409FFF73DFFD6F8C0300446C3
:10CA6000834200F0F182D6F8BC30984240F0B082A8
:10CA70002D2128460DF12409E3F7D4F8069C0097F0
:10CA8000D4E90232934292D3236820460DF124095F
:10CA90009B6A98474FF0FF330793D4E902329342E1
:10CAA0008CD3236820460DF124095B6A984704461D
:10CAB000611C86D10023069383E7019A002A40F087
:10CAC000BC8206F1CC034FF0FF3A00920393337C13
:10CAD0001BB1B26AA24200F04281736AA34240F0E5
:10CAE0008780099CDDE9003254F80C1C134313F0D5
:10CAF000FF03009370D129B109A85FFA8BF1814639
:10CB0000E3F790F82B6853E9038208F1010494429B
:10CB100004D853F8042C002A40F3468121462846C5
:10CB20000DF12409E2F776FF2B6853F80C2C2E2127
:10CB300099542A682D49A2F10C038B4240F055818B
:10CB4000029B0193069CD4E9023293426BD20433D8
:10CB5000CDF81CA09A42A36071D91C68611C77D0E3
:10CB6000159BA4F1FF341498A3F1FF33B4FA84F4B5
:10CB7000B3FA83F364095B0910B1002B40F005811F
:10CB8000A3427BD1099C54F80C3CA3B1019B3BBB55
:10CB9000009B2BBB0DF124095FFA8BF14846E3F7AC
:10CBA00041F8099C4A46D6E9020108F0D1FC10B9C7
:10CBB0000423179A136006AB049A93E80300A4F1C8
:10CBC0000C0382E80300094A934240F0578204981C
:10CBD0000BB0BDE8F08F099C54F80C3C002BEAD058
:10CBE0000DF12409DEE700BF8446002078460020CE
:10CBF000DDF80C800A222146404610F06DFA00282C
:10CC00005BD043460DF12409C11A28468910303102
:10CC1000C9B2E3F707F8069C0BF1010B029FD4E9B8
:10CC20000232934293D3236820460DF124099B6A74
:10CC30009847CDF81CA0D4E902329A428DD82368D7
:10CC400020460DF124095B6A98470446611C87D190
:10CC50000023069384E742469C542A68A2F10C0301
:10CC600053453FF49EAE002142F80C7C434401271B
:10CC700042F8041C4FF000025A7393E6069800280D
:10CC800000F09480D0E90232934280F012821C6856
:10CC9000631C04BF00230693337C19E7D0E90232FA
:10CCA000934280F077811868421C00F09B80A0F1CD
:10CCB000FF33B3FA83F35B0993E6D6F80431A3425A
:10CCC00004D0D6F81C31A3427FF45CAF009B83F004
:10CCD0000103DBB2002B3FF455AF002F3FF452AFFE
:10CCE000099B53F80C3C1BB1019B002B00F0858085
:10CCF000652128460DF12409E2F794FF0698D0E952
:10CD00000232934280F05E810433836014A906A846
:10CD10000DF12409CDF81CA0FFF792FD00287FF447
:10CD20005AAFDDE9060410B1671C00F02481D6F883
:10CD3000C010337CA1423DD0D6F8BC20A2424ED1D7
:10CD4000002B3FD1736A9C4200F08A812D21284636
:10CD50000DF12409E2F766FF029F0097F2E6DDE994
:10CD60000032134313F0FF0301937FF434AFBBF1A0
:10CD7000000F00F0568109A85FFA8BF18146E2F7B7
:10CD800051FF00239B460093DCE6D0E90232934238
:10CD900080F060811868421C00F0EA80A0F1FF3347
:10CDA000B3FA83F35B09EBE64246C0E6337C4FF00F
:10CDB000FF348DE633B9736A9C421A4600F0518104
:10CDC0002B21C4E7B26AA24200F0E180736AA34259
:10CDD00000F0DD80A1420CBF2B212D21B7E7029F7F
:10CDE000009775E60023149361E70021434442F85D
:10CDF0000C4C42F8041C5973A2E60DF124095FFAA9
:10CE00008BF14846E2F70EFF72E7A44B05930993B6
:10CE10000DF1240920214846E2F7FCFD93E506A820
:10CE2000FFF758FDD6F8C0100446307CA14200F050
:10CE30001C81D6F8BC200346A24200F0CB8000271C
:10CE40004FF030094FF0FF3ABB4613B1B26AA2422D
:10CE5000DBD0726AA2423FF470ADD6F8CC20A24279
:10CE60007FF46BAD2FB3069F0BF1010BD7E90232B4
:10CE7000934246D20433CDF81CA09A42BB604AD9F3
:10CE80001F68791C4ED0A7F1FF37DDE91403B7FA0C
:10CE900087F7A3F1FF337F09B3FA83F35B0908B186
:10CEA000002B50D19F4240D101231F460193337C78
:10CEB00043E52B6853E9038208F10107974203D841
:10CEC00053F8042C002A4EDD39462846E2F7A2FD2D
:10CED0002B6853F80C2C03F802902A687049A2F1D1
:10CEE0000C038B42BFD042F80C7C43440021069FC8
:10CEF0000BF1010B42F8041C5973D7E9023293423B
:10CF0000B8D33B6838469B6A9847CDF81CA0D7E950
:10CF100002329A42B4D83B6838465B6A9847074663
:10CF2000791CB0D100230693ADE70698C0B1D0E9D3
:10CF30000232934280F0C4801C68601C00F0AB8019
:10CF4000337C012781E7D0E9023293427ED2186810
:10CF5000421C0AD0A0F1FF33B3FA83F35B09A1E7C7
:10CF60004FF0FF34ECE74246B5E700231493F1E7B6
:10CF70000023149312E7D0E90232934280F0AB8091
:10CF80001C68601C7FF4D3AE00230693CFE6029F9B
:10CF900000979FE503680DF124095B6A984783E6D3
:10CFA000DDE900231343DBB2002B7FF42FAD012317
:10CFB0002E2128460DF124090193E2F733FE0023C8
:10CFC0000093EFE403680DF124099B6A98479DE6FE
:10CFD0000097C5E428B9726A94423FF430AF2D211E
:10CFE00009E0B26AA2421AD0736AA34217D0A142E2
:10CFF0000CBF2B212D212846E2F714FE0698FCF7E2
:10D000002FFC4FF0FF3314A906A80793FFF718FC75
:10D0100000285AD00027337C0190BB468DE403469C
:10D020000DE72B6853F8042CA3F10C01002A59DDFD
:10D030001B48814260D1059B2B60099C54F80C3C35
:10D04000002B7FF4A7ADB6E52B2112E503685B6AE0
:10D0500098477DE703680DF124095B6A98479AE6D3
:10D060001A46029F1446009738E503460028B8D1B7
:10D07000726AA2423FF4E3AE2B21BCE754F8042CC1
:10D08000511E002A44F8041C3FF7A1AD08A9184618
:10D09000E2F76AFB9BE50023069351E784460020F4
:10D0A0007846002003680DF124095B6A984704461E
:10D0B000A2E403680DF124095B6A98470446E7E59A
:10D0C00003685B6A9847044637E706A8FFF702FC47
:10D0D000337C0446B3E603680DF124095B6A984784
:10D0E00004464EE7094A9142A7D043F804BC43F8EE
:10D0F0000CBC83F800B0A0E7013A43F8042C9AE78F
:10D100004846FCF7FBFB06F0FDFC00BF784600201C
:10D110002DE9F0478CB005468946202108AC0DF179
:10D12000280884E80C00434B4046DDE916670A9363
:10D13000E2F770FC14AB029606AECDE9037893E8F3
:10D1400003008DE803004946304694E80C00FFF7E1
:10D15000D9FB96E803000A9E814684E80300DCF7C9
:10D16000F3FE0B903A46304618990BAB07F010FED1
:10D17000099EA6F1FF36B6FA86F67609B9F1000FD8
:10D180000CBF4FF0000A06F0010ABAF1000F29D1D6
:10D19000159B1498A3F1FF33B3FA83F35B0900B135
:10D1A000ABB9B34203D13B6843F002033B600A9B37
:10D1B000CDF82090204A94E8030085E80300A3F10D
:10D1C0000C0090421AD128460CB0BDE8F087D0E997
:10D1D0000232934223D21B68A3F1FF33B3FA83F3E5
:10D1E0005B09DEE7D9E90232934212D218680130B6
:10D1F0000ABF564600264FF00009C9E753F8042C31
:10D20000511E002A43F8041CDDDC0BA9E2F7ACFA3E
:10D21000D9E7D9F8003048465B6A9847E7E70368E2
:10D220005B6A98470346D7E74046FCF767FB06F082
:10D2300069FC00BF84460020784600202DE9F047B5
:10D240008CB005468946202108AC0DF1280884E8F9
:10D250000C00434B4046DDE916670A93E2F7DAFB20
:10D2600014AB029606AECDE9037893E803008DE88F
:10D2700003004946304694E80C00FFF743FB96E86C
:10D2800003000A9E814684E80300DCF75DFE0B90F4
:10D290003A46304618990BAB07F0BCFD099EA6F143
:10D2A000FF36B6FA86F67609B9F1000F0CBF4FF0DB
:10D2B000000A06F0010ABAF1000F29D1159B149853
:10D2C000A3F1FF33B3FA83F35B0900B1ABB9B34207
:10D2D00003D13B6843F002033B600A9BCDF82090EA
:10D2E000204A94E8030085E80300A3F10C00904273
:10D2F0001AD128460CB0BDE8F087D0E9023293423B
:10D3000023D21B68A3F1FF33B3FA83F35B09DEE793
:10D31000D9E90232934212D2186801300ABF564648
:10D3200000264FF00009C9E753F8042C511E002ACB
:10D3300043F8041CDDDC0BA9E2F716FAD9E7D9F8AB
:10D34000003048465B6A9847E7E703685B6A98479E
:10D350000346D7E74046FCF7D1FA06F0D3FB00BFFF
:10D3600084460020784600202DE9F0478CB0054621
:10D370008946202108AC0DF1280884E80C00434BB5
:10D380004046DDE916670A93E2F744FB14AB0296C8
:10D3900006AECDE9037893E803008DE80300494623
:10D3A000304694E80C00FFF7ADFA96E803000A9EB9
:10D3B000814684E80300DCF7C7FD0B903A4630460F
:10D3C00018990BAB07F072FD099EA6F1FF36B6FA6D
:10D3D00086F67609B9F1000F0CBF4FF0000A06F08F
:10D3E000010ABAF1000F29D1159B1498A3F1FF335C
:10D3F000B3FA83F35B0900B1ABB9B34203D13B6825
:10D4000043F002033B600A9BCDF82090204A94E849
:10D41000030085E80300A3F10C0090421AD12846CE
:10D420000CB0BDE8F087D0E90232934223D21B68EA
:10D43000A3F1FF33B3FA83F35B09DEE7D9E90232E4
:10D44000934212D2186801300ABF564600264FF0A8
:10D450000009C9E753F8042C511E002A43F8041CA4
:10D46000DDDC0BA9E2F780F9D9E7D9F800304846AE
:10D470005B6A9847E7E703685B6A98470346D7E724
:10D480004046FCF73BFA06F03DFB00BF8446002017
:10D49000784600202DE9F04F8DB0189D08A9049022
:10D4A00005F16C0081E80C00FDF798FBEB68044681
:10D4B00003F04A09B9F1400F00F06D82B9F1080F8D
:10D4C00016A908A814BF0A271027FFF7B9F9824642
:10D4D000002840F0698208A8FFF7FCF9D4F8BC30B6
:10D4E000054683420CBF01230023059304D0D4F8E2
:10D4F000C030834240F07482237C002B40F0F280E5
:10D50000626AAA4211D00898FCF7AAF94FF0FF33DB
:10D5100016A908A80993FFF793F9002840F066823E
:10D5200008A8FFF7D7F9237C05460026B0461BB1B3
:10D53000A26AAA4200F06B82626AAA4246D0D4F87C
:10D54000CC20AA4200F0D380002E00F01381D4F842
:10D55000C420AA4204D0D4F8C820AA4240F0558280
:10D56000B9F1000F18BF102F0CBF0122002240F0AC
:10D570006A824FF0000810274646089AD2E9023125
:10D580008B4280F0CF8004334FF0FF30994293609C
:10D59000099040F2D5801868431C00F0D880179B92
:10D5A000A0F1FF3B1698A3F1FF33BBFA8BFBB3FA54
:10D5B00083F34FEA5B1B5B0910B1002B40F00C8139
:10D5C0005B4540F0C780237C4FF0010A102F00F02C
:10D5D000D580B04A00970B92002B40F0D680059A78
:10D5E0006FF00043D31894F8242102930692B3FB02
:10D5F000F7F30193002A40F06081BAF1000F40F088
:10D600003F82009BD346D14630330693009B0A2BC2
:10D6100000F2D6802F2D40F21482069BAB4240F2DE
:10D620001082A5F13003019A914500F2B580029A6B
:10D6300009FB07F9089D08F10108D21A4A4538BFCD
:10D640004BF0010B9944D5E90232934280F0AC8053
:10D6500004334FF0FF31AB600991934280F0FC81BD
:10D660001D68681C00F0CE81179BA5F1FF35169848
:10D67000A3F1FF33B5FA85F5B3FA83F36D095B09BE
:10D6800010B1002B40F00A81AB4240F0B48001257C
:10D690000B9B53F80C2C002A40F0CB80B8F1000F04
:10D6A00040F0E280012E00F0DF801A9900220A602B
:10D6B000042219990A602DB1199A1999126842F039
:10D6C00002020A6008AA049C92E80300A3F10C027B
:10D6D00084E8030070498A4240F0A48104980DB0A8
:10D6E000BDE8F08FA26AAA427FF40AAF1DE786F078
:10D6F00001020A2F08BF42F00102002A3FF427AFBF
:10D70000B9F1000F18BF082F0CBF0126002640F00A
:10D71000BC80089A4FF000080827D2E902318B42FA
:10D72000FFF431AF1368104600929B6A98474FF0A0
:10D73000FF33009A0993D2E9023199423FF62BAFA9
:10D74000136810465B6A9847431C7FF428AF002398
:10D75000089324E70898002868D0D0E902239A4269
:10D7600080F0828115686B1C00F05981237C002EAB
:10D770007FF4DDAE102FB2467FF42BAF162200925D
:10D78000444A0B92002B3FF42AAF0BAB20211846E2
:10D790000393E2F73FF922E7089D4FF0010BD5E92B
:10D7A00002329342FFF454AF2B680BAA28469B6ABF
:10D7B000039298474FF0FF330993D5E902324CE7C3
:10D7C000A5F13003092B7FF62EAFA5F16103052BE0
:10D7D00024D8A5F1570326E7D0E902239A4280F026
:10D7E0000A811068421C00F0E680A0F1FF33B3FA12
:10D7F00083F35B09E4E60898002800F02281D0E971
:10D800000232934280F035811D686B1C7FF4FEAEBE
:10D8100000230893009B0A2B40F21381A5F14103DA
:10D82000052B00F20E81A5F13703FCE64FF0FF3522
:10D830009CE70BAB5FFA88F118461F460393E2F7AB
:10D84000F1F93A46D4E9020107F082FE002800F01F
:10D85000C3800B9BB8F1000F06D1012E04D053F802
:10D860000C2C002A3FF421AFBAF1000F7FF41DAF5A
:10D87000BBF1000F40F0A280059A002A00F0DF8083
:10D88000C9F100021A990A6015E708F10108164665
:10D8900073E600BF8446002078460020D0E90232BB
:10D8A000934280F0D3801868421C00F0A880A0F159
:10D8B000FF33B3FA83F35B09E6E6BAF1000F40F0F9
:10D8C000E58004F1CC03D346D1460793237C13B102
:10D8D000A26AAA4244D0636AAB4200F0B280009BC5
:10D8E000002B00F0AE802946079D1A4628460FF00F
:10D8F000F3FB002800F0A580401B019A3C284FEA6A
:10D90000A003C8BF063B4A4542D3029A09FB07F968
:10D9100008F10108D21A4A4538BF4BF0010B99446F
:10D920000898D0E9023293422CD2043383604FF03E
:10D93000FF3316A908A809930BAB0393FEF780FFEA
:10D94000054600287FF4A4AE0BAB08A80393FEF7AE
:10D95000C1FF237C0546002BBDD0A26AAA42BAD1E2
:10D96000B8F1000F00F098800BAB5FFA88F1184611
:10D970000393E2F757F908984FF00008D0E9023214
:10D980009342D2D303680BAA9B6A03929847CEE7CF
:10D99000DDF818B0C4E716A908A8FEF751FF08275C
:10D9A000824600283FF497AD00231E460593237C52
:10D9B0003546B0460AE60023169316E7059A1A98EC
:10D9C000002A4FF004020CBF6FF000414FF00041FD
:10D9D000016019990A606EE60423199A136038E70A
:10D9E0000026237CCDF814A0B046A0E50026824690
:10D9F000237CB046EAE503685B6A9847F2E60023B9
:10DA0000169354E7002308932EE60126DEE5102F37
:10DA10007FF4DFAD244B0B9316230093B5E6002370
:10DA20000893A3E653F8041C481E002943F8040C8D
:10DA30003FF754AE0AA91046E1F796FE4EE64A4675
:10DA400020E7002524E692460126C2E503680BAADA
:10DA50005B6A0392984727E72B680BAA28465B6A04
:10DA6000039298470546FCE503685B6A98470546BC
:10DA700079E603680BAA5B6A039298470546C4E6F9
:10DA8000DDF818B05546D946DA4601E64FF00009F0
:10DA90005546CB46CA46FBE59A464546F8E5039807
:10DAA000FBF72CFF06F02EF8844600202DE9F04FFE
:10DAB00091B00C4606900CA91C9881E80C00C36834
:10DAC000DD072AD41D9B029003931AAB93E8030051
:10DAD0000FAB04934FF0FF338DE803000F93214603
:10DAE0000CAB0AAC0CCB2046FFF7D4FC0CAB94E893
:10DAF000030083E803000F9B012B00F2C88003F0B2
:10DB000001031E9A13700CAB93E80300069B83E895
:10DB10000300184611B0BDE8F08F6C30FDF75EF8D9
:10DB2000036A02468069B3FA83F4B0FA80F10343D2
:10DB30004FEA54144FEA511100F023811B9B012638
:10DB40004FF00009A3F1FF3B35460B46BBFA8BFBB8
:10DB50004FEA5B1BDDE90C7ADE469346AAF1FF3201
:10DB6000B2FA82F252090FB1002A76D117461A98FA
:10DB700010B1BEF1000F5CD17046B84269D00C986C
:10DB800008B1002A76D144B9DBF81C2052F829509C
:10DB9000A5EB0A05B5FA85F56D0985F0010213427A
:10DBA00040F0BD8043B9DBF8143053F82960A6EB90
:10DBB0000A06B6FA86F6760986F0010814EA08081D
:10DBC00040F0B38055EA060A00F09A800C9F09F1F4
:10DBD0000109D7E90232934278D20433BB604FF097
:10DBE000FF330D93002D66D0DBF820404C458CBFF1
:10DBF00000240124002E5FD122462B464FF0FF3A2D
:10DC0000002AABD05A4615B1136A4B4569D036B1DC
:10DC100093694B4503D1B9F1000F40F0B580002363
:10DC20001E9A1370B8F1000F6DD006231D9A136071
:10DC300069E7D0E902C18C4580F08E80DCF80000F5
:10DC4000411C67D0A0F1FF30B0FA80F04009B84223
:10DC500095D15A464FF00108D5E7D7E9020188422D
:10DC60006DD20068411C52D0A0F1FF37B7FA87F798
:10DC70007F097CE7D0E90272974279D2D7F800A0F9
:10DC8000BAF1FF3F7FF47FAF00220C927BE70122C5
:10DC90001E9904230CA80A701AA91D9A1360FEF796
:10DCA000CFFD00283FF42FAF1D9B1D9A1B6843F04A
:10DCB0000203136027E75446DBF8183056464B45FD
:10DCC0008CBF0023012304EA030297E73B68384630
:10DCD000CDF81CE09B6A9847DDF81CE07FE7002642
:10DCE000B046B9F1000F9AD000231E990B7016B1FF
:10DCF00093694B4507D04FEA48031D9A136002E72A
:10DD00001E9B83F800A004231D9A1360FBE60027E6
:10DD10000C97A9E74FF0000CCDF868C092E75A467F
:10DD2000002E3CD04FF0000872E75A46002D33D049
:10DD3000DBF820309945D2D04FF000086FE7D7F8D4
:10DD400000C038460792DCF82470CDE908E3B847F4
:10DD5000079ADDE908E385E7D0F800C00792DCF810
:10DD60002480CDE908E3C047079ADDE908E367E7C7
:10DD70000268CDE907E3526A90478246DDE907E38E
:10DD80007EE71E9A1370BEE701221E9908FA02F37D
:10DD90000A701D9A1360B6E61E9B1D70B3E71E9BAA
:10DDA0001E70B0E710B588B08E4604460DF1180C11
:10DDB0008CE80C000C9B02930AAB93E803000D9BCC
:10DDC0008DE803000E98714603939CE80C000490C4
:10DDD0002046FFF75FFB204608B010BD2DE9F04F4D
:10DDE0008DB0189D08A9049005F16C0081E80C0025
:10DDF000FCF7F4FEEB68044603F04A08B8F1400F64
:10DE000000F07482B8F1080F16A908A814BF0A27F9
:10DE10001027FEF715FD8246002840F0708208A802
:10DE2000FEF758FDD4F8BC30054683420CBF0123F1
:10DE30000023079304D0D4F8C030834240F07082AE
:10DE4000237C002B40F0F480626AAA4211D008982B
:10DE5000FBF706FD4FF0FF3316A908A80993FEF75C
:10DE6000EFFC002840F0628208A8FEF733FD237C17
:10DE700005460026B1461BB1A26AAA4200F067829D
:10DE8000626AAA4246D0D4F8CC20AA4200F0D580DB
:10DE9000002E00F01581D4F8C420AA4204D0D4F892
:10DEA000C820AA4240F05182B8F1000F18BF102FCD
:10DEB0000CBF0122002240F064824FF000091027BD
:10DEC0004E46089AD2E902318B4280F0D180043369
:10DED0004FF0FF3099429360099040F2D780186864
:10DEE000411C00F0DA80179BA0F1FF3B1698A3F1CC
:10DEF000FF33BBFA8BFBB3FA83F34FEA5B1B5B097F
:10DF000010B1002B40F00E815B4540F0C980237CAE
:10DF10004FF0010A102F00F0D780B14A01970B9201
:10DF2000002B40F0D8804FF6FF7294F8243192FB1A
:10DF3000F7F205930292002B40F06581BAF1000FD1
:10DF400040F03C82019BD346D04630330593019B81
:10DF50000A2B00F2DB802F2D40F21182059B9D429F
:10DF600080F00D82A5F13003029A4245C0F0BA80DC
:10DF700007FB08F84FF6FF72089D09F101091FFA27
:10DF800088F8D21A9045C8BF4BF0010B9844D5E9E8
:10DF900002321FFA88F8934280F0AC8004334FF0CD
:10DFA000FF31AB600991934280F0F4811D68691CD8
:10DFB00000F0C581179BA5F1FF351698A3F1FF333B
:10DFC000B5FA85F5B3FA83F36D095B0910B1002B3F
:10DFD00040F00A81AB4240F0B48001250B9B53F81E
:10DFE0000C2C002A40F0CB80B9F1000F40F0E28009
:10DFF000012E00F0DF8000221A990A80042219996C
:10E000000A602DB1199A1999126842F002020A6049
:10E0100008AA049C92E80300A3F10C0284E8030020
:10E0200070498A4240F09E8104980DB0BDE8F08F9F
:10E03000A26AAA427FF408AF1BE786F001020A2F0A
:10E0400008BF42F00102002A3FF425AFB8F1000FEB
:10E0500018BF082F0CBF0126002640F0BD80089A8B
:10E060004FF000090827D2E902318B42FFF42FAFAD
:10E070001368104601929B6A98474FF0FF33019A4C
:10E080000993D2E9023199423FF629AF136810464D
:10E090005B6A9847411C7FF426AF0023089322E770
:10E0A0000898002868D0D0E902239A4280F07A814B
:10E0B0001568681C00F05381237C002E7FF4DBAED2
:10E0C000102FB2467FF429AF16220192444A0B92D8
:10E0D000002B3FF428AF0BAB202118460393E1F748
:10E0E00099FC20E7089D4FF0010BD5E902329342DD
:10E0F000FFF454AF2B680BAA28469B6A03929847FB
:10E100004FF0FF330993D5E902324CE7A5F1300314
:10E11000092B7FF629AFA5F16103052B24D8A5F1C2
:10E12000570321E7D0E902239A4280F00481106866
:10E13000421C00F0EB80A0F1FF33B3FA83F35B09DC
:10E14000E2E60898002800F01A81D0E902329342F2
:10E1500080F02D811D686B1C7FF4F9AE00230893BD
:10E16000019B0A2B40F20B81A5F14103052B00F224
:10E170000681A5F13703F7E64FF0FF359CE70BABBF
:10E180005FFA89F118461F460393E1F74BFD3A46C3
:10E19000D4E9020107F0DCF9002800F0BD800B9BF8
:10E1A000B9F1000F06D1012E04D053F80C2C002A2F
:10E1B0003FF421AFBAF1000F7FF41DAFBBF1000FA8
:10E1C00040F0A780079A1AB1C8F100081FFA88F832
:10E1D0001A9AA2F8008014E709F10109164670E6C0
:10E1E0008446002078460020D0E90232934280F035
:10E1F000CB801868421C00F0A580A0F1FF33B3FA71
:10E2000083F35B09E6E6BAF1000F40F0DD8004F12C
:10E21000CC03D346D0460693237C13B1A26AAA420C
:10E2200049D0636AAB4200F0AA80019B002B00F04A
:10E23000A6802946069D1A4628460EF04DFF002866
:10E2400000F09D80401B029A3C284FEAA003C8BF03
:10E25000063B424547D307FB08F84FF6FF7209F12A
:10E2600001091FFA88F8D21A9045C8BF4BF0010B7C
:10E2700098441FFA88F80898D0E9023293422CD2C9
:10E28000043383604FF0FF3316A908A809930BAB42
:10E290000393FEF7D5FA054600287FF49FAE0BAB3B
:10E2A00008A80393FEF716FB237C0546002BB8D085
:10E2B000A26AAA42B5D1B9F1000F00F08B800BAB76
:10E2C0005FFA89F118460393E1F7ACFC08984FF028
:10E2D0000009D0E902329342D2D303680BAA9B6AA9
:10E2E00003929847CEE7DDF814B0C4E716A908A852
:10E2F000FEF7A6FA0827824600283FF490AD0023D7
:10E300001E460793237C3546B14603E60023169349
:10E3100011E74FF6FF726FE60423199A13603EE788
:10E320000026237CCDF81CA0B146A4E50026824639
:10E33000237CB146EEE503685B6A9847F8E6002364
:10E34000089337E60023169357E70126E2E5102FDE
:10E350007FF4E3AD234B0B9316230193BBE600231D
:10E360000893A9E653F8041C481E002943F8040C3E
:10E370003FF75AAE0AA91046E1F7F6F954E6002530
:10E380002CE692460126C8E503680BAA5B6A039255
:10E3900098472FE72B680BAA28465B6A0392984799
:10E3A000054604E603685B6A9847054681E603680C
:10E3B0000BAA5B6A039298470546CCE6DDF814B0D9
:10E3C0005546D846DA4609E64FF000085546C3469A
:10E3D000C24603E69A464D4600E60398FBF78EFADE
:10E3E00005F090FB8446002010B588B08E460446A8
:10E3F0000DF1180C8CE80C000C9B02930AAB93E80F
:10E4000003000D9B8DE803000E98714603939CE872
:10E410000C0004902046FFF7E1FC204608B010BD38
:10E420002DE9F04F8DB0189D08A9049005F16C00FE
:10E4300081E80C00FCF7D2FBEB68044603F04A09C4
:10E44000B9F1400F00F06982B9F1080F16A908A8C8
:10E4500014BF0A271027FEF7F3F98246002840F080
:10E460006582DDE908056E1C02D1002840F0798242
:10E47000D4F8BC30AB42237C0CBF012200220792AF
:10E4800004D0D4F8C020AA4240F06182002B40F0B2
:10E49000EE80626AAA4211D00898FBF7E1F94FF0CA
:10E4A000FF3316A908A80993FEF7CAF9002840F01F
:10E4B000538208A8FEF70EFA237C05460026B046D4
:10E4C0001BB1A26AAA4200F06382626AAA4246D0E5
:10E4D000D4F8CC20AA4200F0CF80002E00F00F81AB
:10E4E000D4F8C420AA4204D0D4F8C820AA4240F0EC
:10E4F0004D82B9F1000F18BF102F0CBF012200226E
:10E5000040F060824FF0000810274646089AD2E992
:10E5100002318B4280F0CB8004334FF0FF309942C0
:10E520009360099040F2D1801868411C00F0D480BB
:10E53000179BA0F1FF3B1698A3F1FF33BBFA8BFBAF
:10E54000B3FA83F34FEA5B1B5B0910B1002B40F079
:10E5500008815B4540F0C380237C4FF0010A102FF7
:10E5600000F0D180B44A01970B92002B40F0D2808A
:10E570004FF0FF3294F82431B2FBF7F20593029288
:10E58000002B40F05D81BAF1000F40F03882019B12
:10E59000D346D14630330593019B0A2B00F2D58038
:10E5A0002F2D40F20D82059BAB4240F20982A5F16E
:10E5B0003003029A4A45C0F0B48009FB07F9089D70
:10E5C00008F1010813EB0903994628BF4BF0010B32
:10E5D000D5E90232934280F0AC8004334FF0FF3132
:10E5E000AB6009919A4240F2F0811D68691C00F00D
:10E5F000CA81179BA5F1FF351698A3F1FF33B5FA31
:10E6000085F5B3FA83F36D095B0910B1002B40F077
:10E610000481AB4240F0B48001250B9B53F80C2CD5
:10E62000002A40F0CB80B8F1000F40F0E280012ECC
:10E6300000F0DF8000221A990A60042219990A600A
:10E640002DB1199A1999126842F002020A6008AABB
:10E65000049C92E80300A3F10C0284E803007749CC
:10E660008A4240F0A08104980DB0BDE8F08FA26A04
:10E67000AA427FF40EAF21E786F001020A2F08BFFD
:10E6800042F00102002A3FF42BAFB9F1000F18BF8E
:10E69000082F0CBF0126002640F0BB80089A4FF0DF
:10E6A00000080827D2E902318B42FFF435AF136826
:10E6B000104601929B6A98474FF0FF33019A0993E5
:10E6C000D2E9023199423FF62FAF136810465B6AD8
:10E6D0009847411C7FF42CAF0023089328E7089843
:10E6E000002868D0D0E902239A4280F07C81156826
:10E6F000681C00F05581237C002E7FF4E1AE102FC2
:10E70000B2467FF42FAF162201924B4A0B92002B98
:10E710003FF42EAF0BAB202118460393E1F77AF9B3
:10E7200026E7089D4FF0010BD5E902329342FFF432
:10E7300054AF2B680BAA28469B6A039298474FF068
:10E74000FF330993D5E902324CE7A5F13003092BD9
:10E750007FF62FAFA5F16103052B24D8A5F1570350
:10E7600027E7D0E902239A4280F006811068421C14
:10E7700000F0E380A0F1FF33B3FA83F35B09E8E62E
:10E780000898002800F01C81D0E90232934280F002
:10E790002F811D686B1C7FF4FFAE00230893019B43
:10E7A0000A2B40F20D81A5F14103052B00F20881EF
:10E7B000A5F13703FDE64FF0FF359CE70BAB5FFAA1
:10E7C00088F118461F460393E1F72CFA3A46D4E93C
:10E7D000020106F0BDFE002800F0B5800B9BB8F1E9
:10E7E000000F06D1012E04D053F80C2C002A3FF460
:10E7F00021AFBAF1000F7FF41DAFBBF1000F40F065
:10E800009F80079A0AB1C9F100091A9AC2F80090CC
:10E8100016E708F10108164678E6D0E9023293427D
:10E8200080F0DB801868421C00F0AA80A0F1FF3362
:10E83000B3FA83F35B09ECE68446002078460020B7
:10E84000BAF1000F40F0E18004F1CC03D346D14689
:10E850000693237C13B1A26AAA4243D0636AAB42F7
:10E8600000F0AE80019B002B00F0AA802946069D97
:10E870001A4628460EF030FC002800F0A180401B0C
:10E88000029A3C284FEAA003C8BF063B4A4541D341
:10E8900009FB07F908F1010813EB090328BF4BF046
:10E8A000010B99460898D0E9023293422CD20433E6
:10E8B00083604FF0FF3316A908A809930BAB0393AD
:10E8C000FDF7BEFF054600287FF4A7AE0BAB08A8F6
:10E8D0000393FDF7FFFF237C0546002BBED0A26A01
:10E8E000AA42BBD1B8F1000F00F09A800BAB5FFADF
:10E8F00088F118460393E1F795F908984FF000085E
:10E90000D0E902329342D2D303680BAA9B6A0392E6
:10E910009847CEE7DDF814B0C4E716A908A8FDF7BC
:10E920008FFF0827824600283FF49BAD00231E4638
:10E930000793237C3546B04611E60023169319E76A
:10E940004FF0FF3277E60423199A136046E700225E
:10E9500000260792B046B3E500268246237CB046E7
:10E96000FDE5D0E90232934255D21D68681C7FF460
:10E970007FAD002308937BE503685B6A9847F6E662
:10E980000023169352E70023089332E60126E6E5BA
:10E99000102F7FF4E7AD264B0B9316230193B9E6B6
:10E9A00000230893A7E653F8041C481E002943F8E7
:10E9B000040C3FF758AE0AA91046E0F7D5FE52E620
:10E9C00000252AE692460126CCE52B680BAA2846AC
:10E9D0005B6A03929847054608E603680BAA5B6AE0
:10E9E000039298471FE703685B6A984705467FE6EE
:10E9F00003680BAA5B6A039298470546CAE6DDF8EE
:10EA000014B05546D946DA4607E64FF00009554698
:10EA1000CB46CA4601E603685B6A98470546A5E708
:10EA20009A464546F9E50398FAF768FF05F06AF853
:10EA30008446002010B588B08E4604460DF1180CAF
:10EA40008CE80C000C9B02930AAB93E803000D9B2F
:10EA50008DE803000E98714603939CE80C00049027
:10EA60002046FFF7DDFC204608B010BD2DE9F04F31
:10EA70008DB0189D08A9049005F16C0081E80C0088
:10EA8000FCF7ACF8EB68044603F04A09B9F1400F13
:10EA900000F06782B9F1080F16A908A814BF0A2769
:10EAA0001027FDF7CDFE8246002840F0638208A8BB
:10EAB000FDF710FFD4F8BC30054683420CBF01239C
:10EAC0000023079304D0D4F8C030834240F063821F
:10EAD000237C002B40F0EE80626AAA4211D0089895
:10EAE000FAF7BEFE4FF0FF3316A908A80993FDF709
:10EAF000A7FE002840F0558208A8FDF7EBFE237C16
:10EB000005460026B0461BB1A26AAA4200F05A820E
:10EB1000626AAA4246D0D4F8CC20AA4200F0CF8044
:10EB2000002E00F00F81D4F8C420AA4204D0D4F8FB
:10EB3000C820AA4240F04482B9F1000F18BF102F3C
:10EB40000CBF0122002240F057824FF0000810272E
:10EB50004646089AD2E902318B4280F0CB800433DA
:10EB60004FF0FF3099429360099040F2D1801868CD
:10EB7000411C00F0D480179BA0F1FF3B1698A3F135
:10EB8000FF33BBFA8BFBB3FA83F34FEA5B1B5B09E2
:10EB900010B1002B40F008815B4540F0C380237C1E
:10EBA0004FF0010A102F00F0D180B54A01970B9267
:10EBB000002B40F0D2804FF0FF3294F82431B2FBAA
:10EBC000F7F205930292002B40F05E81BAF1000F3C
:10EBD00040F02F82019BD346D14630330593019BF1
:10EBE0000A2B00F2D5802F2D40F20482059B9D4216
:10EBF00080F00082A5F13003029A4A45C0F0B4804B
:10EC000009FB07F9089D08F1010813EB0903994670
:10EC100028BF4BF0010BD5E90232934280F0AC8063
:10EC200004334FF0FF31AB600991934280F0ED81E6
:10EC30001D68691C00F0BE81179BA5F1FF35169871
:10EC4000A3F1FF33B5FA85F5B3FA83F36D095B09D8
:10EC500010B1002B40F00481AB4240F0B48001259C
:10EC60000B9B53F80C2C002A40F0CB80B8F1000F1E
:10EC700040F0E280012E00F0DF8000221A990A6045
:10EC8000042219990A602DB1199A1999126842F053
:10EC900002020A6008AA049C92E80300A3F10C0295
:10ECA00084E8030077498A4240F0978104980DB0C8
:10ECB000BDE8F08FA26AAA427FF40EAF21E786F08A
:10ECC00001020A2F08BF42F00102002A3FF42BAFD5
:10ECD000B9F1000F18BF082F0CBF0126002640F025
:10ECE000BB80089A4FF000080827D2E902318B4216
:10ECF000FFF435AF1368104601929B6A98474FF0B6
:10ED0000FF33019A0993D2E9023199423FF62FAFBE
:10ED1000136810465B6A9847411C7FF42CAF0023B0
:10ED2000089328E70898002868D0D0E902239A427F
:10ED300080F073811568681C00F04C81237C002EE4
:10ED40007FF4E1AE102FB2467FF42FAF162201926E
:10ED50004B4A0B92002B3FF42EAF0BAB20211846F1
:10ED60000393E0F757FE26E7089D4FF0010BD5E926
:10ED700002329342FFF454AF2B680BAA28469B6AD9
:10ED8000039298474FF0FF330993D5E902324CE7DD
:10ED9000A5F13003092B7FF62FAFA5F16103052BF9
:10EDA00024D8A5F1570327E7D0E902239A4280F03F
:10EDB000FD801068421C00F0E480A0F1FF33B3FA3C
:10EDC00083F35B09E8E60898002800F01381D0E996
:10EDD0000232934280F026811D686B1C7FF4FFAEE7
:10EDE00000230893019B0A2B40F20481A5F1410303
:10EDF000052B00F2FF80A5F13703FDE64FF0FF354C
:10EE00009CE70BAB5FFA88F118461F460393E0F7C7
:10EE100009FF3A46D4E9020106F09AFB002800F007
:10EE2000B6800B9BB8F1000F06D1012E04D053F829
:10EE30000C2C002A3FF421AFBAF1000F7FF41DAF74
:10EE4000BBF1000F40F0A080079A0AB1C9F1000998
:10EE50001A9AC2F8009016E708F10108164678E6FB
:10EE6000D0E90232934280F0CA801868421C00F058
:10EE7000A480A0F1FF33B3FA83F35B09ECE600BF93
:10EE80008446002078460020BAF1000F40F0D78079
:10EE900004F1CC03D346D1460693237C13B1A26A76
:10EEA000AA4243D0636AAB4200F0A480019B002BCE
:10EEB00000F0A0802946069D1A4628460EF00CF95F
:10EEC000002800F09780401B029A3C284FEAA003DC
:10EED000C8BF063B4A4541D309FB07F908F10108C1
:10EEE00013EB090328BF4BF0010B99460898D0E9B2
:10EEF000023293422CD2043383604FF0FF3316A9C1
:10EF000008A809930BAB0393FDF79AFC054600286C
:10EF10007FF4A6AE0BAB08A80393FDF7DBFC237CC4
:10EF20000546002BBED0A26AAA42BBD1B8F1000FA1
:10EF300000F08B800BAB5FFA88F118460393E0F783
:10EF400071FE08984FF00008D0E902329342D2D304
:10EF500003680BAA9B6A03929847CEE7DDF814B0CA
:10EF6000C4E716A908A8FDF76BFC0827824600280D
:10EF70003FF49DAD00231E460793237C3546B046E3
:10EF800010E60023169318E74FF0FF3276E60423CD
:10EF9000199A136045E70026237CCDF81CA0B046E3
:10EFA000B1E500268246237CB046FBE503685B6A38
:10EFB0009847FFE6002308933EE60023169358E7A0
:10EFC0000126EFE5102F7FF4F0AD244B0B931623B1
:10EFD0000193C2E600230893B0E653F8041C481ED0
:10EFE000002943F8040C3FF761AE0AA91046E0F788
:10EFF000BBFB5BE6002533E692460126D5E50368B8
:10F000000BAA5B6A0392984730E72B680BAA284645
:10F010005B6A0392984705460BE603685B6A98476C
:10F02000054688E603680BAA5B6A03929847054683
:10F03000D3E6DDF814B05546D946DA4610E64FF06F
:10F0400000095546CB46CA460AE69A46454607E6B3
:10F050000398FAF753FC04F055FD00BF84460020E6
:10F0600010B588B08E4604460DF1180C8CE80C00E3
:10F070000C9B02930AAB93E803000D9B8DE8030001
:10F080000E98714603939CE80C0004902046FFF70D
:10F09000EDFC204608B010BD2DE9F0418CB08C4647
:10F0A000054608AC06AF84E80C00DDE91463CDE941
:10F0B00002630BABD6F80C80049328F04A0343F0AC
:10F0C0000803F36012AB93E803008DE80300614688
:10F0D000384694E80C00FFF7C9FC0B9B169AC6F85B
:10F0E0000C80136097E8030084E8030085E80300C0
:10F0F00028460CB0BDE8F0812DE9F04F91B01C9D81
:10F100000CA9089005F16C0081E80C00FBF766FD86
:10F11000EB68044603F04A09B9F1400F00F09A8207
:10F12000B9F1080F1AA90CA814BF0A261026FDF77A
:10F1300087FB8346002840F096820CA8FDF7CAFBA7
:10F14000D4F8BC30054683420CBF01230023099349
:10F1500004D0D4F8C030834240F09D82237C002B41
:10F1600040F00B81626AAA4211D00C98FAF778FB42
:10F170004FF0FF331AA90CA80D93FDF761FB00288F
:10F1800040F08F820CA8FDF7A5FB237C05460027E5
:10F19000B8461BB1A26AAA4200F09482626AAA42EF
:10F1A00046D0D4F8CC20AA4200F0EC80002F00F02A
:10F1B0002C81D4F8C420AA4204D0D4F8C820AA4292
:10F1C00040F07E82B9F1000F18BF102E0CBF012253
:10F1D000002240F096824FF00008102647460C9A15
:10F1E000D2E902318B4280F0E88004334FF0FF30E7
:10F1F000994293600D9040F2EE801868411C00F037
:10F20000F1801B9BA0F1FF3A1A98A3F1FF33BAFAE1
:10F210008AFAB3FA83F34FEA5A1A5B0910B1002B4A
:10F2200040F02581534540F0E080237C4FF0010BF6
:10F23000102E00F0EE80A44A02960F92002B40F0B0
:10F24000EF806FF000431A46099B9918013B324644
:10F2500018460593F317069115F02EFB94F8243108
:10F26000CDE903010A93002B40F07681BBF1000F3A
:10F2700040F06482029BD946DA46CDF804B03033C0
:10F280000A93029B0A2B00F2E6802F2D40F2378270
:10F290000A9BAB4240F23382A5F13003039A4A4500
:10F2A000049A72EB0A02C0F0C2800599A6FB09928B
:10F2B0000C9D08F10108C81A069906FB0A2261EBA9
:10F2C000E37148459141019938BF41F0010113EBC9
:10F2D000090942EBE37A0191D5E90232934280F0C9
:10F2E000AE8004334FF0FF31AB600D91934280F05C
:10F2F00011821D68691C00F0E0811B9BA5F1FF35A0
:10F300001A98A3F1FF33B5FA85F5B3FA83F36D09C3
:10F310005B0910B1002B40F01081AB4240F0B68089
:10F3200001250F9B53F80C2C002A40F0D180B8F136
:10F33000000F40F0E880012F00F0E5800021002060
:10F340001E9C0422C4E900011D990A602DB11D9A7A
:10F350001D99126842F002020A600CAA089C92E809
:10F360000300A3F10C0284E8030058498A4240F0EC
:10F37000B481089811B0BDE8F08FA26AAA427FF468
:10F38000F1AE04E787F001020A2E08BF42F0010245
:10F39000002A3FF40EAFB9F1000F18BF082E0CBFC2
:10F3A0000127002740F0C5800C9A4FF0000808267E
:10F3B000D2E902318B42FFF418AF13681046019274
:10F3C0009B6A98474FF0FF33019A0D93D2E90231BF
:10F3D00099423FF612AF136810465B6A9847411C8A
:10F3E0007FF40FAF00230C930BE70C98002868D034
:10F3F000D0E902239A4280F095811568681C00F0DC
:10F400006981237C002F7FF4C4AE102EBB467FF4AD
:10F4100012AF162202922C4A0F92002B3FF411AF2A
:10F420000FAB202118460793E0F7F4FA09E7012310
:10F430000C9D0193D5E902329342FFF452AF2B6841
:10F440000FAA28469B6A079298474FF0FF330D9307
:10F45000D5E902324AE7A5F13003092B7FF61EAF4A
:10F46000A5F16103052B24D8A5F1570316E7D0E9D0
:10F4700002239A4280F01A811068421C00F0FA8040
:10F48000A0F1FF33B3FA83F35B09CBE60C980028B5
:10F4900000F03581D0E90232934280F048811D6846
:10F4A0006B1C7FF4EEAE00230C93029B0A2B40F200
:10F4B0002681A5F14103052B00F22181A5F1370337
:10F4C000ECE64FF0FF359CE78446002078460020AC
:10F4D0000FAB5FFA88F118461E460793E0F7A2FBD0
:10F4E0003246D4E9020106F033F8002800F0CF805C
:10F4F0000F9BB8F1000F06D1012F04D053F80C2C4C
:10F50000002A3FF41BAFBBF1000F7FF417AF019A45
:10F51000002A00F0B280099A002A00F0EB80002057
:10F520004FF000411E9AC2E9000104221D990A60B1
:10F530000CE708F10108174651E6D0E90232934280
:10F5400080F0E2801868421C00F0B480A0F1FF3324
:10F55000B3FA83F35B09E0E6BBF1000F40F0F580FE
:10F5600004F1CC03D946DA46CDF804B00B93237CE2
:10F5700013B1A26AAA4252D0636AAB4200F0BF80C4
:10F58000029B002B00F0BB8029460B9D1A462846A3
:10F590000DF0A2FD002800F0B280401B039A3C2829
:10F5A0004FEAA003C8BF063B4A45049A72EB0A0221
:10F5B0004DD30599A6FB099208F10108C81A0699CE
:10F5C00006FB0A2261EBE37148459141019938BF7E
:10F5D00041F0010113EB090942EBE37A01910C9828
:10F5E000D0E9023293422CD2043383604FF0FF33D0
:10F5F0001AA90CA80D930FAB0793FDF721F9054647
:10F6000000287FF48EAE0FAB0CA80793FDF762F9CC
:10F61000237C0546002BAFD0A26AAA42ACD1B8F138
:10F62000000F00F09A800FAB5FFA88F1184607933D
:10F63000E0F7F8FA0C984FF00008D0E90232934254
:10F64000D2D303680FAA9B6A07929847CEE70A9B1A
:10F650000193C4E71AA90CA8FDF7F2F8082683461F
:10F6600000283FF46AAD00231F460993237C3D46E2
:10F67000B846DDE500231A9302E7099A1AB1D9F1D9
:10F6800000096AEB4A0A1E9AC2E9009A5EE6042360
:10F690001D9A13602CE70027237CCDF824B0B846D0
:10F6A00077E500278346237CB846C1E503685B6A9B
:10F6B0009847E2E600231A9348E700230C931CE6E0
:10F6C0000127B5E5102E7FF4B6AD284B0F93162316
:10F6D0000293A5E600230C9393E653F8041C481EFE
:10F6E000002943F8040C3FF744AE0EA91046E0F79A
:10F6F0003BF83EE64FF0FF306FF0004112E7002587
:10F700000FE69346012796E503680FAA5B6A079206
:10F71000984718E72B680FAA28465B6A0792984714
:10F720000546E7E503685B6A9847054666E60368B1
:10F730000FAA5B6A079298470546B1E60A9B5D46A9
:10F7400099469B469A460193EBE54FF000095D46CA
:10F75000CA46CB46CDF80490E3E59B464546E0E536
:10F760000798FAF7CBF804F0CDF900BF84460020E3
:10F7700010B588B08E4604460DF1180C8CE80C00CC
:10F780000C9B02930AAB93E803000D9B8DE80300EA
:10F790000E98714603939CE80C0004902046FFF7F6
:10F7A000ABFC204608B010BD2DE9F04F8FB01A9D7C
:10F7B0000AA9069005F16C0081E80C00FBF70EFA2F
:10F7C000EB68044603F04A09B9F1400F00F08F825C
:10F7D000B9F1080F18A90AA814BF0A261026FDF7C8
:10F7E0002FF88246002840F08B820AA8FDF772F8B5
:10F7F000D4F8BC30054683420CBF01230023099393
:10F8000004D0D4F8C030834240F09382237C002B94
:10F8100040F00581626AAA4211D00A98FAF720F8EE
:10F820004FF0FF3318A90AA80B93FDF709F8002839
:10F8300040F085820AA8FDF74DF8237C0546002795
:10F84000B8461BB1A26AAA4200F08A82626AAA4242
:10F8500046D0D4F8CC20AA4200F0E680002F00F079
:10F860002681D4F8C420AA4204D0D4F8C820AA42E1
:10F8700040F07482B9F1000F18BF102E0CBF0122A6
:10F88000002240F087824FF00008102647460A9A6F
:10F89000D2E902318B4280F0E28004334FF0FF3036
:10F8A000994293600B9040F2E8801868411C00F088
:10F8B000EB80199BA0F1FF3B1898A3F1FF33BBFA33
:10F8C0008BFBB3FA83F34FEA5B1B5B0910B1002B90
:10F8D00040F01F815B4540F0DA80237C4FF0010A45
:10F8E000102E00F0E880A14A02960D92002B40F005
:10F8F000E980F31732464FF0FF304FF0FF3114F03C
:10F90000DBFF94F82431CDE903010793002B40F08D
:10F910007181BAF1000F40F05A82029BD146D34662
:10F92000CDF804A030330793029B0A2B00F2E58048
:10F930002F2D40F22D82079B9D4280F02982A5F158
:10F940003003039A4A45049A72EB0B02C0F0C1805F
:10F95000A6FB0992D917002008F1010806FB0B222B
:10F9600013EB090551EB02050A9D28BF012013EB9B
:10F970000909019B41EB020B03430193D5E90232D4
:10F98000934280F0AE8004334FF0FF31AB600B91B7
:10F99000934280F008821D68691C00F0D981199B90
:10F9A000A5F1FF351898A3F1FF33B5FA85F5B3FA41
:10F9B00083F36D095B0910B1002B40F00C81AB4261
:10F9C00040F0B68001250D9B53F80C2C002A40F026
:10F9D000D180B8F1000F40F0E880012F00F0E58001
:10F9E000002100201C9C0422C4E900011B990A602C
:10F9F0002DB11B9A1B99126842F002020A600AAAF2
:10FA0000069C92E80300A3F10C0284E80300584925
:10FA10008A4240F0B08106980FB0BDE8F08FA26A2C
:10FA2000AA427FF4F7AE0AE787F001020A2E08BF68
:10FA300042F00102002A3FF414AFB9F1000F18BFE1
:10FA4000082E0CBF0127002740F0C1800A9A4FF012
:10FA500000080826D2E902318B42FFF41EAF13687A
:10FA6000104601929B6A98474FF0FF33019A0B931F
:10FA7000D2E9023199423FF618AF136810465B6A2B
:10FA80009847411C7FF415AF00230A9311E70A98A9
:10FA9000002868D0D0E902239A4280F08C81156852
:10FAA000681C00F06581237C002F7FF4CAAE102E05
:10FAB000BA467FF418AF162202922C4A0D92002B00
:10FAC0003FF417AF0DAB202118460593DFF7A2FFD7
:10FAD0000FE701230A9D0193D5E902329342FFF417
:10FAE00052AF2B680DAA28469B6A059298474FF0A3
:10FAF000FF330B93D5E902324AE7A5F13003092B16
:10FB00007FF61FAFA5F16103052B24D8A5F157039C
:10FB100017E7D0E902239A4280F016811068421C50
:10FB200000F0F580A0F1FF33B3FA83F35B09D1E66F
:10FB30000A98002800F02C81D0E90232934280F02C
:10FB40003F811D686B1C7FF4EFAE00230A93029B7C
:10FB50000A2B40F21D81A5F14103052B00F218810B
:10FB6000A5F13703EDE64FF0FF359CE78446002012
:10FB7000784600200DAB5FFA88F118461E460593C3
:10FB8000E0F750F83246D4E9020105F0E1FC002824
:10FB900000F0CB800D9BB8F1000F06D1012F04D0EF
:10FBA00053F80C2C002A3FF41BAFBAF1000F7FF47E
:10FBB00017AF019A002A40F0AD80099A1AB1D9F125
:10FBC00000096BEB4B0B1C9AC2E9009B10E708F194
:10FBD000010817465BE6D0E90232934280F0DD80EF
:10FBE0001868421C00F0B780A0F1FF33B3FA83F32A
:10FBF0005B09E4E6BAF1000F40F0F08004F1CC03B9
:10FC0000D146D346CDF804A00893237C13B1A26A51
:10FC1000AA4251D0636AAB4200F0BA80029B002B2B
:10FC200000F0B6802946089D1A4628460DF054FA81
:10FC3000002800F0AD80401B039A3C284FEAA00347
:10FC4000C8BF063B4A45049A72EB0B024CD3A6FB95
:10FC50000992D917002008F1010813EB090506FBEA
:10FC60000B2251EB020528BF012013EB0909019B70
:10FC700041EB020B034301930A98D0E9023293420D
:10FC80002CD2043383604FF0FF3318A90AA80B93DA
:10FC90000DAB0593FCF7D4FD054600287FF493AE29
:10FCA0000DAB0AA80593FCF715FE237C0546002B37
:10FCB000B0D0A26AAA42ADD1B8F1000F00F0968090
:10FCC0000DAB5FFA88F118460593DFF7ABFF0A9892
:10FCD0004FF00008D0E902329342D2D303680DAA54
:10FCE0009B6A05929847CEE7079B0193C4E718A942
:10FCF0000AA8FCF7A5FD0826824600283FF475AD4A
:10FD000000231F460993237C3D46B846E8E50023BF
:10FD1000189307E74FF0FF314FF0FF301C9C04228F
:10FD2000C4E900011B990A6062E604231B9A136070
:10FD300030E70027237CCDF824A0B84681E50027D2
:10FD40008246237CB846CBE503685B6A9847E6E6C3
:10FD500000230A9323E60023189345E70127BFE514
:10FD6000102E7FF4C0AD254B0D9316230293A9E608
:10FD700000230A9397E653F8041C481E002943F811
:10FD8000040C3FF748AE0CA91046DFF7EDFC42E645
:10FD9000002518E692460127A5E503680DAA5B6ACF
:10FDA000059298471DE72B680DAA28465B6A0592C5
:10FDB00098470546F0E503685B6A984705466FE695
:10FDC00003680DAA5B6A059298470546BAE6079B49
:10FDD000554699469A469B460193F4E54FF0000933
:10FDE0005546CB46CA46CDF80490ECE59A464546C2
:10FDF000E9E50598F9F782FD03F084FE84460020CA
:10FE000010B588B08E4604460DF1180C8CE80C0035
:10FE10000C9B02930AAB93E803000D9B8DE8030053
:10FE20000E98714603939CE80C0004902046FFF75F
:10FE3000BBFC204608B010BD2DE9F04790B04FF054
:10FE40000008054673480CAC0E46CDF83C80DDE951
:10FE50001A9784E80C00DAF711FBD9F86C305B686C
:10FE600053F820A0BAF1000F00F0D1800FAB0222AE
:10FE7000CDF80C800DF1280807936323CDF8189076
:10FE8000CDE904320EAB029318AB93E803008DE882
:10FE900003003146404694E80C00FAF7F7FE0F9B4A
:10FEA00098E8030084E8030023B33B68DDE90C060F
:10FEB00043F00403A6F1FF363B60B6FA86F67609F6
:10FEC00008B1002E56D1DDE91803A3F1FF33B3FAD0
:10FED00083F35B0900B103BB9E4203D13B6843F04F
:10FEE00002033B6094E8030085E80300284610B055
:10FEF000BDE8F08718A92046FCF7A2FC00284CD0EA
:10FF00000E9B442B3FDDDDE90C06A6F1FF36B6FA69
:10FF100086F676091C9A5361D2E7D0E90232934201
:10FF200070D21B68A3F1FF33B3FA83F35B099E42DF
:10FF3000D8D1D3E72046FCF7CDFCDAF800300146F3
:10FF40002A221B6B50469847A0F130085FFA88F3CD
:10FF5000092B43D80C980990F9F782FC0E9B1C9A48
:10FF600003EB830309980D9608EB4303A3F26C732C
:10FF70000E935361D0E9023293423FD218680130A8
:10FF800038D000269FE70D9E64330C98A6F1FF360B
:10FF90000E93B6FA86F67609BCE72046FCF79AFC83
:10FFA000DAF8003001462A221B6B50469847A0F130
:10FFB0003006F3B2092BA3D80C98F9F751FC0E9B2D
:10FFC00018A9204603EB830306EB43060E964FF079
:10FFD000FF360D96FCF734FC0028ABD00E9BDDE914
:10FFE0000C06A3F26C73A6F1FF360E93B6FA86F6F2
:10FFF00076098FE7002301260C9364E703685B6AA8
:020000041003E7
:100000009847BCE703685B6A984703468AE7EEF7C0
:10001000C5F800BF544700202DE9F04F93B000AF62
:1000200007F14001D7F88440B861A248D7F8805062
:1000300081E80C00DAF722FAE36E5B6853F820A03F
:10004000BAF1000F00F0F2826B4607F1700107F180
:100050004000A3EBC5039D46DB08C7F820D0FB6139
:10006000FCF7EEFB044698B1D7F88830D7F8882023
:100070001B6843F00403136007F1400393E8030097
:10008000BB694C3783E803001846BD46BDE8F08FD6
:1000900007F14000FCF71EFCDAF800300646014686
:1000A0001B6A50469847DAF80030314683469B6910
:1000B000504698470646002DD6D0AB0022467B61BD
:1000C00091463B6A03EB85037B63FB6F1C1FA046D5
:1000D000144602E00134A54225D058F8042F5046BA
:1000E0001168DAF80020126A9047834509D0D8F8E1
:1000F000002050461168DAF8002092699047864245
:10010000E8D14FEA8902D8F80000FA630BF08CFBC3
:100110007B6BFA6B43F8290009F101093B6A9C509B
:100120000134A542D9D1B9F1010F7C6040F280823F
:10013000FA694D467B693E6A53F8323000223A63D1
:100140004FEA8902FA627A6B043ABA627A6B1C4609
:10015000D7E90A10081852F8041F8C4228BF0C4631
:100160009042F8D13A6B386C01323A63D0E90221FF
:100170008A4280F02D81043282604FF0FF327A642F
:100180003A6BA24200F030813B6B9C4240F2A5806A
:10019000D7E91004A4F1FF32B2FA82F2520908B191
:1001A000002A5BD190467B6F386FA3F1FF33B3FA1F
:1001B00083F35B0908B1002B7ED1984500F08D8058
:1001C0003B6C0BB1002A59D12146DAF80030504679
:1001D0001B6A9847F863DAF80030214650469B695D
:1001E0009847002D3FF440AF3B6B0024B346B86303
:1001F0004FEA830918E0DAF80030504656F8091043
:100200009B699847BB6B83421FD0013D7A6B5BF8BB
:100210002530AC424BF808304FEA8503FB6252F8B8
:10022000253042F8083013D25BF824305046FA6F7C
:100230004FEA840852F82360DAF8003056F80910C3
:100240001B6A9847FB6B9842D5D10134AC42EBD383
:10025000012D5E4641D97B6B1B6877E7D0E902131D
:10026000994280F0AF810868431C00F08A81A0F1B8
:10027000FF38B8FA88F84FEA581894E7D3E9022112
:100280008A4280F0AB811168481C00F08081DAF866
:1002900000205046BB63126A9047BB6BF863D3E9FA
:1002A00002218A4280F094811468621C93D1002359
:1002B0003B6490E754470020D0E90213994280F054
:1002C0007A810B68591C00F05F81A3F1FF33B3FA08
:1002D00083F35B0998457FF473AFA946B9F1010F29
:1002E0007FF4C2AE386CF9F7BBFA3B6B4FF0FF31CD
:1002F00003F1010B3B6A7964D3F800807B69FA69EA
:1003000053F83220FB6F934553F8286080F0358115
:10031000796F06EB8B06A1F1FF33B3FA83F3D7E9CC
:1003200010455B09C7E90D82FB63A5F1FF39B9FAF6
:1003300089F94FEA59191CB1B9F1000F40F0DE807C
:100340004C46386F18B1FB6B002B40F00581F96B00
:100350008C4200F01081DAF8001050460C6A3168C7
:10036000A0473C6C80461CB1B9F1000F40F0D3802F
:100370002946DAF800205046126A9047804510D08E
:10038000DAF8002050463168926990478046DAF8E2
:1003900000202946504692699047404540F0EB8046
:1003A0003C6CD4E902218A4280F000810432A260D0
:1003B0004FF0FF330BF1010B04361D467B64BB6B22
:1003C0005B45B2D1D7F83480BB6FC3F8008053E6E9
:1003D0000268FB63926A90474FF0FF32FB6B7A64CE
:1003E0003A6BA2427FF4D0AE07F1700107F14000F2
:1003F000FB63FCF725FAFB6B8346002840F0D380B3
:1004000007F140003B61FCF765FADAF8002001468D
:100410005046126AD8469047B86307F14000FCF78F
:1004200059FADAF8002001465046926990473B6B32
:10043000321FD7F828909B007862FB635346AA4688
:100440001D46C7E902B61646A34656F8042FFB6FB1
:1004500053F8224059F8042F5A4513D92A682846E0
:10046000FB6B126AE1589047BA6B824200F09280AF
:10047000FB6B28462A68E158926990477B6A834261
:1004800000F0888008F10108C245DED12A465C46AA
:100490005546D7F808B09246D7E903630022796B36
:1004A000F86A04E00132AA4214D251F822301B1B30
:1004B000B3FA83F35B095B45F4D1013D56F825306F
:1004C000AA424FEA850046F8223051F8253041F81B
:1004D0002230EAD3F862BBF1000F00F0AC807B6BF6
:1004E000012D1C687FF650AEB96A411853F8042FED
:1004F000944228BF14469942F8D145E6D4E9021047
:1005000081427CD20C68631C76D0A4F1FF34B4FA2B
:1005100084F4640915E7D4E902218A4275D211688E
:100520004A1C66D0DAF800205046126A904780458F
:100530003FF437AFDAF800205046316892699047AF
:100540008046D4E902218A426AD215686B1C7FF486
:100550001EAF00223A641AE7D0E902318B425AD228
:100560001968481C42D0A1F1FF31B1FA81F1490963
:100570008C427FF4F0AED7E90D825A457FF474AD1A
:1005800022E70021396472E6002139679DE60023E5
:100590003B641AE62A465C4655464FF0010B9246EC
:1005A000D7E903637AE74FF0000B77E7226820462C
:1005B000926A9047FCE60368FA635B6A9847FA6BB5
:1005C00003467FE60368FA635B6A9847FA6B4BE67B
:1005D0001A681846536A9847044666E61A68184629
:1005E000FB63526A9047FB6B01464DE6002038677B
:1005F000B9E700243C64BCE60021396485E7216842
:100600002046496A884704467DE722682046526AA8
:100610009047014684E70168496A88470146A0E798
:1006200022682046526A904705468FE7EDF7B6FDEF
:1006300000233B6352E6022DA34606D0012D7FF432
:1006400013AD3B6AD3F8008058E67B68DA073FF5C4
:100650000BAD3A6A5908D2F800805068B8EB530FD6
:1006600004D2414481427FF4FFAC47E6A8EB01018C
:1006700081427FF4F9AC3A6A7B6B1160F8695B6880
:10068000796941F83030D2F8008037E62DE9F04F33
:1006900087B000AF07F110017C6DB860A348D7F8B0
:1006A0004C8081E80C00D9F7E9FEE36E5B6853F8F3
:1006B00020B0BBF1000F00F036816A463B6D07F1B8
:1006C000400107F11000A2EBC3039D46FCF7B8F808
:1006D0000546E946002800F0B48000242646254659
:1006E000D7E9042A7B6CFD60A3F1FF3BBBFA8BFBCF
:1006F0004FEA5B1BAAF1FF33B3FA83F35B090AB13C
:10070000002B42D11A46386C10B1BBF1000F4BD10F
:1007100059468A4257D0386908B1002B70D1002C55
:100720005CD000234FEA860EFD689C4604E00CF185
:10073000010C0133A34218D255F82320980005EB91
:100740008301B242F3D959F8232058F8222052F8F5
:100750000E20524560D0013C59F82420A34249F8AC
:10076000002055F824200A60E6D36445FD602AD0B5
:100770003A69D2E90213994250D2043191604FF0A4
:10078000FF3A0136C7F814A0B4E7D2E90201884263
:1007900080F0B8800268551C00F08480A2F1FF321E
:1007A000B2FA82F25209AEE7D0E90215A94280F00E
:1007B000B1800968481C72D0A1F1FF31B1FA81F112
:1007C00049098A42A7D1012CFD682ED0022C05D1FF
:1007D0002B68B3422CD06B68B34229D0BB6DBA6D85
:1007E0001B6843F00403136007F1100393E8030050
:1007F000BB681C3783E803001846BD46BDE8F08F90
:10080000D0E902239A4278D2D2F800A0BAF1FF3F91
:1008100085D100233B6182E701338BE713681046E3
:100820007A609B6A98477A68A9E72B68B342D5D16A
:100830003A6DD9F800309342A8BF9B1ABA6C136086
:10084000D2E707F11000FCF745F83A6D54003FF489
:1008500045AFA8F1040AC7F84C802E46D846834617
:1008600009E0D8F80020404692699047834507D0B8
:100870000135A5420AD05AF8042F11685945F0D124
:1008800049F8265001350136A542F4D1D7F84C80FD
:100890003A6956B9D7F814A03446354622E7002005
:1008A000386489E70021396178E710467A60F8F703
:1008B000D7FF7A68B300A9F1040B0024073323F0B3
:1008C0000703ADEB030D4FF0FF336D467B61A5F1E0
:1008D000040AFD60554692465BF8042F013458F82F
:1008E00022000AF0A1FFA64245F8040FF4D15246B7
:1008F000FD684FF0FF3A0126F4E603685B6A98470B
:10090000824683E7116810467B604A6A90477B689D
:10091000024640E70168C7E90023496A8847014663
:10092000D7E9002346E7EDF739FC00BF5447002024
:100930002DE9F0419EB0054656480E460CACDDE967
:10094000268784E80C00D9F799FDD8F86C30D3E9F4
:100950000132904280F09B8053F82000002800F084
:10096000968000234C4A4D4902F052FF002800F0C7
:100970008E80836800220F92DA6A17921A6B18929F
:100980005A6B19929A6B1A92DA6B1B921A6C1C9220
:100990005A6C1D92DA6C11921A6D12925A6D139262
:1009A0009A6D1492DA6D15921A6E9B6C16921093D2
:1009B0000FABCDF8148006930723049310AB039379
:1009C0000EAB029324AB93E803008DE8030031469D
:1009D0000AAE94E80C003046FFF758FE0F9B96E8ED
:1009E0000300024684E803003BB33B6843F0040382
:1009F0003B600D9EA6F1FF36B6FA86F67609002A10
:100A00000CBF002306F00103DBB9259B2498A3F15A
:100A1000FF33B3FA83F35B0900B1EBB99E4203D114
:100A20003B6843F002033B600C9294E8030085E8C6
:100A3000030028461EB0BDE8F0810E9B28998B610B
:100A4000D7E7D2E90210814211D2086801300ABF0B
:100A50001E4600260022D8E7D0E902318B420FD291
:100A60001B68A3F1FF33B3FA83F35B09D6E7116880
:100A7000104609930892496A8847DDE90823E5E7AB
:100A8000036808925B6A9847089A0346E9E7EDF71E
:100A900085FB00BF9C460020408B0410605D041065
:100AA0002DE9F04FB3B0054673488B4616ACDDE92F
:100AB0003E7884E80C00D9F7E1FCFB6ED3E9013203
:100AC000904280F0D68053F82000002800F0D180BA
:100AD00000236A4A6A4902F09BFE002800F0C980A0
:100AE00083680DF1640A4FF00C0914AED3F8982016
:100AF000596E1B92D3F89C20986E1C92D3F8A020BC
:100B00000D911D92D3F8A420D96E1E92D3F8A8207F
:100B10000C901F92D3F8AC20186F2092D3F8942039
:100B20000A911A92996FD3F8B02008901292D86F58
:100B30005A6F0E91D3F880100B920F901091D3F84A
:100B40008400D3F8902011900992D3F8B420D3E90F
:100B50002201D3E92EECD3F8C0301392129ACDF8CB
:100B6000109021920B9ACDE924C30D9B2A922693D3
:100B70000C9B27930A9B2893089BCDE9057A299320
:100B8000139F0E9BCDE9227E2B930F9B30912C93CC
:100B9000109B2D93119BCDE92E30099B31931AABFD
:100BA000039318AB0293002319933CAB93E8030023
:100BB0008DE803005946304694E80C00FFF766FDC7
:100BC000199B96E80300074684E803005BB3D8F856
:100BD000003043F00403C8F80030179EA6F1FF363A
:100BE000B6FA86F67609002F0CBF002306F0010343
:100BF000EBB93D9B3C98A3F1FF33B3FA83F35B0958
:100C000000B1FBB99E4205D1D8F8003043F0020391
:100C1000C8F80030169794E8030085E803002846DA
:100C200033B0BDE8F08F189B409A1361D5E7D7E940
:100C300002218A4211D2106801300ABF1E460026E6
:100C40000027D6E7D0E9023293420DD21B68A3F108
:100C5000FF33B3FA83F35B09D4E73A683846089365
:100C6000526A9047089BE7E703685B6A9847034628
:100C7000EDE7EDF793FA00BF9C460020408B04108F
:100C8000605D04102DE9F04FBDB00746B7480DF187
:100C9000800A499EDDF82C8108918AE80C00D9F77A
:100CA000EDFB489BDB6ED3E90132904280F0CF86AA
:100CB00053F82000002800F0CA860023AC4AAD4952
:100CC00002F0A6FD0B90002800F0C186AA48D9F7D3
:100CD000D5FB489BDB6E5B6853F82040002C00F08E
:100CE000B68640460AF0A0FD0023834646A99946F1
:100CF0005046229309974996FBF7A2FDD94550D259
:100D000080F00100C0B200284BD0229F002F40F09D
:100D10009D8123683A4658F8291020461B6B4FEAFC
:100D200089059847252808EB89064CD023680821B7
:100D300058F8292020469B6898470746002840F02D
:100D40001D812368204658F805101B6A98470646FF
:100D50005046FBF7BFFD2368014620461B6A9847B3
:100D6000864200F0FB802368204658F805109B69F6
:100D7000984705465046FBF7ADFD236801462046DF
:100D80009B699847854200F0E980229B43F0040369
:100D9000229309F1010946A95046FBF751FDD945B7
:100DA000AED3229B099F499E0BB9D94503D0336826
:100DB00043F0040333609AE8030087E803003846F1
:100DC0003DB0BDE8F08F23683A46716820461B6B42
:100DD00098474528239700F026814F2800F023816B
:100DE00009F1010925385428CFD801A353F820F080
:100DF000450F03108B0D03108B0D03108B0D03108B
:100E00008B0D03108B0D03108B0D03108B0D031036
:100E10008B0D03108B0D03108B0D03108B0D031026
:100E20008B0D03108B0D03108B0D03108B0D031016
:100E30008B0D03108B0D03108B0D03108B0D031006
:100E40008B0D03108B0D03108B0D03108B0D0310F6
:100E50008B0D03108B0D03108B0D03108B0D0310E6
:100E60002D1203108710031025130310CD15031046
:100E70008B0D03108B0D03108B0D031069150310E0
:100E8000431903108B0D03108B0D03108B0D0310F2
:100E9000F91803108B0D03108B0D03108B0D03102D
:100EA0008B0D0310AD190310291803100F18031030
:100EB000AF1703108B0D03105117031043170310C6
:100EC000E3160310E71503108B0D03108B0D0310B1
:100ED0008B0D03108B0D03108B0D03108B0D031066
:100EE0002D1203108710031001140310BF110310FB
:100EF000BF1103108B0D03108B0D0310871003100F
:100F00008B0D0310A51403108B0D03108B0D031014
:100F10004F140310F11203108B0D031089180310E6
:100F20008B0D0310BD1303108B0D0310F112031072
:100F30008B0D03108B0D031079130310BF150310D5
:100F4000FD1403105046FBF7C5FC23680546252118
:100F50009B6A2046984785427FF417AF2098F8F7A0
:100F60007FFC4FF0FF33219313E700BF9C46002026
:100F7000408B0410605D041054470020219A479D67
:100F8000A2F1FF36209BA5F1FF35B6FA86F6B5FA39
:100F900085F576096D0903B1F6B9B446469800B1F6
:100FA00055BB2946B1423FF4F4AE209810B1BCF1D4
:100FB000000F2ED12368082120469B6898470028FF
:100FC0003FF4E7AE209BD3E902218A4234D20432B7
:100FD0009A604FF0FF322192D3E902218A423ED239
:100FE0001068421C35D0A0F1FF36BC464FF0FF32EE
:100FF000B6FA86F67609D1E7D0E90213994233D2E0
:101000000868431C28D0A0F1FF31B1FA81F14909E9
:10101000C8E7D0E90232934230D21A68531CC9D1D2
:1010200000232093C6E723680022B16820461B6B8B
:1010300009F102099847D5E61A6818460A93926A98
:1010400090474FF0FF320A9B2192C5E7099F499EC6
:10105000ADE600232093C6E700214691D3E71A6846
:101060001846536A9847BCE70168CDF830C00A9229
:10107000496A8847DDF830C00A9AC2E703685B6AAC
:1010800098470246CAE70B9B22AA4FF0180C1EADE8
:101090009B68186F0D90D3F884001390D3F88800E4
:1010A0000F90D3F88C001190D3F890001290D3F8E1
:1010B00094000C90D3F89800D3E91A610A90D3F801
:1010C0009C000E911590D3F8A000D3E91D1716903F
:1010D0001497D3F8A400D3E91FE7179010975F6E19
:1010E000D3F8A8001890D3F8AC001990D3F8B0004A
:1010F0001A90D3F8B4001B90D3F8B8001C90D3F822
:10110000BC00D3F8C0301D900D980692CDF810C0E9
:10111000CDE927011398CDE924762C90149F0F98E0
:101120000E9E2D9011982696CDE9297E109F2B9723
:101130002E9012982F900C9830900A983190159814
:1011400032901698339017983490189835901998D3
:1011500036901A9837901B9838901C9839901D98A3
:10116000CDE93A03489B059324AB039323AB029349
:1011700046AB93E803008DE80300089928469AE8F7
:101180000C00FEF749FF229B95E803008AE8030064
:10119000002B7FF4FEAD239A974981FB0231D317D0
:1011A000C3EB610303EB4303A2EB83024A9B1A6187
:1011B0004C9B4C9A1B8843F481631380E9E55046AD
:1011C000FBF788FB2368024608219B682046984766
:1011D000002840F0F383489B4FF0020C1EAD0693AD
:1011E00022AB07931F23CDE9043C0123039323ABD8
:1011F000029346AB93E803008DE803000899284664
:101200009AE80C00F9F742FD229B95E803008AE872
:101210000300002B7FF4BDAD4C9B239A1B884A9999
:1012200043F48263CA604C9A1380B2E50B9B22A9F7
:101230004FF00E0C9B681A6C0A92D3E911E2D3E9C5
:101240000E500C92DA6C0D921A6D0E925A6D0F922E
:101250009A6D1092DA6D11921A6ED3E90C76129291
:10126000DB6A0A9A2493CDE92750CDE9292ECDE9EE
:1012700025760C9A1EAD489B2B920D9A059324ABB4
:101280002C920E9A039323AB2D920F9A029346ABA6
:101290002E92109A06912F92119ACDF810C030928A
:1012A000129A93E8030031928DE8030008992846CA
:1012B0009AE80C00FEF7B0FE229B95E803008AE84E
:1012C0000300002B7FF465AD239B4C4981FB032178
:1012D000DA171944C2EBA102C2EBC2029B1A4A9A66
:1012E00093614C9B4C9A1B7843F00203137050E5BA
:1012F0004FF0FF350FE05046FBF7ECFA236802464B
:1013000008219B682046984700283FF442AD20986A
:10131000F8F7A6FA219546A95046FBF791FA00285E
:10132000E9D036E5489B4FF0020E1EAD069322AB86
:1013300007936323CDE9043E0023039323AB029379
:1013400046AB93E803008DE80300089928469AE825
:101350000C00F9F79BFC229B95E803008AE8030048
:10136000002B7FF416AD4C9B4C9A1B8843F4906382
:101370001380239B53600CE5489B01271EAD069309
:1013800022AB07930623CDE904370023039323AB55
:10139000029346AB93E803008DE8030008992846C2
:1013A0009AE80C00F9F772FC229B95E803008AE8A2
:1013B0000300002B7FF4EDAC239B90E74C9B06933E
:1013C0000B9B9B689B6A05934A9B1EAD0493489BAD
:1013D000029322AB039346AB93E803008DE803002E
:1013E000089928469AE80C00FFF74CFC95E80300A2
:1013F0008AE80300CDE400BFABAAAA2A932449924D
:101400004C9B06930B9B9B689B6905934A9B1EAD67
:101410000493489B029322AB039346AB93E80300EB
:101420008DE80300089928469AE80C00FFF72AFC8B
:10143000229B95E803008AE80300002B7FF4A9AC07
:101440004C9B4C9A5B7843F004035370A1E4489B97
:1014500002211EAD069322AB07930C23CDE9043184
:101460000123039323AB029346AB93E803008DE87B
:101470000300089928469AE80C00F9F707FC229B1C
:1014800095E803008AE80300002B7FF482AC239BDD
:101490004A9A013B13614C9B4C9A1B7843F008031A
:1014A000137076E4489B03201EAD069322AB07938E
:1014B0004FF4B773CDE904300123039323AB0293B8
:1014C00046AB93E803008DE80300089928469AE8A4
:1014D0000C00F9F7DBFB229B95E803008AE8030088
:1014E000002B7FF456AC239B4A9A013BD3614C9B63
:1014F0004C9A1B7843F0040313704AE4489B022083
:101500001EAD069322AB07936323CDE9043000237D
:10151000039323AB029346AB93E803008DE80300EB
:10152000089928469AE80C00F9F7B0FB229B95E849
:1015300003008AE80300002B7FF42BAC4C9B46A9E8
:101540004C9A50465B7823F0060343F00603537031
:10155000FBF776F9002800F03882239B442BD8BF94
:1015600064334A9A536114E4489B02271EAD0693E4
:1015700022AB07931723CDE904370023039323AB52
:10158000029346AB93E803008DE8030008992846D0
:101590009AE80C00F9F77AFB229B95E803008AE8A9
:1015A0000300002B7FF4F5AB239A4A998A604C9A8A
:1015B000127863F300024C9B1A70FFF7EABB4C9B56
:1015C00006930B9B9B689B680593FDE6236824AEFE
:1015D000A84A2046DD6A3346A2F10901A8474C9B80
:1015E0000596069312E75046FBF774F92368024606
:1015F00001219B682046984700283FF4C6AB489BD2
:1016000022AE1EAF05930E23069604939A4B0393C6
:1016100024AB029346AB93E803008DE803000899DE
:1016200038469AE80C00FEF7F7FC97E803008AE8D2
:10163000030046A95046FBF703F900287FF4A9AB45
:10164000229B249A13437FF4A4AB5046FBF742F944
:10165000236805462D219B6A2046984785420BD07A
:101660005046FBF737F9236805462B219B6A204635
:10167000984785427FF48DAB489B022507960693D9
:1016800024AB02931723CDE904350023039346AB23
:1016900093E803008DE80300089938469AE80C00A7
:1016A000F9F7F4FA00230796039324AB0595029308
:1016B000489B06933B23049346AB97E803008AE8D4
:1016C000030093E803008DE80300089938469AE880
:1016D0000C00F9F7DBFA97E803008AE80300FFF74C
:1016E00058BB489B04211EAD069322AB079342F2E0
:1016F0000F73CDE904310023039323AB029346AB70
:1017000093E803008DE80300089928469AE80C0046
:10171000F9F7BCFA229B95E803008AE80300002B46
:101720007FF437AB4C9B239A5B78A2F26C724A9998
:1017300023F006034A6143F004034C9A5370FFF709
:1017400028BB4C9B06930B9B9B681B6905933BE650
:10175000489B02261EAD069322AB07933523CDE9A5
:1017600004360023039323AB029346AB93E80300B4
:101770008DE80300089928469AE80C00F9F786FAE4
:10178000229B95E803008AE80300002B7FF401AB5D
:10179000239B4C9A1B04116803F47C13374A43F0D3
:1017A00040030A4013434C9A1360FFF7F2BA489B78
:1017B0004FF0020C1EAD069322AB07933523CDE903
:1017C000043C0023039323AB029346AB93E803004E
:1017D0008DE80300089928469AE80C00F9F756FAB4
:1017E000229B95E803008AE80300002B7FF4D1AA2E
:1017F000239B4C9A1B04116803F47C13204A43F08A
:1018000020030A4013434C9A1360FFF7C2BA2368BF
:1018100024AE1C4A2046DD6A3346A2F10901A847DE
:101820004C9B05960693CFE5489B4FF0020E1EADEC
:10183000069322AB07933D23CDE9043E0023039397
:1018400023AB029346AB93E803008DE803000899AD
:1018500028469AE80C00F9F719FA229B95E803004C
:101860008AE80300002B7FF494AA239B4A9A136012
:10187000FFF78FBAE94D041014290020BFFFC0FF05
:10188000DFFFC0FFFD4D04100B9B9B681A6A24927A
:1018900012685B6A2593002A3FF47BAA1B68002B21
:1018A0003FF477AA489B1EAD059322AB0693022313
:1018B000049324AB039323AB029346AB93E803005A
:1018C0008DE80300089928469AE80C00FEF7A4FB6F
:1018D000229B95E803008AE80300002B7FF459AAB5
:1018E000239B002B3FF455AA4C9B4C9A5B7843F00A
:1018F00001035370FFF74DBA489B02221EAD0693B9
:1019000022AB07933B23CDE904320023039323AB9F
:10191000029346AB93E803008DE80300089928463C
:101920009AE80C00F9F7B2F9229B95E803008AE8DF
:101930000300002B7FF42DAA239B4A9A5360FFF7E4
:1019400028BA489B02261EAD069322AB07930C23B0
:10195000CDE904360123039323AB029346AB93E80E
:1019600003008DE80300089928469AE80C00F9F76F
:101970008DF9229B95E803008AE80300002B7FF491
:1019800008AA239A334981FB0231D317C3EB6103C1
:1019900003EB4303A2EB83024A9B9A604C9B4C9A55
:1019A0001B7843F001031370FFF7F3B9236824AEEB
:1019B000294A2046DD6A3346911F30E72098F7F721
:1019C0004FFF4FF0FF33219305E45046FAF782FFB3
:1019D000236801462A221B6B20469847A0F1300558
:1019E000EBB2092B3FF6B9AD2098F7F739FF239BEF
:1019F00046A9504603EB830305EB430523954FF0BF
:101A0000FF352195FAF71CFF48B1239B4C9AA3F2AE
:101A10006C734C99527822F002024A70A1E550464C
:101A2000FAF758FF236801462A221B6B2046984785
:101A3000A0F13006F3B2092BE7D82098F7F710FF92
:101A4000239B0A22219502FB03632393DEE7ECF735
:101A5000A5FB00BFABAAAA2AF24D04102DE9F0475E
:101A600092B00546454888460CACDDF87890DDE933
:101A70001C6784E80C00D8F701FDF36ED3E901324E
:101A8000904279D253F82000002875D000233C4AB8
:101A90003C4901F0BDFE00286ED083680DF1280A94
:101AA0001B6902960FAE03970696CDE904930023B7
:101AB000CDE90F3311931AAB93E803008DE80300CF
:101AC0004146504694E80C00FFF7DCF89AE8030022
:101AD00084E8030030464946DDF8308003F03EFDDF
:101AE0000D9EA6F1FF36B6FA86F67609B8F1000F1C
:101AF0000CBF002306F001032BBB1B9B1A98A3F11C
:101B0000FF33B3FA83F35B0900B17BB99E4203D183
:101B10003B6843F002033B60CDF8308094E803005B
:101B200085E80300284612B0BDE8F087D0E902320C
:101B3000934214D21B68A3F1FF33B3FA83F35B091A
:101B40009E42E9D1E4E7D8E902218A420CD210682A
:101B500001300ABF1E4600264FF00008CDE703689B
:101B60005B6A98470346E6E7D8F8002040460993A9
:101B7000526A9047099BEBE7ECF710FB9C4600206C
:101B8000408B0410605D04102DE9F04792B00546CB
:101B9000454888460CACDDF87890DDE91C6784E8A0
:101BA0000C00D8F76BFCF36ED3E90132904279D286
:101BB00053F82000002875D000233C4A3C4901F02E
:101BC00027FE00286ED083680DF1280A9B680296D4
:101BD0000FAE03970696CDE904930023CDE90F33AA
:101BE00011931AAB93E803008DE803004146504679
:101BF00094E80C00FFF746F89AE8030084E8030035
:101C000030464946DDF8308003F0A8FC0D9EA6F171
:101C1000FF36B6FA86F67609B8F1000F0CBF00233E
:101C200006F001032BBB1B9B1A98A3F1FF33B3FAF9
:101C300083F35B0900B17BB99E4203D13B6843F05B
:101C400002033B60CDF8308094E8030085E8030090
:101C5000284612B0BDE8F087D0E90232934214D290
:101C60001B68A3F1FF33B3FA83F35B099E42E9D10A
:101C7000E4E7D8E902218A420CD2106801300ABF99
:101C80001E4600264FF00008CDE703685B6A9847C0
:101C90000346E6E7D8F8002040460993526A904789
:101CA000099BEBE7ECF77AFA9C460020408B041086
:101CB000605D04102DE9F04F014693B09A480891F9
:101CC0000CA981E80C00D8F7D9FB1E9BDB6E5B6882
:101CD00053F820300793002B00F060849348D8F726
:101CE000CDFB1E9B0546DB6EDE6856F82040002CBF
:101CF00000F0B48304F14002A36A05921BB1236B88
:101D0000003B18BF01238A4E0B93237C0F96002BB8
:101D100040F04582202110A80FAD1096DDF77AFE25
:101D20004FF0000BE36BDA46119304F14403CDF856
:101D300024B0CDF818B0CDF828B0CDE9033B11ABF5
:101D400013F80B30042B00F21F83DFE813F06D0251
:101D5000F700870071000500DDE90C67DFF8D89116
:101D6000A7F1FF38B8FA88F84FEA581816B1B8F159
:101D7000000F4ED146461D9B1C98A3F1FF33B3FACA
:101D800083F35B0910B1002B40F079819E4200F093
:101D900087810C9818B1B8F1000F40F084810A22B5
:101DA000394603980BF098F9002800F01F81059B35
:101DB000C01AD9F80030801013F80080109B53E946
:101DC00003727E1C964204D853F8042C002A40F378
:101DD0005481314610A80FADDDF71CFE109B53F85F
:101DE0000C2C03F80280109A5249A2F10C038B428A
:101DF00040F070810AF1010A0C9ED6E9023293424A
:101E000080F029810433B3604FF0FF331F460D93F8
:101E1000A6E7D6E90232934280F014831868431C87
:101E200000F0A882A0F1FF36B6FA86F67609A2E79E
:101E3000A36A002B40F0D181236B002B40F043823A
:101E40000B9B83F001090BF1010BBBF1030F00F3B6
:101E50008380B9F1000F7FF472AF7DE01E9BDB68D9
:101E60009E0500F1EF81069B012B00F2EB81BBF197
:101E7000000F00F0E781BBF1010F00F0D881BBF14A
:101E8000020F00F09D82109B53F80C3C012B00F2D6
:101E90007E820A9B002B40F013830F9B53F80C3C6F
:101EA000ABB1049B002B00F03D839DF824100FADD7
:101EB0002846DDF7B7FE2A46D4E9020103F048FBC5
:101EC00028B91F9B1F9A1B6843F004031360049BEF
:101ED000002B00F08382636B534500F07F821F9BD1
:101EE0001F9A1B6843F0040313601CA90CA80FADD4
:101EF000FAF7A6FC002840F058810CAA109B0D4C64
:101F000092E80300089A82E80300A3F10C00A042C3
:101F100040F0EE820F9BA3F10C00A04240F0F4824F
:101F2000089813B0BDE8F08F544700209446002075
:101F30008446002078460020102900201CA90CA807
:101F40000FADFAF77DFC002800F05B814FF000092F
:101F5000BBF1030F40F0C680069B012B94BF00230A
:101F600009F00103002B00F01B830A9B002B40F0BB
:101F70003281636A9B464FF00108DDE90C67A7F1E7
:101F8000FF39B9FA89F94FEA59191EB1B9F1000FB1
:101F900040F012814E461D9B1C98A3F1FF33B3FA0B
:101FA00083F35B0910B1002B40F0A081069A9045A5
:101FB00080F0AF819E4200F0AC810C9818B1B9F16D
:101FC000000F40F0B1815BF8043FBB4287D10C9E0B
:101FD000D6E90232934280F0C4810433B3604FF0FB
:101FE000FF3308F101081F460D93C8E76369BB4240
:101FF00037D0237C002B53D0A369BB4250D1049B24
:10200000002B5ED1BAF1000F00F08A820F9B5FFABD
:102010008AFA53E903727E1C964203D853F8042CC3
:10202000002A4CDD0FA831460546DDF7F3FC0F9B77
:1020300053F80C2C03F802A00F9AAB49A2F10C0341
:102040008B4240F086810C9E4FF0000AD6E90232A6
:102050009342FFF4D7AE336830460FAD9B6A984782
:10206000D2E6049B6BBB636B002B19DD0123CDF81B
:1020700024A04FF0000A0493BEE63A46B1E6D0E948
:102080000232934280F0D9811868451C00F06F81BC
:10209000A0F1FF33B3FA83F35B099E427FF479AE7C
:1020A0004FF001090FE0D0E90232934280F0D08175
:1020B0001F687A1C7FF473AE00230C936FE63A46D8
:1020C000B8E7DDF81090109B53F80C3C002B3FF460
:1020D00006AFB8E600213B4442F80C6C42F8041C01
:1020E000597387E6DDE90C68A8F1FF37B7FA87F77F
:1020F0007F0906B12FBB3E461D9B1C98A3F1FF3301
:10210000B3FA83F35B0900B16BBBBB423FF49BAEF8
:102110000C9808B1002E35D10798424608210FAD22
:1021200003689B68984700283FF48DAE0C9ED6E963
:102130000232934280F004810433B3604FF0FF33E6
:102140000D93D6E90232934280F0EF811868411C6A
:1021500000F0AD81A0F1FF374FF0FF380126B7FA4C
:1021600087F77F09C8E7D0E90232934280F0E38124
:102170001868421C00F09881A0F1FF33B3FA83F392
:102180005B09C2E7D0E90232934280F0D981D3F8EB
:102190000080B8F1FF3FBFD100230C93BCE70FAD27
:1021A00020212846DDF736FCB4E51F9B1F9A1B68EB
:1021B00043F002031360A0E6D6E90232934280F0B6
:1021C000C5811868431C00F07581A0F1FF36B6FA8E
:1021D00086F67609DFE6E36ACCE61CA90CA80FAD0B
:1021E000FAF72EFB002800F0FE80236B002B6AD14B
:1021F000A36A002B3FF424AE4FF00109CDF82890DC
:1022000021E60CA80FADFAF765FB024607980821F6
:1022100003689B68984700283FF498AE0C98F7F73E
:102220001FFB4FF0FF330D934FF0010990E60B9B1E
:1022300043B99DF84430032B04D09DF84630012B60
:1022400040F0C980276A00264FF0FF380FE0E269AE
:1022500052F826209A422CD10C98D0E902329342AF
:1022600080F08B80043383600136CDF834801CA964
:102270000CA80FADFAF7E4FA80F00100C0B2002814
:1022800000F08080BE427DD2DDE90C035D1CDED112
:102290000028DCD0D0E90232934280F068811B68CC
:1022A000591CD4D100220C92E26952F826209A429D
:1022B000D2D0002E7FF413AE1E9BDB6883F4007334
:1022C000C3F34029BFE51CA90CA80FADFAF7B8FA73
:1022D000002800F09B80A36A002B3FF4B1AD236B74
:1022E000002B7FF4ADAD87E778460020D0E90232BD
:1022F000934280F031811868451C00F0DE80A0F127
:10230000FF33069AB3FA83F390454FEA5313FFF471
:1023100051AE069B98457FF4E2AD109B53F80C3C00
:10232000012B7FF6B6AD32E0D0E90232934280F065
:1023300018811F68791C7FF446AE00230C9342E697
:10234000336830460FAD9B6A98474FF0FF330D93CB
:10235000F7E600213B4442F80C6C42F8041C597328
:1023600071E6336830460FAD9B6A984737E6002325
:102370001C938DE600230C9354E503680FAD9B6A14
:10238000984771E7BE4294D14FF001095BE5002206
:10239000302110A8DDF778F900283FF47AAD109BC2
:1023A000421C53F80C3C00D1581E9842024610A81B
:1023B0000FAD28BF1A4600231946DDF7D7F968E5A7
:1023C0009DF84730042B3FF43DAF032B03D10B9B0B
:1023D000002B7FF437AF0BF1010BB0E410A920986C
:1023E000DDF73CF981E50CA8FAF774FA636A1B681B
:1023F00083427FF4FAAEA36A0C980693F7F730FA9B
:102400004FF0FF334FF001090D931CE50CA80FAD01
:10241000FAF760FAE36A1B6883427FF45CAF236BD0
:102420000FAD0C980693F7F71BFA4FF0FF334FF000
:1024300001090D93CDF8289005E503680FAD5B6A9F
:10244000984722E6336830460FAD5B6A9847E6E46A
:1024500003680FAD5B6A984707462AE67020D3F7FA
:10246000CBFA00230446C0E90133C3600374C3639D
:1024700080F86C30C0E90533C0E90733C0E909339F
:10248000C0E90B33C0E90D33544B03601E9B03F1CD
:102490006C01F7F7DFFF1E9B21462A46D86ED7F75F
:1024A00073FF56F8254025E400231C9364E60023BF
:1024B0000C934FE600230C9387E600231C931EE742
:1024C000109B53F8042C002A57DA1B78302B3FF46A
:1024D000E4AC2D23002210A80FAD00931146012378
:1024E000DDF7E2F9109B4FF0FF3243F8042CD4E4FF
:1024F00053F8042C511E002A43F8041C3FF70AAD80
:102500000EA9DDF731F905E553F8042C511E002A18
:1025100043F8041C3FF704AD10A9DDF725F9FFE4EB
:10252000D146D0E55FFA8AF1C1E4336830460FAD99
:102530005B6A98470BE603680FAD5B6A984718E63D
:1025400003680FAD5B6A9847804622E633683046E1
:102550000FAD5B6A984735E603680FAD5B6A984735
:10256000CAE603680FAD5B6A98470746E2E6036870
:102570000FAD5B6A9847034692E610A80FADDDF7F2
:1025800077F9109B1A78302A3FF487AC53F8043C53
:10259000002B9EDB10A8DDF76BF99AE7EBF7FEFD49
:1025A000B9F1000F3FF49BAC6DE401F01BFC236814
:1025B00020465B68984702F017F801F013FCFAE731
:1025C00001F04EFC01F09EFA10A8F7F797F92846A3
:1025D000F7F794F901F096FAF9E700BF8C6504105B
:1025E0002DE9F04F014693B09A4808910CA981E873
:1025F0000C00D7F743FF1E9BDB6E5B6853F820305F
:102600000793002B00F060849348D7F737FF1E9B99
:102610000546DB6EDE6856F82040002C00F0B483DF
:1026200004F14002A36A05921BB1236B003B18BF63
:1026300001238A4E0B93237C0F96002B40F045829A
:10264000202110A80FAD1096DDF7E4F94FF0000B34
:10265000E36BDA46119304F14403CDF824B0CDF8CE
:1026600018B0CDF828B0CDE9033B11AB13F80B300F
:10267000042B00F21F83DFE813F06D02F7008700E0
:1026800071000500DDE90C67DFF8D891A7F1FF388C
:10269000B8FA88F84FEA581816B1B8F1000F4ED1C1
:1026A00046461D9B1C98A3F1FF33B3FA83F35B09E5
:1026B00010B1002B40F079819E4200F087810C9888
:1026C00018B1B8F1000F40F084810A22394603980E
:1026D0000AF002FD002800F01F81059BC01AD9F8FE
:1026E0000030801013F80080109B53E903727E1CA9
:1026F000964204D853F8042C002A40F35481314602
:1027000010A80FADDDF786F9109B53F80C2C03F8D9
:102710000280109A5249A2F10C038B4240F0708162
:102720000AF1010A0C9ED6E90232934280F0298117
:102730000433B3604FF0FF331F460D93A6E7D6E98D
:102740000232934280F014831868431C00F0A88280
:10275000A0F1FF36B6FA86F67609A2E7A36A002B47
:1027600040F0D181236B002B40F043820B9B83F020
:1027700001090BF1010BBBF1030F00F38380B9F1E9
:10278000000F7FF472AF7DE01E9BDB689E0500F1B9
:10279000EF81069B012B00F2EB81BBF1000F00F0F3
:1027A000E781BBF1010F00F0D881BBF1020F00F00F
:1027B0009D82109B53F80C3C012B00F27E820A9BF9
:1027C000002B40F013830F9B53F80C3CABB1049BE0
:1027D000002B00F03D839DF824100FAD2846DDF757
:1027E00021FA2A46D4E9020102F0B2FE28B91F9B61
:1027F0001F9A1B6843F004031360049B002B00F036
:102800008382636B534500F07F821F9B1F9A1B6876
:1028100043F0040313601CA90CA80FADFAF710F8DD
:10282000002840F058810CAA109B0D4C92E8030040
:10283000089A82E80300A3F10C00A04240F0EE8267
:102840000F9BA3F10C00A04240F0F482089813B053
:10285000BDE8F08F544700209046002084460020B9
:1028600078460020102900201CA90CA80FADF9F70C
:10287000E7FF002800F05B814FF00009BBF1030F78
:1028800040F0C680069B012B94BF002309F0010392
:10289000002B00F01B830A9B002B40F03281636AFF
:1028A0009B464FF00108DDE90C67A7F1FF39B9FA43
:1028B00089F94FEA59191EB1B9F1000F40F01281A0
:1028C0004E461D9B1C98A3F1FF33B3FA83F35B09BB
:1028D00010B1002B40F0A081069A904580F0AF81A6
:1028E0009E4200F0AC810C9818B1B9F1000F40F095
:1028F000B1815BF8043FBB4287D10C9ED6E902321E
:10290000934280F0C4810433B3604FF0FF3308F189
:1029100001081F460D93C8E76369BB4237D0237C8B
:10292000002B53D0A369BB4250D1049B002B5ED136
:10293000BAF1000F00F08A820F9B5FFA8AFA53E91E
:1029400003727E1C964203D853F8042C002A4CDDF7
:102950000FA831460546DDF75DF80F9B53F80C2CA8
:1029600003F802A00F9AAB49A2F10C038B4240F08E
:1029700086810C9E4FF0000AD6E902329342FFF4A2
:10298000D7AE336830460FAD9B6A9847D2E6049BBA
:102990006BBB636B002B19DD0123CDF824A04FF036
:1029A000000A0493BEE63A46B1E6D0E90232934209
:1029B00080F0D9811868451C00F06F81A0F1FF33C9
:1029C000B3FA83F35B099E427FF479AE4FF00109BD
:1029D0000FE0D0E90232934280F0D0811F687A1C68
:1029E0007FF473AE00230C936FE63A46B8E7DDF848
:1029F0001090109B53F80C3C002B3FF406AFB8E648
:102A000000213B4442F80C6C42F8041C597387E6E1
:102A1000DDE90C68A8F1FF37B7FA87F77F0906B13F
:102A20002FBB3E461D9B1C98A3F1FF33B3FA83F3E3
:102A30005B0900B16BBBBB423FF49BAE0C9808B185
:102A4000002E35D10798424608210FAD03689B68D8
:102A5000984700283FF48DAE0C9ED6E9023293428F
:102A600080F004810433B3604FF0FF330D93D6E957
:102A70000232934280F0EF811868411C00F0AD8172
:102A8000A0F1FF374FF0FF380126B7FA87F77F092B
:102A9000C8E7D0E90232934280F0E3811868421C13
:102AA00000F09881A0F1FF33B3FA83F35B09C2E72A
:102AB000D0E90232934280F0D981D3F80080B8F196
:102AC000FF3FBFD100230C93BCE70FAD2021284668
:102AD000DCF7A0FFB4E51F9B1F9A1B6843F00203BD
:102AE0001360A0E6D6E90232934280F0C5811868EF
:102AF000431C00F07581A0F1FF36B6FA86F6760920
:102B0000DFE6E36ACCE61CA90CA80FADF9F798FE46
:102B1000002800F0FE80236B002B6AD1A36A002BF3
:102B20003FF424AE4FF00109CDF8289021E60CA81F
:102B30000FADF9F7CFFE02460798082103689B689E
:102B4000984700283FF498AE0C98F6F789FE4FF0AE
:102B5000FF330D934FF0010990E60B9B43B99DF8AD
:102B60004430032B04D09DF84630012B40F0C9803F
:102B7000276A00264FF0FF380FE0E26952F826205E
:102B80009A422CD10C98D0E90232934280F08B808B
:102B9000043383600136CDF834801CA90CA80FAD36
:102BA000F9F74EFE80F00100C0B2002800F08080EE
:102BB000BE427DD2DDE90C035D1CDED10028DCD0F5
:102BC000D0E90232934280F068811B68591CD4D14D
:102BD00000220C92E26952F826209A42D2D0002EAE
:102BE0007FF413AE1E9BDB6883F40073C3F34029AC
:102BF000BFE51CA90CA80FADF9F722FE002800F0D4
:102C00009B80A36A002B3FF4B1AD236B002B7FF4B4
:102C1000ADAD87E778460020D0E90232934280F0DC
:102C200031811868451C00F0DE80A0F1FF33069A60
:102C3000B3FA83F390454FEA5313FFF451AE069B6A
:102C400098457FF4E2AD109B53F80C3C012B7FF6C6
:102C5000B6AD32E0D0E90232934280F018811F68AD
:102C6000791C7FF446AE00230C9342E6336830466D
:102C70000FAD9B6A98474FF0FF330D93F7E60021A5
:102C80003B4442F80C6C42F8041C597371E63368FB
:102C900030460FAD9B6A984737E600231C938DE6BC
:102CA00000230C9354E503680FAD9B6A984771E7C6
:102CB000BE4294D14FF001095BE50022302110A8FB
:102CC000DCF7E2FC00283FF47AAD109B421C53F87D
:102CD0000C3C00D1581E9842024610A80FAD28BFE8
:102CE0001A4600231946DCF741FD68E59DF8473098
:102CF000042B3FF43DAF032B03D10B9B002B7FF440
:102D000037AF0BF1010BB0E410A92098DCF7A6FC5B
:102D100081E50CA8F9F7DEFD636A1B6883427FF446
:102D2000FAAEA36A0C980693F6F79AFD4FF0FF33BC
:102D30004FF001090D931CE50CA80FADF9F7CAFD82
:102D4000E36A1B6883427FF45CAF236B0FAD0C9882
:102D50000693F6F785FD4FF0FF334FF001090D9311
:102D6000CDF8289005E503680FAD5B6A984722E629
:102D7000336830460FAD5B6A9847E6E403680FADF1
:102D80005B6A984707462AE67020D2F735FE002393
:102D90000446C0E90133C3600374C36380F86C3038
:102DA000C0E90533C0E90733C0E90933C0E90B3393
:102DB000C0E90D33544B03601E9B03F16C01F7F720
:102DC00031F91E9B21462A46D86ED7F7DDFA56F810
:102DD000254025E400231C9364E600230C934FE672
:102DE00000230C9387E600231C931EE7109B53F8E7
:102DF000042C002A57DA1B78302B3FF4E4AC2D2347
:102E0000002210A80FAD009311460123DCF74CFD02
:102E1000109B4FF0FF3243F8042CD4E453F8042CF9
:102E2000511E002A43F8041C3FF70AAD0EA9DCF737
:102E30009BFC05E553F8042C511E002A43F8041CA2
:102E40003FF704AD10A9DCF78FFCFFE4D146D0E5D5
:102E50005FFA8AF1C1E4336830460FAD5B6A984788
:102E60000BE603680FAD5B6A984718E603680FAD81
:102E70005B6A9847804622E6336830460FAD5B6A4E
:102E8000984735E603680FAD5B6A9847CAE6036862
:102E90000FAD5B6A98470746E2E603680FAD5B6AD1
:102EA0009847034692E610A80FADDCF7E1FC109BB3
:102EB0001A78302A3FF487AC53F8043C002B9EDB91
:102EC00010A8DCF7D5FC9AE7EBF768F9B9F1000F29
:102ED0003FF49BAC6DE400F085FF236820465B68FF
:102EE000984701F081FB00F07DFFFAE700F0B8FFA2
:102EF00000F008FE10A8F6F701FD2846F6F7FEFCE4
:102F000000F000FEF9E700BF9C6504102DE9F043D6
:102F10008DB00E462749054606AC189F09910DF164
:102F2000240884E80C00179B9DF85820CDE902374F
:102F300014AB93E80300CDF810808DE80300314610
:102F40000AAE304602B394E80C00FEF7B3FEDDF89B
:102F5000249096E8030084E80300D6F7F5FF3A468C
:102F6000334619990A90484601F0A0FF099B124A7E
:102F700094E8030085E80300A3F10C00904208D117
:102F800028460DB0BDE8F08394E80C00FFF728FB5D
:102F9000DDE753F8042C511E002A43F8041CEFDC33
:102FA0003146DCF7E1FBEBE74046F6F7A7FC00F023
:102FB000A9FD00BF84460020784600202DE9F04F8F
:102FC0008DB0054640480F46199E06AC9DF860A09E
:102FD000DDF86C9084E80C00D7F750FAF36E5B686C
:102FE00053F82080B8F1000F67D0384B0993BAF13D
:102FF000000F3DD11A9B0DF1240A02960AAE0393ED
:1030000016ABCDF810A093E803008DE80300394615
:10301000304694E80C00FFF7E3FA099B96E80300BA
:1030200053F80C7C84E80300AFB1002239464846CF
:10303000DDF7FEF8D9F80030DDF824B053F8042CA1
:103040005F44002A28DA3A46D8F8007059464046CC
:10305000FF6AB847099B1E4A94E8030085E803000D
:10306000A3F10C0090421DD128460DB0BDE8F08FB1
:103070001A9B0DF1240A02960AAE039316ABCDF803
:1030800010A093E803008DE803003946304694E829
:103090000C00FEF70FFEC0E74846DCF703FFD9F847
:1030A0000030D0E753F8042C511E002A43F8041CCA
:1030B000DADC3146DCF758FBD6E7EBF76FF8504621
:1030C000F6F71CFC00F01EFD54470020844600204B
:1030D00078460020244B1A68D00701D401221A60D8
:1030E000224B1A68D10701D401221A60204B1A68BA
:1030F000D20701D401221A601E4B1A68D00701D4EE
:1031000001221A601C4B1A68D10701D401221A60EF
:103110001A4B1A68D20701D401221A60184B1A6898
:10312000D00701D401221A60164B1A68D10701D4C6
:1031300001221A60144B1A68D20701D401221A60C6
:10314000124B1A68D00701D401221A60104B1A687A
:10315000D10701D401221A600E4B1A68D20701D49C
:1031600001221A60704700BF4C38002054380020FC
:103170007C38002084380020F0370020F43700200D
:1031800064380020FC370020743800206C380020A0
:103190005C380020443800200868B0F1805F08B532
:1031A0001BD2904205D801308000BDE80840D2F71C
:1031B00023BCB0EB420F4FEA4203F4D2B3F1805F7D
:1031C00008D36FF070434FF080400B60BDE80840BB
:1031D000D2F712BC581C0B60E6E70148EBF706F883
:1031E000144E0410034653F8080B984201D0D2F74E
:1031F00007BC704730B5032983B0044615460191DA
:103200000FD8006839B1012913D00A46294603F0C6
:10321000E3FB019920680023616040F8213003B08E
:1032200030BD01A90022FFF7B7FF01992060A1601E
:10323000E8E705600199EEE72DE9F04F83B04768B4
:103240009A468146DDF830B08E180D4601A9ABEBE9
:10325000020304463B44BF1B019359F8083B9945C0
:1032600014BF82680322FFF797FF80462DB1012D1E
:1032700021682AD02A4606F06DFCBAF1000F0BD067
:10328000BBF1000F08D0BBF1010F08EB850024D083
:1032900051465A4606F05EFC20685FB15D44012F3E
:1032A00000EB860108EB850312D03A46184606F07B
:1032B00051FC2068814501D0D2F7A2FB019BC4F8E4
:1032C0000080A36003B0BDE8F08F0B680360D4E713
:1032D00050F8263048F82530ECE7DAF8003048F8A6
:1032E0002530D9E770B5054682B0044655F8083B4D
:1032F00001919D42019B14BF82680322934201D831
:1033000002B070BD01A9FFF747FF63682168064658
:103310005A1C73B14AB98D4202D00846D2F770FBED
:10332000019B2660A36002B070BD06F013FC21680B
:10333000F1E70B680360EEE7F0B51D466FF07043F0
:1033400004464068134483B01B1A9D4243D8234669
:103350000F46AE1A53F8081B0644994214BFA368DF
:1033600003239E4222D8D319C31A0ED0AA420CD0EE
:1033700001EB870C012B0CEB85000CEB820E23D0AC
:1033800071461A4605F008FD216845B1012D01EB93
:10339000870015D008992A4603F01EFB21680023F8
:1033A0002046666041F8263003B0F0BD3946002360
:1033B00020460095FFF740FF2168002DEFD0E5E79C
:1033C000089B41F82730EAE75CF822304CF82530BA
:1033D000002DE4D0DAE70148EAF708FFD04C0410EA
:1033E0000B464168994207D305D902680021436022
:1033F00042F823107047704710B5144682B05B1A2C
:1034000000220094FFF798FF02B010BD2DE9F843A9
:10341000089F1D461646DDF824807B1E0C469A4206
:1034200009D9012F02D12B680B6004E03A462946E6
:10343000204605F0B1FCB8F1000F10D0B74259D0CA
:10344000B8F1010F04EB870004EB860104D154F8B6
:10345000263044F8273002E0424605F09DFCB74292
:1034600048D904EB860805EB87034FEA870998459E
:103470000BD3012F02D12B6823603BE03A4629464B
:103480002046BDE8F84305F087BCA84512D82D1B9F
:10349000012F07EBA505A5EB060204EB820103D182
:1034A00054F82230236025E03A462046BDE8F84330
:1034B00006F050BBA8EB0508B8F1040F4FEAA806C8
:1034C00002D12B68236004E029463246204605F0ED
:1034D00063FCBA1B04EB090104EB0800012A04D1C8
:1034E00054F8273044F8083004E01AB1BDE8F84336
:1034F00006F030BBBDE8F8832DE9F04704466FF0D5
:10350000704082B00F46104461680A9E401A86429D
:103510004ED898462346B51A53F808AB0D449A4541
:1035200014BFA36803239D422FD8D319C2450AEBC9
:103530008709A1EB03031CD953B1B24208D0012B78
:1035400009EB860009EB82012BD01A4605F024FC1A
:1035500036B1012E20D032464146484606F0FAFAEE
:10356000236800222046656043F8252002B0BDE8AC
:10357000F0870AEB81018845DED849462046CDE92F
:1035800000634346FFF742FFEAE7434639462046D9
:103590000096FFF751FEE3E7D8F800304AF82730ED
:1035A000DEE759F8223049F82630002ED8D0D0E78F
:1035B0000148EAF71BFE00BF2C4E0410F0B504468C
:1035C000476850F8086B83B0D519864214BFA368CA
:1035D0000323AB420ED332B1012A06EB870012D08F
:1035E00006F0B8FA266800232046656046F82530C4
:1035F00003B0F0BD0B460092394600222046FFF78B
:103600001BFE2668EFE70B6846F82730EBE700BFA4
:1036100010B5446886469C46A34215D8E41A9442E5
:1036200028BF14464CB1DEF80030012C084603EBED
:103630008C0104D0224606F08DFA204610BD53F8C6
:103640002C300360204610BD2346624601490248E3
:10365000EAF7FCFDA44C04106C4C04100B46014628
:10366000184607F0A9BF00BF00487047484E041035
:10367000034B10B50446036000F03EFC204610BD2D
:1036800034900410054B10B50446036000F034FC80
:1036900004212046D2F7B8F9204610BD349004101A
:1036A00000487047584E0410034B10B504460360A1
:1036B000FFF7DEFF204610BD70900410054B10B5DB
:1036C00004460360FFF7D4FF04212046D2F79CF99B
:1036D000204610BD7090041000487047744E0410CE
:1036E000034B10B50446036000F006FC204610BDF5
:1036F0009C900410054B10B50446036000F0FCFBE1
:1037000004212046D2F780F9204610BD9C90041079
:10371000036870B5002484B09E6910231546039495
:1037200002936B461268CDE90044B0479DF804301F
:1037300003F00603062B04D1009B01202B6004B08C
:1037400070BD204604B070BD009890420CBF0620AA
:1037500001207047034B10B50446036001F014F8D4
:10376000204610BDE0900410054B10B504460360E0
:1037700001F00AF808212046D2F746F9204610BD8C
:10378000E09004102DE9F041069F1D460446904646
:10379000DDE908369F420CD02946204600F0F8FFAC
:1037A00020B10123376086F80480B3710020BDE8A2
:1037B000F081079900F0ECFF0028EDD0002086F89A
:1037C0000580BDE8F08100BF38B515461C4600F005
:1037D000DFFF00B938BD082206232560E2602371AF
:1037E00038BD00BF2DE9F041064617461D460C4680
:1037F00000F0CEFF48B9032D07D823683A4631467A
:1038000020465B69BDE8F0411847BDE8F08100BF84
:103810002DE9F0418AB0002838D0174602680446E6
:1038200088461E460021102052E90232CDE90810D8
:103830000791E518E15851F8041C914226D1002E59
:1038400001DBDE4231D01368104607AA00953146ED
:1038500003920622CDE90184DD693B46A847079D16
:103860002A469DB19DF8220000F00603062B0ED0DB
:103870009DF821109DF820300B4003F00603062B25
:1038800005D001F00501042900D020B1002528460B
:103890000AB0BDE8F081002E10DB3544AC42F5D112
:1038A000154628460AB0BDE8F08110463946059213
:1038B00000F06EFF059A0028C5D0E8E7B31CE5D0FC
:1038C000009443463C6831463846246AA04700F0DD
:1038D00006000628DAD1079A1546E2E71E494B682A
:1038E00030B5A0F1080550F8084C2BB305EB040ED9
:1038F000734521D85A6826D001F1040C32B910E082
:10390000516803F1040C134649B10A469645F7D8AD
:1039100005D1DEF800201444DEF804205A60DCF8FB
:1039200000301A6899188D420AD05B6840E902435A
:10393000DCF800305D6030BD40F8043C4D6030BDC7
:1039400022441A6030BD1B6840F8042C234440F820
:10395000083C4D6030BD00BFB030002000F10803CE
:103960001349082B486838BF0823F8B107330431DE
:1039700023F0070302E0011D406880B10268934212
:10398000F9D870B4D41A4668072C09D9C5186E60E6
:10399000C4500868036008300D6070BC7047704701
:1039A0003546026008300D6070BC7047704700BF3C
:1039B000B030002010B500F180042046D2F708F89E
:1039C00038B1034680220021184610F071FF803084
:1039D00010BD2046FFF7C2FF03460028F2D100F0D9
:1039E00087FD00BF064B8038D3E902231344984279
:1039F00003D2824201D2FFF771BFD1F7FBBF00BFF4
:103A0000B03000202DE9F0410026394D88B039480A
:103A1000EE60C5E9016602F0D1FF0822364B0921AC
:103A20000496CDE90223354A0423CDE90512079314
:103A300000283BD00446324E23780F2230463A2BE2
:103A400008BF0134214610F00BFF10B9E37B2E2B89
:103A500017D020463A2104F083FA04460028EBD11F
:103A6000079A049C402AA8BF4022002C08BF0624C5
:103A70003E3402FB04F4A400EC60DCB908B0BDE8FD
:103A8000F081103402AF2146D7E900804246B8F1F8
:103A9000000F02D010F0E4FE18B914F808303D2BE6
:103AA00012D00C3708AB9F42EDD1D2E74FF48863B8
:103AB0001C46EB602046D1F78BFFA860A8B100231D
:103AC0006860C0E90043D9E708F10100002201A9BC
:103AD000204404F061FF019C23783A2B01D0002B95
:103AE000B7D10028A8BFB860B3E7E860C6E700BF59
:103AF000B0300020844E0410984E0410A44E0410E0
:103B0000B04E04101EB400F08DF81EBC10F0B4FED0
:103B1000F0B51D46037883B00C46472B19D0002022
:103B2000254E3368019030469B68984778B1019BD9
:103B300002271B68019323682046314601AA1C69AD
:103B40000123A04720BB0746384603B0F0BD01273C
:103B5000F1E743784E2BE2D18378552BDFD1C37840
:103B6000432BDCD10379462B1BD0432BD7D1437990
:103B70002B2BD4D183792B2BD1D1C379012BCED848
:103B80004FF0000350F8206C019306D05830C8E77E
:103B9000019B38462B6003B0F0BD304656F8786C78
:103BA000BFE743794F2BBAD18379522BB7D1C07974
:103BB0000028B4D1014EB4E7889104105C91041040
:103BC00010B5044600F0ACF9224612F82039472B14
:103BD00004D0836823BB8260012010BD63784E2B24
:103BE000F7D1A378552BF4D1E378432BF1D1237986
:103BF000432BEED163792B2BEBD1A3792B2BE8D17F
:103C0000E379012BE5D854F8043C0133012B44F847
:103C1000043CE1D1836844F8083C8260012010BD77
:103C200000F066FC08B500F07BF9836883B393F875
:103C30002020472A04D00022826003F1200008BD22
:103C400093F821204E2AF6D193F82220552AF2D15A
:103C500093F82320432AEED193F82420432AEAD173
:103C600093F825202B2AE6D193F826202B2AE2D19F
:103C700093F82720012ADED8DA69013ADA61002AAE
:103C8000DBD199690022816003F120009A6108BDAF
:103C900000F02EFC08B50420FFF78CFE024B034A0F
:103CA0000349036000F084FC70900410A9360310EF
:103CB0005C9004100378472B01D0002070474378B4
:103CC0004E2BFAD18378552BF7D1C378432BF4D1FF
:103CD0000379432BF1D143792B2BEED183792B2B15
:103CE000EBD1C07901288CBF00200120704700BFB4
:103CF00010B530B1044600F075F82046FFF7DAFF42
:103D000008B900F0F5FB54F8140C00F0E9FB00BF13
:103D10002DE9F04F83B00246FFF7CCFF38B1D2F85F
:103D200028A0002652E90684D2E90C7505E0044675
:103D300001268046054607468246104600F052F8A6
:103D40000EB100F0E1FB404600F0DAFB00F04AF86B
:103D50000EB100F0CDFB00F0DFF8036827F0030898
:103D60004FF0000993F8272003F1200B012A0CBF24
:103D70001A6803F178020092CA451ADD2F6807B16C
:103D80002F446B46002239465846FFF7C1FE08B162
:103D900000F02AFC3B6801AA019038460E491F69D1
:103DA0000123B847002818BF064609F10109454418
:103DB000E2E746B10420FFF7FDFD084B084A06493B
:103DC000036000F0F5FB204600F08AFB00F048F8A5
:103DD00000F046F8FFF796FE309104109891041019
:103DE000FD3E031038B5044600F09AF805682246F7
:103DF00012F82039472B03D085BB0260284638BD16
:103E000063784E2BF8D1A378552BF5D1E378432B6B
:103E1000F2D12379432BEFD163792B2BECD1A3790A
:103E20002B2BE9D1E379012BE6D854F80C3C002B7D
:103E300011DB013344F80C3C9542436803F1FF3336
:103E4000436002D044F8105C0260656A204610F0BE
:103E500037FD284638BDC3F10103EBE700F048FB0E
:103E600008B500F059F80246006870B390F82010C9
:103E7000472906D000212030BDE80840116010F02D
:103E8000D7BC90F821104E29F4D190F82210552972
:103E9000F0D190F823104329ECD190F82410432955
:103EA000E8D190F825102B29E4D190F826102B2981
:103EB000E0D190F827100129DCD84169002905DB01
:103EC000013908D04B1C0DD0416108BD0131FBD137
:103ED00003691360F8E701692030BDE8084011600C
:103EE00010F0A6BC00F004FB08B500F019F840681B
:103EF000003818BF012008BD704700BF704700BFE1
:103F000000487047C04E041010B504460421D1F794
:103F10007BFD204610BD00BF004870479038002050
:103F20000048704790380020502870B51DD0844656
:103F300000F00F000C2855D8DFE800F007442607F2
:103F40001E545454542A22071E00104650F8046B85
:103F50004EB10CF07004102C08BF11461CF0800FFD
:103F60000E4418BF36681E6070BDD01C20F00300E0
:103F700050F8046B1E6070BD104650F8086BE7E700
:103F8000104630F9026BE3E7104630F8026BDFE7CA
:103F900000261046344610F8015B05F07F0E15F040
:103FA000800F0EFA04FE04F1070446EA0E06F2D171
:103FB0001F2CCDD86D06CBD54FF0FF3505FA04F494
:103FC0002643C6E700261046344610F8015B05F08C
:103FD0007F0E2D060EFA04FE04F1070446EA0E06D3
:103FE000F3D4B5E705F0AEFDFF2808B5034612D0BF
:103FF00003F070030846302B13D005D8202B09D1CD
:10400000BDE8084010F074BC402B06D1BDE8084064
:1040100010F01ABC03D8002008BD502BFBD005F0CF
:1040200091FDBDE8084010F02FBC00BFF8B50C466C
:104030000646154608B110F007FC286014F8017B0D
:10404000FF2F28D16860204610F8012BFF2A32D0BC
:104050000024102322462B7510F8011B01F07F036A
:10406000090603FA02F302F1070244EA0304F3D457
:1040700003190024EB6010F8013B22466B7510F821
:10408000011B01F07F03934007321C430B06F6D45B
:1040900004442C61F8BD31463846FFF7A5FF22469F
:1040A00001462B1D3846FFF73FFF0446204610F817
:1040B000012BFF2ACCD100232A75DAE72DE9F04F36
:1040C000002395B00F4616460A9300F00303012B18
:1040D00000F0A480022B0AD13146384610F0F8FBDC
:1040E000002840F09080082015B0BDE8F08F002B2C
:1040F00040F0F08110F00804EED10EAB4FF0010853
:104100000293029B0C2230460E970093002319461F
:1041100010F0C6FB304610F083FB03900028DBD084
:1041200044EA080330460DF134080493DDE9022126
:10413000FFF77CFF9DF84C308146314618460693C8
:10414000FFF752FF002305900F2219461090CDF87B
:104150000080304610F07CFB0D9BDDF848B023F06A
:104160000103D94503F1FF3532D29DF84DA00E9CD5
:1041700000215046FFF738FF4A4601460BAB504638
:10418000FFF7D2FE814600215046FFF72DFF4A4639
:1041900001460CAB5046FFF7C7FE81460021504652
:1041A000FFF722FF4A46014643465046FFF7BCFE52
:1041B00081460020024619F8011B01F07F0393405D
:1041C000073218430B06F6D40B9B2344AB421ED98F
:1041D0004FF000090123CA46049AD10740F1D2806A
:1041E000002330460D22CDF8008019460A9C10F0BD
:1041F0002FFB039B06207C62C7F82890C7E90B3A87
:104200000D9B3B6270E7092015B0BDE8F08F0C9A5A
:104210001344AB4261D8D945AAD3D9E710F00804BA
:104220000EAB03D002934FF002086AE71A460D6AFC
:10423000029321462346009230460D2210F008FBDF
:104240000E9B9D42EFD1029A2346214630460092B2
:104250000C220E9710F024FBD7F830A0D7E90A43C0
:10426000BAF1000F36D0A1460DF134080393B9F12D
:10427000000FC0F2F980032500233046CDF80080FE
:104280001A4619460D9710F00BFB00230122304609
:10429000CDF8008019460D9410F002FB00230F2288
:1042A00030461946CDF8008010F0D2FA0D9A00235E
:1042B000304602F00102CDF80080194642EA0A02B7
:1042C0000D920F2210F0ECFA022D68D0072015B0E5
:1042D000BDE8F08F3846FFF70BFD0D9B002B3FF438
:1042E000FBAE0F9A03EB020A002800F0E0800138D1
:1042F0000BEB0004BAF1000F3FF4EEAE049B13F099
:104300000803089300F0D780734B3B60734B7B60CE
:10431000DDF818B00023CDF818A00BF007029A467C
:104320000796099200210A4614F8010B00F07F035A
:10433000050603FA02F302F1070241EA0301F3D48E
:104340001F2A05D8400603D5012393405B42194339
:104350000025894626462A4616F8010B00F07F0301
:10436000934007321D430306F6D41F2A1FD8460682
:104370001DD5012393405B421D4351BB4FF0010A01
:104380002C44CFE7049A12070DD5012B00F0A08032
:10439000B9F1000FC0F298804C4603256CE738460F
:1043A000FFF70EFC92E7012B94D04C465FE781B9F2
:1043B0004FF0010A002DE3D15346DDE906A6002B9C
:1043C0003FF48AAE049BD8073FF586AE0024022551
:1043D00052E7002921DC6FF04043119A5B1A02EB8F
:1043E000830652F823100FB1089B2BB10029E1D1AD
:1043F000DDE906A60323EFE60A9B0D9321B9F7E753
:1044000056F8041F0029F3D03144434600223846B1
:10441000FFF77EFB0028F3D0CCE7BBF1FF0F44D0C1
:10442000099A042A56D8DFE802F003551C03190044
:104430008B005B42119A584605991A444346FFF790
:1044400073FD0D990029D3D0002FB3D00AAB002201
:104450003846FFF75DFB0028ACD0C9E7CB005B42D4
:10446000E8E74B005B42E5E7DDE902213046FFF774
:10447000DDFD31469DF84C00FFF7B6FD6FF0404280
:1044800005461198121B50F8223000EB820033B120
:104490000246002352F8041F01330029FAD1786341
:1044A000C7E90A3504233B63E5E60023C2E7BAF116
:1044B000000F87D110E6FB79012B0CBF57F8203C89
:1044C00007F158030A9323E700F01EF8FFF78AFC70
:1044D00000F00EF805F036FB474E5543464F5200AC
:1044E00008B5804705F02EFBFFF77CFC05F02AFBA2
:1044F00008B5024BD3E8AF0FFFF7F2FF9029002079
:1045000008B58047FFF7F4FF08B5024BD3E8AF0FBB
:10451000FFF7F6FF04290020014BD3E8AF0F7047E7
:1045200090290020014BD3E8AF0F704704290020E9
:10453000012810B516D8A1F12803D3E8EF2F013ACE
:10454000C3E8E02F0028F8D15AB951F81C3C01F11A
:1045500058040BB1204698472046BDE81040FFF7AD
:1045600041BA10BD51F8140CFFF7BAFF002310B583
:10457000044640F8803C40E91E12FFF7D3FF44F8A0
:10458000700CFFF7C9FF0749074A084B44F86C0C49
:10459000A4F1800044F8581C44F8542C44F8503CD2
:1045A00010BD00BF474E5543432B2B003145031030
:1045B00070B504460D461646FFF7B2FC034620468A
:1045C000324629465C6801345C60FFF7CFFF012367
:1045D000044644F8283B204610F05EF92046FFF7D9
:1045E00001FCFFF785FF00BF10B5FFF799FCD0E98C
:1045F00000420132426064B194F82020472A0AD078
:10460000002202602034204610F032F92046FFF7E5
:10461000E9FBFFF76DFF94F821204E2AF0D194F8C2
:104620002220552AECD194F82320432AE8D194F88B
:104630002420432AE4D194F825202B2AE0D194F8B1
:1046400026202B2ADCD194F82720012AD8D86269A9
:1046500052426261D6E700BF08B5D1F7CFF908BD75
:10466000FFF7C0FBFFF7FCFB002008BD034B10B5B4
:1046700004460360FFF76EF8204610BDE491041075
:10468000054B10B504460360FFF764F80C21204683
:10469000D1F7BAF9204610BDE491041070B582B08C
:1046A00004460D46069E964209D0A0682946046835
:1046B0000696246AA44602B0BDE8704060471946D9
:1046C0000192009300F064F8DDE900320028ECD09C
:1046D000062002B070BD00BF2DE9F04F81B00D463D
:1046E00019461C4607461646DDE90A8BDDE90CA98A
:1046F00000F04EF880B9D04527D0B868234632463E
:1047000029460468CDE90CA9CDE90A8BE469A446E1
:1047100001B0BDE8F04F6047002DC9F8008089F86E
:1047200004600CDBA844C24514BF4FF001084FF0F1
:10473000060889F80680002001B0BDE8F08F023538
:10474000F9D1012389F80630F5E75946384600F0DB
:104750001FF80028D1D089F80560ECE72DE9F04179
:1047600007460C4615461E46FFF72EF848B9B868AE
:10477000214633462A460468A469A446BDE8F041B0
:104780006047BDE8F08100BF704700BF0020704760
:10479000814211D0406808B503782A2B0AD04968B5
:1047A0000B782A2B08BF013103F044FCB0FA80F0EB
:1047B000400908BD002008BD01207047034B10B51B
:1047C00004460360FEF7C6FF204610BD5C9204104D
:1047D000054B10B504460360FEF7BCFF18212046C8
:1047E000D1F712F9204610BD5C9204102DE9F04F6C
:1047F00083B0054691460F46DDF830A098465245F5
:104800002CD0EB685E1E03B305EBC305EC68434692
:10481000394614F0020F4FEA242212D014F001049A
:1048200004D0F81C0DD0D9F800008258A8684A447A
:10483000D0F800C0CDF800A0DCF820B0D84703289D
:1048400007D8013E083D731CE0D1012003B0BDE84C
:10485000F08F2043C0B203B0BDE8F08F1946FFF7D8
:1048600097FF0028CDD00620F0E700BF2DE9F04FDC
:1048700091B005461D9C0693A3680491D906DDF806
:1048800068B0089201D58368A3601C9B9B4500F02B
:10489000588106992846FFF77BFF002840F04281A7
:1048A000049B002BC0F296801C9AA2EB030A012302
:1048B0004FF0000C0793E646089BCDF814C0AC46B9
:1048C00043F001030993DCF80C7007F1FF38002F67
:1048D00000F0B1800CEBC7074FF00009CDE90AECFE
:1048E0006DE0DBF800205158099A5944BAF1000FE5
:1048F00007D08A45079E2CBF00230123B34200F056
:10490000A780860705D4049B981C00F0898002F0DC
:10491000FD02B8680DAE069B056800911C990396D0
:1049200002911B9901910499ED69A84763799DF85B
:1049300039209DF83A60134306F0FB026371022AA6
:1049400000F02D81059D0D992268002D44D1002A8B
:1049500000F0A3808A4275D001B940B3032BA5793A
:1049600041D9D80702D5A06880073CD4012D38BFB3
:104970000125012E38BF0126EDB2F6B286EA050305
:10498000DBB2032B7ED9032E40F2A1800D999DF856
:10499000382006F002032160227100220592A671E0
:1049A000002B40F0AB80F20740F1A8806379042B24
:1049B00030D008F1FF38083FB8F1FF3F39D0F86830
:1049C000A568C2074FEA20210F95CDE90D9988D43B
:1049D000089A8AE782466AE7002ABBD10029E6D016
:1049E000032BA579BDD8002D35D0002EC6D1032DBF
:1049F00040F2F680E80774D485F00103DBB2032BA4
:104A000000F2B78063790122042BC4F80090A271F0
:104A10000592CED1DDF814C0604611B0BDE8F08F2C
:104A2000AE077FF474AF08F1FF38083FB8F1FF3FDD
:104A3000C5D1DDE90AEC079B1EEA030EEAD000238C
:104A4000079340E722799DF838100A432271AEE7B8
:104A500001230A93ADE7032E56D9F0073BD50B98F7
:104A60008068850737D5049B002BC0F2A9801A44C3
:104A70001C9B93420CBF0625012586EA0503DBB289
:104A8000032B80D82E40F6B2032EBBD9002202237E
:104A90004FF0010C2260A37132E09DF838202160B4
:104AA000227123B119B10B9A9268D5077DD5059073
:104AB0007DE7049B0D99002B4DDBCB181C9A9A4285
:104AC00000F0838085F00103DBB2032B9AD905F057
:104AD00002032E4663E786F00102D2B2032A92D97E
:104AE00055E70B9B9B689907E3D485F00103DBB284
:104AF000032B87D9AB07A5717FF558AF4FF0000C9A
:104B0000604611B0BDE8F08F0498002833DB024402
:104B10001C9D954260D0002E55D10A1895427FF415
:104B200072AF66E0089BC4F800B02371049B002BB1
:104B300040DB5B441C9A9A4214BF01230623A371F5
:104B4000DCE71B992846FFF723FE00283FF4A1AEBF
:104B5000089B6371D2E7049B0233B3D01C9B0A46C7
:104B600006980093036804991E6A1B9BB04706468B
:104B700004E7A571C2E70499023141D01C9B069855
:104B80000093036804991D6A1B9BA8470546002EE5
:104B90007FF4F4AE03283FF62DAF0D99DEE70D9AB2
:104BA0009DF83830A671226023718446604611B0AA
:104BB000BDE8F08F049B0233A0D10123A3719DE7D0
:104BC000049B0233DAD10125D8E685F00603DBB277
:104BD000032B0ED8062655E7CEB90623A3718DE721
:104BE000049B002B10DB049B1C9ACB189A427FF489
:104BF00009AF9DF83820062321602271A3717DE75B
:104C0000002E3FF400AFDEE70233A7D1FAE6062517
:104C1000B4E600BF2DE9F04F89B0044691469846AE
:104C2000CDE90210FEF7D0FD00286ED1D8F808308B
:104C3000DA0600F18580039AD468661E002C4CD0F9
:104C4000039A0025019302EBC40403F001020092D1
:104C5000E268019B02F0020702F0010A0693009B42
:104C600004953B438DF81450079532D0B9F1000FED
:104C70003BD01212BAF1000F02D0D9F800309A5886
:104C80004A44A06804AB0299D0F800C0DCF818B020
:104C9000D847F0B1079B082B02D1BAF1000F45D1DC
:104CA0009DF814302FB9032B03D923F002038DF89C
:104CB0001430D8F80C10D1B1D8F80030049A9342CF
:104CC00040D133B398F804309DF81420134388F88A
:104CD0000430013E083C771CBAD198F80400003833
:104CE00018BF012009B0BDE8F08F4A46C9E704AB00
:104CF0000FCB88E80F0098F80430032B05D99807EC
:104D000017D5039B9B68D907E3D4012009B0BDE800
:104D1000F08F0829079805D0082803D0FFF738FD41
:104D20000028CFD1022388F80430EEE7A368079368
:104D3000B6E7DA07E9D5039B9B689B07C9D4E4E78C
:104D4000A36878E7002202230120C8F8002088F831
:104D50000430DBE7002170B5084603F0E1F80646B1
:104D600009F0B0F8451C08492846FFF775FC0446D1
:104D700038B131462A460FF083FD0449002003F084
:104D8000CFF8204670BD00BFA4910410784B0410EA
:104D9000F0B583B005460E461746FFF7DBFF68B354
:104DA000044601A9284602F0BBFF019B07EE900ACA
:104DB0003060AB4215D01B789BB99FED137AF4EEAF
:104DC000477AF1EE10FA1DD09FED107AF4EE477A93
:104DD000F1EE10FA09D16FF40002042332603B6057
:104DE00003E00022042332603B602146002003F0F0
:104DF00097F82046D0F706FE03B0F0BD04233B60D1
:104E000003B0F0BD024AE8E70000807F000080FFA9
:104E1000FFFF7F7F2DE9F04383B005460E4617461E
:104E2000FFF798FF002832D0044601A9284602F077
:104E300011FF019B80468946AB424FF00002C6E954
:104E4000008915D01B789BB9154BD0F7A3F918BB77
:104E5000404649460022134BD0F79CF968B14FF009
:104E6000FF326FF48013C6E9002304233B6004E0A3
:104E70000023C6E9002304233B602146002003F001
:104E80004FF82046D0F7BEFD03B0BDE8F083042301
:104E90003B6003B0BDE8F0834FF0FF32024BE2E726
:104EA0000000F07F0000F0FFFFFFEF7F2DE9F843E7
:104EB00005460E461746FFF74DFF88B304463246B7
:104EC00028461B4902F0AEFF013001280ED800230E
:104ED0000022C6E9002304233B602146002003F0A2
:104EE0001FF82046BDE8F843D0F78CBDD6E900890D
:104EF0000022104B40464946D0F74CF9A0B9404635
:104F0000494600220C4BD0F745F90028E5D04FF078
:104F1000FF326FF48013C6E9002304233B60DCE713
:104F200004233B60BDE8F8834FF0FF32034BF2E708
:104F3000D44E04100000F07F0000F0FFFFFFEF7F71
:104F400008B5002303600B78432B02D00348E9F730
:104F500083F94B78002BF9D108BD00BFD84E04105F
:104F600000230360704700BFDDE90001039B02607E
:104F700003201960704700BF009B03201A60704730
:104F800001207047012070470099981A884228BF75
:104F900008467047002070470A4B10B5044640F899
:104FA000083BFFF7DDFF084B20462360D4F7B6FF30
:104FB000204610BD044B20462360D4F7AFFFFEF718
:104FC000A1FD00BFD8920410C88704100A4B10B589
:104FD000044640F8083BFFF7C3FF084B2046236018
:104FE000D4F79CFF204610BD044B20462360D4F725
:104FF00095FFFEF787FD00BF04930410808F041017
:105000000D4B10B5044640F8083BFFF7A9FF0B4BCA
:1050100020462360D4F782FF2046D0F7F1FC2046DB
:1050200010BD064B20462360D4F778FF2046D0F70A
:10503000E7FCFEF767FDF9E704930410808F041086
:105040000D4B10B5044640F8083BFFF789FF0B4BAA
:1050500020462360D4F762FF2046D0F7D1FC2046DB
:1050600010BD064B20462360D4F758FF2046D0F7EA
:10507000C7FCFEF747FDF9E7D8920410C887041073
:105080000039094B18BF012110B5C0E900310446B1
:10509000D4F75AFFA060204610BD044B2046236081
:1050A000D4F73CFFFEF72EFDD8920410C8870410F9
:1050B0000039094B18BF012110B5C0E90031044681
:1050C000D4F742FFA060204610BD044B2046236069
:1050D000D4F724FFFEF716FD04930410808F04100C
:1050E0002DE9F04F85B016469946884602AF0F9CD1
:1050F000DDF840A0D1E9000187E8030002F00AFFD3
:10510000A9EB0603AAEB04029B1000FB03F39342F6
:1051100033DDB14594BF00230123A24546D9002BBE
:1051200044D0B34610E0AB4246D30FF0A9FB2C4469
:10513000D9455E4697E8030094BF00230123A245AA
:1051400088E8030032D98BB35E463A4601A80BF1DA
:10515000040B316803F0F0FD054601A92046B5F1C6
:10516000FF3FAAEB04032A46DDD102200E9B1E60FE
:10517000119B1C6005B0BDE8F08FB14514D93546D0
:1051800007E097E80300A9452E461C4488E8030081
:105190000AD93A462E46204655F8041B03F0CCFDAA
:1051A000421C0346EDD1E0E70020DFE7002B4FF083
:1051B000000018BF0120D9E70120D7E72DE9F0470B
:1051C00082B09A4298460F460B9EEA46DDF8309030
:1051D0002CBF0023012315464E45D1E900018AE882
:1051E00003001BD2D3B129465346A8EB0502304633
:1051F00006F0FEFD411C044618D0821C18D008B9E8
:105200000124306025440436A8459AE8030094BF81
:1052100000230123B14587E80300E3D818460A9B21
:105220001D600D9B1E6002B0BDE8F0870220F6E70E
:105230000120F4E708B502F06DFEA0F10100B0FA1C
:1052400080F0400908BD013101D1FEF761FDFEF794
:1052500059FC00BF08B502F05DFE08BD013101D167
:10526000FEF756FDFEF74EFC2DE9F04383B00E46E7
:105270009A42E9460A9DD1E9000189E8030020D25B
:10528000FDB114461F464FF000080CE0012838BF5E
:10529000012084466444E04499E80300A74286E87C
:1052A00003000AD94DB14B463A1B2146002006F0B7
:1052B0009FFDC31C05F1FF35E8D9404603B0BDE8AA
:1052C000F0834FF00008F8E708B50846114603F0F0
:1052D00017FD031E18BF012343EAA07008BD00BFDD
:1052E000084611461A460AF0B7B800BF08B5084686
:1052F000114602F09DFE031E18BF012343EAA07071
:1053000008BD00BF084611461A4603F0A1BA00BF07
:1053100008B50846114603F0F3FC031E18BF01232D
:1053200043EAA07008BD00BF084611461A460AF0BD
:1053300093B800BF08B50846114602F079FE031E77
:1053400018BF012343EAA07008BD00BF08461146FC
:105350001A4603F07DBA00BF10B5002282B041F2B8
:10536000020304460621C0E90112E36001A8D5F753
:1053700075FC01A904F16C00D4F77CFE01A8D4F7F8
:1053800061FE02B010BD00BF00F26C7C46380129FE
:10539000D8BFACF1010C70B5BCF1000F40F26D1537
:1053A000204CB4BF0CF10303634605FB00F06FF41F
:1053B000EC754FEAA30E284484FB0E6500EBA300B6
:1053C000DB17C3EBE50384FB0C544FEAEC7C03EBE7
:1053D000830303EB8303AEEB030EACEB6413CCEB64
:1053E000E41C1844104B00EBDE7033F811300F4909
:1053F0006044184410440E4A013881FB0031C31741
:105400000144C3EBA103C3EBC303C01AC31DA2FB3A
:1054100003201A1A00EB52008008C0EBC000181AD3
:1054200070BD00BF1F85EB5128930410932449924F
:10543000254992242523C0680B70030530D44B1CEA
:10544000410502D5232103F8011B00F48271B1F557
:10545000827F2BD042F62E2CA3F800C05AB903F15C
:10546000020C04290CF101030CD166228CF80020F7
:1054700000221A70704703F1030C04299A700CF192
:105480000103F2D0B1F5807F00F480401BD10028E9
:105490000CBF652245228CF8002000221A7070474C
:1054A0004FF02B0C8B1C81F801C0C9E70AB103F83F
:1054B000012B10F4804F0CBF6122412203F8012B15
:1054C00000221A70704700280CBF672247228CF810
:1054D000002000221A707047F0B54E1E591E074674
:1054E0008E4228BF0E468EB302EB030E441E714659
:1054F00014F8015F1EF8010DC1F1010C401B94442A
:10550000B0FA80F09C444009B44501D20028EED1A5
:105510000239891ABC5D79B170B10131531819464D
:1055200013F8010D0239001B8A42B0FA80F04FEAED
:10553000501001D00028F2D163B2002B05DD1378A2
:10554000A3428CBF002000F00100F0BD0120E1E784
:10555000126852F80C3CFFF7BFBF00BF2DE9F041C5
:1055600040F20113078805460C46BB4302D18B6805
:105570000C338B6095F900302E78002BC0F29280AE
:1055800040F202433B40B3F5806F00F0A68040F24A
:1055900004431F40B7F5806F00F0F88016F0600FED
:1055A0007ED0B7077CD516F0040167692BD10122A4
:1055B0003846FFF7E9FEAA7886F020089E4902F0F7
:1055C0003F02C8F34018013AA0EB0803C2EBC20C3B
:1055D000A269C3F10703A2EB080281FB03E0DD1718
:1055E0000732184481FB02E1C5EBA0058818D117EA
:1055F000C5EBC505C1EBA0015B1BC1EBC101634459
:10560000521A1344E36106F01803182B48D007F22E
:105610006C788A4B64208A4F83FB08234FEAE87C2E
:105620004FF4C87208F0030ECCEB6311CCEBE31C13
:1056300000FB1181E06902FB1C8C002271B1BEFAF3
:105640008EF35B0903EB430503EB8503134437F843
:10565000133083420BDC01320029F0D1BCF1000F82
:10566000EDD037F81230984201DB0132F6E735070A
:1056700001D4531E2361F30612D4002900F0D38015
:1056800018F0030F0CBF0121002101EB4103013A87
:1056900001EB8301114437F81130C01A0130E0608A
:1056A000BDE8F0816B7813F0020309D062696349A9
:1056B00081FB0231D317C3EB6113642101FB132378
:1056C0006A686421133A01FB0233636140F20243CA
:1056D0003B40B3F5806F7FF45AAF06F01803182BE8
:1056E00076D0700774D56369642754494FF4C87045
:1056F00003F26C7313F0030F81FB03214FEAE37C89
:105700000CBF4FF001084FF00008CCEB611208EB22
:10571000480ECCEBE11C07FB123208EB8E0E484F13
:1057200000FB1C3CE069002300E001330EEB0301A9
:10573000002A63D037F811108142F6DD31075AD5BF
:105740002169F6060DD4002A72D0424602EB4206C9
:10575000013B02EB86021A4437F81230C31A0133B8
:10576000E3602E7826F0180646F0180632072E70F1
:105770002F8830D5E2686069FFF706FE40F20443E7
:10578000A0611F40B7F5806F7FF408AF3307206931
:1057900025D56269294902F26C7281FB0231D31767
:1057A000C3EB6113642101FB1323DBB112F0030F80
:1057B0000CBF0123002303EB4302214F03EB8203C1
:1057C000E2680344013A37F813301A44E261E5E62F
:1057D00032072169CED40B293FF6E0AECAE70B2889
:1057E000D7D9DBE6174F184907FB0211174FB7EB64
:1057F000311FE0D3DAE7591E2161A2E708EB480E1A
:1058000008EB8E0EBCF1000F06D037F8131088425B
:1058100094DB0133F6E701330EEB030137F8111087
:105820008842F8DA8AE7BCF1000F7FF42EAF27E751
:10583000BCF1000F8AD188E7932449921F85EB5170
:1058400028930410295C8FC250B81E050AD7A30004
:1058500070B582B000F108030446079A0360D2E9EC
:1058600000650F2D01950CD8012D07D132780272F9
:105870000022204665605A5502B070BD002DF7D059
:1058800007E0002201A9F3F7A3FB019A0346206079
:10589000A2602A46184631460EF0F2FF019D2368A9
:1058A000E6E700BF70B582B000F108030446079A2E
:1058B0000360D2E9006242F31D0592000C2A0195B3
:1058C00005D8012D0BD13268042182600BE0002243
:1058D00001A9FDF761FC019A03462060A26045B969
:1058E000019D2368A9000022204665605A5002B03D
:1058F00070BD2A463146184604F02CF9F0E700BF87
:1059000010B582B00446059B1B6853F8042CA3F124
:105910000C00002A06DB0A4988420CD1204623608D
:1059200002B010BD002201A9DAF748F8034620466C
:10593000236002B010BD013243F8042CEEE700BF33
:105940007846002010B582B00446059B1B6853F8CA
:10595000042CA3F10C00002A06DB0A4988420CD172
:105960002046236002B010BD002201A9DAF740FBF7
:1059700003462046236002B010BD013243F8042CD8
:10598000EEE700BF6846002008B5D2E90023FFF724
:10599000A3FD08BD013101D1FEF7BAF9FEF7B2F857
:1059A000406870470D4943680D4A10B504460160D0
:1059B000A3F10C0082B0904205D12046FEF79CFA7C
:1059C000204602B010BD53F8042C511E002A43F8A3
:1059D000041CF2DC01A9D9F7C7FEEEE720940410FD
:1059E000784600200D4943680D4A10B50446016011
:1059F000A3F10C0082B0904205D12046FEF77CFA5C
:105A0000204602B010BD53F8042C511E002A43F862
:105A1000041CF2DC01A9D9F7A7FEEEE7E493041019
:105A2000784600200F4943680F4A10B504460160CC
:105A3000A3F10C0082B0904208D12046FEF75CFA38
:105A40002046CFF7DDFF204602B010BD53F8042CEE
:105A5000511E002A43F8041CEFDC01A9D9F784FE8B
:105A6000EBE700BF20940410784600200D494368FE
:105A70000D4A10B504460160A3F10C0082B09042BB
:105A800005D12046FEF738FA204602B010BD53F883
:105A9000042C511E002A43F8041CF2DC01A9D9F79A
:105AA00063FEEEE7E4930410784600200D49436856
:105AB0000D4A10B504460160A3F10C0082B090427B
:105AC00005D12046FEF718FA204602B010BD53F863
:105AD000042C511E002A43F8041CF2DC01A9D9F75A
:105AE00043FEEEE7E4930410784600200F49436834
:105AF0000F4A10B504460160A3F10C0082B0904239
:105B000008D12046FEF7F8F92046CFF779FF204666
:105B100002B010BD53F8042C511E002A43F8041C97
:105B2000EFDC01A9D9F720FEEBE700BFE4930410F6
:105B3000784600200F4943680F4A10B504460160BB
:105B4000A3F10C0082B0904208D12046FEF7D4F9B0
:105B50002046CFF755FF204602B010BD53F8042C65
:105B6000511E002A43F8041CEFDC01A9D9F7FCFD03
:105B7000EBE700BFE4930410784600200F49436828
:105B80000F4A10B504460160A3F10C0082B09042A8
:105B900008D12046FEF7B0F92046CFF731FF204666
:105BA00002B010BD53F8042C511E002A43F8041C07
:105BB000EFDC01A9D9F7D8FDEBE700BFE4930410AF
:105BC000784600202DE9F0470E4600218146174611
:105BD0000846984602F0A4F9824608F073F9451C7D
:105BE0002846CFF70BFF2A46514604460EF048FEE2
:105BF000D9F81010002002F093F9089B424639466C
:105C0000304603F097FF21460546002002F088F950
:105C10002046CFF7F7FE05B93570BDE8F0870131B2
:105C200001D1FEF775F8FDF76DFF00BF38B5836849
:105C3000002B5AD04B484C494C4D4D4C4D4AC3E972
:105C40000200C3E906114C484C49C3E90850C3E9B6
:105C50000A414B484B494C4C4C4DC3E90C014C4953
:105C60004C48C3E90E414C494C4CC3E910014C4926
:105C70004C48C3E912414C494C4CC3E914014C490E
:105C80004C48C3E916414C494C4CC3E918014C49F6
:105C90004C48C3E91A414C494C4C99674C49C3E9FB
:105CA00004224C4AC3E91F41C3E91C024A494B483C
:105CB0004B4CC3E921014B494B48C3E923414B49B4
:105CC0004B4CC3E925014B494B48C3E927414B499C
:105CD0004B4CC3E92920C3E92B514A484A494B4A56
:105CE000C3E92D40C3E92F1238BD0446C820CFF7C1
:105CF00083FE002246490346C0E90012C0E90222A1
:105D0000C0E90422C0E90622C0E90822C0E90A224B
:105D1000C0E90C22C0E90E22C0E91022C0E912221B
:105D2000C0E91422C0E91622C0E91822C0E91A22EB
:105D3000C0E91C22C0E91E22C0E92022C0E92222BB
:105D4000C0E92422C0E92622C0E92822C0E92A228B
:105D5000C0E92C22C0E92E22C0F8C02080F8C4205F
:105D6000A06067E7E04D04109C490410944F0410B4
:105D70009C4F0410F44D0410984F0410A84F0410C9
:105D8000B04F0410B84F0410C04F041088500410D6
:105D9000CC4F0410D84F0410E04F0410EC4F041007
:105DA000F04F0410F44F0410F84F0410FC4F04108F
:105DB0000050041004500410085004101050041037
:105DC0001C5004102450041030500410385004109B
:105DD000405004102C50041054500410485004102B
:105DE0005C50041068500410745004107850041073
:105DF0007C50041080500410845004108C50041007
:105E00009050041094500410985004109C500410AA
:105E1000248704102DE9F0470E46002181461746DD
:105E20000846984602F07CF8824608F04BF8451C7C
:105E30002846CFF7E3FD2A46514604460EF020FDE2
:105E4000D9F81010002002F06BF8089B4246394642
:105E5000304608F033F821460546002002F060F88D
:105E60002046CFF7CFFD05B93560BDE8F087013199
:105E700001D1FDF74DFFFDF745FE00BF38B5836842
:105E8000002B5AD04B484C494C4D4D4C4D4AC3E920
:105E90000200C3E906114C484C49C3E90850C3E964
:105EA0000A414B484B494C4C4C4DC3E90C014C4901
:105EB0004C48C3E90E414C494C4CC3E910014C49D4
:105EC0004C48C3E912414C494C4CC3E914014C49BC
:105ED0004C48C3E916414C494C4CC3E918014C49A4
:105EE0004C48C3E91A414C494C4C99674C49C3E9A9
:105EF00004224C4AC3E91F41C3E91C024A494B48EA
:105F00004B4CC3E921014B494B48C3E923414B4961
:105F10004B4CC3E925014B494B48C3E927414B4949
:105F20004B4CC3E92920C3E92B514A484A494B4A03
:105F3000C3E92D40C3E92F1238BD0446C820CFF76E
:105F40005BFD002246490346C0E90012C0E9022277
:105F5000C0E90422C0E90622C0E90822C0E90A22F9
:105F6000C0E90C22C0E90E22C0E91022C0E91222C9
:105F7000C0E91422C0E91622C0E91822C0E91A2299
:105F8000C0E91C22C0E91E22C0E92022C0E9222269
:105F9000C0E92422C0E92622C0E92822C0E92A2239
:105FA000C0E92C22C0E92E22C0F8C02080F8C4200D
:105FB000A06067E7F45E04103C6404103C5F0410CA
:105FC000545F0410185F0410485F0410845F0410CD
:105FD000A05F0410BC5F0410DC5F0410806204103A
:105FE0000460041028600410446004106860041009
:105FF000786004108860041098600410A860041091
:10600000B8600410C8600410D8600410F860041070
:106010001C610410346104105C6104107061041090
:10602000846104104C610410C8610410A061041064
:10603000E86104100C620410306204104062041025
:1060400050620410606204107062041090620410C8
:10605000A0620410B0620410C0620410D062041088
:10606000DC8E04101B4BF0B5044683B0036049B3CB
:1060700008460D4607F026FF064620B9164B204677
:10608000636003B0F0BD01AA0021D9F71DFB012E0A
:10609000074600F10C030CD01846294632460EF094
:1060A000EFFB03460D4A974206D12046636003B0DA
:1060B000F0BD2A780273F5E700223E603E44BA60E4
:1060C0003273F2E70648E8F779F82046FDF714FF47
:1060D000FDF718FDE4930410844600207846002064
:1060E000104C041010B50446FFF7BCFF014B2046CE
:1060F000236010BDF893041010B50446FFF7B2FFFB
:10610000014B2046236010BD0C9404101B4BF0B5CE
:10611000044683B0036049B308460D4607F0D2FE3B
:10612000064620B9164B2046636003B0F0BD01AAB5
:106130000021D9F7C9FA012E074600F10C030CD053
:106140001846294632460EF09BFB03460D4A9742FD
:1061500006D12046636003B0F0BD2A780273F5E7EC
:1061600000223E603E44BA603273F2E70648E8F728
:1061700025F82046FDF7C0FEFDF7C4FC209404106E
:106180008446002078460020104C0410F0B50546E7
:1061900083B0E2B10E4629B31446002101AA20467D
:1061A000D9F792FA012C074600F10C030CD01846DF
:1061B000314622460EF064FB03460C4A97420BD14F
:1061C00028462B6003B0F0BD32780273F5E7084B28
:1061D00028462B6003B0F0BD00223C603C44BA600E
:1061E0002273EDE70348E7F7E9FF00BF7846002098
:1061F00084460020104C0410FFF7D2BB034B10B5AF
:106200000446036000F01AFA204610BDB094041052
:10621000054B10B50446036000F010FA2046CFF796
:10622000EFFB204610BD00BFB0940410034B10B527
:1062300004460360FEF71AFA204610BDD8940410F5
:10624000054B10B504460360FEF710FA2046CFF761
:10625000D7FB204610BD00BFD894041070B5064689
:1062600008460D46144600F09BFB18B12368103316
:10627000236070BD224629463046BDE87040FDF7D8
:1062800047BA00BF064B10B5044640F8103B00F07B
:106290005FFB044B2046236000F0D0F9204610BD80
:1062A000C4940410B0940410084B10B5044640F890
:1062B000103B00F04DFB064B2046236000F0BEF97A
:1062C0002046CFF79DFB204610BD00BFC4940410AC
:1062D000B09404102DE9F04397B098461368054632
:1062E00002AF10A81B6987E806001146029A98477A
:1062F0000223002210A800931146374BF3F730F821
:1063000006460DF1300904464268CDF8289056F84B
:10631000083BB34244D00A9383680C93266000265E
:1063200040460B926660267207F0CCFD4346009013
:10633000324631460AA8F3F713F806460DF118085D
:1063400004464268CDF8108056F8083BB3422ED080
:106350000493836806930023284604A9266063609B
:106360002372059200F072F80498404501D0CFF7EF
:1063700047FB0A98484501D0CFF742FB109812AB73
:10638000984201D0CFF73CFB2B46144A97E8030014
:1063900043F8082B83E80300284617B0BDE8F083D4
:1063A0000132314648460EF06BFA6268B6E70132B8
:1063B000314640460EF064FA6268CCE703E005E03F
:1063C00004A8F2F72DFE0AA8F2F72AFE10A8F2F7A9
:1063D00027FEFDF797FB00BFB44904101496041084
:1063E00030B5054683B01820FDF7E4FA044600F006
:1063F00083F8012102462B462046CDE9001202AA6D
:1064000012E90600FFF766FF0C4B20462360FFF7FA
:10641000C7FA014604F1100000F04EFA084A20467F
:106420000849FEF7C5F8084B2046236000F006F93E
:10643000FFE72046FDF7D6FAFDF764FBC49404108D
:10644000856203106C940410B0940410074B10B5CF
:10645000D1E90012044640F8043BFFF797FE2046BE
:1064600010BD2046FDF748FDFDF74CFB20940410BD
:1064700000487047A0500410704700BF034B10B590
:106480000446036000F086F9204610BD38950410DC
:10649000054B10B50446036000F07CF92046CFF7A9
:1064A000AFFA204610BD00BF38950410002100F15E
:1064B0000803012A10B5044682B0416001720360EE
:1064C00008D00D220A4B00920A46F2F749FF2046F7
:1064D00002B010BD0E22074B00920A46F2F740FFB1
:1064E000204602B010BD2046F2F79AFDFDF70AFBE8
:1064F000BC500410AC5004100048704784290020A0
:10650000024A03490348FDF7A9B800BF0000001084
:10651000796403108429002000487047CC5004108F
:106520001368994201D0002070475368181AB0FAD6
:1065300080F04009704700BF704700BF00487047B7
:10654000D4500410742A10B41CDC572A0FDC4D2AD6
:1065500013DC3B2A28DC242A21DC0F2A01DC0E2A4A
:106560000BD8154BC0E900235DF8044B7047A2F12E
:106570005804124BE340DC07F3D45DF8044BC0E948
:1065800000217047A2F17603182BF6D80C4C24FAA0
:1065900003F3DB07F1D5084BC0E90023E4E7A2F1E0
:1065A0002D03012BDDD9E8E7A2F13C04054BE340C4
:1065B000DB07E2D5D5E700BF8C2900209D00BF1F77
:1065C000BF07F1018F080200704700BFC0E900213A
:1065D000704700BF036810B582B014465B690A4675
:1065E000014668469847019A63689A4202D00020A3
:1065F00002B010BD00982368C01AB0FA80F04009BC
:1066000002B010BD4B68834201D00020704708687B
:10661000801AB0FA80F04009704700BF704700BF91
:10662000704700BF10B50446CFF7EAF9204610BD09
:1066300010B50446CFF7E4F9204610BD034B10B562
:1066400004460360FFF7AEF9204610BD149604100F
:10665000054B10B504460360FFF7A4F92046CFF7B9
:10666000CFF9204610BD00BF14960410F0B50446C3
:1066700083B0104604F1080606F082F9266020B3C4
:10668000074607F01FFC0F28054601900CD801288B
:1066900007D13B782372002320466560735503B011
:1066A000F0BD0028F7D008E0002201A92046F2F74B
:1066B0008FFC019B06462060A3602A46304639467F
:1066C0000EF0DEF8019D2668E5E70148E7F776FD64
:1066D000904D04100B6810B586B004461B696846DF
:1066E00098472046DDE90012FFF750FD009802AB05
:1066F000984201D0CFF784F9204606B010BD684615
:10670000F2F78EFCFDF7FEF9742910B41BDC572953
:1067100024DC4D2908DC3B292CDC242925DC0F292D
:1067200001DC0E2900D817485368834203D00020AB
:106730005DF8044B704710685DF8044B401AB0FADE
:1067400080F040097047A1F17603182BECD80E4C6D
:1067500024FA03F3DB07E7D50A48E5E7A1F158047B
:106760000A4BE340DC07DFD5DDE7A1F12D03012B68
:10677000D9D9D9E7A1F13C04054BE340DB07D3D5D8
:10678000D1E700BF8C290020BF07F1019D00BF1F8A
:106790008F080200704700BF10B5064C064922461C
:1067A0000648FCF75BFF224605490648BDE8104055
:1067B000FCF754BF000000101D6603108C29002058
:1067C0002166031088290020406870470D494368FE
:1067D0000D4A10B504460160A3F10C0082B090424E
:1067E00005D12046FDF788FB204602B010BD53F8C6
:1067F000042C511E002A43F8041CF2DC01A9D8F72E
:10680000B3FFEEE79C960410784600200F494368DA
:106810000F4A10B504460160A3F10C0082B090420B
:1068200008D12046FDF768FB2046CFF7E9F820465F
:1068300002B010BD53F8042C511E002A43F8041C6A
:10684000EFDC01A9D8F790FFEBE700BF9C9604109E
:10685000784600200B6853F8042C30B5002A144DFC
:10686000044683B00560A3F10C0006DB11498842A1
:106870000CD12046636003B030BD002201A9D9F7D6
:106880009DF803462046636003B030BD013243F8F3
:10689000042CEEE703460D4620461C46FDF72CFB74
:1068A000013502D12046FDF733FAFDF72BF900BF81
:1068B0009C96041078460020F0B585B000293ED0A3
:1068C000074608460C4607F0FDFA064638B91D4B48
:1068D00003A938460393FFF7BDFF05B0F0BD01AA39
:1068E0000021D8F7F1FE012E054600F10C030FD070
:1068F0001846214632460DF0C3FF0346124A954220
:1069000009D103A938460393FFF7A4FF05B0F0BDF2
:1069100022780273F2E7AA19039300232E60384607
:1069200003A9AB601373FFF795FFAB685A1E002BEA
:10693000AA60EBDC02A92846D8F716FFE6E7034871
:10694000E7F73CFC8446002078460020104C0410F9
:106950000368104A1B68934210D143680E4A0F49DE
:1069600010B50446A3F10C0082B09042216006D11C
:10697000204602B0BDE81040FDF7BEBA184753F8F4
:10698000042C511E002A43F8041CF1DC01A9D8F79D
:10699000EBFEEDE7CD670310784600209C960410CF
:1069A0000149FDF7F5BE00BF88960410024B0A4668
:1069B0000146186805F08ABB002B002000B583B0A3
:1069C000044B014601AA186805F080FB03B05DF88E
:1069D00004FB00BF002B002032B1844600230133AA
:1069E0004CF8041B9A42FAD1704700BF2DE9F04FD2
:1069F00002FB03FB83B00C9CBBF1000F45D0924619
:106A0000994680460E4610B1436B002B41D0B4F935
:106A10000C20636E900405D442F4005223F400531A
:106A2000A28163669904C3F340322ED46568002DB9
:106A300032DBA3892A4621689B0733D4CDF800A016
:106A40005F46C24610E00DF01BFF2268214650460B
:106A50002A442E44A7EB0508226005F0B7FA002867
:106A600057D1656847462168BD422A463046EAD379
:106A70003A460DF005FFD4E90032D21B3B44C4E98D
:106A80000032484603B0BDE8F08F002003B0BDE8F7
:106A9000F08F06F009F9BAE7A389154621689B072C
:106AA0006260CBD55A45304628BF5A4615460DF090
:106AB000E7FE2368216BABEB05072B44236063687B
:106AC0005B1B636051B1002FDBD004F1400399429E
:106AD00002D0404603F0F4FB002323633544CDE9A4
:106AE00000A947B3D4F810A0214626684046D4F840
:106AF00014902560C4E9045705F068FA6368002221
:106B000026601D446260FA1AC4E904A958B9174600
:106B1000E7E705EB0B00DDF800A0C01BB0FBFAF0C7
:106B200003B0BDE8F08F03EB0B00DDF800A0C01B45
:106B3000B0FBFAF0AAE7DDF804904846A2E700BFF0
:106B400094460A46014630B51C4683B0034D634661
:106B500028680094FFF74AFF03B030BD002B0020E7
:106B600020B5054682B008B1436B83B14B68013B49
:106B7000002B4B6005DB0B685A1C0A60187802B0CA
:106B800020BD284602B0BDE8204003F03BB801918B
:106B900006F08AF80199E9E738B50D4B04461D68FF
:106BA0000DB16B6B7BB16368013B002B636004DB51
:106BB00023685A1C2260187838BD21462846BDE853
:106BC000384003F01FB8284606F06EF8EBE700BF28
:106BD000002B0020B2F90C302DE9F04115469A0443
:106BE00082B00646884606D46A6E43F4005342F4E7
:106BF0000052AB816A66B8F1FF3F1ED001AF05F1CC
:106C00005C0342463046394602F07CF8431C044699
:106C10000FD03C4405E014F8011D08F0B5FB01302D
:106C20000BD0BC422A463046F5D1404602B0BDE802
:106C3000F081AB8943F04003AB814FF0FF3002B0ED
:106C4000BDE8F0810D4B0A4610B50446186882B0C5
:106C500008B1436B2BB1214602B0BDE81040FFF7ED
:106C6000B9BFCDE9000106F01FF82146DDE90002B9
:106C700002B0BDE81040FFF7ADBF00BF002B002001
:106C800001F0DCBE024B0146186801F0D7BE00BF20
:106C9000002B0020000000002DE9F04F88469FB037
:106CA00000218346079200221A910021CDE90412A7
:106CB00042461746199212F8019BB9F12D0F5FD881
:106CC00001A151F829F000BF156E0310816D03106A
:106CD000816D0310816D0310816D0310816D0310B0
:106CE000816D0310816D0310816D0310B36C03106F
:106CF000B36C0310B36C0310B36C0310B36C0310CC
:106D0000816D0310816D0310816D0310816D03107F
:106D1000816D0310816D0310816D0310816D03106F
:106D2000816D0310816D0310816D0310816D03105F
:106D3000816D0310816D0310816D0310816D03104F
:106D4000816D0310816D0310B36C0310816D03100E
:106D5000816D0310816D0310816D0310816D03102F
:106D6000816D0310816D0310816D0310816D03101F
:106D7000816D031083730310816D03109B730310E7
:106D800000220892B9F1300F7ED000230A93A9F1B6
:106D90003003092B00F23484002538462E462C4659
:106DA0000130082C05EB850204F1010406EB860195
:106DB000199090F80090CCBF03EB420503EB41061D
:106DC000A9F13003092BEBD90122A34901F058FFA7
:106DD00058BB199BA24609905A1C19925B78A3F1E3
:106DE0003002092A09D8013091461999002A40F049
:106DF000D4844B1C19934B78F1E74FF0010923F031
:106E00002002452A40F0B78244EA00030A9A13435D
:106E100040F05082079B002600270BB1C3F800808A
:106E2000304639461FB0BDE8F08F29F0200200201F
:106E30004B46A246452A8146099000F03B820E90BF
:106E4000002C35D10A9A024340F08382B9F1000F39
:106E5000E0D1692B00F0CC8400F31F83492B00F0B4
:106E6000C7844E2BD6D17D4919A808F059F90028BE
:106E7000D0D0199B1B78282B00F08385784808F028
:106E80005DFC06460F4666E27A7802F0DF02582A79
:106E900000F03F840137199797F80090B9F1300F4F
:106EA000F8D0B9F1000F00F0548201230A936EE785
:106EB000099ABAF1000F08BFA2460E9B102C30466B
:106EC000A046A3EB0203A8BF4FF010080D93CEF726
:106ED00019F9092C02460B46CDE9042317DD614B55
:106EE00003EBC80353E91223CEF77AF802460B46A8
:106EF0002846CDE90423CEF705F902460B46DDE925
:106F00000401CEF745F80F2CCDE9040124DC0D9BDC
:106F1000002B00F0B5830D9B40F3AD82162B40F3A0
:106F20008484C4F125030D9A934215DBC4F10F0448
:106F30004C4D05EBC401DDE90423D1E90001CEF796
:106F40004FF80D9B1C1B05EBC405D5E90023CEF7BC
:106F500047F806460F46FEE1A4EB08030D9A9D187C
:106F6000002D40F32B8215F00F000AD03D4901EBB4
:106F7000C001DDE90423D1E90001CEF731F8CDE904
:106F8000040135F00F034BD0B3F59A7F00F35A8418
:106F9000102B4FEA231540F3B385DFF8DCE04FF008
:106FA000000C0A96F046E1467646DDE9042315F02A
:106FB000010F1046194607D0D8E90023CEF710F884
:106FC0004FF0010C02460B466D1009F1010908F162
:106FD0000808012DEBD1B6460A9EBCF1000F01D086
:106FE000CDE90423059B0EEBC901A3F1547305936E
:106FF000DDE90423D1E90001CDF7F2FF1A4B0A467F
:107000000B40CDE9040119498B4200F21B84184959
:107010008B4240F2C9844FF0FF32164BCDE9042376
:1070200000230C932346524639465846009608F0F2
:10703000D3FD1590002800F005840E9A099B9B1A39
:107040000D9A002A22EAE272A8BF002314920E933E
:1070500000239A460993EBE0DC500410EC50041036
:107060009C490410509A04100000F07F0000A07C9E
:107070000000907CFFFFEF7F409B0410D21A1F2A74
:10708000A4EB020400F37C820123002593401E46FA
:10709000A0444C440C9BA14598444B46A8BF2346B2
:1070A0004345A8BF4346002B04DDE41AA8EB0308C0
:1070B000A9EB03090E9B002B00F30382002C00F3C5
:1070C00019820D9B002B00F34C82B8F1000F00F3E6
:1070D0003C82B9F1000F08DD51464A46584608F097
:1070E00061FF8246002800F039823A461A995846D4
:1070F00008F0EEFF0990002800F03082099A002382
:10710000D168D3600F91514608F0C0FF0028C0F24B
:107110007984DDF8149000F0E7835146099809F06E
:107120007FF900224FF0804304460D46CEF758F811
:10713000002800F0B6810F9B002B40F02882049BB2
:10714000002B40F01283C9F31303002B40F09B8205
:107150000022954B20462946CEF72EF8002840F015
:10716000BA830022914B20462946CDF739FF0A46C3
:107170000146109002F10043CDE912121193DFF89D
:1071800034828B4B09EA08089845DDE9104500F088
:107190000A820C9B1BB3B8F1D46F20D880A3D3E92B
:1071A0000023DDE91201CEF71BF8A0B1DDE91201E1
:1071B000CDF7CCFF012838BF0120CDF7A3FF0F9BEF
:1071C000CDE91201002B40F0E38201F1004316905B
:1071D0001793DDE9164505F1D663A3EB0805DDE954
:1071E0000A0109F035F802460B4620462946CDF73C
:1071F000F7FEDDE90A23CDF7CBFE0C46CDE904010D
:107200006C4B2340434503D10C9B002B00F05C8268
:107210001A99584608F084FC3946584608F080FC14
:107220005146584608F07CFC0999584608F078FC0D
:10723000159C5846616808F04DFC0746002800F090
:107240008D81226904F10C010C30023292000DF0A4
:1072500017FB1CAB584601931BAB9DED047B0093C1
:1072600053EC172B8DED0A7B09F07AF81A90002861
:1072700000F049810121584608F05AFD8246002855
:1072800000F06C811B9B002BC0F259810E9ADDF837
:10729000508003EB02090C9A1C9C9B1A464A23441B
:1072A000C4F13604013B9342FFF6E8AE012300250A
:1072B0001E46EDE6DDF8648008F10103199398F8A5
:1072C00001302B2B00F099812D2B57D14FF0010E5F
:1072D00008F10203199398F80230A3F1300CBCF1C5
:1072E000090F00F24881199A302B0C920BD1013210
:1072F00019921378302BFAD0A3F131010C9208299E
:1073000039D8A3F1300C0C9B591C19915B78A3F16F
:107310003002092A00F2818201310CEB8C0C1991A8
:1073200003EB4C0C0B78ACF1300CA3F13002092AC2
:10733000F2D90C9A891A082940F36F8244F61F6229
:107340000E92BEF1000F3FF47BAD0E9A52420E92A8
:1073500076E500260027079A0AB1199B1360089B5F
:10736000002B3FF45DAD07F1004330461F46394620
:107370001FB0BDE8F08F00220E9261E54FF0000EC5
:10738000ABE7002208927A1C199297F80190B9F1A4
:10739000000F3FF43FAD1746F4E401220892F2E7F4
:1073A0000000C0FFFFFFDF410000F03F0000E03FB2
:1073B0000000E07F0000F07F02FCFFFF3FF430AEF2
:1073C0006D4215F00F020AD0B74B03EBC203DDE9A3
:1073D0000401D3E90023CDF727FECDE904012D11E7
:1073E0003FF41EAE1F2D40DC15F01003DFF8D482F1
:1073F0004FF0000C18BF6A230C93DDE9042315F04D
:10740000010F1046194607D0D8E90023CDF7E8FD53
:107410004FF0010C02460B466D1008F10808EED142
:10742000BCF1000F01D0CDE904230C9BA3B1DDE931
:107430000401C1F30A52C2F16B03002B0ADD1F2BBA
:1074400040F382830020342B049040F3B8834FF044
:107450005C7305936A230C9300220023DDE9040189
:10746000CDF798FE00283FF4DDAD2223002600274B
:10747000CBF800306FE71633FFF66EAD099B0E9A1E
:107480009A1A894B03EBC203DDE90401D3E9002317
:10749000CDF7CAFD06460F465DE76E2B3FF4E3AC21
:1074A000B8E4824B204629460022CDF799FD0F9B78
:1074B000CDE91201002B71D101F10043109011931D
:1074C0005DE651461A46584608F012FD82460028ED
:1074D00044D001461A9A584608F058FC00283DD07E
:1074E0000F9058461A9908F01BFB0F9B002C1A931B
:1074F0007FF7E7AD22461A99584608F053FD1A90D7
:1075000000287FF4DEADB946054622230026684FE9
:10751000CBF800302946584608F002FB4946584649
:1075200008F0FEFA5146584608F0FAFA15995846FE
:1075300008F0F6FA0999584608F0F2FA0BE7149A9F
:10754000DDF83890A2EB0308A5E6394642465846D6
:1075500008F028FD074600287FF4BBADB9461A9D08
:10756000D3E73946149A584608F0C2FC074600286B
:107570007FF4ABADF2E70022CDF864800E925FE4B9
:107580004C4AD31A012202FA03F5164680E59FED14
:10759000427B8DED107B8DED127BF0E59DED127B36
:1075A0008DED107BEBE5A9F15473DFF804910593A1
:1075B000DDE904452046294608F04AFEDDE91023AE
:1075C000CDF70EFD2B462246CDF7E2FC3A4B01EA01
:1075D00009099945CDE9040140F2D68003F15473BD
:1075E000DDE90A01994202D106460136B6D04FF0D4
:1075F000FF33324CCDE904340AE64FF0000E67E663
:1076000001222F49384601F03BFB824658B14FF02A
:10761000000A4B465546564650465446D146CDF88C
:1076200024A0FFF7ECBB19994B1C19934B78302B16
:1076300040F04F818A1C1046199201320378302B9A
:10764000F9D0401A0138A3F13102082A0FD8199F46
:107650000026A3F130090124431C3946354609931D
:1076600006EB8606002009EB4606FFF7C2BB0022A8
:107670004FF001091646144615460992FFF7BFBBA5
:10768000DDE9046767E69FED067B8DED107B9FEDDE
:10769000027B8DED127B72E5000000000000F03FE0
:1076A000000000000000F0BF509A04100000E03F0E
:1076B0000000F07FE2FBFFFFFFFF9F7CFFFFEF7FFB
:1076C000DC500410D0960410DDE9125628463146ED
:1076D000CDF7C4FECDF7BCFD0B4602463146284629
:1076E000CDF76AFC049D0F9EC4F3130C04462E4391
:1076F0000D4656EA0C0326D1C0A3D3E90023CDF7EB
:107700005BFD00283FF484ADB946DDE904671A9DAE
:1077100000E7029319A9089B5846AF4A01931AAB98
:1077200000931BAB00F0B6FD10F00F0504463FF4CC
:1077300010AE062D40F08A807B1C00220026002718
:107740000892199307E69CA3D3E90023CDF734FDF3
:107750000028D9D12046294699A3D3E90023CDF7A3
:1077600067FD00283FF454ADCEE7049B012B8AD17E
:10777000B9F1000F87D1B9461A9C2223254600266D
:107780000027CBF80030C5E601F15474059437E5C5
:107790009DED127B8DED167B1BE5012840F33B82AE
:1077A00004EB000E0C900EF1FF3C02E04600644535
:1077B0000BD0082C06EB860004F10104F6DD05EB86
:1077C0008503102CD8BF5D00F1E70C987446099B27
:1077D000BCF1080F034409937FF742AF102C4FF020
:1077E0000000DCBF05EB850502EB4505FFF701BB9B
:1077F0007A4919A807F094FC00283FF40BAB199BB9
:1078000019A87749013B199307F08AFC10B9199B15
:10781000013319930026734F9DE544F61F6294458A
:10782000A8BF9446CDF838C08BE50D986E4901EBA2
:10783000C001DDE90423D1E90001CDF7D1FB064603
:107840000F4688E52223CBF80030E3E71A9A3AB1D5
:1078500035211CA808F02EFE58461A9908F060F948
:10786000013D1B9B042D00F2D981DFE805F0032CBC
:10787000291E030003F233421C9B04931D9B23F437
:10788000801343EA02530593E20502D543F0004317
:107890000593544A1A40DDE90467002A7FF45BAD82
:1078A00001F082FA2223036055E54FF0FF326FF0BA
:1078B0000043CDE90423E3057FF5E2AE059BE5E750
:1078C000484B0593F7E7DDE91C121D9BCDE9041237
:1078D000DAE75046B7E69FED3C7B8DED107B9FEDE0
:1078E0003C7B8DED127B4AE44B460F98B646B94679
:1078F000AC463E49C3F31302DDE90A67002800F0F5
:10790000B5808A4200F00A81A5BB049A1EEA020FE4
:1079100033D030463946049308F09AFC0C9B002B78
:1079200000F02581049BC3F30A53C3F16B0CBCF137
:10793000000F40F365812E4C002204EB0C53CDF771
:107940004FFB02460B4630463946CDF721FB064633
:107950000F4630463946274B0022CDF741FB214BDD
:1079600006460F460B40002B7FF4D1AE2223CBF806
:107970000030CCE61CEA030FCBD10C9B002BE8D1E6
:10798000C5E619A81CAA1C4907F0E4FB05287FF4EA
:1079900075AA1D9B43F0FF4343F4E00305931C9B32
:1079A0000493DDE90467D6E402F154730593FFF70D
:1079B00037BB00BFAFF300809535A094FFFFDF3FDA
:1079C00035E5AF350000E03F000000000000E0BFFB
:1079D000000000000000E03FA8960410E0500410F2
:1079E000E45004100000F07F509A0410FFFF0F00D5
:1079F0000000F03F00005039BC9604109535A0946B
:107A0000FFFFCF3F0F9BB946DDE90401DDE90A67BF
:107A10000343B2D1C1F31303002BAED121F00044D4
:107A2000240D2405B4F1D66F2546A6D9099A5369C9
:107A300013B91369012BA0DD09990122584608F0FA
:107A4000B1FA5146099008F021FB002895DD0C9B06
:107A5000D3B1A5F580136FEA13536FEA035305936F
:107A60004FF0FF330493DDE9046772E7D2B9DDE933
:107A700004452246002C49D10C9A002A40F08E8001
:107A800025F00044240D2405A4F580141A9D6FEA06
:107A900014536FEA035305934FF0FF330493DDE96A
:107AA000046737E5ADBB049A1EEA020F3FF465AFE9
:107AB00030463946049308F0CBFB0C9B002B00F0BA
:107AC0008680049BC3F30A53C3F16B0CBCF1000F17
:107AD00040F39E80524C002204EB0C53CDF780FA09
:107AE00002460B4630463946CDF766FA002200239F
:107AF00006460F46CDF74EFB00283FF42AAF3BE683
:107B00004FF00009DFF824E1FFF76CBABCF1000F79
:107B1000CAD01CEA030F3FF430AFC9E70C9A049CAB
:107B2000D2B1404A1A40B2F1D46F15D8100D4FF0BF
:107B3000FF31C0F16B0081408C4227D0002D62D014
:107B40001D423FF406AFE4E64FF0FF3202FA03F3C2
:107B5000049A1A4004927DE4621C12D0BCF1000F1A
:107B60007FF408AF14EA0E0F3FF407AFD1E60246E8
:107B70000B4630463946CDF70BFA1A9D06460F469E
:107B8000C8E4294A934234D001321A4002F58013E6
:107B9000059300230493DDE90467EEE6214D1D40C3
:107BA000B5F1D66F3FF655AFB5F15C7F3FF6D1AE7C
:107BB00022231A9D00260027CBF80030AAE4C2F148
:107BC0004B024FF0FF3393400B40059342E40246D3
:107BD0000B4630463946CDF7EFF91A9C00220023B8
:107BE00006460F462546CDF7D5FA00283FF492AC5D
:107BF000C3E522231A9D00260A4FCBF8003089E402
:107C000002460B469FE614EA0E0F3FF4A2AE80E652
:107C100002460B4666E7A4460134D8E5002333E666
:107C20000000F03F0000F07FFFFFEF7F409B04105B
:107C3000014BFFF731B800BF9429002010B4044C69
:107C400013460A46014620685DF8044BFFF724B846
:107C5000002B002010B4044C0A46044B0146206857
:107C60005DF8044BFFF718B8002B00209429002082
:107C70002DE9F041DFF8A48013460A460146D8F802
:107C800000002DED028BFFF707F802460B46044675
:107C90000D46CDF76DFA50BB20462946CDF712FAB6
:107CA00008EE100ADFED1A7AB0EEC87AB4EE677A01
:107CB000F1EE10FA15DD25F000474FF0FF32154BBD
:107CC00020463946CDF754FA38B94FF0FF32114B00
:107CD00020463946CDF784FA18B1D8F80030222270
:107CE0001A6018EE100ABDEC028BBDE8F081002D81
:107CF000094806DA07F028FD07EE900AB1EE678A18
:107D0000EFE7BDEC028BBDE8F04107F01DBD00BF01
:107D1000FFFF7F7FFFFFEF7F9C490410002B0020B7
:107D20002DE9F843254F0A46254B01463868FEF7F2
:107D3000B3FF02460B4604460D46CDF719FA88BB41
:107D400020462946CDF7BEF907EE100ADFED1D7A71
:107D50000646B0EEC77AB4EE677AF1EE10FA17DD98
:107D600025F000494FF0FF32174B20464946CDF72A
:107D7000FFF938B9204649464FF0FF32124BCDF794
:107D80002FFA28B13B6822221A603046BDE8F883FA
:107D900016F0FF4FF9D10D4B2B40002BF2D130469E
:107DA000BDE8F883002D0A4804DA07F0CDFC80F026
:107DB0000046EAE7BDE8F84307F0C6BC002B002008
:107DC00094290020FFFF7F7FFFFFEF7F0000F07FFF
:107DD0009C490410431C1DD00822002130B587B0F7
:107DE00004AC8DF80B0020460CF062FD0B490C48EA
:107DF0000123D1F8E4500DF10B02006803A90094AF
:107E0000A847012802D8039807B030BD4FF0FF30D3
:107E100007B030BD4FF0FF30704700BF94290020FD
:107E2000002B00200EB470B59DB000254FF40172F8
:107E300021AC1B95ADF8142054F8046B0290069009
:107E400006F040F80B4903464FF6FF7032460A91A0
:107E50000949ADF81600039307932346086802A961
:107E60000E951395019402F027FB1DB0BDE87040FC
:107E700003B0704735BD0310002B00200CB4F0B5E3
:107E80009DB000254FF40173064622AC0846ADF8BC
:107E9000143054F8047B1B950291069106F012F8F9
:107EA0000B4903460E953A4613954FF6FF7503931B
:107EB0003046079323460A9102A9ADF81650019463
:107EC00002F0FAFA1DB0BDE8F04002B0704700BF02
:107ED00035BD031042B10C49104610B5144600F0F0
:107EE000A9F818B9094810BD084870470749204645
:107EF00000F0A0F80028F5D00549204600F09AF8D7
:107F00000028EFD0002010BDF0500410784B041072
:107F10009C490410014B93F82801704794290020D4
:107F200041B110B50C460B49204600F083F818B952
:107F3000094810BD084870470749204600F07AF804
:107F40000028F5D00549204600F074F80028EFD04D
:107F5000002010BDF0500410784B04109C49041010
:107F600011F0FF01034600F0030239D08ABB10B5BF
:107F700001EB012E02680EEB0E4EA2F101338EEAE8
:107F8000020423EA0203A4F1013222EA04021343A9
:107F900013F0803F0FD150F8044F84EA0E0CA4F187
:107FA0000133ACF1013223EA040322EA0C02134349
:107FB00013F0803FEFD0037823B936E010F8013F8B
:107FC000002B32D09942F9D110BD8A4228D09A07AD
:107FD00029D01A7818460133002AF6D11046704786
:107FE000CAB90268A2F1013323EA020313F0803F09
:107FF00008D150F8042FA2F1013323EA020313F051
:10800000803FF6D003785BB110F8013F002BFBD125
:108010007047990705D0184613F8012B002AF8D1AC
:1080200070471846DDE71846A1E7184610BD00BFA7
:1080300002F0DEB880EA010C1CF0030F37D110F01B
:10804000030C20F0030021F0030150F8042B08BFBB
:1080500051F8043B0ED08CF0030C6FF07F434FEAD5
:10806000CC0C23FA0CFC51F8043B42EA0C0243EA24
:108070000C0300BFA2F1013C9A4201BF2CEA020CA2
:108080001CF0803F50F8042B51F8043BF2D04FEA2B
:1080900002604FEA1222012828BFB0EB036F08BF2D
:1080A0001B0AF4D003F0FF03000EC01A704710F053
:1080B000030F0AD010F8012B11F8013B012A28BF49
:1080C0009A42F4D0A2EB030070474DF8045D50F8DB
:1080D000042B01F0030521F0030151F8043B022DAC
:1080E00026D04DD822F07F45B5EB132FA2F1013CED
:1080F0002CEA020C0DD11CF0803C08BF51F8043B67
:108100000AD185EA0205B5EB036F0CD150F8042BB8
:10811000E8E74FEA13235BE03CF07F4C54D10B7847
:108120004FEA126554E04FEA126503F0FF034FE097
:108130004FEA0245A2F1013C4FEA15452CEA020C38
:10814000B5EB134F18D11CF0803C08BF51F8043B2D
:1081500007D185EA0205B5EB034F09D150F8042B8E
:10816000E6E75FEA0C4C2FD10B884FEA12452FE06F
:108170004FEA03434FEA12454FEA134328E000BF9A
:1081800002F0FF05B5EB136FA2F1013C2CEA020CE3
:108190000DD11CF0803C08BF51F8043B0AD185EAA0
:1081A0000205B5EB032F0AD150F8042BE8E74FEA9C
:1081B00013630DE012F0FF0F06D051F8043B4FEAB5
:1081C000122523F07F4303E04FF0000020BC7047EE
:1081D00005F0FF0203F0FF00012828BF904204BF12
:1081E0002D0A1B0AF4D0A2EB000020BC704700BF90
:1081F0002DE9F0410469B4EB611F05DC0023036144
:1082000000234361BDE8F08100F114054E1111F027
:108210001F0C05EB840E05EB860321D0043355F8C3
:108220002610CCF120089E4521FA0CF12DD92F46BD
:108230001A6802FA08F20A4347F8042B53F8041BA1
:108240009E4521FA0CF1F3D8A31B9B00053B9B082C
:10825000013305EB830445F8231071B104340CE0BD
:108260009E45CBD900F1100253F8041B9E4542F8FD
:10827000041FF9D8A41B05EB8404631BAC424FEA2E
:10828000A3030361BCD0BDE8F08141610029B5D0F2
:108290002C46E3E72DE9F04F8A4685B00968039341
:1082A0008B78302BCDE9002040F0EE81CA1C13788A
:1082B00014460132302BFAD0A4EB0109A9F10209CE
:1082C000DFF8108318F80330002B00F0D3802378F8
:1082D000002718F803303D46002B00F06D8126463C
:1082E00016F8013F18F80330002BF9D10122B849E4
:1082F000304600F0C5FC8346002843D03278002D7C
:1083000000F0A381AB1B4FEA830B02F0DF0235467E
:10831000502A43D0CAF80060002F54D12A1B394696
:10832000013A072A03DD52100131072AFBDC0198CC
:1083300007F0D0FB8246002800F06A8200F11406A4
:10834000A542029640F2CC810027B9460CE03A469D
:1083500004372B78AC4218F8033003F00F0303FA0C
:1083600002F349EA030940D015F8013D2E2B01D153
:10837000AC4231D9202FEAD1002246F8049B0427D1
:108380009146E6E7002D00F070813278AB1B354650
:1083900002F0DF024FEA830B502ABBD16A782B2A06
:1083A00000F051812D2A40F0C5800120AA78AE1C32
:1083B00018F802104A1E182A40F2C4802E46CAF845
:1083C0000060002FAAD0B9F1000F0CBF06250025D0
:1083D000284605B0BDE8F08F01227D49284600F00F
:1083E0004FFC0028C6D1AC42BED1029B484646F89D
:1083F000049BF61AB610CAF81060760107F044FC28
:10840000009B361A1C68A64277DCC0F22081002748
:10841000009B9A685A45C0F25881009B5A685A4599
:108420004BDDA2EB0B0B5C4500F3A780DB68022B56
:1084300000F0F980032B00F06A81012B40F0F780F7
:108440005C4540F0F480012C08D0611E504608F0D5
:108450005FF8002800F0EB80009B5A680399012325
:1084600062250A60029ACAF8103013600E9BC3F8A6
:1084700000A0ADE701225649204600F001FC074666
:10848000002840F09B806378651C18F80320002AC0
:1084900000F09680302B2C4640F0448114F8013FC8
:1084A000302BFBD018F803304FF00109B3FA83F7F3
:1084B0007F09002B7FF413AF7EE001259FB1009B65
:1084C000DA68022A00F08880032A00F08980012AF5
:1084D00007D1B90705D5029B1A681743FA0700F1BF
:1084E000838045F010050E9B2846C3F800A0039B2F
:1084F000C3F800B005B0BDE8F08F361B50463146DA
:1085000008F006F8074678B1711E029B01274A1150
:1085100053F8220001F01F0207FA02F2024203D0D0
:10852000B94200F3E780022731465046B344FFF7D3
:108530005FFE6DE718F802106E1C00204A1E182A14
:108540003FF63CAF72781039013618F8022002F17C
:10855000FF3CBCF1180F0CD801EB810116F8013F6C
:1085600002EB4102A2F1100118F80320531E182B50
:10857000F2D900B149428B44CCE60BF1FF36002F13
:1085800040F0AC80002E40F0AF807311029A06F0EC
:108590001F06594652F8232001235046A4EB0B0432
:1085A000B3400225134218BF47F00207FFF720FE31
:1085B000009BD3F804B081E7264697E6237825464A
:1085C00003F0DF03502B00F09E80CAF80050FAE65B
:1085D000DC500410F89604100F9BC3F101030F93B5
:1085E0000F9B002B3FF47DAF029B0026DAF8107042
:1085F00098461A464FEA870903EB870003E090424A
:1086000042F8046C44D9944652F8041B4B1CF6D033
:108610000131022DCCF800107DD014F01F0440F081
:10862000AB8021255FE70F9B002B3FF417AF502550
:108630000198514607F074FA00230E9A28461360F9
:1086400005B0BDE8F08F0020B0E6AB465DE6A61BA6
:108650005146019800273246ABEB060B07F0A2FC0F
:1086600000F1140382460293D2E67278751C18F862
:1086700002102E4600293FF448AE16F8012F18F8D4
:108680000230002BF9D13DE68C1C4FF0000917E6B3
:10869000DAF80820974248DA7A1C01210AEB8707AA
:1086A000022DCAF81020DDF80880796133D0002A45
:1086B0006FDC0022CAF810200022CAF81420009BA8
:1086C0000BF1010B9A685A45ABDA5146019807F055
:1086D00027FA00230E9AA325136079E6012754E7B1
:1086E000029E4FF0000980E63146504607F010FF29
:1086F00007464AE7B11E504607F00AFF00283FF43C
:1087000012AF032710E74FF0000B012746E60F9B3F
:10871000002B8CD0A2E6009B1A68013AA24263D0DB
:108720002225E0E64FF00109D9E5DAF804100198B6
:10873000013107F0CFF9064600286FD0DAF8102093
:108740000AF10C010C3006F11408023292000CF010
:1087500097F851460198B24607F0E2F931690120D5
:10876000022D01EB000206EB810132614861D2D09B
:108770009742BFF652AF9AE7C144C4F1200459F8BA
:10878000040C07F081FAA042BFF64BAFDAF81020D4
:108790008DE708EB82000AF11804DAF81420A042F1
:1087A0004FEA52022CD94546236842EAC37245F883
:1087B000042B54F8042BA0424FEA5202F4D8A0EB49
:1087C0000A0119398908013148F8212008EB810193
:1087D00002B10431A1EB080241454FEAA202CAF8F6
:1087E00010207FF46CAF67E7621104F01F0458F8A3
:1087F00022100122A2400A4214BF2125222572E63E
:10880000C8F800200AB14146E3E7CAF8102053E750
:108810000246054BE4210548CEF778FC0246024BA0
:1088200084210248CEF772FCF85004100C51041059
:10883000FE2806D8034B1B5C03F00303012B08BF83
:10884000203070471999041004F016BC04F01ABCCB
:1088500007F058B82DE9F04780460C4645482646B3
:1088600014F801EB10F80EC01CF0080CF7D1BEF1A3
:108870002D0F5BD0BEF12B0F3AD0654633F01000C0
:108880003ED04FF0FF379A46B7FBF3F703FB07F9EB
:108890006FEA0909002630460EE0AEF1370C634559
:1088A0001DDD002E04DBB84202D833D1CC4531DDCA
:1088B0004FF0FF3614F801EBAEF1300CBCF1090FAC
:1088C000EDD9AEF1410CBCF1190FE6D9AEF1610C56
:1088D000BCF1190F03D8AEF1570C6345E1DC731CF2
:1088E0001CD005B140420AB1F6B91160BDE8F0876D
:1088F00033F0100094F800E0654606F10204C0D1A0
:10890000BEF1300F17D06BBB0A234FF005091A4F89
:108910009A46BFE700FB0AC00126CBE72223304678
:10892000C8F80030002AE1D0611EDEE794F800E0CC
:108930000125B41CA2E7207800F0DF00582807D0FA
:1089400083B908234FF007096FF060479A46A1E703
:10895000102394F801E04FF00F0902346FF07047D4
:108960009A4697E710234FF00F096FF070479A4629
:1089700090E700BF19990410999999196AE700BF07
:1089800010B4044C13460A46014620685DF8044BB7
:1089900060E700BF002B002010B4044C13460A46C9
:1089A000014620685DF8044B54E700BF002B00200F
:1089B00010B4034CD4F8E440A4465DF8044B60477F
:1089C0009429002082B049B15AB16BB113780B6081
:1089D0001278101E18BF012002B0704701A9002AAA
:1089E000F3D1104602B070476FF00100F4E700BF0A
:1089F00001390B291FD8DFE801F0080A0C0E10120C
:108A00001416181A1C0600F0BBB903F05BBB06F085
:108A100013BB01F0DBB804F07BBB03F011BA07F025
:108A2000A5BD01F0D7B804F06FBB07F0D3BF03F0CA
:108A3000BBB907F04BB80020704700BF70B50546C2
:108A40000C4610B1436B002B34D0A66A002E34D0F4
:108A5000B4F90C3003F00C02082A1FD013F4805232
:108A600010D10123E1692846B047411C27D0B4F951
:108A70000C305A0709D56268236B801A0BB1E36B7F
:108A8000C01A70BD5A07206DF5D41B07F9D52368AD
:108A9000002BF6D022699B1A184470BD2268002A68
:108AA000DCD02169521A002AD8DDD805D6D5022398
:108AB0000022D7E704F0F8F8C7E71D232B604FF03A
:108AC000FF3070BD024B01461868FFF7B7BF00BF0B
:108AD000002B0020B1F90C202DE9F04116070C46BF
:108AE00080464ED4496842F400630029A38163DDC7
:108AF000A56A002D42D0002112F48052D8F80060FF
:108B0000C8F80010E16964D101234046A847451C1C
:108B100002466DD0B4F90C30A56AE169580705D555
:108B20006368D21A236B0BB1E36BD21A0023404661
:108B3000A847431C4FD1D8F80010B4F90C301D29B8
:108B400040D8314ACA40D7073CD523F40062DD043F
:108B5000A2814FF0000262602269226001D50029E3
:108B600044D0216BC8F8006041B104F14003994240
:108B700002D0404601F0A4FB002323630020BDE89F
:108B8000F0810E69002EF9D092070D680E600CBFBF
:108B90004B690023AD1B8B600BE02B463246E1692D
:108BA0004046676AB847B0F1000CA5EB0C05664477
:108BB00006DD002DF1DCE1E7E16B002998DCDDE763
:108BC000B4F90C3043F040034FF0FF30A381BDE80F
:108BD000F081226DA2E7B4F90C300022626023F428
:108BE0000062DB04A28122692260BAD52065B8E761
:108BF000D8F80030002B8DD01D2B01D0162BDFD1E3
:108C0000C8F80060BAE700BF0100402010B5044674
:108C100082B008B1436B53B1B1F90C0008B902B08E
:108C200010BD204602B0BDE81040FFF753BF0191D0
:108C300004F03AF80199EFE7A0B138B50C4B0446BF
:108C40001D680DB16B6B4BB1B4F90C0000B938BDA8
:108C500021462846BDE83840FFF73CBF284604F0CF
:108C600023F8F1E7034A0449044807F0D7BC00BFE2
:108C7000002B0020983000200D8C0310082B0020C2
:108C8000CAB384460B4630B504460843800719D062
:108C90009CF800000C78A04212D150B3012A28D0D1
:108CA000E64603E01CEB030F23D010B31EF8010FC0
:108CB00011F8014FA2EB0E03A04203F1FF33F1D0F4
:108CC000001B30BD032A07D8E2E7043A11D01EF09A
:108CD000803F0ED1032A10D92068194653F8045B4F
:108CE000A446A0F1013E0434A8422EEA000EECD0C6
:108CF000CEE7002030BD10467047A4461946C7E7AE
:108D0000FFF798B970B50B4E84B004461D46D6F8EF
:108D1000E06021B1B047431C06D004B070BD0A46E4
:108D200001A9B047431CF8D100228A232A6023609E
:108D300004B070BD9429002070B50F4D0B460F4E46
:108D400084B014462D68D6F8E060014638B11A4662
:108D500028462346B047431C08D004B070BD1346D4
:108D600001A902462846B047431CF6D100228A23B7
:108D700022602B6004B070BD002B002094290020DD
:108D800020F020033038413B092888BF052B94BFD1
:108D900001200020704700BF92000BF0A1BD00BF72
:108DA00003F09CB803F0AEB8014B1868704700BFE1
:108DB000002B0020426940F26C73002AA8BF6FF0BC
:108DC00063031344920710B407D1264C264A27495F
:108DD00004FB0322B1EBB20F2FD3224C224A2449C9
:108DE00004FB0323B1EB331F2CBF0121002141F20F
:108DF000A262D0E906305B0003EB00130B44934200
:108E00002CD00BDC012B1ADD0A3B172B28D8194874
:108E1000D84040F300005DF8044B704741F2B46263
:108E2000934212DD144A1A44152A19D813485DF8E2
:108E3000044BD04000F0010070470121D7E7DB432D
:108E40005DF8044BDB0F5842704741F2B1605DF8AA
:108E5000044B8342D4BF0020012070470120DAE791
:108E60000020D8E7295C8FC250B81E05285C8F020D
:108E70000AD7A300CF00CC003EE9FFFF1F002A0065
:108E80002DE9F04F00248FB083460E469A46029497
:108E9000137863B1252B12D0711EA14240F2978046
:108EA00001320BF8043001341378002BF2D116B1E3
:108EB00000230BF8043020460FB0BDE8F08F002BE4
:108EC000F5D05178302970D0A1F12B07B7FA87F788
:108ED0007F09002F69D1A1F13103551C082B6BD9F3
:108EE0004FF0000845295DD04F295BD0A1F1250343
:108EF000552B6CD8DFE813F0ED026B006B006B00B4
:108F00006B006B006B006B006B006B006B006B0009
:108F10006B006B006B006B006B006B006B006B00F9
:108F20006B006B006B006B006B006B006B006B00E9
:108F3000F60219033C039F026B0092014F0291005D
:108F4000A8006B006B006B006A016B006B00C00037
:108F50006B00E6028E016E018001FD00C601D001AA
:108F6000F0011A026B006B006B006B006B006B0072
:108F7000C3027000A701F500F5006B0064047000E7
:108F80006B005A049100A8005F04B8036B00C00096
:108F9000C103CB03D203BD016B039003AD03760382
:108FA0000E011D0169780135A0E70F469178951CE7
:108FB000A1F13103082B93D8284606A90A22FFF70E
:108FC000EBFC069D804629788CE703F097FE002491
:108FD00020460FB0BDE8F08FB34BDAF8102053F8FD
:108FE0002270384604F06EFF40B3731E9C42EED2EE
:108FF0005C447B1E011906EB0B00013801E0A04226
:10900000E5D02746013413F8012FA14204F8012CC2
:10901000F5D1CBF101043C4410E0A44BA44A6B29E8
:1090200008BF1A46DAF80830311B0BEB040007F0D2
:1090300069FF0028CBDB0444A642C8D92B78002B5B
:109040003FF435AF6A1C23E7DAF80820002A00F065
:1090500004840C2A00F00184964880FB0230D31768
:10906000C3EB600303EB4303A2EB83038F48904AF7
:10907000492918BF0246D7E7DAF808300B2B8A4B8C
:10908000D4BF0022012203EB8203D3F8A480404620
:1090900004F018FF0028D1D0731E9C4297D208F12B
:1090A000FF330BEB060C0BEB0402DFF824921F18C6
:1090B0000CF1FF3C06E09F4202F8011B00F0D48354
:1090C000944584D028789E4613F8011F5028F2D189
:1090D00019F8010000F003000128ECD12031C9B2D9
:1090E000E9E7734B714A642908BF1A46DAF80C3075
:1090F0009AE75046FFF75EFEDAF81820002A00F0E3
:10910000AE83013A0028DAF81C3040F3D083012303
:10911000674A89E7DAF814000028C0F24184664AF9
:1091200082FB0032C317C3EB6213642202FB1303FA
:10913000EEE7DAF82030002B84DB03F0DDFD029B44
:10914000002B00F0038402F053FBDAF82030DFF844
:109150008491002BD4BF00230123013303EB83034D
:1091600050F8337003F0CAFD0BEB0403311B7F4250
:10917000039389FB07204FEAE77802913844C8EB54
:10918000601000F0DBFC0246DDE90213184689FBA3
:1091900002C34FEAE27C1344CCEB631C474BCCEB9D
:1091A0000C1CA2EB8C02009283FB0723444A3B4435
:1091B000C8EBE32307F0A6FE0028FFF608AF04443F
:1091C000A6427FF604AF0123029337E7DAF80430B2
:1091D000374A29E7DAF80030311B3A4A0BEB040032
:1091E0000193DAF804300093DAF8083007F08AFEC9
:1091F0000028BFF620AFEAE6DAF81C30DAF81820CB
:1092000007339A1A304B83FB02131344D217C2EB75
:10921000A3037DE7DAF80030254A05E725238DF81A
:109220001830002F00F00983B8F1050F8DF8197080
:1092300000F276830DF11A073846244905F012FF33
:10924000534606AA0BE0184BD3F8A070384604F03A
:1092500039FE3B78002B3FF4F1AE3A465346311BC2
:109260000BEB0400FFF70CFE00287FF7B0AE0444C0
:10927000E4E6731E9C42BFF4AAAE09230BF8043047
:109280000134DBE6DAF81820002A00F0C182013A46
:10929000DAF81C300733B4E7034BD3F8987038463C
:1092A00004F010FED5E700BF1C98041060510410B4
:1092B00058510410ABAAAA2A1F85EB51C5B3A2913D
:1092C000C4510410A85104109324499278510410F9
:1092D0001999041089888888DAF81430C54A9342AD
:1092E00080F29382D31A2D228DF81820B8F1000F46
:1092F00001D008F1FF380DF119000DF118092522F0
:109300000270002F40F092800130BB49039305F0BA
:10931000A9FE039B4A4600934346311B0BEB040016
:1093200007F0F0FD0028BFF686AE50E6DAF82030F0
:10933000002BFFF687AE03F0DFFC029B002B00F052
:10934000CD83DAF82030AD4A002BD4BF00230123AF
:1093500052F82370384604F0B5FD0146C0B1731EC3
:109360009C42BFF432AE5C4406EB0B007B1E2144F2
:10937000013802E0A0423FF428AE13F8012F27463F
:10938000013404F8012CA142F4D1CBF101043C4496
:1093900003F0B4FC17E7DAF814105046954B03912C
:1093A0009942ACBF4FF000094FF00109FFF702FDF1
:1093B000039903460029C0F233839148002B80FBB8
:1093C00001204FEAE172C2EB60124FF0640000FB33
:1093D000121002F11302C0F28C824FF00009034414
:1093E000591C00F08E82642B01D1013200236421CC
:1093F00001FB0233B9F1000F7FF475AF2B2F40F062
:10940000098242F20F72934240F204822B228DF8BD
:109410001820B8F1000F00F05683252208F1FF381C
:109420000DF119000DF118098DF8192030220230C4
:1094300000F8012C69E7DAF814000BEB0408DAF8FD
:109440001070A6EB04090028DAF80C3007F10107C8
:10945000C0F218836A4981FB0021C217C2EB611276
:10946000642101FB120249464046CDE900323B46E9
:10947000644A07F047FD0028BFF6DDADA7E5DAF83E
:109480001830614A183352F82370384604F01AFD38
:1094900000283FF4D3AD731E9C42BFF498AD5C44EA
:1094A0007B1E011906EB0B00013802E0A0423FF4DD
:1094B0008EAD2746013413F8012FA14204F8012C88
:1094C000F4D1A6E5DAF80430504A0093DAF808300F
:1094D00023E7731E9C42BFF47AAD25230BF80430BA
:1094E0000134ABE5484BDAF8182003EB8203DF6F59
:1094F000384604F0E7FC00283FF4A0AD731E9C4200
:10950000BFF465AD5C447B1E011906EB0B0001380E
:1095100002E0A0423FF45BAD2746013413F8012F6F
:10952000A14204F8012CF4D173E5DAF81030364A80
:109530000C3352F82370384604F0C4FC00283FF482
:109540007DAD731E9C42BFF442AD5C447B1E01198D
:1095500006EB0B00013802E0A0423FF438AD27468D
:10956000013413F8012FA14204F8012CF4D150E585
:109570004246DAF814301F490BEB0408022A38BFC0
:1095800002228B42A6EB0401ACBF4FF000094FF062
:109590000109002B0391C0F22382194880FB0310BC
:1095A000D917C1EB60111331002F40F0AD81184F76
:1095B0001848A2EB090203464046CDE900213A468D
:1095C000311B07F09FFC0028BFF635ADFFE4731E8A
:1095D0009C42BFF4FCACDAF81830002B40F041811B
:1095E00037237BE7084BD3F89C70384604F06AFCBD
:1095F0002FE600BF94F8FFFF805104109030002048
:109600001F85EB51645104101C98041094510410F0
:10961000405104109C4904100DF11809CF494846E7
:1096200005F020FD484604F04DFC09EB0003002F37
:1096300000F0F480B8F1050F09F8007003F101079C
:1096400000F269813846C64905F00CFD53464A468A
:1096500005E6731E9C42BFF4BAACDAF8183030331A
:109660000BF804300134E9E4731E9C42BFF4AFAC44
:109670000A230BF804300134E0E4DAF81020B94B87
:1096800083FB0213A3EBE273B74A0133CCE4B74B7D
:10969000D3F8E470384604F015FCDAE5DAF8203047
:1096A000002B80F2E8804FF00009CDF81090DAF836
:1096B0001420311B0BEB0400B2F145034FEAE277B3
:1096C00067F10007002F02DA033347F100079B0818
:1096D00002F1FF3CDFF8A4E243EA8773BF1005976D
:1096E00002F22B17463A03928EFB0C284FEAEC7CD1
:1096F000059ACCEB681C8EFB078EFF17B3EB0C03AF
:10970000C7EBEE1762EBEC7E039A13EB070C40F20B
:109710006D1302FB03F34EEBE7771CEB030247EB01
:10972000E373DAF81C70D21943EBE773971843EB35
:109730000308BF1843EB0803DB00DAE901CE43EA74
:109740005773FF0017EB0E0743EBEE7E3A014FEA2B
:109750000E13D21B43EA177363EB0E039B0043EA1D
:109760009273920012EB0C0243EBEC7C13014FEA74
:109770000C179B1A47EA127767EB0C02DAF800C065
:10978000920042EA93729B0013EB0C0742EBEC73DE
:10979000B7EB0907049A63EB0203754ACDE900733E
:1097A00007F0B0FB0028BFF646AC10E4DAF81C3036
:1097B000704A013338E4DAF810306F4A013333E489
:1097C0005046FFF7F7FA0746DAF814000028C0F20F
:1097D000ED806A4A82FB0032C317C3EB6213642236
:1097E00002FB1303F818654F4FF0640C624A87FBC5
:1097F0000013C117C1EB63110CFB11016144A7FBFE
:1098000001377B090CFB13130EE403F26C73F5E5CF
:1098100006223DE50DF11809484670E55F1C2B2333
:1098200009F8003004230EA93846554AC91B07F031
:1098300069FB0028C8BF3F1804E72B238DF81930B7
:1098400004230DF11A074E4A1E21384607F05AFB31
:1098500000287FF7F1AC3844EFE40C2306E406223D
:1098600050E43033DBB239E60EF10203A3EB080318
:109870001C44FFF7E3BB03F03FFA029B002B62D0CE
:1098800001F0B6FFDAF82030002BD4BF002301230B
:10989000013303EB830350F8337003F02FFA0123F5
:1098A000C7F1000902934FEAE9730493FFE63FD042
:1098B000DAF8141040F26B70D31A0029A8BF6FF0C9
:1098C00064000144880740F0ED802E482E4A00FBDA
:1098D000012200F180400138B0EBB20F80F0E2804D
:1098E00001229B1A042BCCBF3423352310E4DAF871
:1098F0001410DFF8A8C0614517DB0344591C7FF43E
:1099000076AD013A632372E5632923DD2B2F21D144
:109910001E4F1F484DE6B8F106033FF493AE82E7B1
:10992000B8F106033FF486AC8BE70123994656E570
:109930000A339B1A174A82FB03121A44DB17C3EB44
:10994000A203FFF7E5BB00F049F999E700F046F9FB
:10995000FFF7F9BB0D4F10482BE600BFB8510410BC
:10996000C0510410565555558C5104101C980410C4
:10997000A051041084510410585104101F85EB515C
:1099800074510410295C8FC250B81E054851041050
:1099900050510410932449929C49041095F8FFFFFC
:1099A00000F26C7006F0E6FDFFF7B9BB00F26C70D8
:1099B00006F0E0FD554A002F82FB00324FEAE073CB
:1099C000C3EB62134FF0640202FB130380F2898041
:1099D000A2F2CF72DAF814109142B8BF012701E762
:1099E00003F26C700492039306F0C4FD474981FBB7
:1099F000001CC117DDE90332C1EB6C11002F6AD0E6
:109A000042F20F7C604576DD2B2F74D14048414FE8
:109A1000DFF818E1DFF818C17345B8BF6046C8E544
:109A2000039001F26C7006F0A5FD384BDAF81410C3
:109A300083FB002CC2170029039BC2EB6C125DDA7A
:109A400001F26C70CDE9033206F094FD2F4B844691
:109A500083FB0C014FEAEC70C0EB61106421DDE97F
:109A6000033201FB10C0002BFFF641AF7FF7B7AC0C
:109A7000B9F1000F3FF4B3AC431EF0B1642101FB18
:109A8000023330E400F26C70039306F073FD1F495B
:109A9000039B81FB0021C217C2EB6112642101FB11
:109AA0001202E0E41C481D4A00FB01221C49B1EBF4
:109AB000321F2CBF0122002213E7531E642202FB37
:109AC00003F363330FE425220DF119000DF118099A
:109AD0008DF81920AAE41348134F99E700F07EF897
:109AE0002FE43FF47FAE114ADAF814109142B8BF68
:109AF0004FF0FF3776E60B48064F89E74FF0640CCE
:109B000091FBFCF00CFB1010ADE700BF1F85EB5183
:109B10005051041048510410295C8FC250B81E05E2
:109B20000AD7A3009C4904104051041094F8FFFF89
:109B300054510410FFF7A4B9FFF7A2B90028B8BF29
:109B400040427047062008B505F054FD0120CDF7CE
:109B500089FA00BF92000AF093BE00BF38B5A1FB9E
:109B6000021434BB00F0A0F8054630B350F8042CC2
:109B700022F00302043A242A0CD8132A0FD91B2AF4
:109B8000C0E9004412D9242AC0E9024418D000F1E7
:109B9000100205E021460AF08BFE284638BD024639
:109BA00000232846C2E90033936038BD00F1080263
:109BB000F6E7FFF7F9F80C2303600025284638BDC7
:109BC00000F11802C0E90444EAE700BF002106F0F2
:109BD000C9BD00BF002106F073BE00BF014B18686D
:109BE00006F0FCBE002B002008B503F085F8044BFE
:109BF000186806F0F3FEBDE8084003F07FB800BF28
:109C0000002B002038B505460C4608B1436BCBB19C
:109C1000B4F90C20636E910405D442F4005223F48D
:109C20000053A28163669B040FD42146284602F0AC
:109C3000CDF950B9D4E90023511C013BC4E900130C
:109C4000107838BD03F030F8E2E74FF0FF3038BD50
:109C5000144B10B50446186882B008B1436BCBB101
:109C6000B4F90C20636E910405D442F4005223F43D
:109C70000053A28163669B0411D4214602F0A6F929
:109C800068B9D4E90023511C013BC4E900131078E2
:109C900002B010BD019003F007F80198E0E74FF023
:109CA000FF30F5E7002B002001F10B03162B2DE907
:109CB000F04F074683B023D8102900F2AF8002F09E
:109CC00005FF102518230220C24E33445C68A3F11F
:109CD0000802944200F078816368384623F0030359
:109CE000D4E902122344CA6091605A68083442F0F1
:109CF00001025A6002F0ECFE204603B0BDE8F08F8E
:109D0000002B23F00705C0F28980A94200F286806B
:109D100002F0DCFEB5F5FC7FC0F0B2816B0A00F00A
:109D20008180042B00F27C81AB0903F1390003F13F
:109D3000380EC300A74E3344A3F1080C5C68A44559
:109D400007D10DE0002AE16880F238818C450C468D
:109D500006D0636823F003035A1B0F2AF2DD704616
:109D6000DFF874823469444500F0EA80636823F0C8
:109D7000030CACEB05030F2B00F39281002BC6E91B
:109D8000048880F28181BCF5007FD6F804E080F081
:109D900027814FEADC0301224FEA5C1C013302FAFF
:109DA0000CF256F833104EEA020E06EBC302083AE4
:109DB000C6F804E0C4E9021246F83340CC608310D0
:109DC0004FF0010C0CFA03FCF44531D81CEA0E0FDD
:109DD00007D120F003004FEA4C0C04301CEA0E0FB0
:109DE000F9D006EBC00A8146D646DEF80C300BE00F
:109DF0005A681C46DB6822F00302511B0F2900F34E
:109E00001B81002980F22F819E45F1D109F10109C2
:109E10000EF1080E19F0030FE7D165E10C233B604A
:109E2000002469E74FF4007340204FF03F0E81E7B4
:109E3000B468636823F00309A9EB05030F2B02DD67
:109E4000A94580F0AA80DFF894B104EB090308204B
:109E5000DBF800200093103202EB050801F0B2FE9F
:109E6000D6F808140246013105D008F1FF38414206
:109E7000804401EA080841463846019205F0E0F8BE
:109E8000B0F1FF3F8246019A7CD0009B83425AD9B1
:109E9000B44277D1DBF8040002F1FF3C4044CBF838
:109EA0000400D6F80814013100F06B81009BAAEB86
:109EB00003010144CBF804101AF00703009300F0EB
:109EC0003D81C3F1080138468A440A44D04408EA77
:109ED0000C01521A02EA0C01019105F0B1F8421C82
:109EE00000F06781A0EB0A00019900EB010848F03F
:109EF0000102C6F808A0B442CAF80420DBF8042026
:109F00001144CBF8041031D0B9F10F0F40F20581A4
:109F10006068A9F10C02052322F0070200F001009D
:109F200010430F2A606004EB0200C0E901331DD921
:109F300004F10801384600F0C3F9DBF8041015E01D
:109F4000D6F804E03BE7DBF8041002F1FF3C4144A3
:109F50000846CBF80410A4D1009B13EA0C0FA0D143
:109F600009EB0802B06842F001024260DBF82C20E5
:109F70008A42DBF8302038BFCBF82C108A4238BF39
:109F8000CBF83010B468626822F00302531B0F2B29
:109F900040F3C680954200F2C380621945F0010586
:109FA00043F00103083444F8045C3846B26053605F
:109FB00002F08EFD204603B0BDE8F08FA268234476
:109FC0003846D1608A6090E6DC68A3427FF484AEB4
:109FD0000230C5E6282C0020302C0020B8340020A8
:109FE000BCF5206F4FEA5C226CD3142A00F2B680D5
:109FF00002F15C035B32DB00F118F3580839994237
:10A0000003D191E09B68994204D05A6822F0030280
:10A010006245F7D8D968C4E902318C60DC60CEE6CD
:10A02000142B56D9542B00F2A2802B0B03F16F0096
:10A0300003F16E0EC3007DE6D4F808C038466719F8
:10A0400045F001056560CCF80C30C3F808C041F05C
:10A050000103C6E90477C7E902887B60A150083490
:10A0600002F036FD48E622443846516841F00101CD
:10A07000516054F8082FD3609A6002F029FD3BE646
:10A08000E80805F108031FE6A44438460834DCF864
:10A09000043043F00103CCF8043002F019FD2BE644
:10A0A000621943F0010145F0010538466560C6E9D3
:10A0B0000422C2E90288516044F80C30083402F0EE
:10A0C00007FD19E64FEA9C1202F139033832DB0032
:10A0D00092E703F15C0003F15B0EC3002AE65AF835
:10A0E0000839534540F0828010F0030F00F1FF3033
:10A0F000F5D1736823EA0C0373604FEA4C0C0CF142
:10A10000FF329A4204D393E64FEA4C0C09F104095A
:10A110001CEA030FF8D0484663E60123CAF804306E
:10A12000384602F0D5FC7BE692104FF0010C0CFA99
:10A1300002F24EEA020EC6F804E06CE70AEB0801F0
:10A14000384601EA0C01521A02EA0C01019104F0AE
:10A1500077FF431C7FF4C6AE0099C8E6542A13D893
:10A160004FEA1C3202F16F036E32DB0044E7B3F5B5
:10A17000AA7F13D8EB0B03F1780003F1770EC3002D
:10A18000D8E5C6F808A497E6B2F5AA7F19D84FEA31
:10A19000DC3202F178037732DB002DE740F25452D3
:10A1A000934219D8AB0C03F17D0003F17C0EC30080
:10A1B000C0E5009B0021A3F108029044A8EB0A0827
:10A1C00095E640F254539A420CD84FEA9C4202F171
:10A1D0007D037C32DB000FE74FF47E737F204FF06E
:10A1E0007E0EA7E54FF47E737E2205E7736884E751
:10A1F000031F00E030B153F8040F51F8042B9042D4
:10A20000F8D0801A704700BF2DE9F8430646DFF802
:10A21000AC800820894601F0D5FC0546304602F0A6
:10A2200055FCD8F808305F6827F00307A7F1110440
:10A23000A4EB09042C44B4FBF5F4013C05FB04F445
:10A24000A54208DC0021304604F0FAFED8F80830B8
:10A250003B44984205D0304602F03AFC0020BDE86D
:10A26000F8836142304604F0EBFE01300FD03F1B13
:10A27000104AD8F80830304647F001075F6013688D
:10A280001B1B136002F024FC0120BDE8F8830021B1
:10A29000304604F0D5FED8F80820831A0F2BDADDFB
:10A2A00043F0010303495360034B1B68C01A086065
:10A2B000D1E700BFBC34002030300020282C002023
:10A2C00000297CD02DE9F0410C46804602F0FEFBCF
:10A2D000764F54F8043CA4F10805BE6823F0010150
:10A2E00068184268864222F0030200F08380DE078D
:10A2F00000EB020C426033D454F8084CDCF8043014
:10A3000007F1080C2D1B214403F00103AC686445E0
:10A3100064D0D5F80CE0C4F80CE0CEF80840002B6F
:10A3200000F0818041F001036B600160B1F5007FB6
:10A3300022D2CB080122490901338A4079680A43B5
:10A3400057F833107A6007EBC302083AC5E90212E6
:10A3500047F83350CD604046BDE8F04102F0B8BB4D
:10A36000DCF80430DB072BD541F00103B1F5007FA9
:10A3700044F8043C0160DCD3B1F5206F4FEA51236F
:10A3800053D28B0903F1390003F13802C300F818E6
:10A39000FB580838984203D161E09B68984204D08A
:10A3A0005A6822F003028A42F7D8D868C5E9023019
:10A3B00085604046DD60BDE8F04102F089BB704732
:10A3C000114407F1080C836863453FD0C268DA6026
:10A3D000936041F001036B606950A7E7002B5FD1E8
:10A3E0000A44D0E90213CB60996042F001036B602C
:10A3F000AA50B0E7DB070A4407D454F8083CED1A2A
:10A400001A44D5E90213CB60996042F001036B60F6
:10A41000274BBD601B6893429DD8264B4046196868
:10A42000FFF7F2FE97E71144CDE7142B08D9542B20
:10A430001DD80B0B03F16F0003F16E02C300A6E7FA
:10A4400003F15C0003F15B02C300A0E741F00103EC
:10A45000C7E90455C5E902CC6B6069507BE701216F
:10A46000921001FA02F279680A437A609EE7B3F526
:10A47000AA7F06D8CB0B03F1780003F17702C30063
:10A4800085E740F25452934206D88B0C03F17D00CD
:10A4900003F17C02C3007AE74FF47E737E2276E7F5
:10A4A00041F001036B60016055E700BF282C0020DC
:10A4B00034300020B83400202DE9F04F8946B1F93E
:10A4C0000C10ADF5317D834688040893D9F86430CB
:10A4D00007D441F4005123F40053A9F80C10C9F833
:10A4E00064309F04C3F3403100F1C380174617F86E
:10A4F000013B1393002B00F013878E46714C8A4664
:10A500000B91069105910991CDF80CB014F803B0A8
:10A510001BF0080B70D1252B5ED13A785D465E4664
:10A52000A2F12503791C532B61D8DFE813F0540006
:10A530006000600060006000F00360006000600088
:10A5400060006000A600A600A600A600A600A60067
:10A55000A600A600A600A6006000600060006000E3
:10A56000600060006000600060006000FA03B100FD
:10A570006000B1006000600060006000BB0360002C
:10A580006000DA036000600060006000600060004E
:10A5900060006000840360006000E303600060000E
:10A5A0006000600060006000600003040804B10007
:10A5B000B100B1000A04130460006000AC03600045
:10A5C000C3037506B70360006000F70360007706F9
:10A5D0006000600084030F46D9F80430002B3CDD96
:10A5E000D9F8003017F8012C1978914222D005983B
:10A5F0000DF5317DBDE8F08FD9F80420039D0FE003
:10A60000D9F800301A780133A25C160710D5D9F8B2
:10A6100004200AF1010AC9F80030013AC9F80420FF
:10A62000002AEDDC4946284603F0EAFC0028E7D082
:10A6300004970AE001330AF1010A0497C9F80030CF
:10A64000D9F80430013BC9F80430049F17F8013BE6
:10A650001393002B7FF45AAFC9E74946039803F0E0
:10A66000CFFC0028BCD0059B1BB1B9F80C305B06B1
:10A67000BDD54FF0FF330593B9E715F08F0FB6D175
:10A6800006EB860602EB46067A780F46303E47E731
:10A6900004270491D9F80430002B00F3678349465E
:10A6A000039803F0ADFC0028DDD16B0640F15E831A
:10A6B0007B1E032B00F2C986DFE813F0A8016601B8
:10A6C000A900060019990410039845F4F06505F0F7
:10A6D000C9FF03680D93731EB3F5AE7F40F2828409
:10A6E0006FF4AE71731840F25D161093002758ABEB
:10A6F0004946CDF844B09846BB46B9460A930C97F4
:10A70000CDE90E770B681878A0F12B0CBCF14E0F39
:10A7100050D8DFE81CF019024F0019024F004F001B
:10A72000810274007400740074007400740074007A
:10A73000740074004F004F004F004F004F004F0057
:10A740004F001F027200720072002C020E024F00B6
:10A750004F00C0014F004F004F004F006B024F00F1
:10A7600068024F004F004F0063024F004F004F0040
:10A770004E0249024F004F004F004F004F004F0064
:10A780004F001F027200720072002C020E024F0076
:10A790004F00C0014F004F004F004F006B024F00B1
:10A7A00068024F004F004F0063024F004F004F0000
:10A7B0004E0249020D9A92F800C0844514D1AA05B0
:10A7C00012D525F42075CDF830B008F8010B013E04
:10A7D00048680AF1010A01380028486040F3FB820A
:10A7E00001330B60002E8DD15A464B468946002A14
:10A7F00000F0648125F4807560E12A05F4D519EB39
:10A80000070CF1D1674625F4C075E146DDE7731EFC
:10A8100045F45865B3F5AE7F40F20B836FF4AE722A
:10A8200006EB020B40F25D1658AB4FF00008CDF876
:10A830001CB01F460A934B46DDF818B0C146984637
:10A84000D8F800201078A0F12B034D2B63D8DFE857
:10A8500013F014026200140262006200B2021C01D2
:10A860001C011C011C011C011C011C01FF01FF013A
:10A8700062006200620062006200620062004E00DC
:10A880004E004E004E004E004E006200620062001C
:10A8900062006200620062006200620062006200A8
:10A8A00062006200620062006200620007026200F1
:10A8B00062006200620062006200620062004E009C
:10A8C0004E004E004E004E004E00620062006200DC
:10A8D0006200620062006200620062006200620068
:10A8E0006200620062006200620062000702BBF167
:10A8F0000A0F10DD25F4386507F8010BD8F804308D
:10A90000013B002BC8F8043040F371820132C8F8D3
:10A910000020013E94D14346E905C846CDF818B061
:10A92000994607D50A9B9F4200F2BE840A9B9F422C
:10A930003FF45DAE15F0100240F06882069B099E60
:10A940000A9903983A70B047089BAA0603F10406D7
:10A9500000F156826B0700F16E8415F0010240F0A1
:10A960004E82AD0740F14B82B74B0999039899424B
:10A97000069B0A9900F04C8504F0AAFF0B46089A42
:10A980001168C1E900033DE2D9F80020002E05F06E
:10A990001008137808BF4FF0FF36EF07E35C03F0B1
:10A9A000080300F16D82B8F1000F00F02583002B41
:10A9B0007FF44BAED9F804300132012E03F1FF339E
:10A9C000C9F80020C9F8043000F009850125039F6B
:10A9D00012E0D9F800301A780133A25C100713D4C2
:10A9E0000135C9F80030D9F80430AE4203F1FF3325
:10A9F000C9F8043000F07D84002BEADC4946384673
:10AA000003F0FEFA0028E4D0AA441EE6002E05F06A
:10AA1000100308BF4FF0FF36E9070C9300F13083B5
:10AA2000D9F8001018AD0C9A0B78EB5C002A00F0F6
:10AA30009282002B3FF4DBADD9F804300131012EB6
:10AA400003F1FF33C9F80010C9F804301BD0DDF85A
:10AA50000C8010E0D9F800301A780133AA5C92B16A
:10AA60000137C9F80030D9F80430BE4203F1FF3392
:10AA7000C9F8043007D0002BECDC4946404603F00F
:10AA8000BFFA0028E6D0BA44DFE5704B25F43865FC
:10AA900033F91BB030E7002F40F0C481BBF1000F49
:10AAA00040F0C08105F4E062B2F5E06F00F01C8474
:10AAB0004B46DDF844B089465F460022013B012B3E
:10AAC00040F278847B1E062B40F25683E80540F165
:10AAD000B381690500F1878418F8011C01F0DF03D8
:10AAE000452B40F0EA8308F1FF360AF1FF3A4A4667
:10AAF000039803F047FA15F010037FF4A6AD337006
:10AB00000E9B002B40F0A28300220A990398FDF7C8
:10AB10008FF8089BEA070746884603F1040640F1D0
:10AB200057831B68C3E90078059B0896013305939A
:10AB30008BE52A0503D519EB070C3FF463AE022F12
:10AB40007FF452AE032740E62A067FF54DAE25F08E
:10AB500080053AE62A0503D519EB070C3FF452AEFF
:10AB6000B9F1010F7FF440AE4FF002092DE62A053E
:10AB70003FF545AE05F4A06CBCF5806F06D06A05C4
:10AB80007FF532AEBBF1000F00F0F683AA0504D4C6
:10AB90000C9AABEB0202CDE90E2825F478654FF054
:10ABA000000B45F4C07510E6072F7FF41DAE082793
:10ABB0000BE605F4186CBCF5807F7FF415AEBBF195
:10ABC000010F7FF411AE25F480753022013E4FF065
:10ABD000000B45F4006508F8012BF6E5062F7FF41D
:10ABE00003AE0727F1E52A05C4D4FDE5B9F1000F4E
:10ABF00040F01181BBF1000F40F00D8105F4E06CD5
:10AC0000BCF5E06F00F06A83012F02D0042F7FF4BF
:10AC1000EBAD0137FFB2D8E5EA057FF5F0AD109A4C
:10AC200025F080050BF1010B002A3FF4D0AD109AFE
:10AC3000013A1092CCE545F400750491024B0327CC
:10AC400009931023069325E57D890310F8970410D6
:10AC5000874B33F91BB0BBF1080F3FF74BAE5AE6F9
:10AC600005F4C063B3F5007F7FF455AE25F400759D
:10AC70004FF0100B45F4A0653EE62B067FF54BAE7A
:10AC800025F0800538E628077FF4B1AC7A786C2A85
:10AC900000F01E8345F001050F4641E445F40875B8
:10ACA0000491CBE72A077FF4A2AC7A7845F002053D
:10ACB0000F4635E4EE0604913FF5C7AC089A6807E5
:10ACC00052F8043B089200F1BD82E90700F12B83A2
:10ACD000AA0740F128834FEAEA72C3F800A05A603D
:10ACE000B3E445F001050491624B0327099308235F
:10ACF0000693CFE445F04005012718A805F03EFC77
:10AD00000490D9F80430002B3FF7D2ACC7E42E43AF
:10AD10007FF46DAC7A7810250F4601E40227049188
:10AD2000B8E445F001050491534B032709930A2326
:10AD30000693AFE445F0400500270491E1E7049154
:10AD4000F2E72B077FF453AC7A7845F004050F4601
:10AD5000FFF7E6BBD9F8043003270491002B464BDC
:10AD600009934FF0000306937FF799ACD9F80020C0
:10AD70001378E35C18077FF59BACDDF80C8006E0E8
:10AD8000C9F800201378E35C19077FF591ACD9F876
:10AD900004300AF1010A0132013B002BC9F80430EA
:10ADA000EEDC4946404603F02BF900287FF45BAC0B
:10ADB000D9F80020E6E72B057FF59EADBBF1000F2B
:10ADC00003D145F400754FF0080B690540F1F5819A
:10ADD00025F4B06590E50398079103F011F9079900
:10ADE00000287FF401AD002E7FF48CACFCE44146DA
:10ADF000039803F005F900283FF48BAD8BE5089B21
:10AE00001B681860059B0896013305930A9BFF1A7F
:10AE10004744BA4419E4B9F1020F7FF4F5AE4FF09C
:10AE20000309D2E4032F3FF4F4AE052F3FF4F1AE53
:10AE3000DAE44FF0000BF7E415F010037FF405ACF3
:10AE400088F8003005F4C063B3F5806F7FF458AE26
:10AE50000C9B93423FF458AE9A1A0DF2B323074964
:10AE6000984528BF0DF2B2284046CCF797F84BE63C
:10AE7000F89704107D890310F1B60310D051041027
:10AE8000B8F1000F00F0B781002B7FF4DEABDDF8E6
:10AE900020B00DF14C0CCDF820B00027CDF81C806F
:10AEA000E346DDF82C80FDF735F8B8423FF4DBAB24
:10AEB00058ABB8F1030F16ADD9E9002112F8010B18
:10AEC00001F1FF31D85507F10107C9F80410C9F89D
:10AED000002002D12B68042B04D008220021284630
:10AEE00009F0E6FC3B4658AA59460398009500F045
:10AEF0005FFFB0F1FF3F80463FF4B5AB002840F064
:10AF0000FB81CBF8000000F04FFF002840F03982B1
:10AF1000BA44013E079B002B40F009820BF1040B61
:10AF20001F46D9F80420002A40F31682D9F80020E1
:10AF30001278A25C150701D4002EB4D1DC46CDF8FE
:10AF40002C80DDE9078BB8F1000F00F05B81CDF8B4
:10AF500020B0FFF77ABBDDF820B05BF8042B002BA4
:10AF60003FF445ABD9F804309046012E03F1FF338E
:10AF7000C9F8043001F10103C9F800300B7808F872
:10AF8000013B24D016443746164611E0D9F800108C
:10AF90000B78EB5C53B3D9F80430013BC9F80430AB
:10AFA0004B1CC9F800300B7808F8013BB8451DD0A0
:10AFB000D9F80430002BE9DC4946039803F020F867
:10AFC0000028E3D046453FF44EABA8EB0607059BAF
:10AFD000BA44CDF820B001330593002388F800303F
:10AFE000FFF733BB00231093FFF780BBA8EB0607E6
:10AFF000002FECD1FFF7FBBADDF8208058F8047B76
:10B00000002B40F0EA81D9F804303D46012E03F1CF
:10B01000FF33C9F8043002F10103C9F80030137896
:10B0200005F8013B00F0D6813E44DDF80CB012E09B
:10B03000D9F800301A78A25C110716D4D9F8042088
:10B04000013AC9F804205A1CC9F800201B7805F8F9
:10B05000013BB54209D0D9F80430002BE8DC494661
:10B06000584602F0CDFF0028E2D0EF1BBA44059B02
:10B07000CDF820800133059300232B70FFF7E5BA4C
:10B08000002B00F0D3800DF14C0B00270B9DCDF869
:10B0900028A00796FCF73EFFB8423FF4E4AA032D30
:10B0A0000DF15008D9E9003202F1FF3213F8011B0B
:10B0B000C9F8042058AAC9F80030D15507F1010792
:10B0C00003D1D8F80030042B04D0082200214046D8
:10B0D00009F0EEFB58AA3B4659460398CDF800808C
:10B0E00000F066FE421C05463FF4BDAA002840F071
:10B0F000B8808246CBF8000016AB08220021184623
:10B100000B9309F0D5FBC04952460B9BD1F8E010D8
:10B1100003980E4612A9B04701280CBF9DF848A01D
:10B120004FF0000A18AB13F80A30002B00F0018131
:10B130000A9B032D3B440A9300F09C80079B013B34
:10B1400007930C9B0BB90BF1040BD9F804300027C3
:10B15000002B40F39A80079B002B9BD1DDF828A0A1
:10B160000B950C9B002B7FF470AACBF80030059B4D
:10B1700001330593FFF769BA022F40F25581032F7F
:10B180003FF4A4AC043F0795DDF80CB04546FFB290
:10B19000FE434644B846174615F8011D4A46584630
:10B1A00002F0F0FEB542F7D13A460AF1FF3A4746BF
:10B1B000A846079DAAEB070A88E4079B25F460755B
:10B1C00013B1013B0136079309F10109FFF796BB63
:10B1D000089BAA07D3F800B031D402460B46C9F742
:10B1E000C7FF002840F0198138464146C9F76AFF79
:10B1F000CBF8000098E4DDF820B05BF804CB002B1E
:10B200003FF449AE059BCDF820B0013305930023F0
:10B21000CCF80030FFF719BA049165E57B4B0327A2
:10B22000049109930A230693FFF734BA089B53F855
:10B2300004BB089329E7089B1B681880E2E5CBE96B
:10B24000007871E4A3F800A0FFF7FFB90F9E0A236E
:10B2500000220398711CB04600F04AFA0E9BC21AF5
:10B26000FBE5831C0CD0DBF800A0BAF1FF3F7FF4B4
:10B2700043AF57E7D8F80030042B7FF45FAF60E7A7
:10B28000D9F80430002B3FF705AF4946039802F088
:10B29000B7FE00283FF45FAFDDF828A00B95002F24
:10B2A0003FF45FAFFFF7DFB917F8011C4A46039878
:10B2B000013F02F067FEFFF739BB4A46039802F0F0
:10B2C00061FEAAF1020AA8F1020618F8021C0EE4B7
:10B2D000BA7845F002050237FFF722B925F4F06588
:10B2E0004FF00109FFF771BA25F4F0650127FFF768
:10B2F0006CBAB244FFF7A9B910F1020F3FF411AED6
:10B30000DBF8000000F050FD00283AD1B8F1030F3F
:10B31000BA447FF4FEAD2A68042A7FF4FAADF9E559
:10B320000593FFF764B9C3F800A0FFF78EB90027B3
:10B33000F7E5DDF828A00B95002F3FF412AF58ABCE
:10B34000039EDD19013F4A4615F8011D304602F003
:10B3500019FE002FF6D104E74946039802F050FE8B
:10B3600000283FF4E3ADDC46CDF82C80DDE9078B07
:10B37000002F7FF478A9E6E54B46BB468946FFF7E8
:10B380009BBBDC46CDF82C80DDE9078B002F3FF41A
:10B39000DAAD58AB039ECDF81CC0DD19013F4A461B
:10B3A00015F8011D304602F0EDFD002FF6D1DDF855
:10B3B0001CC0C8E50A9CDDF80CB0A0457FF617A9B3
:10B3C00018F8011D4A46584602F0DCFDA045F7D1A9
:10B3D000FFF70DB90AF1010A49E63D4647E60AF1D1
:10B3E000010AFFF732B90A9CDDF80CB0A0457FF6E0
:10B3F000FEA818F8011D4A46584602F0C3FDA045B4
:10B40000F7D1FFF7F4B800BF942900207D8903101D
:10B4100005F094FE0B46FFF7B2BA664804F094F9C3
:10B42000CBF80000FFF780BB0A9BDDF80CB0984515
:10B430007FF6DDA818F8011D4A46584602F0A2FD25
:10B440000A9B9845F6D1FFF7D2B8012E05F01008F7
:10B4500038BF012615F00105374616D1B8F1000FA7
:10B460006DD1089D33460122039855F8041BCDF891
:10B47000009002F0E1FD00283FF4F5A8059B82440E
:10B48000089501330593FFF7E0B8B8F1000F48D0F5
:10B490004FF0000B00260B9B45460793FCF73AFD47
:10B4A000B0423FF4E0A858AB0DF15808D9E90021AB
:10B4B00012F8010B013998550136079BC9F80410A1
:10B4C000032BC9F8002003D1D8F80030042B04D096
:10B4D00008220021404609F0EBF9334658AA5946A4
:10B4E0000398CDF8008000F063FC421C03463FF453
:10B4F000BAA8002839D1B244013F1DB9CBF8005099
:10B500000BF1040BD9F804200026002A3EDD002FA1
:10B51000C3D1A8460B93B8F1000F3FF428AEFFF754
:10B5200094B8089B53F804BB0893B3E7C9F800101C
:10B53000494603981D44FF1A02F062FD78B9D9E923
:10B5400000239F4202EB0301F0DCDB1B3A443D4445
:10B55000C9F80430AA44C9F80020FFF776B8002DD6
:10B560003FF481A8AA44FFF770B8981C0AD0032BB7
:10B57000B24403D1D8F80020042A00D0013F002DA6
:10B58000BED0BFE7D9F80420002A86DC49460398DC
:10B59000079302F035FD079B0028B8D0A8460B930F
:10B5A000002E7FF460A8B8F1000F3FF4E0ADFFF784
:10B5B0004CB800BF9C4904108446134602200A463A
:10B5C000614600F0C3BC00BF00F03AB910B4044CAF
:10B5D00013460A46014620685DF8044B00F030B976
:10B5E000002B00202DE9F04F82468E463F487546DD
:10B5F0001EF801BB10F80B4014F00804F7D1BBF1A2
:10B600002D0F5BD0BBF12B0F6FF0004904BF9EF8EC
:10B6100000B005F1020E33F0100010D1BBF1300F75
:10B6200004D0002B5ED10A231F4609E09EF80000DB
:10B6300000F0DF0058284ED0002B53D108231F46BE
:10B640000025B9FBF7F6284607FB16980EE0ABF18C
:10B65000370C63451DDD002D04DB864202D321D16A
:10B66000E0451FDA4FF0FF351EF801BBABF1300C9F
:10B67000BCF1090FEDD9ABF1410CBCF1190FE6D9C2
:10B68000ABF1610CBCF1190F03D8ABF1570C63455A
:10B69000E1DC6B1C0AD004B140420AB1CDB91160A3
:10B6A000BDE8F08F07FB00C00125DDE72223CAF8C3
:10B6B00000305AB10EF1FF314846F0E79EF800B075
:10B6C0004FF0004905F1020E0124A4E74846BDE809
:10B6D000F08F8146EEE710239EF801B00EF1020EC6
:10B6E0001F46ADE710231F46AAE700BF19990410B3
:10B6F000242B02D8012B00D074E710B5FDF754FBC2
:10B7000016230360002010BD10B5242A084C1346F0
:10B71000246807D8012A05D00A4601462046BDE81C
:10B7200010405FE7FDF740FB16230360002010BDCB
:10B73000002B002010B5242A084C1346246807D893
:10B74000012A05D00A4601462046BDE8104049E7D7
:10B75000FDF72AFB16230360002010BD002B0020FC
:10B7600070B539B106460C4608B1436B83B3B4F9E2
:10B770000C3013B90025284670BD21463046FDF730
:10B78000A9F9E36A054633B1E169304698470028D4
:10B79000B8BF4FF0FF35A3891B061CD4216B41B104
:10B7A00004F14003994202D03046FEF789FD0023A0
:10B7B0002363616C21B13046FEF782FD0023636490
:10B7C00001F082FA0023A38101F080FA284670BDBF
:10B7D00001F06AFACBE721693046FEF771FDDDE73B
:10B7E000024B01461868FFF7BBBF00BF002B0020CB
:10B7F000004870473830002010B4034CD4F8E040C3
:10B80000A4465DF8044B604794290020034649B1E3
:10B81000FF2A02D801200A7070478A224FF0FF30B9
:10B820001A607047084670470146006830B10B4601
:10B8300053F8042F002AFBD1581A8010704700BF1C
:10B840002DE9F04F0C4697B090461E46054618B1BC
:10B85000436B002B00F01181A38903F48473B3F5CB
:10B86000847F00F0E280D4F82890B9F1000F00F056
:10B870003581012E42D036F0020706D016232B6008
:10B880004FF0FF3017B0BDE8F08F2269BA46002AAA
:10B8900057D0B4F90C3040F61A02134207D15905BB
:10B8A0006DD4904A914551D043F40063A381214661
:10B8B0002846FDF7ABF90028E2D133464246E1695C
:10B8C0002846C8470130DBD0216B41B104F1400369
:10B8D000994202D02846FEF7F3FC00232363A38994
:10B8E00000212069082223F40263C4E90001A38136
:10B8F00004F15C0008F0DCFF0020C3E72146284685
:10B90000FDF784F9B4F90C3013F4805240F09280C2
:10B910003346E1692846C847431C0746B0D0B4F90E
:10B920000C3022695E0740F18A806368FF1A236B3E
:10B930000BB1E36BFF1AB8444FF0010A0026002A4E
:10B94000A7D12146284604F01DFFA2E7B4F90E1046
:10B950000029A9DB6A46284601F026F8002840F0B5
:10B960009F80019B03F47042B4F90C30B2F5004F94
:10B970009AD143F48063A3814FF48063E364002E83
:10B9800067D1C346BAF1000F72D1A389DA047ED51C
:10B99000206D6268216B871A002971D0E36BFF1A52
:10B9A00017442069A26B121ABF1A1344BB4502DB6D
:10B9B000FA185A4577D8E76C0023E16928467F4298
:10B9C00007EA0B073A46C84701303FF470AF00233F
:10B9D000216B63602369236041B104F14003994204
:10B9E00002D02846FEF76CFC00232363A389BBEB3F
:10B9F000070B23F02003A38110D02146284600F036
:10BA0000E5FA00287FF453AF63685B45FFF44FAF5E
:10BA10002268A3EB0B035A44C4E900230822002147
:10BA200004F15C0008F044FF66E721462846FDF774
:10BA3000EDF818E75E07276D22693FF576AF180726
:10BA40007FF579AF2368002B3FF475AF9B1A1F4435
:10BA500071E76A46B4F90E10284600F0A5FF0028E9
:10BA60007FF425AF049B08EB030BBAF1000F8CD0D9
:10BA7000216B626821B1E36B92E701F015F9EBE607
:10BA80002368002120691B1AFF1A13448EE7012343
:10BA90005246E1692846C847431C7FF47AAF06E75F
:10BAA000B4F90C3000E7ABEB07073844DB1BC4E903
:10BAB000000341B104F14003994202D02846FEF749
:10BAC000FFFB00232363A3890822002104F15C000B
:10BAD00023F02003A38108F0EBFE0DE71D232B606C
:10BAE000CEE600BF79BD031010B4044C13460A46DD
:10BAF000014620685DF8044BFFF7A2BE002B002032
:10BB0000024B01461868FEF7CFB800BF002B00209B
:10BB1000024B01461868FEF7D3BB00BF002B002084
:10BB200030B5054683B0144608B1436BCBB1A3686A
:10BB3000013B002BA36012DAA269934208DBC8B272
:10BB40000A2805D023685A1C2260197003B030BD42
:10BB50002246284603B0BDE8304000F0FFBAC8B224
:10BB6000F0E7019101F0A0F80199E0E7144B70B5FE
:10BB70001E6805460C460EB1736BE3B1A368013B2A
:10BB8000002BA36011DAA269934207DBE8B20A280E
:10BB900004D023685A1C22601D7070BD22462946BD
:10BBA0003046BDE8704000F0D9BA2368E8B25A1CAC
:10BBB00022601D7070BD304601F076F8DEE700BFF0
:10BBC000002B0020082802D14FF48050704708B5A0
:10BBD000FDF7EAF8162203464FF0FF301A6008BD61
:10BBE00038B50B780C460546613B172B13D8DFE8B8
:10BBF00003F01E0C262E121236121212123E1212D0
:10BC00001246121253125B12121631492046FCF7EB
:10BC100011FA002858D0162300202B6038BD2D497A
:10BC20002046FCF707FA0028F5D10C2038BD2A4938
:10BC30002046FCF7FFF900283ED1012038BD2749F6
:10BC40002046FCF7F7F90028E5D1042038BD244947
:10BC50002046FCF7EFF90028DDD1052038BD214949
:10BC60002046FCF7E7F90028D5D1062038BD1E494B
:10BC70002046FCF7DFF90028CDD1072038BD1B494D
:10BC80002046FCF7D7F908B319492046FCF7D2F94A
:10BC90000028C0D1092038BD16492046FCF7CAF952
:10BCA0000028B8D10A2038BD13492046FCF7C2F954
:10BCB0000028B0D10B2038BD10492046FCF7BAF956
:10BCC0000028A8D1022038BD032038BD082038BD87
:10BCD0000C520410784D0410804D0410484D04108F
:10BCE000684D0410884D0410584D0410404D041048
:10BCF000704D0410384D0410504D0410604D041068
:10BD0000024B01461868FFF76BBF00BF002B0020F5
:10BD100010B50C46B1F90E1005F02AFA002803DB25
:10BD2000236D0344236510BDA38923F48053A381AD
:10BD300010BD00BF002070472DE9F0410C46B1F95D
:10BD40000C101F460546CB0516460BD421F4805136
:10BD50003B4632462846A181B4F90E10BDE8F041B9
:10BD600000F012BCB4F90E100223002205F090FA84
:10BD7000B4F90C10EAE700BF10B50C46B1F90E108B
:10BD800005F086FA421CB4F90C3004D043F4805319
:10BD90002065A38110BD23F48053A38110BD00BF93
:10BDA000B1F90E1003F078BB002105F0F3B800BF25
:10BDB00070B50D4C82B00546D4F8E460069C2AB1FB
:10BDC0000094B047431C08D002B070BD1146012357
:10BDD000064A0094B047431CF6D100228A23226011
:10BDE0002B6002B070BD00BF942900209C49041054
:10BDF00070B51C460F4B82B01D680F4BD3F8E46042
:10BE000051B1944600940A46014663462846B0471D
:10BE1000431C08D002B070BD0123084A2846009494
:10BE2000B047431CF6D100228A2322602B6002B067
:10BE300070BD00BF002B0020942900209C490410F5
:10BE4000303809288CBF0020012070474B68002B38
:10BE500070B50C4684B0054620DDFCF75BF8012880
:10BE600023D004F15C0603A92846D4E900230096F8
:10BE7000FFF79EFF421C27D0831C1FD0D4E900236C
:10BE800030B102441B1A0398C4E9002304B070BD0A
:10BE90000132013BC4E9002304B070BD00F096F804
:10BEA0000028DAD04FF0FF30F0E7D4E90023511C2E
:10BEB000013B21601078636004B070BD21462846C4
:10BEC00000F084F80028CED0A38943F04003A3817A
:10BED000FCF76AFF8A230360E4E700BFB1F90C3086
:10BEE0004A6E13F4005F04D0930408D44FF0FF307F
:10BEF000704743F4005342F400528B814A66FFF7C7
:10BF0000A5BF00BF38B5104B04461D680DB16B6B63
:10BF1000ABB1B4F90C30626E990404D5930408D423
:10BF20004FF0FF3038BD43F4005342F40052A38178
:10BF3000626621462846BDE83840FFF787BF28469D
:10BF400000F0B2FEE5E700BF002B002070B4164DF4
:10BF50002C681CB365681F2D23DC38B96B1C0020CE
:10BF60000235636044F8251070BC704704EB850C03
:10BF70000228CCF888204FF00102D4F8886102FA38
:10BF800005F246EA0206C4F88861CCF80831E5D12A
:10BF9000D4F88C311343C4F88C31DFE7034C2C60A8
:10BFA000D8E74FF0FF30DFE7E0370020F43400201F
:10BFB0008B8903F00903092B01D000207047024B45
:10BFC0001868FCF723BE00BF002B002070B50546A3
:10BFD0000C4610B1436B002B56D0B4F90C30002244
:10BFE0009E06626059D4580719D4D90658D51A0745
:10BFF00039D443F00403A3812369002B3FD0B4F963
:10C000000C60B3071ED122692846266A6369E1697C
:10C010002260B0470028606039DD002070BD216BD0
:10C020000029E9D004F14003994202D02846FEF7E6
:10C0300047F90022E36B22636360002BDCD0A36B23
:10C040002360EAE701231C4A1C49A3811C4804F031
:10C05000E5FA06F00903A681092BD4D1214628462A
:10C06000FCF738FDCFE721462846FCF7CFFDA0B905
:10C07000B4F90C30A06023F00803A061B9E72146B1
:10C08000284604F07FFBBAE700F00EFEA5E7B4F9FE
:10C090000C300BD143F02003A3814FF0FF3070BD73
:10C0A000092243F040032A60A381F6E7002243F00F
:10C0B00040036260A381F0E798300020B1BF031015
:10C0C000082B0020002103F043BB00BF2DE9F047FF
:10C0D000DFF8749080460E46174603F037FCD9F817
:10C0E00000504DB13378344663B13D2B0AD014F87B
:10C0F000013F3BB13D2BFAD1404603F029FC002023
:10C10000BDE8F0873D2BF7D02868A41B0028F3D0AA
:10C1100022463146FCF7B4FD28B92868035D00EBE0
:10C12000040A3D2B04D055F8040F0028F0D1E3E7B2
:10C13000D9F800304046ED1AAD103D6003F008FC20
:10C140000AF10100BDE8F087A430002000B583B0FB
:10C1500001AAFFF7BBFF03B05DF804FBF8B50D467D
:10C160000646144610B1436B002B4AD0B4F90C308C
:10C17000A2691807A2601FD52269EAB1EDB299043D
:10C18000626E2F4624D592042FD4226823696169F8
:10C19000D31A99422CDD0133A1680139A160511CE9
:10C1A0002160157062699A4219D00A2D02D1A389C3
:10C1B000DB0714D43846F8BD2146304604F0EEFFC4
:10C1C00098B9B4F90C30EDB2626E99042F46DAD406
:10C1D00043F4005322F40052A3816266D3E7214660
:10C1E0003046FCF713FD0028E4D04FF0FF37E1E7BD
:10C1F00021463046FCF70AFD0028F6D122680123CB
:10C20000CAE700F051FDB1E7024B0A460146186843
:10C21000FFF7A4BF002B00202DE9F04F164683B096
:10C22000002900F09E800C4606F10B05804600F0C8
:10C230004DFC54F8040C162DA4F1080920F0030756
:10C2400062D8102200231546B542C0F0A280002B10
:10C2500040F09F80974261DADFF828B309EB0701CD
:10C26000DBF80830D1F804C08B4200F097802CF046
:10C2700001030B445B68DB0768D42CF0030C07EB6D
:10C280000C03934245DAC30712D454F8083CA9EBD7
:10C29000030ADAF8043023F0030084440CEB070BA4
:10C2A0005A4540F3FE8007EB000B5A4540F3D4801B
:10C2B00031464046FDF7F8FC0646002800F029818B
:10C2C00054F8043CA0F1080223F001034B449342CC
:10C2D00000F0B1803A1F242A00F2DF80132A00F216
:10C2E000B08003462246116819605168596092680F
:10C2F0009A6021464046FDF7E3FF404600F0E8FB28
:10C30000304603B0BDE8F08F25F007052A46EB0F55
:10C310009AE71F46D1E90223D3609A60781BD9F8C7
:10C32000043009EB07020F2803F001031FD83B4339
:10C33000C9F80430536843F0010353602646404671
:10C3400000F0C6FB304603B0BDE8F08FC307AFD4A2
:10C3500054F8083CA9EB030ADAF8043023F0030090
:10C36000A1E7114603B0BDE8F04FFDF79DBC2B439C
:10C3700009EB050140F00100C9F80430083141F82B
:10C38000040C4046536843F001035360FDF798FFE7
:10C39000D4E70C23C8F800300026D3E72CF0030CB8
:10C3A00005F110010CEB07038B4280F29280C0076D
:10C3B0003FF57EAF54F8083CA9EB030ADAF80430E5
:10C3C00023F0030084440CEB070399423FF76BAF63
:10C3D0003A1F5646DAF80C1056F8080F242AC160A6
:10C3E000886000F2B080132A40F2AB8021681B2ADB
:10C3F000CAF808106168CAF80C1000F2AB80083463
:10C400000AF110022168116061685160A1689160B1
:10C410005B1B0AEB0502404643F00103CBF8082002
:10C420005360DAF8043003F001032B43CAF80430F8
:10C4300000F04EFB86E750F8043C23F003031F4452
:10C440006CE723681B2A03606368436036D804F1F5
:10C45000080200F1080346E73A1F5646DAF80C30A6
:10C46000242A56F8081FCB60996022D8132A1ED9B7
:10C4700023681B2ACAF808306368CAF80C303CD815
:10C4800008340AF1100322681A6062685A60A268D0
:10C490009A6034465F46D14640E7214608F020FACC
:10C4A00027E7D1E902133A1FCB609960D5E73346FD
:10C4B000E9E72146304608F013FAEAE7A368242AA0
:10C4C0008360E368C36028D004F1100200F1100318
:10C4D00009E75B1B09EB05024046264643F00103D2
:10C4E000CBF80820536054F8043C03F001032B43BD
:10C4F00044F8043C00F0ECFA24E7A368242ACAF8C4
:10C500001030E368CAF8143010D010340AF1180360
:10C51000B9E7404600F0DCFA3EE7236904F118026F
:10C5200003616369436100F11803DCE62369183491
:10C53000CAF8183054F8043CCAF81C300AF1200339
:10C54000A1E732465EE721463046019308F0C8F97C
:10C55000019B5DE7A168242ACAF81010E168CAF8B7
:10C56000141003D010340AF118024BE72269183472
:10C57000CAF8182054F8042CCAF81C200AF120022A
:10C5800040E700BF282C002038B50C4684461146F1
:10C59000074D1A460023204664462B60CAF790FDDB
:10C5A000431C00D038BD2B68002BFBD0236038BD66
:10C5B000E43700208C461146BCF18E0F00F29180CA
:10C5C000DFE81CF03A013801360134013201300154
:10C5D0002E012C012A01280126012401220120011B
:10C5E0001E018F001C011A0118011601140112010D
:10C5F00010010E010C010A010801060104010201EB
:10C600000001FE00FC00FA00F800F600F4008F00C4
:10C610008F008F008F008F008F008F008F00F2003F
:10C62000F0008F008F008F008F008F008F008F0031
:10C630008F008F008F008F008F008F00EE00EC00C6
:10C64000EA00E8008F008F008F00E6008F008F0067
:10C650008F00E4008F008F00E2008F008F00E00069
:10C660008F008F008F008F008F008F008F008F0052
:10C670008F008F00DE008F00DC00DA00D8008F0012
:10C680008F00D6008F008F008F008F008F008F00EB
:10C690008F008F00D400D200D000CE00CC00CA00A2
:10C6A0008F00C800C600C400C200C000BE00BC00AD
:10C6B000BA00B800B600B400B200B0008F00AE00FF
:10C6C000AC00AA00A8008F008F008F008F008F00A1
:10C6D000A6008F008F008F00A400A200A0009E0083
:10C6E0009C00002B14BF1A460246604608B504F0B1
:10C6F0005DFC524B002808BF184608BD50487047E3
:10C7000050487047504870475048704750487047ED
:10C7100050487047504870475048704750487047DD
:10C7200050487047504870475048704750487047CD
:10C7300050487047504870475048704750487047BD
:10C7400050487047504870475048704750487047AD
:10C75000504870475048704750487047504870479D
:10C76000504870475048704750487047504870478D
:10C77000504870475048704750487047504870477D
:10C78000504870475048704750487047504870476D
:10C79000504870475048704750487047504870475D
:10C7A000504870475048704750487047504870474D
:10C7B000504870475048704750487047504870473D
:10C7C000504870475048704750487047504870472D
:10C7D000504870475048704750487047504870471D
:10C7E000504870475048704750487047504870470D
:10C7F00050487047504870475048704750487047FD
:10C8000050487047504870475048704750487047EC
:10C8100050487047504870475048704750487047DC
:10C8200050487047504870475048704750487047CC
:10C830005048704750487047504870479C49041012
:10C8400088580410705804105C580410C058041024
:10C85000B8550410F054041028580410405804101F
:10C860002C540410EC57041060560410E8580410BF
:10C87000F4520410BC520410C4530410C4540410E5
:10C88000B4530410FC58041008540410DC55041070
:10C8900004580410D4570410A45704108C570410E3
:10C8A0006C5704104C5704101C570410F856041011
:10C8B000B85704109C580410E0560410C4560410D5
:10C8C000B056041094560410885604107456041080
:10C8D0005056041038560410245604100C560410F8
:10C8E00014570410FC550410F4550410D0550410CE
:10C8F000A4550410885504107455041044550410B0
:10C900003855041028550410105504100055041013
:10C91000D8540410B4540410A45404108C540410BB
:10C920006C5404104C540410F4530410E4530410D9
:10C93000A45304109453041080530410745304102F
:10C940005C530410505304103C530410285304103B
:10C9500014530410E8520410D8520410A8520410C2
:10C9600094520410785204106C5204105452041063
:10C9700044520410285204101C5204101452041083
:10C98000034A0023014610681A46FFF713BE00BF92
:10C99000002B0020034A0023014610681A46FFF7C7
:10C9A00009BE00BF002B002070B50C460346084DA1
:10C9B0000026204611461C462E60CAF799FB431CF0
:10C9C00000D070BD2B68002BFBD0236070BD00BF72
:10C9D000E43700202DE9F04186B002FB03F81C4645
:10C9E000174601AB0C9E0546019103930123CDF838
:10C9F0000880CDF81480049308B1436B13B3B6F9E3
:10CA00000C20736E910405D442F4005223F40053B9
:10CA1000B28173669B0403D5002006B0BDE8F081A7
:10CA20003146284603AA00F06BF938B1059BA8EB04
:10CA30000308B8FBF7F006B0BDE8F081204606B069
:10CA4000BDE8F08100F030F9D9E700BF2DE9F041F1
:10CA50001D4C86B002FB01F70E46D4F800801C4640
:10CA600001AB1546019003930123029705970493A8
:10CA7000B8F1000F02D0D8F834300BB3B4F90C2061
:10CA8000636E910405D442F4005223F40053A28152
:10CA900063669B0403D5002006B0BDE8F081214603
:10CAA000404603AA00F02CF930B1059BFF1AB7FBF2
:10CAB000F6F006B0BDE8F081284606B0BDE8F0818A
:10CAC000404600F0F1F8D9E7002B0020704700BF86
:10CAD000704700BF00207047024A0349034803F033
:10CAE0009DBD00BF9830002061B70310082B0020C7
:10CAF0000C4B4168994210B5044601D0FEF730FE58
:10CB0000A168094B994202D02046FEF729FEE16850
:10CB1000064B994204D02046BDE81040FEF720BEE7
:10CB200010BD00BF84360020EC36002054370020B2
:10CB3000002070472DE9F8432A4900252A4C042398
:10CB40000822DFF8B890C4F8381104F15C002946D7
:10CB5000DFF8AC80254F264EE36025606566A56151
:10CB6000C4E90155C4E9045507F0A2FE214B08228F
:10CB7000294604F1C40063672567C4F8CC50C4F8A3
:10CB80008050E662C4E90749C4E90987C4E91A5537
:10CB9000C4E91E5507F08CFE04F1680329460822FB
:10CBA000C4F8843004F59670134BC4F8D850C4F818
:10CBB000DC30C4F83451C4F8E850C4E92298C4E920
:10CBC0002476C4E93455C4E9385507F071FE04F100
:10CBD000D003C4E93C98C4E93E76C4F8EC30BDE823
:10CBE000F88300BFD9CA03108436002079BD031032
:10CBF000A1BD0310090001001200020011BD0310C5
:10CC000039BD0310F8B5254B0646D3F83831002B53
:10CC10003DD0234FD7E90134013B04D51DE05A1C18
:10CC200004F1680419D0B4F90C50013B002DF6D181
:10CC30001C4B0822294604F15C006566E360256010
:10CC4000A561C4E90155C4E9045507F031FEC4E902
:10CC50000C55C4E911552046F8BD3D680DB12F466D
:10CC6000D8E74FF4D6713046FDF71EF8044688B178
:10CC7000042305600C302946254640F8083C4FF453
:10CC8000D072A06007F014FE3C602F46C2E7FFF7A9
:10CC900051FFBEE70C2338603360DCE784360020A8
:10CCA000983000200100FFFF436B03B17047044B35
:10CCB000044AD3F838314263002BF7D13AE700BF7A
:10CCC00084360020F1CA0310704700BF704700BFD0
:10CCD000024A0020024903F0A1BC00BF98300020A6
:10CCE000D5CA0310024A0020024903F097BC00BFD6
:10CCF0009830002031CB0310704700BF704700BF51
:10CD00009368002B00F0F980B1F90CC01CF0080FFB
:10CD10002DE9F04F904683B081460C4631D00B6927
:10CD20007BB31CF00207D8F8006038D00027D4F895
:10CD300024B0E169DFF8C4A23D4655452B463A468A
:10CD4000484628BF5346C5B1D847002840F3CB809A
:10CD5000D8F8083007442D1A1B1AC8F80830002BE1
:10CD600000F0B78055452B46D4F824B03A46E16927
:10CD700028BF53464846002DE6D1D6E9007508364F
:10CD8000DBE72146484604F009FA002840F0B0806D
:10CD9000B4F90CC0D8F800601CF00207C6D11CF032
:10CDA000010A64D123685746A16818468B46002FB4
:10CDB00059D01CF4007F00F0B680B9420A4600F258
:10CDC000E2801CF4906F30D021695D1A636913EB27
:10CDD000430348BF01334FEA630B6B1C3B445A4685
:10CDE0005B4501D99B461A461CF4806F00F0EA802F
:10CDF00011464846FCF758FF002800F0F9802A4603
:10CE00002169009007F03CFDA289009B22F490620A
:10CE100042F08002A2815819C4F814B0ABEB0505AA
:10CE20003A46BB462361A56020605146009207F058
:10CE300057FDA16823683D46009AA1EB0B0100272E
:10CE40001A44A1602260D8F80830AA445B1BC8F8D5
:10CE50000830002B3DD02368A168B4F90CC01846F7
:10CE60008B46002FA5D1D6E900A708369DE73846A6
:10CE7000BB463D460097002D41D0002846D0009A81
:10CE8000A168AA426369206828BF2A4603EB010A09
:10CE90002169884202D9524500F38580934275DCAE
:10CEA0005A46E1694846676AB847B0F1000A1ADD98
:10CEB000009BB3EB0A0300930FD00120D8F8083091
:10CEC000D344A5EB0A05A3EB0A03C8F80830002BEE
:10CED000D1D1002003B0BDE8F08F21464846FBF7D2
:10CEE00095FE0028EAD0B4F90C3043F04003A3814A
:10CEF0004FF0FF3003B0BDE8F08F00207047756839
:10CF000033460836002DFAD0D3F800B02A460A215D
:10CF1000584607F0A1FC002867D00130A0EB0B03B6
:10CF20001A460093ACE722699A4214D36269BA4266
:10CF300011D86FF00043656AE1694846BB4228BFDB
:10CF40003B4693FBF2F302FB03F35246A847051E50
:10CF5000C9DD7F1B77E7B942184628BF39460D4621
:10CF600051462A4607F0BCFCA1682368491B2B44A4
:10CF7000A16023600029ECD121464846FBF746FE1C
:10CF80000028E6D0AFE7BB463A464EE75946019245
:10CF900007F0A6FC019AA36892469B1AA360236837
:10CFA0001344236084E75946524607F099FC2368EE
:10CFB0002146484653442360FBF728FE00283FF4EF
:10CFC00077AF90E74846FFF727F9034600287FF43C
:10CFD00022AF21694846FDF773F9B4F90C300C22F1
:10CFE00023F08003C9F800207FE76A1C009247E71E
:10CFF0000C22B4F90C30C9F8002076E700FCFF7F62
:10D0000070B582B006460D461446FAF783FF012834
:10D0100002D16B1EFE2B26D904F15C032A4601A91E
:10D020003046FBF76FFE431C20D078B1A3689DF813
:10D030000410013B002BA36004DAA269934208DBD1
:10D040000A2906D023685A1C22601970284602B0AB
:10D0500070BD2246304603F043FC0130F6D14FF05C
:10D06000FF3002B070BD8DF80450DFE7A38943F0B4
:10D070004003A381F3E700BF08B5FFF7C1FF00201D
:10D0800008BD00BF0D4B0A4610B50446186882B0B3
:10D0900008B1436B2BB12146FFF7B2FF002002B06D
:10D0A00010BDCDE90001FFF7FFFD2146DDE90002DB
:10D0B000FFF7A6FF002002B010BD00BF002B00202C
:10D0C000FE2806D8034B1B5C03F00303022B08BFAA
:10D0D0002038704719990410A2B103464FF0000C94
:10D0E00010B401E0624509D0184653F8044B0CF126
:10D0F000010C8C42F6D15DF8044B704700205DF8BE
:10D10000044B704710467047002104F0A9B800BFD7
:10D11000002104F0B1B800BF426940F26C73002AEC
:10D12000A8BF6FF063031344920710B407D1264CD5
:10D13000264A274904FB0322B1EBB20F2FD3224C1E
:10D14000224A244904FB0323B1EB331F2CBF0121E6
:10D15000002141F2A262D0E906305B0003EB00132C
:10D160000B4493422CD00BDC012B1ADD0A3B172B0E
:10D1700028D81948D84040F300005DF8044B7047A8
:10D1800041F2B462934212DD144A1A44152A19D8A6
:10D1900013485DF8044BD04000F0010070470121B6
:10D1A000D7E7DB435DF8044BDB0F5842704741F291
:10D1B000B1605DF8044B8342D4BF0020012070476A
:10D1C0000120DAE70020D8E7295C8FC250B81E059D
:10D1D000285C8F020AD7A300CF00CC003EE9FFFFF6
:10D1E0001F002A002DE9F04F0024ADF29C4D83462C
:10D1F0000E469A460294136863B1252B13D0711E14
:10D20000A14240F2BB8004324BF824300134136851
:10D21000002BF2D116B100234BF8243020460DF23A
:10D220009C4DBDE8F08F002BF4D05168302971D0AF
:10D23000A1F12B07B7FA87F77F09002F6AD1A1F177
:10D240003103151D082B6DD94FF0000845295ED01C
:10D250004F295CD0A1F12503552B00F28F80DFE828
:10D2600013F08B048D008D008D008D008D008D00DE
:10D270008D008D008D008D008D008D008D008D0046
:10D280008D008D008D008D008D008D008D008D0036
:10D290008D008D008D008D008D003D046404D90348
:10D2A0009C028D00B7014E02B700CE008D008D00AC
:10D2B0008D0093018D008D00E6008D00E8022201B3
:10D2C0009701A901260103020D02C00219028D0077
:10D2D0008D008D008D008D008D006A009300C901C6
:10D2E0001A011A018D00F40293008D001903B70092
:10D2F000CE001E0323038D00E6002C0336035103EA
:10D30000E401080416043204EF023701460169689B
:10D3100004359FE70F46916802F10805A1F131033A
:10D32000082B91D8284606A90A2202F0BDFB069DCB
:10D33000804629688AE7DAF8183026A8BF4A1833E9
:10D3400052F823100023FF22CDF8943404F0ECFDB2
:10D35000431E03334DD8771EBC420FD26FF04042BC
:10D3600026AB204422440BEB8202013453F8041B09
:10D37000844242F8041F3CD0BC42F6D1002420462F
:10D380000DF29C4DBDE8F08FDAF8102026A8AB4BCB
:10D3900053F822100023FF22CDF8943404F0C4FD8A
:10D3A000431E033325D8771EBC42E7D26FF04042BC
:10D3B00026AB204422440BEB820201E0BC42DDD0CC
:10D3C000013453F8041B844242F8041FF6D110E0E4
:10D3D0009B4B9C4A6B2908BF1A46DAF80830311B70
:10D3E0000BEB840003F080F90028C7DB0444A6425D
:10D3F000C4D92B68002B3FF40DAF2A1DFBE6DAF8E9
:10D400000820002A00F0C3830C2A00F0C0838E4855
:10D4100080FB0230D317C3EB600303EB4303A2EBA3
:10D4200083038748874A492918BF0246D7E7DAF8B5
:10D43000083026A80B2B814BD4BF0022012203EB1E
:10D440008203FF22D3F8A4100023CDF8943404F013
:10D450006BFD431E0333CCD8721E94428ED26FF004
:10D460004048039626AF04EB0009A04416460BEB98
:10D47000880808E0013448F8040F4C4500F0B083F8
:10D48000B4423FF47BAF2B6857F8040B502BF1D11B
:10D49000FBF7CEF9EEE76B4B694A642908BF1A46E1
:10D4A000DAF80C309BE7DAF80030664A97E7504626
:10D4B000FFF732FEDAF81820002A00F06683013AFE
:10D4C0000028DAF81C3040F38D8301235D4A86E79B
:10D4D000DAF814000028C0F291845C4A82FB003222
:10D4E000C317C3EB6213642202FB1303EEE7DAF8FF
:10D4F0002030002B81DBFFF7FFFB029B002B00F0AD
:10D50000D883FEF775F9DAF82030DFF85891002B50
:10D51000D4BF00230123013303EB830350F833709E
:10D52000FFF7ECFB0BEB8403311B7F42039389FB7A
:10D5300007204FEAE77802913844C8EB6010FCF707
:10D54000FDFA0246DDE90213184689FB02C34FEAE1
:10D55000E27C1344CCEB631C3D4BCCEB0C1CA2EBEC
:10D560008C02009283FB07233A4A3B44C8EBE32337
:10D5700003F0BAF80028FFF601AF0444A6427FF694
:10D58000FDAE0123029334E7DAF804302D4A26E792
:10D59000DAF80030311B304A0BEB84000193DAF8E3
:10D5A00004300093DAF8083003F09EF80028BFF644
:10D5B0001DAFE3E6DAF81C30DAF8182007339A1AC0
:10D5C000264B83FB02131344D217C2EBA3037DE760
:10D5D0000DF118092523C9F80030002F00F0EA8268
:10D5E000B8F1050FC9F8047000F2518308AF38464E
:10D5F0001B4963E2114B26AFD3F8A0100023FF2292
:10D600003846C7F8FC3304F08FFC3B68002B3FF42E
:10D61000F0AE3A465346311B0BEB8400FFF7E2FDB8
:10D6200000287FF7ABAE0444E3E6731E9C42BFF4D0
:10D63000A5AE09234BF824300134DAE61C98041017
:10D640001C63041054630410ABAAAA2A1F85EB5173
:10D65000C5B3A29148640410E46304109324499272
:10D660007863041089888888DAF81820002A00F086
:10D67000B182013ADAF81C300733A0E7964B26AFA7
:10D68000FF22D3F8981000233846CDF8943404F0E4
:10D690004BFCBAE7DAF82030002BFFF6AEAEFFF70E
:10D6A0002BFB029B002B00F0CC83DAF820308B4A56
:10D6B000002BD4BF0023012352F82370384600F01A
:10D6C00001FC002800F0CA8306F1FF3C644580F0AD
:10D6D000B4836FF040437A1E271823440BEB830377
:10D6E00002E0644500F0A983013412F8011FBC4236
:10D6F00043F8041FF5D13C46FFF700FB41E7DAF899
:10D7000014105046764B03919942ACBF4FF000097C
:10D710004FF00109FFF700FD039903460029C0F20D
:10D7200009837048002B80FB01204FEAE172C2EBB5
:10D7300060124FF0640000FB121002F11302C0F2FD
:10D7400073824FF000090344591C00F07582642B6A
:10D7500001D101320023642101FB0233B9F1000F32
:10D7600046D12B2F0DF1180940F0368242F20F728C
:10D77000934240F231822B22C9F80020B8F1000F09
:10D7800000F05383252208F1FF3807A8C9F80420C8
:10D790003022083040F8042C3AE0DAF814000BEBA1
:10D7A0008408DAF81070A6EB04090028DAF80C30C7
:10D7B00007F10107C0F212834A4981FB0021C21719
:10D7C000C2EB6112642101FB120249464046CDE9D9
:10D7D00000323B46444A02F087FF0028BFF606AEFF
:10D7E000CCE5DAF814303E4A934280F2CB81D31A6A
:10D7F0000DF118092D22C9F80020B8F1000F01D051
:10D8000008F1FF3807A825220260002FC0D104309C
:10D810003649039300F0A8FB039B4A460093434616
:10D82000311B0BEB840002F05FFF0028BFF6DEAD7A
:10D83000A4E5DAF804302E4A0093DAF80830EFE76E
:10D84000254B26AFD3F89C10D8E65046FFF764FC72
:10D850000746DAF814000028C0F23482214A82FB1D
:10D860000032C317C3EB6213642202FB1303F818E0
:10D870001C4F4FF0640C1F4A87FB0013C117C1EB0C
:10D8800063110CFB11016144A7FB01377B090CFB01
:10D890001313A4E5DAF81C30174A01339FE5DAF8D0
:10D8A0001030144A01339AE5731E9C42BFF466ADF2
:10D8B0000A234BF8243001349BE5DAF810200F4B93
:10D8C00083FB0213A3EBE2730D4A013387E5024B9E
:10D8D00026AFD3F8E41091E61C9804109030002095
:10D8E00094F8FFFF1F85EB512C630410986304101C
:10D8F000F863041054630410A8630410565555557A
:10D90000BC630410DAF82030002B80F298814FF0CD
:10D910000009CDF81090DAF81420311B0BEB8400CD
:10D92000B2F145034FEAE27767F10007002F02DA10
:10D93000033347F100079B0802F1FF3CDFF8C0E327
:10D9400043EA8773BF10059702F22B17463A0392FA
:10D950008EFB0C284FEAEC7C059ACCEB681C8EFB06
:10D96000078EFF17B3EB0C03C7EBEE1762EBEC7EF1
:10D97000039A13EB070C40F26D1302FB03F34EEB1B
:10D98000E7771CEB030247EBE373DAF81C70D2195C
:10D9900043EBE773971843EB0308BF1843EB080307
:10D9A000DB00DAE901CE43EA5773FF0017EB0E07FD
:10D9B00043EBEE7E3A014FEA0E13D21B43EA177394
:10D9C00063EB0E039B0043EA9273920012EB0C028E
:10D9D00043EBEC7C13014FEA0C179B1A47EA1277D2
:10D9E00067EB0C02DAF800C0920042EA93729B00E7
:10D9F00013EB0C0742EBEC73B7EB0907049A63EBEC
:10DA00000203BD4ACDE9007302F06EFE0028BFF6A6
:10DA1000EDACB3E44246DAF81430B8490BEB8408B5
:10DA2000022A38BF02228B42A6EB0401ACBF4FF0A2
:10DA300000094FF00109002B0391C0F2AF81B048FB
:10DA400080FB0310D917C1EB60111331002F40F098
:10DA50001281AC4FAC48A2EB090203464046CDE927
:10DA600000213A46311B02F03FFE0028BFF6BEAC53
:10DA700084E4731E9C42BFF481ACDAF81830002BAA
:10DA800040F0AC8037234BF824300134B1E40DF181
:10DA900018099E49484600F067FA4846FDF7C4FE5B
:10DAA00009EB8003002F74D0B8F1050F49F82070FE
:10DAB00003F1040700F2E6803846954900F054FA75
:10DAC00053464A46A7E5731E9C42BFF457ACDAF8AA
:10DAD000183030334BF8243001348AE4DAF8182057
:10DAE00026A88C4B03EB8203FF22D96F0023CDF8CD
:10DAF000943404F019FA431E03333FF67AAC771ED0
:10DB0000BC42BFF43BAC6FF0404226AB2044224401
:10DB10000BEB8202013453F8041B844242F8041FC9
:10DB20003FF467ACBC42F5D128E4DAF8103026A8FF
:10DB3000784A0C3352F823100023FF22CDF8943496
:10DB400004F0F2F9431E03333FF653AC771EBC4298
:10DB5000BFF414AC6FF0404226AB204422440BEBE0
:10DB60008202013453F8041B844242F8041F3FF43C
:10DB700040ACBC42F5D101E4731E9C42BFF4FEAB45
:10DB8000252380E703F26C73EBE5062298E40C236F
:10DB900047E41F1D2B2349F82030042326A93846CB
:10DBA0005D4AC91B891002F09FFD0028C8BF07EB22
:10DBB000800781E72B23C9F80430042308AF564AB5
:10DBC0001E21384602F090FD00287FF710AD07EBCC
:10DBD00080000DE506224DE5484614E6303352E755
:10DBE000039E06E45BD0DAF8141040F26B70D31A8F
:10DBF0000029A8BF6FF064000144880740F0048149
:10DC00004648474A00FB012200F180400138B0EB52
:10DC1000B20F80F0F98001229B1A042BCCBF342371
:10DC2000352353E4DAF81410DFF804C1614533DB1F
:10DC30000344591C7FF48FAD013A63238BE5FFF752
:10DC40005BF8029B002B37D0FDF7D2FDDAF82030CD
:10DC5000002BD4BF00230123013303EB830350F8CF
:10DC60003370FFF74BF80123C7F1000902934FEA25
:10DC7000E97304934FE6632921DD2B2F1FD1294F30
:10DC80002948E8E6B8F106033FF416AF86E7B8F195
:10DC900006033FF4ABAC91E70123994653E50A3301
:10DCA0009B1A224A82FB03121A44DB17C3EBA2031E
:10DCB0000CE4FBF793FF24E4FBF790FFC4E7194F54
:10DCC0001148C8E600F26C7002F054FC0C4A002FB8
:10DCD00082FB00324FEAE073C3EB62134FF0640241
:10DCE00002FB130380F2B080A2F2CF72DAF81410B4
:10DCF0009142B8BF0127BAE5D063041094F8FFFF42
:10DD00001F85EB51E06204109C490410206404104C
:10DD1000406404101C98041068630410295C8FC2CE
:10DD200050B81E05FC62041050510410932449920F
:10DD300095F8FFFF039001F26C7002F01BFC4D4B55
:10DD4000DAF8141083FB002CC2170029039BC2EBE6
:10DD50006C1280F2888001F26C70CDE9033202F01F
:10DD600009FC444B844683FB0C014FEAEC70C0EB8A
:10DD700061106421DDE9033201FB10C0002BFFF6C6
:10DD800051AF7FF7E0ACB9F1000F3FF4DCAC431EBC
:10DD9000002844D0642101FB023329E503F26C70B2
:10DDA0000492039302F0E6FB324981FB001CC11789
:10DDB000DDE90332C1EB6C11002F3BD042F20F7C46
:10DDC00060454DDD2B2F4BD12B482C4FDFF8C4E0A5
:10DDD000DFF8C4C07345B8BF60463CE600F26C7023
:10DDE000039302F0C7FB2349039B81FB0021C21769
:10DDF000C2EB6112642101FB1202E6E400F26C70D6
:10DE000002F0B8FBFFF769BB1D481E4A00FB012268
:10DE10001D49B1EB321F2CBF01220022FCE6531E2C
:10DE2000642202FB03F36333E2E4252207A8C9F866
:10DE30000420ADE41548164FC8E7FEF75FFFFFF773
:10DE40009DBAFBF7CBFE30E43FF411AD114ADAF88E
:10DE500014109142B8BF4FF0FF3708E527464AE457
:10DE60000A48064FB2E74FF0640C91FBFCF00CFB44
:10DE7000101083E71F85EB5150510410FC62041011
:10DE8000295C8FC250B81E050AD7A3009C49041014
:10DE9000E062041094F8FFFF5451041038B50023D9
:10DEA0001546FF220446C0F8FC3304F03DF8034653
:10DEB00020465A1C08BF00232B6038BDFFF792B9DB
:10DEC000FFF790B920F0030110F00300C0F100004B
:10DED00051F8043B00F1040C4FEACC0C6FF0000247
:10DEE0001CBF22FA0CF213434FF0010C4CEA0C2C2D
:10DEF0004CEA0C4CA3EB0C0222EA030212EACC120D
:10DF000004BF51F8043B0430F4D0C2F1000102EA2E
:10DF10000102B2FA82F2C2F11F0200EBD200704796
:10DF2000431C1AD00822002130B585B004460C4DA0
:10DF30000DEB020006F0BCFC0A48224602AB01A928
:10DF4000D5F8E0400068A047012803D19DF80400FF
:10DF500005B030BD4FF0FF30FAE74FF0FF307047AB
:10DF600094290020002B002000220B68026002464A
:10DF70002BB142F8043B51F8043F002BF9D10023A8
:10DF80001360704738B54B1C1AD0938914465268F9
:10DF9000CDB223F02003A381236BA3B1636B934223
:10DFA00009DD23685A1E226003F8015C63680133AF
:10DFB0006360284638BD214601F0ACF90028F0D056
:10DFC0004FF0FF35F5E7236921682BB18B4203D26F
:10DFD00011F8013CAB420ED0234604F14000C4E9E5
:10DFE0000E120321012220632846616303F8425F79
:10DFF000C4E9003238BD01390132C4E90012D8E762
:10E0000010B50C46096B69B104F14003994201D087
:10E01000FCF756F90020E36B2063636013B1A36B38
:10E02000236010BDA289002123694FF0FF3042F028
:10E0300020026160A281F3E72DE9F04F834685B0AD
:10E0400002FB03F00E9C0193A0B388460646D4E978
:10E050000015A84223D94FF0000904F1400ACDE988
:10E06000020240462A4606F00BFC2168236B584604
:10E070004F19A8441946C4F8049027603746761B08
:10E08000DBB1534501D0FCF71BF9E06BC4F83090CD
:10E09000606090B1A16BB04205462160E1D3324689
:10E0A000404606F0EDFB0198D4E90032921B334460
:10E0B000C4E9003205B0BDE8F08FDDE90202A389B2
:10E0C000284443F02003C01BA3810023B0FBF2F0DF
:10E0D0002269C4E9002305B0BDE8F08F2DE9F04FB7
:10E0E0008A46B1F90C10DDB08C0407930390DAF87E
:10E0F000643007D441F4005123F40053AAF80C1003
:10E10000CAF864309804C3F3403100F1AC8316467A
:10E1100016F8013B0D93002B00F096868E46DFF833
:10E12000A0848B46894606910591089118F8034012
:10E1300014F008046ED1252B5DD131782746A1F16A
:10E140002503721C532B61D8DFE813F054006000E4
:10E150006000600060002F026000600060006000EE
:10E160006000D000D000D000D000D000D000D0009F
:10E17000D000D000D000600060006000600060004F
:10E1800060006000600060006000AC016000600042
:10E1900060006000600060006000270260006000B6
:10E1A000300160006000600060006000600060009E
:10E1B0006000DB00600060001E0260006000600024
:10E1C000600060006000600039019D016000600037
:10E1D0006000A401B00160006000F5016000000271
:10E1E00011061702600060001B0260001406600048
:10E1F0006000DB001646DAF80430002B5BDDDAF84D
:10E200000030197816F8012C914232D005985DB093
:10E21000BDE8F08FDAF804200AF140050024039FDE
:10E2200010E0DAF800301A78013318F802201207EB
:10E230003FD5DAF8042009F10109CAF80030013AA3
:10E24000CAF80420002AECDCDAF8303038461946E7
:10E2500013B3AB4201D0FCF733F8DAF83C30CAF81C
:10E260003040CAF80430BBB1DAF83830CAF80030B0
:10E27000D9E7013309F101090496CAF80030DAF848
:10E280000430013BCAF80430049E16F8013B0D939C
:10E29000002B7FF44BAFB9E7BAF80C3043F0200302
:10E2A000AAF80C30DAF81030CAF800300023CAF8A7
:10E2B00004300496E8E7DAF83010002900F0C18253
:10E2C0000AF14003994202D00398FBF7F9FF0023BB
:10E2D000CAF83030DAF83C30CAF80430002B00F0CD
:10E2E000B082DAF83830CAF800308AE714F08F0FBD
:10E2F0008CD107EB870701EB470771781646303F53
:10E300001DE744F400740492AB4B0893102306936A
:10E310000323DAF80410002900F3D580DAF830106E
:10E32000002900F08E820AF14000814204D0039857
:10E330000993FBF7C5FF099B0021CAF83010DAF8F2
:10E340003C10CAF80410002900F07B82DAF838107B
:10E35000CAF80010610640F1B680022B00F0098275
:10E36000032B00F02F81012B33D0012F04F010027A
:10E3700038BF012714F001040A9240F03C840A9B44
:10E38000002B40F0D582079C3B460122039854F8AD
:10E39000041BCDF800A0FFF74FFE002800F05C82C0
:10E3A000059B81440794013305936DE744F0010414
:10E3B0000492814B0893082306930323A9E744F0B2
:10E3C000400400230492DAF804100029A6DD012B92
:10E3D000CBD1002F04F0100208BF4FF0FF3714F02C
:10E3E00001040A9240F09883DAF800601CAD0A9AA2
:10E3F0003178695C002A00F0DB8200293FF406AF27
:10E40000DAF804100136012F01F1FF31CAF800607B
:10E41000CAF8041000F02E830AF14006CDF82490CB
:10E42000B14626461C4613E0DAF8001008780131A0
:10E43000285C002800F01B830134CAF80010DAF8C9
:10E440000410A74201F1FF31CAF8041000F00F8355
:10E450000029E9DCDAF8303003981946002B00F087
:10E4600025854B4501D0FBF72BFFDAF83C10CAF8A5
:10E470003060CAF80410002900F01885DAF8381066
:10E48000CAF80010D2E704924C4B08930A23069373
:10E4900003233EE723077FF4B9AE717844F0040408
:10E4A00016464CE644F001040492EDE7DAF8043035
:10E4B0000492002B414B08934FF0000306934FF05A
:10E4C00003037FF72BAFDAF80000017818F801108A
:10E4D0000A077FF542AF0AF1400609940025344649
:10E4E0004E46994607E0CAF80000017818F8011076
:10E4F0000B0740F1A281DAF804100136013001392E
:10E500000029CAF80410EEDCDAF830300398194616
:10E51000002B00F09681A34201D0FBF7D1FEDAF880
:10E520003C10CAF83050CAF80410002900F0898164
:10E53000DAF83800D7E720077FF468AE71786C29E5
:10E5400000F0658444F001041646F8E5E7060492FD
:10E550003FF59AAE079A660752F8043B079200F11E
:10E560001584E50700F17384A00740F170844FEA39
:10E57000E972C3F800905A6086E644F40874049285
:10E58000C2E602230492C4E611461CA801F0F6FF7D
:10E5900044F040040123049015E721077FF436AED0
:10E5A000717844F002041646C9E527437FF42EAE85
:10E5B000717810241646C2E57D890310F1B6031068
:10E5C000199904107B1E44F45864262B40F24F81A5
:10E5D000A7F1270327270B93002312AE1A460993AE
:10E5E0000AF1400335460A935B46CB46DDF81890A6
:10E5F000DAF8001091F800C0ACF12B004D283BD8A0
:10E60000DFE800F0823A823A3A8E70707070707073
:10E610007087873A3A3A3A3A3A3A272727272727FC
:10E620003A3A3A3A3A3A3A3A3A3A3A3A3A3A3A3A4A
:10E630003A763A3A3A3A3A3A3A3A27272727272770
:10E640003A3A3A3A3A3A3A3A3A3A3A3A3A3A3A3A2A
:10E650003A76B9F10A0F0FDD24F4386405F801CBDE
:10E66000DAF8040001380028CAF8040067DD013137
:10E67000013FCAF80010BBD1CDF81890D9469B468F
:10E68000E10505D5B54200F2A283B5423FF4BEAD27
:10E6900014F0100240F0CC80069B3146089F03988E
:10E6A0002A70B847079BA20603F1040700F1BA805D
:10E6B000630700F1678314F0010240F0B280A10704
:10E6C00040F1AF80B84B089903989942069B3146B8
:10E6D00000F0948401F0FCF80B46079A1168C1E938
:10E6E0000003A1E0B14824F4386430F91990B5E78B
:10E6F00004F4C060B0F5007FBED124F400744FF084
:10E70000100944F4A064A9E72006B5D524F08004DC
:10E71000A4E7A64830F91990B9F1080F9CDCABE7E3
:10E7200020059BD5B9F1000F03D144F400744FF0DC
:10E730000809600540F1B08224F4B0648EE7DAF88D
:10E740003010002900F08E830A98814205D003988A
:10E750000693FBF7B5FD069B0022DAF83C10CAF8D9
:10E760003020CAF80410002900F07C83DAF8381051
:10E770007EE7DAF80000002F04F01006037808BFE7
:10E780004FF0FF37E40718F8035005F0080571D47F
:10E79000002E00F07181002D7FF476ADDAF80430A0
:10E7A0000130012F03F1FF33CAF80000CAF804302A
:10E7B00000F029840AF14006012432462E4615460F
:10E7C00014E0DAF800301978013318F801100A075C
:10E7D00000F1E8800134CAF80030DAF80430A742CA
:10E7E00003F1FF33CAF8043000F01783002BE8DC94
:10E7F000DAF8303003981946002B00F0AD83AB42B5
:10E8000001D0FBF75DFDDAF83C30CAF83060CAF899
:10E810000430002B00F0A083DAF83830CAF800305A
:10E82000D1E7079B1B681860059B07970133059389
:10E83000AD1B099B1D44A94426E54B46099CB146E6
:10E840008BE5BAF80C300022DAF8101043F0200300
:10E85000CAE90012AAF80C30059B23B1BAF80C30B3
:10E860005B067FF5D3AC4FF0FF330593CEE4002376
:10E870000B93B1E6002E00F02682002D7FF404AD4C
:10E88000079A0DF1340C079600253E46674609921B
:10E89000F9F740FBA842DFD012ABBBF1030F10AC7D
:10E8A000DAE9002112F8010B01F1FF31585505F1A9
:10E8B0000105CAF80410CAF8002002D12368042B0D
:10E8C00004D008220021204605F0F2FF2B4612AAB0
:10E8D000394603980094FDF76BFAB0F1FF3F834689
:10E8E000BAD0002840F09C823860FDF75DFA00281D
:10E8F00040F06583A944013E079B002B40F0AB82AA
:10E9000004371D46DAF80420002A40F3F982DAF8C9
:10E910000020127818F80220110701D4002EB7D178
:10E92000BC46099A079E002E00F0D3810792ABE403
:10E93000DAE900139F4240F35A83DAF83020184690
:10E940000AF14006254613460246CDE9099BA34637
:10E95000B14611445E463C460398CAF80010934401
:10E960001946BF1A002B00F03A824B4501D0FBF745
:10E97000A7FCDAF83C20CAF83050CAF80420002A74
:10E9800000F02D82DAF8381097424FF00003CAF8F1
:10E990000010DEDCDDE9099B13463444DB1B3944FF
:10E9A000CAE90013A1446FE47D8903101C9A041086
:10E9B000079A52F8040B00293FF428ACDAF8041047
:10E9C0000446012F01F1FF31CAF8041006F10101DC
:10E9D000CAF80010317804F8011B40D0C619CDF8F0
:10E9E0001C900AF140070990B1460B920A9E11E073
:10E9F000DAF800100878285C48B3DAF80400013827
:10EA0000CAF80400481CCAF80000097804F8011B81
:10EA10004C451CD0DAF804100029E9DCDAF8303073
:10EA200003981946002B00F05482BB4201D0FBF73B
:10EA300047FCDAF83C10CAF83060CAF80410002924
:10EA400000F04782DAF83810CAF80010D2E70998C7
:10EA5000DDF81C90231A0B9A002B3FF4D7AB994496
:10EA6000059B079201330593002323700CE4DDF826
:10EA700024902346994407E4079951F8042B002D6C
:10EA800040F0B782DAF804301446012F03F1FF3367
:10EA9000CAF8043000F10103CAF80030037804F822
:10EAA000013B00F0A882D61907910AF140070992AC
:10EAB00015E0DAF80010087818F80000030700F1F4
:10EAC000F680DAF804000138CAF80400481CCAF8D5
:10EAD0000000097804F8011BB44200F0E880DAF87D
:10EAE00004100029E5DCDAF8303003981946002BD1
:10EAF00000F02082BB4201D0FBF7E2FBDAF83C10C9
:10EB0000CAF83050CAF80410002900F01382DAF86D
:10EB10003810CAF80010CEE7002A40F02581079B84
:10EB200053F8042B0992079300255C46F9F7F2F994
:10EB3000A8423FF491AE032C0DF1380BDAE9003214
:10EB400002F1FF3213F8011BCAF8042012AACAF816
:10EB50000030515505F1010503D1DBF80030042BDD
:10EB600004D008220021584605F0A2FE099E2B463B
:10EB700012AA03983146CDF800B0FDF719F9411CEF
:10EB800004463FF469AE002840F004813060064638
:10EB900010AB0822002118460B9305F089FEAF49FF
:10EBA00032460B9BD1F8E0600CA90398B0470128CE
:10EBB0000CBF9DF8306000261CAB9B5D002B00F065
:10EBC0006481032CA94400F0FC80013F0A9B13B927
:10EBD000099B04330993DAF804300025002B40F335
:10EBE000A880002FA2D1A3460A9B002B7FF44CAB38
:10EBF000099A13604BE0002A40F09380079951F87E
:10EC0000042B099207911C4612AE0B93F9F782F977
:10EC1000A0423FF421AEBBF1030F10ADDAE90021B1
:10EC200012F8010B01F1FF31305504F10104CAF86B
:10EC30000410CAF8002002D12B68042B04D008224B
:10EC40000021284605F034FE2346324609990398F0
:10EC50000095FDF7ADF8B0F1FF3F83463FF4FCAD02
:10EC6000002840F09F800A9BA144013F23B9099AE4
:10EC70001360099B04330993DAF804200B9C002AE3
:10EC800034DD002FC2D10A9B002B7FF4FDAA059B27
:10EC900001330593FFF7F8BA0B9824F4607410B1B0
:10ECA000013801370B90099801300990D8E4099A8E
:10ECB0000799A31A9944059B0791013305930023F3
:10ECC0002370FFF7E1BA079A52F804CB002D3FF406
:10ECD000DAAD059B0792013305930023CCF8003091
:10ECE000FFF7D2BADAF80420002A8FDCDAF8301005
:10ECF000002900F041810AF14002914202D00398BC
:10ED0000FBF7DEFA0023DAF83C20CAF83030CAF804
:10ED10000420002A00F03081DAF83820CAF80020F8
:10ED2000AFE7002209926EE7DAF80430002B3FF7D4
:10ED3000FDAEDAF83010002900F02F810AF140030F
:10ED4000994202D00398FBF7BBFA0023CAF830308F
:10ED5000DAF83C30CAF80430002B00F01E81DAF8F3
:10ED60003830CAF800303CE70DAB0993DCE604927A
:10ED7000FFF71FBB3A4B049208930A230693032321
:10ED8000FFF7C7BA079B1B6818804DE5A3F80090F2
:10ED9000FFF77ABA821CC7D0099B1E68731C7FF4E8
:10EDA000F7AE09E710F1020F9CD00328A14402D16D
:10EDB0002A68042A00D0013F0A9B002B3FF459AF78
:10EDC0005AE7DBF80030042B7FF4FFAEFEE615F8BF
:10EDD000011C52460398013DFFF7D4F855E4BAF8F8
:10EDE0000C305C46DDF8249043F02003DDF828B0B9
:10EDF000AAF80C30DAF81030CAF800300023CAF84C
:10EE00000430002C3FF428ADA144FFF73DBAB1789F
:10EE100044F002040236FFF792B9B944FFF734BA5E
:10EE200010F1020F3FF46EAD3868FCF7BDFF00280B
:10EE300040F0C580BBF1030FA9447FF45CAD2268AC
:10EE4000042A7FF458AD57E50593FFF7DFB9C3F8FF
:10EE50000090FFF719BA002554E500BF942900205F
:10EE60007D890310CDF81890D9469B46BAF80C302E
:10EE700043F02003AAF80C30DAF81030CAF800305A
:10EE80000023CAF80430FFF7FBBBA346002D3FF474
:10EE9000ABAE12AB039E5C19013D524614F8011D46
:10EEA0003046FFF76FF8002DF6D19DE6BAF80C203A
:10EEB0002346DDF8249042F020029944AAF80C2061
:10EEC000DAF81020CAF800200022CAF80420FFF760
:10EED000DBB9BAF80C30099843F02003DDF81C9038
:10EEE000A0420B9AAAF80C30DAF81030CAF80030B9
:10EEF0004FF00003CAF804303FF4AEAC231AAEE57D
:10EF0000DAF83010002900F082800AF140029142C4
:10EF100002D00398FBF7D4F90022CAF83020DAF8BF
:10EF20003C20CAF80420002A71D0DAF83820CAF848
:10EF30000020EEE4099A0799A31A9944BAF80C3014
:10EF400043F02003AAF80C30DAF81030CAF8003089
:10EF50000023CAF80430AEE6BAF80C30A14443F0FE
:10EF60002003AAF80C30DAF81030CAF80030002379
:10EF7000CAF80430FFF788B9BAF80C3043F0200320
:10EF8000AAF80C30DAF81030CAF800300023CAF8BA
:10EF90000430002C3FF477AE5EE4BAF80C30A346A0
:10EFA00043F02003AAF80C30DAF81030CAF8003029
:10EFB0000023CAF80430002D3FF416AE4CE4BC46E2
:10EFC000099A079E002D3FF4AEAC12AB0996039E42
:10EFD0005C190792013D524614F8011D3046FEF7B8
:10EFE000D1FF002DF6D1BC46079A099E9BE43C4612
:10EFF000D4E414465FE609F101095CE602F09EF8EC
:10F000000B46FFF76ABB09F10109FFF73DB9BAF8F2
:10F010000C30BC46099A43F02003079EAAF80C3036
:10F02000DAF81030CAF800300023CAF80430002D96
:10F030007FF412AC77E400BF002101F0A7BC00BF51
:10F0400038B50022064D044608462A60C8F70EF877
:10F05000431C00D038BD2B68002BFBD0236038BD8B
:10F06000E437002080EA0102844612F0030F4FD1FA
:10F0700011F0030F32D14DF8044D11F0040F51F887
:10F08000043B0BD0A3F101329A4312F0803F04BF3E
:10F090004CF8043B51F8043B16D100BF51F8044B27
:10F0A000A3F101329A4312F0803FA4F101320BD157
:10F0B0004CF8043BA24312F0803F04BF51F8043BDC
:10F0C0004CF8044BEAD023460CF8013B13F0FF0F39
:10F0D0004FEA3323F8D15DF8044B704711F0010F6C
:10F0E00006D011F8012B0CF8012B002A08BF70473D
:10F0F00011F0020FBFD031F8022B12F0FF0F16BF34
:10F100002CF8022B8CF8002012F47F4FB3D17047FB
:10F1100011F8012B0CF8012B002AF9D1704700BF20
:10F1200010B504688646013409E014F8013BA3F1E8
:10F13000410CBCF1190F98BF2033934207D111F84D
:10F14000012B002AF1D10120CEF8004010BD002093
:10F1500010BD00BF09682DE9F04F4B1185B011F0CB
:10F160001F01044602EB8303029140F09A80181FAE
:10F1700019462568002641F8046C01352B78002BD0
:10F1800000F0A780B446019106468646DFF88081EC
:10F19000E1466746E346AA460146039418F8030091
:10F1A00000285CD1202B00F28E804F4520DD764573
:10F1B0001AD9BCF1070F17DCCCF10804DEF80030D7
:10F1C0007046CDF800E0A400C4F1200CA6464468C7
:10F1D00004FA0CF51D4324FA0EF3056040F8043FD1
:10F1E0008642F4D8DDF800E0724551D34FF0080CA8
:10F1F0001AF8013F002BD1D108460199002F68D0A1
:10F20000B64502D2BCF1070F67DD72454CD2141F20
:10F21000734653F8045B834244F8045FF9D9A0EBCA
:10F220000E03441C0EF1010E23F003030433A64524
:10F2300088BF04230024134443F8044B8342FBD9C2
:10F2400051F8044C1CB106E050F8043D1BB9824251
:10F25000FAD101230360052005B0BDE8F08F0CF161
:10F26000010C0137BCF1080F08DCDEF800301B018F
:10F2700000F00F001843CEF80000B9E77245B7D28E
:10F280004EF804BC0023AEF1040E4FF0010CEFE782
:10F29000AEF104064EF804BCB9464FF0000CB64679
:10F2A000A6E7191D184664E7029B51F8044C002B91
:10F2B000C8D0C3F120034FF0FF3525FA03F31C40FB
:10F2C00041F8044CBEE7292B084655460199039C9A
:10F2D0001BD0042005B0BDE8F08FCCF10803DEF8A8
:10F2E000004077469B002546C3F120089C467B687A
:10F2F00003FA08F42C4323FA0CF53C6047F8045F4A
:10F30000BE42F4D8724582D3CEE70135256075E759
:10F31000F89604102DE9F0410C46096B04F1400306
:10F32000994214D0666B77003A46FCF775FF0546A4
:10F3300030B300EB060801463246404605F0A0FA1D
:10F34000C4F80080C4E90C570020BDE8F0814FF4F8
:10F350008061FAF7A9FC98B194F842204FF48061DB
:10F36000206300F2FD33616380F8FF2394F84120AD
:10F3700080F8FE2394F8402080F8FD232360E3E723
:10F380004FF0FF30E1E700BF70B54C1C2BD00D46AD
:10F390000646144610B1436B002B4CD0B4F90C3028
:10F3A00023F020025807A28106D4D9061BD51B07DB
:10F3B00034D442F00402A281226BEDB26368AAB198
:10F3C000626B9A4209DD23685A1E226003F8015CD1
:10F3D000636801336360284670BD21463046FFF7FD
:10F3E00099FF0028EFD04FF0FF35F4E7226921683C
:10F3F0002AB18A4203D211F8012CAA421ED0224619
:10F4000004F14000C4E90E130321012320632846C0
:10F41000616302F8425FC4E9002370BD21463046B3
:10F42000F9F7F4FB0028DED1B4F90C20A06022F03B
:10F430000802A061BDE7FDF737FCAFE701390133F2
:10F44000C4E90013C7E700BF024B0A46014618682B
:10F45000FFF79ABF002B00207AB100F1FF3C0A446D
:10F46000002003E0914200F1010008D011F8013BB7
:10F470000CF8013F002BF5D1704710460A4613786F
:10F48000002BF9D013469C4613F8011F0029FAD12E
:10F490000130801A6044704738B50022064D04469A
:10F4A00008462A60C7F71CFE431C00D038BD2B68F5
:10F4B000002BFBD0236038BDE437002038B5D0F8EE
:10F4C00018410CB1002038BD05468021FAF7ECFB4D
:10F4D0000246C5F8180130B1031F7C3243F8044FCF
:10F4E0009342FBD1EEE74FF0FF3038BD1F2930B516
:10F4F000054683B009D8D0F818310C4653B153F8FB
:10F50000240043F8242003B030BD162303604FF0DD
:10F51000FF30F8E780210192FAF7C6FB019A034613
:10F52000C5F818010028F2D0011F00F17C05002069
:10F5300041F8040FA942FBD1E1E700BF1F2938B50C
:10F5400005461FD8D0F818210C466AB152F8213070
:10F5500053B1012B06D0591C10D00021204642F88F
:10F5600024109847002038BD284601F031FA224681
:10F5700001462846BDE8384001F014BA16230120A0
:10F580002B6038BD16234FF0FF302B6038BD00BF15
:10F590001F292CD838B5D0F818310C460546A3B130
:10F5A00053F8242003EB84034AB1511C0BD0012AE9
:10F5B00007D0002520461D609047284638BD012011
:10F5C00038BD032038BD022038BD8021FAF76CFB1E
:10F5D0000346C5F8180138B1021F00217C3042F8FB
:10F5E000041F8242FBD1DBE74FF0FF3038BD4FF004
:10F5F000FF30704738B51F28134B1D681ED8D5F84B
:10F600001821044662B152F820304BB1012B05D0CD
:10F61000591C0FD0002142F820109847002038BD17
:10F62000284601F0D5F9224601462846BDE8384073
:10F6300001F0B8B9162301202B6038BD16234FF016
:10F64000FF302B6038BD00BF002B0020124B1F285D
:10F6500070B51E6809D8D6F8183104460D464BB16E
:10F6600053F8240043F8245070BD162333604FF044
:10F67000FF3070BD80213046FAF716FB0346C6F80E
:10F6800018010028F3D0021F00217C3042F8041F2B
:10F690008242FBD1E4E700BF002B002038B50C4BC1
:10F6A0001D68D5F818410CB1002038BD80212846CE
:10F6B000FAF7FAFAC5F8180138B1031F00F17C0215
:10F6C00043F8044F9342FBD1EEE74FF0FF3038BDD3
:10F6D000002B002038B51F28174B1D6828D804467A
:10F6E000D5F81801A0B150F8242000EB84034AB1EA
:10F6F000511C0BD0012A07D0002520461D609047E1
:10F70000284638BD012038BD032038BD022038BD51
:10F7100080212846FAF7C8FAC5F8180140B1031F3E
:10F7200000F17C01002243F8042F8B42FBD1DAE781
:10F730004FF0FF3038BD00BF002B002000200149F2
:10F74000704700BF0000F87F004870470000C07F8E
:10F75000FF2804D8034B185C00F007007047002016
:10F76000704700BF199904102DE9F04F924685B0FB
:10F7700089461E460D46554A0390294615F8014B09
:10F78000135D13F00803F8D12D2C7CD02B2C4ED018
:10F790004FF0FF3102936FF00043CDE9001336F0D4
:10F7A000100851D037464FEAE6783A464346DDE93D
:10F7B000000105F081F8002383468E46184619465D
:10F7C000A44613E0ACF13704A6421FDD002B09DB91
:10F7D00083457EEB010305D38E4508BF83453BD1AE
:10F7E000A24239DA4FF0FF3315F801CBACF1300407
:10F7F000092CE9D9ACF14104192CE3D9ACF161042D
:10F80000192C03D8ACF15704A642DFDC5A1C2FD0C8
:10F81000029A12B1404261EB4101BAF1000F03D0EC
:10F82000002B48D1CAF8009005B0BDE8F08F4FF02A
:10F83000FF30029336F010086FF000432C7801F18E
:10F840000205CDE90003ADD1302C25D0002E3AD1F0
:10F850000A27B0463E46A8E700FB08F307FB013342
:10F86000A0FB07010B44201843EBE4710123BBE725
:10F870002223039A1360BAF1000F17D005F1FF3964
:10F88000DDE90001CEE74FF00047009301232C781B
:10F890008D1CCDE9017382E72B7803F0DF03582B31
:10F8A0000CD086B90827B0463E467EE7DDE9000168
:10F8B00005B0BDE8F08FCDE90001DFE710276C78D7
:10F8C00002353E4671E710273E466EE7199904104F
:10F8D0004AE700BF10B4044C13460A4601462068AC
:10F8E0005DF8044B40E700BF002B002010B4044C2F
:10F8F00013460A46014620685DF8044B34E700BF12
:10F90000002B00200B463AB953F8042B002AFBD1F8
:10F91000581A801001387047013A15D010B401E030
:10F92000013A0BD053F8044B40F8044B002CF7D1AC
:10F93000581A5DF8044B801001387047026053F884
:10F94000042B002AFBD1F3E70260DDE7704700BF1C
:10F95000704700BF2DE9F84FDDF828A00F4681461B
:10F9600090461E460D46AB4655F8044B5146204680
:10F9700001F010FB0028F6D12D2C59D02B2C8646F7
:10F9800004BF2C680BF1080536F010033DD04FF092
:10F99000FF32B246B2FBF6F206FB02F1C943002386
:10F9A0000EE0A4F1370C66451DDD002804DB9A4209
:10F9B00002D326D1614524DA4FF0FF3055F8044BCD
:10F9C000A4F1300CBCF1090FEDD9A4F1410CBCF14C
:10F9D000190FE6D9A4F1610CBCF1190F03D8A4F1F9
:10F9E000570C6645E1DC421C19D0BEF1000F14D162
:10F9F000B8F1000F02D0C8B9C8F800701846BDE8C9
:10FA0000F88F0AFB03C30120D8E7302C16D01EBBA9
:10FA10000A260521164AB246C1E75B42E8E72223DF
:10FA2000C9F800300346B8F1000FE7D02F1FE3E715
:10FA30002C684FF0010E0BF10805A5E72B6823F0A9
:10FA40002003582B07D110266C680F2108356FF062
:10FA50007042B246A3E72EB110260F216FF070421C
:10FA6000B2469CE7082607216FF06042B24696E74F
:10FA70009999991910B5034C82B00094FFF76AFF69
:10FA800002B010BD9429002094460A46014630B5C4
:10FA90001C4683B0034D634628680094FFF75AFF65
:10FAA00003B030BD002B002030B5064D83B0064CAE
:10FAB00013460A46014628680094FFF74BFF03B03F
:10FAC00030BD00BF002B002094290020002103F04E
:10FAD0002DBD00BF38B5436C05460C464BB153F8FD
:10FAE000240080B1026843F824200023C0E90333D6
:10FAF00038BD21220421FAF731F803466864002852
:10FB0000EDD1002038BD0121284601FA04F56A1D17
:10FB10009200FAF723F80028F3D0C0E90145E4E7A2
:10FB200031B1436C4A6853F82200086043F8221050
:10FB3000704700BF2DE9F04107460E461C460D698F
:10FB400001F1140E0020DEF8001001308BB2854266
:10FB50004FEA114102FB03434FEA134C9BB202FBF5
:10FB600001CC03EB0C434FEA1C444EF8043BEADCA7
:10FB70003CB1B368AB4207DD06EB850301355C6140
:10FB800035613046BDE8F081716838460131FFF7D4
:10FB9000A1FF8046A8B1326906F10C010C30023297
:10FBA000920004F06DFE7B6C726853F82210316095
:10FBB00043F82260464606EB850301355C613561FA
:10FBC000DFE70246024BBA210248C7F79FFA00BF9F
:10FBD000F8500410145904102DE9F8431E46174636
:10FBE0000833264A0C46092E82FB03124FEAE373C0
:10FBF0000546C3EB620338DD4FF0010C00214FEAEC
:10FC00004C0C01316345FADC2846FFF763FF0146DF
:10FC100068B3089B092F43614FF00103036112DCB5
:10FC20000A340927BE420BDDF61B264414F8013BBB
:10FC30000A222846303BFFF77DFFB4420146F5D14A
:10FC40000846BDE8F88304F109093C44C84618F8A1
:10FC5000013B0A222846303BFFF76CFFA0450146D6
:10FC6000F5D1A7F108044C44DCE70021CCE70246BB
:10FC7000034BD3210348C7F749FA00BF398EE33855
:10FC8000F850041014590410B0F5803F034618D200
:10FC900003041020B3F1807F01D208301B02B3F1BE
:10FCA000805F01D204301B01B3F1804F03D3002BDE
:10FCB00006DB013070479B0005D45B0005D4202093
:10FCC00070470020E6E7023070470330704700BFFE
:10FCD0000368014613F0070207D0DA071FD498071C
:10FCE00021D55B0801200B60704798B2A0B1104687
:10FCF000DAB20AB908301B0A1A0701D104301B090D
:10FD00009A0701D102309B08DA0703D45B0800F19F
:10FD1000010006D00B6070471B0C1020E8E70020A4
:10FD20007047202070479B0802200B60704700BF7F
:10FD300038B5436C04460D464BB15868B0B1026803
:10FD40005A60002201234561C0E9032338BD212206
:10FD50000421F9F703FF034660640028EDD1094B45
:10FD6000002240F245110848C7F7D0F91C220121B2
:10FD70002046F9F7F3FE0028F1D001220223C0E962
:10FD80000123DEE7F8500410145904102DE9F04F58
:10FD9000D1F8108085B015690E469246A84505DB5E
:10FDA0002A46534645468A4690461E4605EB0804B9
:10FDB000DAE90113A342B8BF0131FFF78BFE002837
:10FDC00000F08B8000F1140707EB840E774505D215
:10FDD0003B46002243F8042B9E45FBD814360AF11B
:10FDE000140906EB880809EB8505464568D2A5EBA2
:10FDF0000A030AF1150ACDF808E0AE46153B039454
:10FE000023F00303043355452CBF9B464FF0040BEE
:10FE1000824605E0090C2CD1B04507F104074CD906
:10FE200056F8041B8DB2002DF4D0CC463C4600237E
:10FE300001965CF8040B216886B2E6458AB24FEA67
:10FE4000104005FB06224FEA11411A4405FB001140
:10FE500001EB124192B24FEA114342EA014244F8E7
:10FE6000042BE6D8019E47F80B3056F8041C090C09
:10FE7000D2D03B68002248463D461C469446028844
:10FE80009BB201FB02C202EB144243EA024345F873
:10FE9000043B50F8043B2C684FEA134C7045A3B266
:10FEA00001FB0C3303EB12434FEA134CE7D3B0458D
:10FEB00047F80B3007F10407B2D85046DDE902E4F9
:10FEC000002C02DC05E0013C03D05EF8043D002B71
:10FED000F9D0046105B0BDE8F08F0246024B4FF443
:10FEE000B1710248C7F712F9F85004101459041000
:10FEF00012F003032DE9F041144607462CD10D46BC
:10FF0000A4101CD03E6C86B3E3074FF0000806D463
:10FF1000641014D03068A8B10646E307F8D532461D
:10FF200029463846FFF732FF35B17B6C696853F8D4
:10FF300021202A6043F8215064100546EAD1284662
:10FF4000BDE8F081324631463846FFF71FFF30608A
:10FF50000646C0F80080E0E7013B0F4A52F8232034
:10FF60000023FFF7E7FD0546CAE701213846FFF702
:10FF7000B1FD064640B1012340F27122C0E90432CE
:10FF8000002338640360BFE70246044B40F245118A
:10FF90000348C7F7BBF800BF409A0410F85004109C
:10FFA000145904102DE9F0470C46904606464FEAD6
:10FFB00062192769A36807EB621749687D1C9D4297
:10FFC00003DD5B0001319D42FBDC3046FFF782FD23
:10FFD000002850D0B9F1000F00F1140C0EDD09F12A
:10FFE0000502634600214FEA820E00EB820243F8CD
:10FFF000041B9342FBD1AEF114039C4404F114039F
:020000041004E6
:10000000216918F01F0803EB81012BD0C8F12009EA
:10001000E6464FF0000A1A6802FA08F242EA0A02BB
:100020004EF8042B53F8042B994222FA09FAF2D81D
:100030000B1B04F11502153B23F00303043391421B
:1000400038BF04234CF803A0BAF1000F00D13D469D
:10005000736C6268056153F82210216043F82240F6
:10006000BDE8F087ACF1040C53F8042B99424CF82E
:10007000042FF9D8EBE70246024B4FF4EF71024828
:10008000C7F744F8F85004101459041084460B695B
:100090000069C01A16D10CF1140C14310CEB830258
:1000A00001EB830310B401E0944508D252F8044DEB
:1000B00053F8041D8C42F7D005D24FF0FF305DF8A5
:1000C000044B7047704701205DF8044B704700BF38
:1000D0002DE9F04F15460A6983B088462B69D21A7C
:1000E000002A40F08B8001F1140605F1140101EBA8
:1000F000830106EB830302E09E4280F0828053F886
:10010000044D51F8042D9442F6D078D32B460024A8
:10011000454698466968FFF7DDFC002800F08C80B2
:100120002E6905F1140B08F1140ED8F8103000F107
:10013000140A05F110020EEB83094FF0000C0BEBD3
:1001400086015746C460CDF804B05EF8044B52F8FF
:10015000045F1FFA84FBF145ABB24FEA1444A3EBF2
:100160000B03C4EB1544634404EB23449BB24FEAF6
:10017000244C43EA044347F8043BE6D8A9EB0804BF
:1001800008F11508DDF804B0C145A4F1150434BF29
:100190004FF000084FF00108A408B8F1000F04F177
:1001A00001024FEA820208BF04220BEB020552440F
:1001B000A94231D917462C4654F8043B1FFA83F85C
:1001C000A1424FEA134E6344C4449BB20EEB2C4C45
:1001D00043EA0C434FEA2C4C47F8043BECD8013976
:1001E000491B21F003010A4423B952F8043D013EA2
:1001F000002BFAD0066103B0BDE8F08F86DA012447
:1002000088E70021FFF766FC78B101220023C0E9EE
:10021000042303B0BDE8F08FB8F1000F4FEA840467
:1002200008BF00240AEB0402DEE70246064B40F258
:1002300037210648C6F76AFF0246034B40F24521C4
:100240000248C6F763FF00BFF850041014590410A9
:10025000114B0B40A3F15073002B03DD0022194614
:10026000104670475B42B3F1A07F4FEA235106DA94
:100270004FF4002300220B411046194670471439F1
:100280001E2904DD012200231046194670474FF055
:100290000042CA40F7E700BF0000F07F2DE9F041BF
:1002A000026900F1140707EB820252F8046CA2F114
:1002B00004083046FFF7E8FCC0F120030A280B6071
:1002C00035DD4745A0F10B011BD252F8083C31B394
:1002D000C1F1200C8E40A2F1080023FA0CF48B40EF
:1002E000874246EA040646F07F5545F440151AD287
:1002F00052F80C2C294622FA0CF213431846BDE89A
:10030000F0810B280AD006FA01F1002341F07F5555
:10031000184645F440152946BDE8F081002346F013
:100320007F5545F4401518462946BDE8F081C0F1D7
:100330000B03474526FA03F141F07F5545F440157C
:1003400009D3002200F11503294606FA03F31343EB
:100350001846BDE8F08152F8082CDA40F2E700BFF9
:10036000F0B5012183B016461F46FFF7B3FB0546E3
:10037000002849D0C7F30A54C7F313030CB143F460
:100380008013002E019315D101A8FFF7A1FC01995C
:10039000012200F1200369612A611CB3A4F23344F5
:1003A000C3F135001C44089B1C60099B186028465B
:1003B00003B0F0BD68460096FFF78AFC019A034639
:1003C00000B3C0F1200102FA01F1C240009801928D
:1003D0000143002AC5E905120CBF012202222A614D
:1003E000002CDBD1A3F23243089805EB82010360B5
:1003F0000869FFF749FC099BC0EB421018602846CA
:1004000003B0F0BD0099E4E70246034B40F20F3120
:100410000248C6F77BFE00BFF850041014590410C0
:100420002DE9F04383B0884681466946FFF736FFE1
:1004300004460D46404601A9FFF730FFD9F81030B9
:10044000D8F81020A3EB020CDDE900329B1A03EB75
:100450004C13002B0BDD05EB03573D4602460B46C4
:1004600020462946C4F7E0FD03B0BDE8F083C3EBA6
:10047000033301EB03594946F0E700BF172870B575
:1004800006460ADD002008490024084D22462B4676
:10049000C4F7A6FD013EF9D170BD054B03EBC003C7
:1004A000D3E9040170BD00BF0000F03F000024400C
:1004B000409A0410013902F114034FEA611C1169DA
:1004C00003EB81010CF1010C8B4200EB8C0C16D27A
:1004D00010B5A0F1040E53F8044B99424EF8044FA6
:1004E000F9D88B1A153B23F00303043318448445D1
:1004F00004D9002340F8043B8445FBD810BD844553
:1005000005D9002340F8043B8445FBD87047704769
:1005100003694A111430934209DA00EB830302E0C5
:1005200053F8042DAAB98342FAD80020704700EB93
:100530008203F8DD11F01F01F5D010B450F822400D
:1005400024FA01F28A40944209D001205DF8044B5C
:1005500070470120704753F8042D002AF5D18342DB
:10056000F9D800205DF8044B704700BF002102F06D
:10057000EDBF00BF0028B8BF4042704770B50C788F
:1005800084465E2C24D00023481C9E4600220CF595
:10059000807163F3070263F30F2263F3174263F37F
:1005A0001F62634643F8042B8B42FBD174B18EF07B
:1005B0000101451C0CF8041015F8013C2D2B0ED040
:1005C0005D2B0AD01BB11C462846F2E7013870BDEE
:1005D0000123881C4C789E46D8E7284670BD90F8C9
:1005E00001E0BEF15D0F15D0744513DC661C0230CE
:1005F0000CEB060202F8011BA2EB0C03013B9E452B
:10060000F8DCAEEB04030235013B7445A8BF0023C0
:100610009C19D1E72D242846CBE700BF2DE9F843EC
:100620004FF00009074688461646D6E90154013DB9
:100630000FD4A389012B08D9B4F90E3021463846CE
:10064000013302D0C04749EA0009013D68346B1C00
:10065000EFD13668002EE8D14846BDE8F88300BFE8
:10066000F030704700487047842A002000487047E7
:10067000842A0020B2F1005F08B470B505469DB031
:100680002CD24FF402730026144602910691ADF865
:1006900014301B96B2B1531E02A9219A9B000493F9
:1006A00007934FF6FF73ADF8163022AB019301F0BC
:1006B000F7FC029BA0421E6010D21DB0BDE8704046
:1006C00001B070474FF6FF7222AB02A90494ADF857
:1006D0001620219A0794019301F0E2FC8B234FF03E
:1006E000FF302B60E9E700BF0CB4B1F1005F1C4B99
:1006F00070B51E689CB02ED24FF4027300250C46D4
:1007000002900690ADF814301B95B9B14A1E4FF611
:10071000FF7302A930469200ADF8163021AB049267
:100720000792209A019301F0BBFC029BA0421D603E
:1007300011D21CB0BDE8704002B070474FF6FF7197
:1007400021AB209A3046ADF8161002A90494079404
:10075000019301F0A5FC8B234FF0FF303360E8E7F5
:10076000002B0020FF2809D8A0F10903044AB3FA9E
:1007700083F3125C5B0943EAD21070470020704794
:1007800019990410B1F90C302DE9F0410C46990784
:1007900096B008D504F1430301222360C4E9043272
:1007A00016B0BDE8F081B4F90E100646002926DB2C
:1007B0006A46FCF7F9F800281FDB019D4FF48068BA
:1007C0004FF4006705F47045A5F50055B5FA85F5B9
:1007D0006D0941463046F9F767FAE8B1B4F90C30D3
:1007E000C4F8148043F0800320602061A3813DBBE6
:1007F0003B43A38116B0BDE8F081B4F90C3013F08F
:10080000800519D04FF040080025304641462F465C
:10081000F9F74AFA0028E1D1B4F90C309A05BFD4AF
:1008200023F0030304F14302012143F00203226099
:10083000C4E90421A381B3E74FF480682F46C8E7D9
:10084000B4F90E10304602F091FE10B9B4F90C3034
:10085000CEE7A38923F0030343F001031BB2C7E7EC
:1008600070B50C46B1F90E1096B0154600291E461B
:1008700014DB6A46FCF798F800280FDB01994FF467
:1008800080634FF4006001F47041A1F50051B1FAAA
:1008900081F1490931602B6016B070BDA18911F05A
:1008A000800106D000214023084631602B6016B03D
:1008B00070BD4FF48063084631602B6016B070BD88
:1008C000FF2809D8054B185C00F00300A0F10200D6
:1008D000B0FA80F040097047002070471999041061
:1008E000F8B50D460646144610B1436B002B4AD0AE
:1008F000B4F90C30A2691807A2601FD52269EAB1C9
:10090000EDB29904626E2F4624D592042FD5226849
:1009100023696169D31A99422CDD0133A168013939
:10092000A160511C2160157062699A4219D00A2D8C
:1009300002D1A389DB0714D43846F8BD21463046DE
:1009400000F02CFC98B9B4F90C30EDB2626E990449
:100950002F46DAD443F4005342F40052A381626676
:10096000D5E721463046F8F751F90028E4D04FF09A
:10097000FF37E1E721463046F8F748F90028F6D17D
:1009800022680123CAE7FCF78FF9B1E7FF2804D8F2
:10099000034B185C00F0030070470020704700BF55
:1009A0001999041070B50C460346084D00262046E0
:1009B00011461C462E60C6F771FB431C00D070BD6B
:1009C0002B68002BFBD0236070BD00BFE4370020F4
:1009D000C6F762BB002102F00DBE00BF2DE9F04F4B
:1009E00005468FB0FAF704FFBE4904462846FBF7D8
:1009F000ADFB8046002800F03181BB4E316821B14B
:100A0000F7F718FB002841D031680846C4F7F2FF19
:100A10004046FDF757FA014628460131F9F744F9F7
:100A2000306010B14146FEF71DFBB04A0023B04DC7
:100A3000B04EB14F3360A36223653B60C5E900222D
:100A40004A22C4E90333C4E90533C4E90D33C4E9D8
:100A50000F332272002384F830200022C4E90823D7
:100A6000C4E9122398F800303A2B12D03C2B16D050
:100A70000DF1300BA14AA24940465B4602F0DAFD77
:100A8000002803DD0C98C21E072A1ED90FB0BDE84E
:100A9000F08F98F8013008F101083C2BE8D108F1FB
:100AA00001090DF1300B954A96495B46484602F024
:100AB000C1FD0028EADD0C98C21E072AE6D819F805
:100AC00000203E2AE2D108F1020818F8002008EBC5
:100AD00000092D2A00F0E9802B2A4FF0010808BFF9
:100AE00009F101090AAB00228749484602930DF13A
:100AF0002603ADF8262000935B46ADF8282009AA0E
:100B0000CDF80CB0CDF804B002F094FD0028BDDDA6
:100B1000BDF826204FF4616CBDF82400C2EB021131
:100B2000BDF8282002EB81020C990CFB002208FB87
:100B300002F319F8012089443C2A059300F0E8806B
:100B40006E4B48466E490C331A4606935B4602F0DC
:100B500071FD002840F3FA800C9AD11E072995D820
:100B600019F8021009EB02082D2900F0A3802B29A7
:100B70004FF0010908BF08F101080AAB00226249E1
:100B80004046ADF82420ADF82620ADF828200C9280
:100B900009AACDF80CB0CDE901B30DF126030093FD
:100BA0005B4602F047FD002840F3E480BDF82620B4
:100BB0004FF46160C2EB0211BDF8282002EB810204
:100BC000BDF8241000FB012209FB02F20C9900235E
:100BD000A24607928844049398F80090B9F12C0F2C
:100BE00003D198F8019008F10108B9F14D0F00F018
:100BF000C580B9F14A0F4FF00A020DA90CBF08F1E8
:100C000001084FF044094046F7F7C6FE0D9BADF8CA
:100C10002E00434500F0A18080B28AF80890CAF8FF
:100C2000140098464FF000094FF00203ADF82690EB
:100C3000ADF82430ADF82890CDF8309098F8003019
:100C40002F2B00F0C8804FF4E153CAF818300AF196
:100C5000280A049B9BBB01230493BDE72B4A4A212E
:100C6000234B2448204DC0F80080C4F82880286811
:100C700084F83010C4F85080C3E900220022002319
:100C80002172C4E90823C4E912231B4BC4E9038879
:100C9000C4E90588C4E90D88C4E90F88C3F8008059
:100CA000C4F7A8FEC5F80080F0E609F101094FF08D
:100CB000FF3817E708F101084FF0FF395DE7059BA2
:100CC000079AA3620D4B22652B60069B60686B60E0
:100CD00001F052F8A26A236D32609B1A18BF0123FB
:100CE0003B60D3E644590410C03700209C490410EF
:100CF00090300020EC340020F0340020C437002075
:100D00005C590410485904106C5904105C4F0410CD
:100D1000514B09F1010A51490C3350461A460693CA
:100D20005B4602F087FC00280CDD0C9AD11E0729D7
:100D30003FF6ACAE1AF802103E297FF4A7AE09F1D7
:100D400002090DE799F801203E2AEED1424BC5E990
:100D50000033059BA362336098E6049A002A5BD0B7
:100D60004D220B2184F830200122C4E90D1200220B
:100D7000E26356E7059BA3F5616227E70DF12E03B9
:100D80000DF12A023649404602930BABCDF80CB068
:100D900000935B46CDF804B002F04CFC03287FF4CE
:100DA00075AEBDF82A305A1E0B2A3FF66FAEBDF85D
:100DB0002C20511E04293FF669AEBDF82E100629DD
:100DC0003FF664AE8AF80890CAF81410CAE90332F4
:100DD0000C9B984426E70AAB09AA22494046CDF865
:100DE0000CB0CDE901B30DF1260300935B4602F090
:100DF00021FC484518DDBDF826304FF46161C3EB96
:100E00000312BDF8283003EB8203BDF8242001FB58
:100E100002330C9A904418E762614D22032022723B
:100E20000222C4E90302FCE64A2100220023C4F89E
:100E30002890217284F83010C4F85090C4E90399C6
:100E4000C4E90599C4E90823C4E90D99C4E90F99D7
:100E5000C4E912231AE600BFC43700204859041021
:100E6000805904109459041010B50446FBF744FF50
:100E70002046FFF7B3FDBDE81040FBF73FBF00BFC2
:100E8000002A08B410B504469DB036DB4FF4027357
:100E900002910691ADF814304FF000031B9320AB84
:100EA00017D0013A4FF6FF71019304920792ADF803
:100EB000161002A91F9A00F00BFA421C01DA8B23CC
:100EC0002360029B00221A701DB0BDE8104001B0E3
:100ED00070474FF6FF7104920792ADF8161002A901
:100EE0001F9A019300F0F4F9431C01DA8B2323606D
:100EF0001DB0BDE8104001B070478B234FF0FF30AC
:100F00002360F5E70CB40029214B10B51C689CB098
:100F100038DB4FF000034FF4027202901B931FABBB
:100F20000690ADF8142018D001394FF6FF701E9AC4
:100F30000491079102A9ADF816002046019300F034
:100F4000C7F9421C01DA8B232360029B00221A702E
:100F50001CB0BDE8104002B070474FF6FF7004911E
:100F6000079102A9ADF8160020461E9A019300F0E1
:100F7000AFF9431C01DA8B2323601CB0BDE810409D
:100F800002B070478B234FF0FF302360F5E700BFBE
:100F9000002B0020FF2804D8034B185C00F0080049
:100FA00070470020704700BF199904100020704757
:100FB0002DE9F04F85B08B461E460D4601925D4AE5
:100FC0000390294615F8014B135D13F00803F8D17F
:100FD0002D2C00F082802B2C51D0029336F0100A79
:100FE00054D04FEAE67A32464FF0FF304FF0FF31EF
:100FF0005346B14603F060FC3246074688465346E6
:101000004FF0FF304FF0FF3103F056FC94460022C2
:101010001046114613E0A4F137039E421FDD002A5B
:1010200009DB874278EB010205D3414508BFB8428E
:101030003BD1634539DD4FF0FF3215F8014BA4F188
:101040003003092BE9D9A4F14103192BE3D9A4F109
:101050006103192B03D8A4F157039E42DFDC531C14
:1010600030D0029B13B1404261EB4101019B1BB1A7
:1010700082BB019BC3F800B005B0BDE8F08F36F02D
:10108000100A2C78029301F10205AAD1302C29D044
:10109000002E44D14FF00A09B2464FF0050C4FF034
:1010A0009937DFF894804E46B1E709FB01F100FB68
:1010B0000A11A9FB0002114418184FF0010241EB7C
:1010C000E371BAE72223039910460B601146019B96
:1010D000002BD1D005F1FF3BCBE701232C788D1CF1
:1010E00002937BE72B7803F0DF03582B0BD0B6B9C4
:1010F0004FF00809B2464FF0070C4FF0FF376FF082
:1011000060484E4683E74FF010096C784FF00F0CA3
:1011100002354FF0FF376FF070484E4677E74FF0DB
:1011200010094FF00F0C4FF0FF376FF070484E462C
:101130006DE700BF199904109999991938E700BF14
:1011400010B4044C13460A46014620685DF8044B6F
:101150002EE700BF002B002010B4044C13460A46B3
:10116000014620685DF8044B22E700BF002B0020F9
:1011700038B50C4684461146074D1A4600232046D2
:1011800064462B60C5F78EFF431C00D038BD2B682A
:10119000002BFBD0236038BDE437002038B52F4B3F
:1011A00005460C461B6813B15A6B002A45D0B4F9AA
:1011B0000C30180716D52269F2B113F0010107D0DF
:1011C000616900204942A060A1613AB1002038BDA8
:1011D000980758BF6169A160002AF7D1190638D471
:1011E000104638BDD9062CD55A0712D4226943F0CF
:1011F0000803A381002AE0D103F42071B1F5007F38
:10120000DBD021462846FFF7BDFAB4F90C3022693D
:10121000D3E7216B51B104F14002914204D028463A
:10122000F9F74EF8B4F90C3000222263002122694C
:1012300023F02403C4E90021D9E71846FBF734FD65
:10124000B5E7092243F040032A60A3814FF0FF3045
:1012500038BD43F04003A381F8E700BF002B002016
:10126000FF2804D8034B185C00F09700704700205B
:10127000704700BF19990410FF2804D8034B185C6D
:1012800000F0200070470020704700BF199904103B
:1012900038B50C4684461146074D1A4600232046B1
:1012A00064462B60C5F720FF431C00D038BD2B6877
:1012B000002BFBD0236038BDE4370020024B13B174
:1012C000024802F065B97047000000000D360410B6
:1012D0002DE9F04FABB0924604938B8901911C0627
:1012E000059003D50B69002B00F07F841AAB0DF13C
:1012F000680B0D930023CDE90E33079302939AF800
:1013000000305446DBB1252B19D0254614F8013F97
:101310000BB1252BF9D1B4EB0A0610D00F9B334447
:101320000F930E9B0133072B0E93CBE900A600F31E
:10133000CE800BF1080B029B334402936B78002B99
:1013400000F0CE804FF000034FF0000904F1010AD5
:1013500061784FF0FF388DF82F30CDF800900AF10A
:10136000010AA1F12003582B00F2C780DFE813F037
:101370003302C500C5002C02C500C500C500C5006C
:10138000C500C50021021B02C500A8000002C5005F
:10139000F9015900590059005900590059005900E4
:1013A00059005900C500C500C500C500C500C500ED
:1013B000C500C500C500C5006800C500C500C50062
:1013C000C500C500C500C500C500C500C500CD01EC
:1013D000C500C500C500C500C5005202C500C50056
:1013E000B503C500C500C500C500C500C500C500E2
:1013F000C500C500C50045026C00C500C500C5009C
:101400003E026C00C500C5006A02C500BF01310480
:1014100086017F01C5005F01C5003304C500C5001A
:101420003504A1F130034FF0000909EB89091AF8DE
:10143000011B03EB4909A1F13003092BF5D990E712
:10144000009B43F010030093009B990640F1BF807E
:10145000049B073323F007031A46596852F8083BE8
:1014600004920A460029C0F2C680B8F1000FC0F20B
:10147000D080009921F08001009153EA020140F0F0
:10148000C880B8F1000118BF0121B8F1000F40F089
:10149000C08088469DF82F201AAC0B4698454646DA
:1014A000B8BF1E4602B10136009A12F00202039242
:1014B00031D00222023603922DE0C9F100090493D3
:1014C000009B9AF8001043F00403009347E70DAA2D
:1014D0000199059802F062F830B90DF1680B2AE71E
:1014E0000F9B002B40F01C84019B9B895B0600F145
:1014F0002D8402982BB0BDE8F08F0029F0D0002396
:10150000012610AC8DF840108DF82F3033464FF087
:101510000008CDF80C80009810F08407DDE90E215A
:1015200004D1A9EB0605002D00F335829DF82F00AC
:1015300080B101320DF12F000131CBF80000072AF4
:101540004FF00100CDE90E21CBF8040000F36282D8
:101550000BF1080B039878B101320CA80231CBF8DB
:101560000000072A4FF00200CDE90E21CBF804005D
:1015700000F35F820BF1080B802F00F06D81A8EB68
:101580000305002D00F3AE8101321944CBF8004071
:10159000072ACBF80430CDE90E2100F3E3810BF1EB
:1015A000080B009B5A0704D5A9EB0604002C00F396
:1015B0004F82029BB145ACBF4B449B19029300295B
:1015C00040F0E08100230DF1680B0E9397E6049A3A
:1015D00052F8043B0492009AD20607D4009A5706A8
:1015E00004D543F3C0321BB211463BE7DA1711466C
:1015F0000029BFF63AAF5B424FF02D0162EB420289
:10160000B8F1000F8DF82F1003DB009921F0800155
:1016100000910A2B72F1000180F0208330339DF895
:101620002F200DF167048DF86730012336E7049D04
:10163000002155F8044B8DF82F10002C00F0628328
:10164000B8F1000FC0F2CC824246204603F004F904
:10165000002800F06E83031B9DF82F2023EAE37619
:10166000002A00F058834FF0000804951BE7009B08
:101670009AF8001043F02003009370E6009B049A50
:1016800043F00203BD49009347F630030791ADF8DC
:10169000303052F8043B04920022002188458DF836
:1016A0002F10C0F24082009E022126F080000090A0
:1016B00053EA020040F00683B8F1000018BF012091
:1016C000B8F1000F40F0FE82002940F0018216F0D0
:1016D000010600F039823022334688460DF1670456
:1016E0008DF8672043451E46B8BF4646DCE6009BA2
:1016F0009E0640F16382049B029A1B681A60D2170F
:101700005A60049B04330493F9E5009B43F01006F0
:1017100016F0200200F01C82049B073323F007031D
:1017200019465A6851F8083B0491002188458DF804
:101730002F10BADA1AAC03F00701DB08204643EA9F
:1017400042733031D20804F8011D53EA0205F2D188
:10175000302902D0F10700F128821AAB00961B1B3A
:10176000C0E7009B9AF8001043F080030093F6E571
:10177000524612F8011B2A2900F0ED82A1F1300334
:10178000092B00F2D8824FF0000808EB880812F805
:10179000011B03EB4808A1F13003092BF5D948EAF6
:1017A000E8789246DDE52B239AF800108DF82F306B
:1017B000D5E5049B53F8049BB9F1000FFFF67DAE0D
:1017C0009AF800100493CAE5009B9AF8001043F0C1
:1017D00001030093C3E59DF82F309AF80010002B09
:1017E0007FF4BDAD20238DF82F30B8E5009B9AF82B
:1017F000001043F040030093B1E5049B0022012652
:1018000010AC8DF82F2053F8042B049333468DF839
:1018100040207CE6009B43F0100616F0200200F00A
:10182000A681049B073323F0070319465A6851F831
:10183000083B0491002188458DF82F10C0F2778273
:10184000012132E79AF80010009B6C2900F04282D7
:1018500043F01003009382E5A9EB0605002D7FF706
:101860008EAE4748102D039029DDDC460694D34602
:1018700008961027059C9A46064602E0103D102D5A
:1018800018DD01321031072ACCE90067CDE90E21BD
:101890000CF1080CF2DD0DAA0199204601F07EFE44
:1018A0000DF1680C00287FF41FAE103D102DDDE90E
:1018B0000E21E6DC5346069CDA46089EE3460132DA
:1018C00003982944CBF80450072ACBF80000CDE94F
:1018D0000E2100F30882A8EB03050BF1080B002D85
:1018E0007FF752AE2648102D03902CDD2046DC46B3
:1018F0002C46D3464FF01008059F9A46054602E055
:10190000103C102C19DD013210311D4B072ACCE997
:101910000038CDE90E210CF1080CF1DD0DAA01997A
:10192000384601F03BFE0DF1680C00287FF4DCAD79
:10193000103C102CDDE90E21E5DC284653462546F7
:10194000DA460446E346013203982944CBF80450B2
:10195000072ACBF80000CDE90E2100F317810BF127
:10196000080B11E60DAA0199059801F017FE002851
:101970007FF4BAAD0F990DF1680B12E6A859041067
:10198000D89B04100DAA0199059801F007FE0028C4
:101990003FF418AEA8E5AE48102D06902BDDDC46CE
:1019A000D3469A46CDE90846059C064602E0103D1E
:1019B000102D1BDD013210311023CCF80060072AF6
:1019C0000CF1080C4CF8043CCDE90E21EFDD0DAA1A
:1019D0000199204601F0E2FD0DF1680C00287FF42A
:1019E00083AD103D102DDDE90E21E3DC5346DA46D0
:1019F000E346DDE90846013206982944CBF8045055
:101A0000072ACBF80000CDE90E2100F312810BF17B
:101A1000080B8BE50DAA01990598069301F0BEFD10
:101A200000287FF461AD0DF1680B069BDDE90E2106
:101A300090E50DAA01990598039301F0AFFD0028E8
:101A40007FF452AD0DF1680B039BDDE90E2193E5A8
:101A5000102C0E9B40F374817D48102500961A4689
:101A6000059F0646DDF80480069002E0103C102C2D
:101A700018DD01321031072ACBE90065CDE90E21CE
:101A80000BF1080BF2DD0DAA414638460DF1680B4B
:101A900001F084FD00287FF427AD103C102CDDE917
:101AA0000E21E6DC009E13460133069A2144072BE3
:101AB000CBE90024CDE90E317FF77BAD0DAA01996A
:101AC000059801F06BFD00287FF40EAD0F9970E5CD
:101AD00080461AAC03460646E6E45E4B0793009B3D
:101AE00013F0200200F09480049B073323F00703D7
:101AF00018465A6850F8083B0490009CE0077FF5B0
:101B0000CCAD53EA02003FF4C8AD8DF8311030215E
:101B100044F002068DF83010002188458DF82F1012
:101B2000BFF6C2AD00961AAC079803F00F011B096F
:101B3000415C43EA0273120904F8011D53EA0201F1
:101B4000F3D11AAB1B1BCDE588461AAC0B46ABE4B0
:101B5000049951F8043B049116F010017FF4E5ADAF
:101B600016F040023FF4E1AD9BB20A46DDE5049970
:101B700051F8043B049116F010017FF45BAE16F0AF
:101B800040023FF457AE9BB20A4653E60DAA0199B4
:101B90000598039301F002FD00287FF4A5AC0DF138
:101BA000680B039BDDE90E21EEE43023023800963A
:101BB00004F8013C1AAB04461B1A93E5009BDD06B2
:101BC00021D4009B5C061ED5049B029A1B681A80D8
:101BD00097E5009E9CE5009E1FE61F4B07937EE75E
:101BE0002046FCF76FF9034636E54021F8F75CF82C
:101BF000019B18601861002800F0A5804023019A1D
:101C00005361FFF773BB049B029A1B681A6078E567
:101C1000049850F8043B0490009810F010007FF4F2
:101C20006CAF009A12F040023FF467AF9BB20246DD
:101C300063E70DAA01990598069301F0AFFC00280F
:101C40007FF452AC0DF1680B069BDDE90E216DE4CB
:101C5000C89B0410204F0410A85904101AAC434824
:101C60004FF0CC3E99181E46154641F10001A0FBED
:101C7000017C2CF0030707EB9C074FF0050CC91BF8
:101C80005B1A62F100070EFB03F200FB0722A3FBC5
:101C900000731A4407F001037F08A3FB0C3C59189A
:101CA0000A2E47EAC27301F1300175F100054FEACF
:101CB000520204F8011DD5D21AAB9DF82F201B1B30
:101CC000FFF7ECBB01293FF4A4AC0229009E3FF4CE
:101CD00029AF2FE543F020039AF801100AF1010A19
:101CE0000093FFF73CBB0DAA01990598039301F0FF
:101CF00055FC00287FF4F8AB0DF1680B039BDDE980
:101D00000E213CE443461A4C0495062B28BF0623BB
:101D10001E46FFF7FCBB9046CDE90325FFF7FBBB52
:101D20000DAA0199059801F039FCFFF7DDBB00967B
:101D30006FE4434690E492464FF00008FFF711BB72
:101D40000C4A0692B0E60C23059A13604FF0FF335D
:101D50000293FFF7CEBB049B9AF80110924653F80A
:101D6000048B48EAE8780493FFF7F9BACDCCCCCCE1
:101D7000BC590410C89B04102DE9F0470446F9F73C
:101D800037FD40F2B1739C4240F3AD806FF4F667CB
:101D900086465E4AA4F26D7304EB070CA4F2B2719E
:101DA000446040F26D104FEAAC0C6FF4C8690EF15C
:101DB000500500FB01CC82FB0301DB175448A3EB69
:101DC00061139C4404EB0903A2FB032372460CEB52
:101DD000D31C117A53694A2922D044293FD1634444
:101DE000916928321768CE17C3FB0016C91946EB54
:101DF000E776954242E90216EBD1DEF82000DEF8E4
:101E00004810DEF824308842DEF84C204FF0010004
:101E10009341B4BF03460023CEF80030BDE8F087FD
:101E2000A6070CEB03010ED13A4F3B4E07FB0466AD
:101E300007F18047013FB7EBB60F04D23B2BC8BF79
:101E400001314B1ECCE7334F334E07FB0466334F53
:101E5000B7EB361FF5D33B2BC8BF0131F1E7A10724
:101E600044D02A4E86FB0416E117C1EBE6114FF46D
:101E7000C87606FB114100290CBF4FF030084FF027
:101E8000000827498844D16801293CDD4FEA810ACE
:101E90006646A8F10401AAF10809C14451F8047F7B
:101EA00089453E44FAD1AAF104018844311D1D4FF1
:101EB00087FB0179CF178944C7EBA907C7EBC70791
:101EC000C91BD8F80070591A136903F1FF3348BFD2
:101ED0000731C3EBC3030B44BB4202DB073BBB42EE
:101EE000FCDA33447CE70020BDE8F087094E0A495C
:101EF00006FB041106F18046013EB6EBB10FB0D2ED
:101F00004FF03008BDE76646D0E700BF1F85EB51B4
:101F100080510100295C8FC250B81E050AD7A3006A
:101F2000689B04109324499200B5864610466AB116
:101F30004FF0000C03E00CF1010C844506D011F8C1
:101F4000013B4EF8043B002BF5D160465DF804FBE5
:101F50002DE9F04F90461A4689B09946002ADDF8DF
:101F600048B0149E199FDDE9163579DB0024652BF6
:101F7000346023F020067CD047DC452B79D0462BFB
:101F800058D1032300934246159BCDE901B307AB1B
:101F9000049306AB03934B4601F0CEFC0446462E59
:101FA00004EB0B0A05D12378302B66D0159B1B68F8
:101FB0009A444046494600220023C3F7EBF8002824
:101FC00065D1079B9A4506D930215A1C0792197092
:101FD000079B5345F9D31B1B002F2B6011DD002BF2
:101FE0000FDD189B611E181F0B4611F8012F40F8DA
:101FF000042F02332A681B1BBA42A8BF3A469A42F2
:10200000F2DC189809B0BDE8F08F662BB9D0159BAB
:102010004246CDE901B307AB049306AB0393022319
:1020200000934B4601F088FC139B0446DB0714D455
:10203000079BD0E7159B4246CDE901B307AB04935C
:1020400006AB0393022300934B4601F075FC472E29
:102050000446A4D1139BDB07EAD504EB0B0AA8E7DF
:102060002D2409F10042652B3460914623F02006AF
:1020700082D10BF1010B022384E7002200234046AA
:102080004946C3F787F830B1159B1B689A445346FD
:10209000CDF81CA09FE7CBF10103159A136087E7E9
:1020A0002DE9F04FEDB00C469246109300230A90B4
:1020B0001F930E91FEF7D6FA03681B781C93A38931
:1020C000180603D52369002B00F0EA860023D346C7
:1020D0009C46CDE9243334ABCDF854C0CDF830C0A4
:1020E00099462393CDF860C09FED677B8DED127B01
:1020F000DBF800305C46252B1DD0E3B1254654F8B3
:10210000043F0BB1252BF9D1A4EB0B06A3454FEAF5
:10211000A60610D0259B33442593249B0133072B1F
:102120002493C9E900B600F38D8009F108090C9BDE
:1021300033440C936B68002B00F0C6874FF0000807
:102140004FF0FF3304F1040B65684746CDF86C800F
:102150000B930BF1040BA5F12003582B00F2988090
:10216000DFE813F0B80196009600B30196009600E0
:102170009600960096009600A801A30196006B00B9
:1021800088019600830159005900590059005900EF
:102190005900590059005900960096009600960083
:1021A0009600960096009600960096009600120102
:1021B000960012019600960096009600C1019600C6
:1021C000960096009600960096009600960096005F
:1021D000960096003B0696009600960096009600A4
:1021E00096009600960096009600CB015E011201C3
:1021F00012011201C6015E01960096002F029600A0
:1022000022021002D601950296005602960037026D
:10221000960096005806A5F130034FF0000808EB31
:1022200088085BF8045B03EB4808A5F13003092B31
:10223000F5D990E7C8F10008109347F00407DBF8E0
:10224000005086E723AA0E990A9801F04BFA80B94C
:102250000DF1D0096BE723AA0E990A9801F042FA12
:10226000002800F086800F9B1BB10F990A98F8F7A1
:1022700027F80E9B9B8903F04003002B40F0B786A4
:102280000C986DB0BDE8F08F000000000000000069
:10229000002D00F019870023449544AA1B930123C5
:1022A000119208930D93002309979A460F930B936D
:1022B0001493099B259C13F0840305D1089AA8EB7D
:1022C0000206002E00F347831B9A7AB11BAA013441
:1022D0000121C9F80020249A25940132C9F804107C
:1022E000072A249200F37A8309F10809BAF1000F52
:1022F0000FD0249A20A902340132C9F8001002211B
:102300002594072A2492C9F8041000F3758309F173
:102310000809802B00F01E820B9B0D9A9E1A002E3E
:1023200000F35C82099BDE0500F1B681119BC9F8C0
:1023300000300D9B1C44C9F80430249B25940133C4
:10234000072B249300F3B38209F10809099B5B076B
:1023500005D5089BA8EB0305002D00F35B830C9BC0
:10236000089A9045ACBF43449B180C93002C7FF413
:1023700072AF002324930F9B1BB10F990A98F7F7B4
:102380009FFF0DF1D009B3E6109B4FF0FF320733EA
:1023900023F007019A4BB1EC027B8DED127B10917B
:1023A00012991691139921F000411791DDE9160158
:1023B000C2F7DEFE002840F0B8844FF0FF32904BA9
:1023C000DDE91601C2F70CFF002840F0AE840022C0
:1023D0000023DDE91201C2F7EFFE002840F02B8751
:1023E0001B9B27F08002002086490992864A0F90A5
:1023F000472D98BF114603220B901191089214901B
:102400000D9213B1089B01330893099B13F0020A44
:102410003FF44FAF089B4FF0020A0233089348E79E
:10242000BB0640F17284109B073323F007031A4662
:10243000596852F8083B10920A460029C0F270858C
:102440000B990029C0F2C18327F08001099140F067
:10245000BB8353EA020114BF0121002140F0B48381
:102460006CAB0B910D91119381E047F08007DBF885
:1024700000506EE6594651F8045B2A2D01F0358074
:10248000A5F13003092B00F2A187002202EB8202A2
:1024900051F8045B03EB4202A5F13003092BF5D997
:1024A00042EAE2738B460B9355E62B23DBF8005090
:1024B0001B934EE6109B53F8048BB8F1000FFFF608
:1024C000B9AEDBF80050109343E647F00107DBF8A4
:1024D00000503EE61B9BDBF80050002B7FF439AE2A
:1024E00020231B9335E647F00807DBF8005030E661
:1024F00047F04007DBF800502BE6109CF90654F833
:10250000040B40F16A850023449010944593C4E67F
:10251000109947F002073D4B00227825189351F897
:10252000043B9FED357B109102218DED207B002037
:102530000B9C1B90002CC0F28D8127F0800009902D
:1025400053EA020040F08581201E18BF0120002CB4
:1025500040F07F81002940F0978217F001030B9132
:102560000D9300F0918330236B936BAB11930B9918
:1025700000220D981B9B81420F921492B8BF014616
:1025800008913EE717F0200240F0B483109917F04D
:10259000100051F8043B04D117F0400201D002466C
:1025A0009BB210911146C2E7BD0640F19383109B88
:1025B0000C9A1B681A60D2175A60109B0433109350
:1025C00096E5DBF800506C2D00F0FF8447F0100713
:1025D000BFE517F0200240F07283109917F0100049
:1025E00051F8043B04D117F0400201D09BB20246DF
:1025F000109101219BE700BF30000000780000002F
:10260000FFFFEF7F8864041078640410FC640410FA
:10261000109C002654F8043B1B961193002B00F0ED
:10262000EB8417F010010B9B149140F00784002BF2
:10263000C0F22686119E1A469A46304602F00CF9E0
:1026400008B1A0EB060ABAF1270F00F29286BAF1A0
:10265000000F00F01987002344A80F93119B021F5D
:10266000013B03EB0A0613F8011FB34242F8041FB3
:10267000F9D1119000EB8A00CDF834A0CDF820A05C
:1026800000231094099703600B931B9BB9E647F056
:102690002007DBF800505CE5652D40F21481002234
:1026A0000023DDE91201C2F775FD002800F0F18179
:1026B000249B0134AE4A01332594C9F8002001223D
:1026C000072B2493C9F8042000F3728409F1080948
:1026D000DDE91E35AB4203DB099BD8077FF536AE3B
:1026E0001CAB01340122C9F80030249B259401332E
:1026F000C9F80420072B249300F3CD8409F10809BD
:10270000013D002D7FF722AE102D249B994F40F301
:10271000C38022461026DDF828A00E9C03E0103D61
:10272000102D40F3B88001331032072BC9E9007631
:10273000CDE9243209F10809F1DD23AA21465046EA
:1027400000F0D0FF00287FF48EAD0DF1D009DDE957
:102750002432E4E7089BA8EB0306002E7FF7DCADEC
:10276000102E249B834F26DD214619954FF0100A29
:102770001A460A9C0E9D02E0103E102E18DD013212
:102780001031072AC9E9007ACDE9242109F10809A5
:10279000F2DD23AA2946204600F0A4FF00287FF49A
:1027A00062AD103E0DF1D009102EDDE92421E6DCEA
:1027B000199D0C46134601333444C9F80070072BA9
:1027C000C9F80460CDE9243400F321840B9B09F19E
:1027D00008090D9A9E1A002E7FF7A4AD102E249B97
:1027E000644F28DD21464FF0100A34461A462E4623
:1027F0000E9D02E0103C102C19DD013210315D4BB2
:10280000072AC9E9003ACDE9242109F10809F1DDD7
:1028100023AA29460A980DF1D00900F063FF002889
:102820007FF421AD103C102CDDE92421E5DC354698
:10283000134626460C4601333444C9F80070072B72
:10284000C9F80460CDE9243400F3118209F10809C4
:1028500068E5099F012900F0B881022900F09D81F7
:102860006CAC03F00701DB08204643EA42733031C9
:10287000D20844F8041D53EA0206F2D1302911941B
:1028800002D0FB0700F1FA826CAB119A09979B1AF0
:102890009B100D936BE614462C44C9F80070C9F8E0
:1028A00004500133072BCDE924347FF74DAD23AA23
:1028B0000E990A9800F016FF00287FF4D4AC259CEE
:1028C0000DF1D00942E51F9F0134249D09F108064E
:1028D000012F05F1010540F38581119B072DC9F8F2
:1028E00000304FF00103CDE92454C9F8043000F35F
:1028F000DA8101351CAB01343360072D4FF0010341
:10290000CDE92454736000F3C2810836002200230D
:1029100007F1FF3ADDE91201C2F73CFC002840F064
:102920007D810135119B5444C6F804A00433072D62
:102930003360CDE9245400F365810836159B0135D9
:102940001C447360072D26ABCDE924543360AEDC04
:1029500006F10809FAE4102E249A074F30DD4946A3
:102960002046C1460A9CA84619930E9D09E000BF67
:102970005C650410289C0410E89B0410103E102E87
:1029800019DD0132103010230F60072A01F1080110
:1029900041F8043CCDE92420F0DD294623AA204655
:1029A00000F0A0FE34A900287FF45DAC103E102E8C
:1029B000DDE92420E5DC4546199BC84604468946E6
:1029C00001323444C9F80070072AC9F80460CDE91F
:1029D000242400F3DE8209F1080975E423AA0E9984
:1029E0000A98199300F07EFE00287FF43CAC259CE9
:1029F0000DF1D009199B79E423AA0E990A9819932D
:102A000000F070FE00287FF42EAC259C0DF1D0095B
:102A1000199B7EE4102D249BB44F22DD2246102604
:102A2000DDF828A00E9C02E0103D102D18DD0133CA
:102A30001032072BC9E90076CDE9243209F10809E3
:102A4000F2DD23AA214650460DF1D00900F04AFEDE
:102A500000287FF408AC103D102DDDE92432E6DCBF
:102A6000144601332C44072BC9E90075CDE9243401
:102A70007FF775AC23AA0E990A9800F033FE002860
:102A80007FF4F1AB259C6AE46CAB0B900D90119335
:102A90006DE51E9A0DF1780A002A40F34F821F9BC4
:102AA000149A43F31D060B939B0096420D93A8BF07
:102AB0001646002E0CDD119B3444C9E90036249BD8
:102AC00025940133072B249300F3358409F1080979
:102AD000149D002EA8BFAD1B002D00F3F081149BA8
:102AE000DAF800509F000B9BAB4240F3D4811CAB43
:102AF00001340122C9F80030249B25940133C9F820
:102B00000420072B249300F3AD8309F108090D9BE2
:102B1000DE1B0B9BB6105D1BAE42A8BF2E46002EDF
:102B20000FDD119B3444C9F804603B442594C9F877
:102B30000030249B0133072B249300F3098409F10F
:102B40000809002EA8BFAD1B002D7FF7FFAB102D8D
:102B5000249B674F7FF7A0AE22461026DDF828A001
:102B60000E9C03E0103D102D7FF795AE013310321F
:102B7000072BC9E90076CDE9243209F10809F1DD16
:102B800023AA2146504600F0ADFD00287FF46BAB30
:102B90000DF1D009DDE92432E4E76CA9189C03F0BB
:102BA0000F001B0954F8200043EA0273120941F890
:102BB000040D53EA0200F2D10A4611916CAB099759
:102BC0009B1A9B100D93D2E4099F0A2B72F100010E
:102BD00080F02A82303309976B9301230D936BABFE
:102BE0001193C4E4099BDA073FF577AE119B072DDB
:102BF000C9F800304FF00103CDE92454C9F804307E
:102C00007FF79CAE23AA0E990A9800F06BFD00286E
:102C10007FF429AB34AEDDE924548FE6012F7FF732
:102C20008DAE112F324F40F3FB8222464FF0100938
:102C30003C460E9F05E0AAF1100ABAF1100F40F3CE
:102C4000ED8201351032072DC6E90049CDE9245245
:102C500006F10806EFDD23AA39460A9800F042FD86
:102C600000287FF400AB34AEDDE92452E3E723AA69
:102C70000E990A9800F036FD00287FF4F4AA259CEE
:102C80000DF1D009FFF74EBB6CAB11936FE423AA93
:102C90000E990A9800F026FD00287FF4E4AA34AECD
:102CA000DDE9245432E623AA0E990A9800F01AFDB1
:102CB00000287FF4D8AA34AEDDE9245419E6109B2D
:102CC0000121073323F0070318465A6850F8083BE0
:102CD00010902CE4FC0600F11881780640F1158173
:102CE000109B0C9A1B681A8067E400BFE89B0410D5
:102CF000289C0410109B0021073323F0070318467B
:102D00005A6850F8083B109011E4109AFE0652F8E9
:102D1000043B109200F1FF807C0640F1FC8043F3FD
:102D2000C0321BB21146FFF788BBDDE91201024633
:102D30000B46C2F71DFA0446002840F098830B9A10
:102D400047F48073501C099300F0898225F020031A
:102D5000472B02D1002A00F0C6811FAB44AC0DF115
:102D6000780A1DAE0A980694CDF80CA00296CDE91B
:102D70000453099B01930B9B009328230793DDE9E0
:102D80001223FFF7E5F8A042119000F0FE82002325
:102D90000F9325F02003DAF80020472B149200F05F
:102DA000C081662D40F0C781149907F001030B9A8A
:102DB000002943EA020340F39782002B40F06E8320
:102DC000149B08930D933368002B00F0B0822D23E1
:102DD0001B9300230B93FFF715BBB54B17F0200295
:102DE00018931CD0109B073323F0070319465A6829
:102DF00051F8083B1091F90740F19B8053EA02011A
:102E000000F09780302147F00207219520910221A0
:102E1000FFF78DBBA74B17F020021893E2D1109853
:102E200017F0100150F8043B40F0868017F0400284
:102E300000F082809BB20A461090DCE7002BC0F2C3
:102E400033821A4631461198FAF746F90F90002856
:102E500000F0F5820F9B119A10949B1A0B9A099718
:102E60009B100B960F969A421496A8BF1A461B9B6E
:102E700022EAE2710D920891FFF7C3BA3023119A4A
:102E80000838099742F8043C6CAB11901B1A9B1050
:102E90000D93FFF76CBB099BD9077FF538AE26E68B
:102EA00040210A98F6F700FF0E9B18601861002871
:102EB00000F0308340230E9A5361FFF707B9102DBD
:102EC000249B7D4F40F3BE81214610263C461A4686
:102ED0000E9F03E0103D102D40F3B18101321031FF
:102EE000072AC9E90046CDE9242109F10809F1DDE5
:102EF00023AA39460A9800F0F5FB00287FF4B3A90D
:102F00000DF1D009DDE92421E4E7109B0C9A1B6840
:102F10001A60FFF752BBDA1711460029BFF690AAD4
:102F20005B424FF02D004FF0010162EB4202FFF7D0
:102F3000FFBA0221FFF7FBBA10905CE7249B013433
:102F40005E4901332594C9F800100121072B249311
:102F5000C9F8041000F39A8109F10809002A40F029
:102F60004281099B1F9A03F0010313433FF4EEA92A
:102F70001CAB01340121C9F80030249B2594013396
:102F8000C9F80410072B249300F3B58109F108094F
:102F90003CE123AA0E990A98199300F0A3FB00289C
:102FA0007FF461A9259C0DF1D009199BFFF78CB91D
:102FB00023AA0E990A9800F095FB00287FF453A9E4
:102FC000259C0DF1D009FFF783BBDBF8045047F0D7
:102FD00020070BF1040BFFF7BCB8F4F7FBFE421C13
:102FE0007FF491AA0E9A938943F0400393814FF0A6
:102FF000FF330C93FFF744B90B9B314A062B109417
:10300000119228BF06230D930893FFF74CB923AA0A
:103010000E990A9800F066FB00287FF424A9259CED
:103020000DF1D009FFF778B96CA926484FF0CC3CD8
:103030000526CDE908750D4699181F46144641F13D
:103040000001A0FB01EA2AF0030E0EEB9A0EA1EBA1
:103050000E015B1A62F1000E0CFB03F200FB0E2264
:10306000A3FB00E31A440EF001034FEA5E0EA3FB3C
:10307000063A59180A2F4EEAC27301F1300174F171
:1030800000044FEA520245F8041DD5D22A46119594
:10309000089F099D92E523AA0E990A9800F022FB49
:1030A00000287FF4E0A8259C0DF1D009FFF728BB8C
:1030B000B8640410FC640410289C04105C650410BF
:1030C00040650410CDCCCCCC259B002B3FF4D1A87F
:1030D0000E9C23AA0A98214600F004FBA38903F062
:1030E0004003FFF7CAB81FAB01210DF1780A1DAEEE
:1030F00000910A98CDF80CA00296CDE90453099BE3
:1031000001932823079344AB0693DDE91223FEF7CE
:103110001FFF44AA01211190904200F0F2810F9408
:103120000B91DAF800201F9BD11C149202DB0B9943
:103130008A424BDD023D149B2695591E0029CAF890
:103140000010C0F2C0802B230929279340F343814C
:1031500034ACDFF8D4C3ACFB013E0A462046043C45
:103160004FEADE0E632A0EEB8E03A1EB430371469A
:1031700003F1300340F8043CEDDCA0F1080334AA6D
:103180003031934244F8041C80F0C18127AA53F8DF
:10319000041B42F8041F34A98B42F8D30DF1D70366
:1031A0001B1A23F003030C339B1015931F9B159AD6
:1031B000012B1A440D9240F315810D9B002201331F
:1031C00014920D9323EAE3730893FCE5149A9A4250
:1031D0007DDBFF07149B00F1698123EAE372672519
:1031E0000D930892EFE51CAB01340121C9F80030C2
:1031F000249B25940133C9F80410072B24937ADC0F
:1032000009F10809002AC0F2F6801F9A11991444A6
:10321000C9F80420C9F80010FFF743BB274614463D
:10322000013554443760072DC6F804A0CDE9245475
:103230007FF783ABE6E42D231B93FFF7D2B8274635
:1032400013460C4601332C44C9F80070072BC9F80B
:103250000450CDE924345DDC09F108093FE406237C
:103260000B937AE523AA0E990A9800F03BFA0028FE
:103270007EF4F9AFDAF800500DF1D009259C46E450
:103280001198FAF71FFE8246FFF7DDB923AA0E99BF
:103290000A9800F027FA00287EF4E5AF259C0DF18E
:1032A000D009DAF8002059E61198F8F7BDFA20EABB
:1032B000E0711B9B0B9610940D9009970F96089147
:1032C0001496FFF79EB8C3F101012D233CE7149A31
:1032D0006725002AD4BFC2F102020122D3180D9340
:1032E00023EAE37308936EE5002B40F0E6800123A8
:1032F00008930D9367E523AA0E990A9800F0F2F956
:1033000000287EF4B0AFDAF800200DF1D009DDE935
:10331000243477E723AA0E990A9800F0E3F90028ED
:103320007EF4A1AF259C0DF1D009FFF7D8BB0B931C
:103330001B9BFFF766B823AA0E990A9800F0D2F9F2
:1033400000287EF490AF259C0DF1D009FFF7C0BB9B
:1033500023AA0E990A9800F0C5F900287EF483AFDD
:10336000DAF800500DF1D0090B9B259C5D1BFFF78F
:10337000E8BB0AF101010A988900F6F795FC0028DC
:103380003FF430AE0F90FFF769B91F9B282B7FF7F2
:10339000FEAC99000A980893F6F786FC089B0F90FC
:1033A00000283FF41FAE07930F9B0A9806931FABAC
:1033B000CDE90453099B01930B9BCDE9026A00936D
:1033C000DDE91223FEF7C4FD1190E2E400238B46F1
:1033D0000B93FEF7C0BE302330312893042329918C
:1033E0001593E3E617F0010314937FF4E6AE22EAA7
:1033F000E2730893E7E455421032484F2ADA224636
:103400001026DDF828A00E9C02E0103D102D20DDD6
:1034100001331032072BC9E90076CDE9243209F1D6
:103420000809F2DD23AA2146504600F05BF9002886
:103430007EF419AF0DF1D009DDE92432E5E70B9BED
:10344000109408930D9309971B9B0B901490FEF713
:10345000D8BF144601332C44C9F80070072BC9F8B3
:103460000450CDE9243432DC09F10809CDE6139B80
:10347000002B29DB1B9B27F08002002028490992A2
:103480000F90284AFEF7B4BF44A8CDF820A0CDF88D
:1034900034A01190CDF83CA0FFF7F2B813460133E9
:1034A0000B440D9323EAE37308938CE401336725FF
:1034B0000D9323EAE373089385E40B9B02330D938A
:1034C00023EAE37308937EE42D231B93D3E723AA17
:1034D0000E990A9800F006F900287EF4C4AE259CE7
:1034E0000DF1D0091F9A249B90E6109BDBF8045045
:1034F0008B4653F8042B42EAE27210930B92FEF7CC
:1035000028BE1F9B282B7FF70AAE0B9141E70223B1
:1035100015934BE60C230A9A136068E5289C041067
:10352000A864041098640410CDCCCCCCFF2809D832
:10353000054B185C00F00300A0F10100B0FA80F028
:1035400040097047002070471999041038B50446A7
:103550000D46FDF785FE00B938BD29462046FDF72A
:1035600019FDB0FA80F0400938BD00BF38B500221F
:10357000064D044608462A60C3F7BEFD431C00D032
:1035800038BD2B68002BFBD0236038BDE43700200A
:10359000002301461A461846F8F7D8BC2DE9F8432F
:1035A000154692682C68FAB180468946083401E0D5
:1035B0000834CFB16B681746591E002B696013DDC4
:1035C00054F8046C002EF3D0334654F8082C4946C6
:1035D000404600F0B3F8431C07D0AA680834921B99
:1035E0001746AA60002FE5D100200023C5E901336A
:1035F000BDE8F883FF2804D8034B185C00F01000E6
:1036000070470020704700BF1999041038B5074D66
:10361000074C2C1BA41005D0013C55F8043D9847DD
:10362000002CF9D1BDE83840C3F71EBD6049041035
:10363000604904100EB470B59DB000254FF40172BE
:1036400021AC1B95ADF8142054F8046B0290069041
:10365000FAF738FC0B4903464FF6FF7032460A91E1
:103660000949ADF81600039307932346086802A999
:103670000E9513950194FAF731FD1DB0BDE8704029
:1036800003B0704735BD0310002B00200CB4F0B51B
:103690009DB000254FF40173064622AC0846ADF8F4
:1036A000143054F8047B1B9502910691FAF70AFC3A
:1036B0000B4903460E953A4613954FF6FF75039353
:1036C0003046079323460A9102A9ADF8165001949B
:1036D000FAF704FD1DB0BDE8F04002B0704700BF2E
:1036E00035BD03102DE9F843154692682C68FAB1F0
:1036F00080468946083401E00834CFB16B6817462C
:10370000591E002B696013DD54F8046C002EF3D0B1
:10371000B30054F8082C4946404600F00FF8431C0B
:1037200007D0AA680834921B1746AA60002FE5D17B
:1037300000200023C5E90133BDE8F8832DE9F047F7
:103740008E6881460C461D469E429046086836D8D3
:10375000B1F90C3013F4906F0DD135462A4641462D
:1037600001F0BEF8A26823680020921B2B44A260DF
:103770002360BDE8F0876769096917EB4707A0EB8D
:10378000010A05F1010048BF013750447F10B842DB
:103790003A4601D9074602465B0512D5114648460E
:1037A000F6F782FA0646F8B15246216901F068F848
:1037B000A38923F4906343F08003A38106E01E46AF
:1037C000CCE74846F8F728FD064648B106EB0A0064
:1037D000A7EB0A0326612E466761A3602060BDE760
:1037E00021694846F6F76CFDA3890C224FF0FF30A3
:1037F00043F04003C9F80020A381BAE700000000AD
:103800002DE9F04F036985B00C69A342C0F29080A6
:10381000013C01F1140500F11408814655F82430EB
:103820004FEA840C58F8242005EB8407013308EB99
:10383000840B9A42B2FBF3F642D30020AA46C64656
:10384000CDF80C8003468846CDE901C505465AF8F7
:10385000042BDEF8001090B257454FEA124C06FBDD
:1038600000508AB24FEA104580B206FB0C55A2EB1D
:1038700000021A44ABB24FEA1545C3EB224392B2A1
:1038800003EB114342EA03424FEA23434EF8042B71
:10389000DDD24146DDF80C80DDE901C558F80C3079
:1038A00073B9ABF1040BD84504D307E0D84504F154
:1038B000FF3403D25BF80439002BF7D0C9F810406D
:1038C0004846FCF7E3FB00282EDB002241469446E5
:1038D00055F8040B0B681FFA80FEAF429AB24FEA0C
:1038E0001040A2EB0E026244C0EB224092B200EB09
:1038F000134042EA00424FEA204C41F8042BE7D241
:1039000058F8242008EB84036AB9043B434504D8E3
:1039100007E0984504F1FF3403D253F80429002A44
:10392000F7D0C9F810400136304605B0BDE8F08F39
:10393000002005B0BDE8F08F2DE9F04F816B9DB000
:1039400016461F460446299DCDE9046741B1C26B66
:10395000012393404A608B60FCF7E2F80023A363E5
:10396000B7F10009C0F2B48000232B607C4B33EA2E
:10397000090300F0B880002200239DED047B51EC88
:10398000170B8DED027BC1F705FC804668B1012362
:10399000289A13602A9B13B1724B2A9A1360DFF89E
:1039A000D08140461DB0BDE8F08F1AAB2046019390
:1039B0001BAB0093DDE90223FCF7D2FC83465FEAF0
:1039C000195540F0A780DDE91A85454405F23243D8
:1039D000202B40F34982C3F1400309FA03F905F2B1
:1039E000124326FA03F349EA0300C1F78BFB013DBA
:1039F0000123A1F1F871149300225B4BC1F7DCFAAB
:103A000051A3D3E90023C1F7EBFA51A3D3E9002373
:103A1000C1F7BEFA06460F462846C1F761FB4EA322
:103A2000D3E90023C1F7DCFA02460B46304639469B
:103A3000C1F7AEFA06460F46C1F776FB0022814673
:103A40000890002330463946C1F7B6FB002840F005
:103A5000FD81A8EB0508089D162D08F1FF3A00F23C
:103A6000A481424B03EBC503DDE90201D3E9002346
:103A7000C1F7A2FB002800F081806B1EBAF1000F95
:103A800008934FF000031193C0F2958100230A932D
:103A9000089B002B78DA089B0A9A0B93D21A0A9299
:103AA0005A42002310920893269B092B74D8052BA9
:103AB00040F3DF81043B00252693269B023B032B2A
:103AC00000F28786DFE813F0FF03FC03F203D8035C
:103AD000012329F000492B60214BCDF8149033EAE3
:103AE00009037FF448AFC9F3130942F20F73289A10
:103AF00059EA060913601DD02A9BDFF87880002B55
:103B00003FF44FAF08F103032A9A404613601DB0FB
:103B1000BDE8F08FDDE90212CDF85080A5F2FF3547
:103B2000C2F313030846DDF8688043F07F5141F487
:103B3000401161E72A9BDFF84080002B3FF431AF52
:103B400008F10803E0E700BF61436F63A787D23F36
:103B5000B3C8608B288AC63FFB799F501344D33F7C
:103B60000000F07FA54A04100000F83F509A0410AE
:103B7000A44A0410D0590410C4590410B8F1000F1D
:103B800040F31A8511900A90089B9A440B930023E6
:103B90001093269B092B8AD900230125CDE92633D2
:103BA0004FF0FF330C9509930021099BE1631593B6
:103BB0002046FBF78FFF0790002800F01286099B34
:103BC0000E2B8CBF002505F00105079BA363002D7C
:103BD00000F01E810B99002940F35C81A64B01F097
:103BE0000F02C8054FEA211503EBC203D3E90067B2
:103BF00040F12183A14B05F00F054FF00308D3E9F5
:103C00000823DDE90201C1F70FFACDE90E018DB1FC
:103C1000DFF86892E90709D53046394608F101080E
:103C2000D9E90023C1F7DCF906460F466D1009F10A
:103C30000809EFD132463B46DDE90E01C1F7F4F940
:103C4000CDE91201119B53B100228D4BDDE91267C2
:103C500030463946C1F7B0FA002840F0B4844046F7
:103C6000C1F73EFADDE91223C1F7BAF9854B00220C
:103C7000C1F78EF9099B0646A1F15077002B00F0A1
:103C8000AE800B9B0E93099B18937B4AB046189B02
:103C9000B94602EBC303DDE9126713ED027B394637
:103CA00030468DED167BC1F73FFA0546C1F718FA8D
:103CB00002460B46304639463035C1F77DF9079B41
:103CC0000F460C995A1C0646EDB21292DDE91623F6
:103CD000002900F0FB8200206B49C1F7A5F942469C
:103CE0004B46C1F769F9079B324680461D703B463B
:103CF0008946C1F79DFA002840F05385CDF864A0AD
:103D00000025CDF858B0DDF848A0DDF860B0189473
:103D10002AE001355D4580F2CD84404649460022C7
:103D20005A4BC1F75DF90022584B80468946304610
:103D30003946C1F755F90F460646C1F7F5F904466D
:103D4000C1F7CEF902460B46303430463946C1F74A
:103D500033F942464B460AF8014B06460F46C1F777
:103D60002BFA002840F0AD8432463B4600204449FF
:103D7000C1F722F942464B46C1F71EFA0028C8D0C7
:103D8000DDF858B05546189C079902E0A94200F0AA
:103D90006D842A4615F8013D392BF7D00133DBB28B
:103DA0002B70DDF81C8007921BE10123BAF1000F94
:103DB0001193BFF66BAEC8F101034FF0000A0A93EE
:103DC00066E64046C1F78CF9DDE91223C1F708F930
:103DD00000222C4BC1F7DCF80646A1F150770022F7
:103DE0002B4BDDE91201C1F7E7F832463B4680462E
:103DF0008946C1F71DFA002840F01884404649461C
:103E0000324607F10043C1F7D7F9002840F0858119
:103E10001B9B002B03DB0B9A0E2A40F361810C9A4B
:103E2000002A68D0269A012A40F3F583099B109A4C
:103E30005D1EAA42C0F22C83002BA2EB050580F286
:103E40007D84DDE90923A3EB02082EE34846C1F790
:103E500047F932463B46C1F79DF900287FF4F9AD9A
:103E600009F1FF330893F4E5C3F1200306FA03F0E8
:103E7000BBE5012521E600BF509A0410409B0410C9
:103E80000000F03F00001C400000E03F0000244024
:103E90000000144000F0F4820B9B5E42B24B06F02F
:103EA0000F0203EBC203DDE90201D3E90023C1F7EE
:103EB00097F83611CDE90E0100F06584AB4F002371
:103EC0004FF00208CDE91201F20706D508F101080A
:103ED000D7E90023C1F784F82B46761007F10807CD
:103EE000F2D1CDE91201002B7FF4ACAE9DED0E7B3B
:103EF0008DED127BA6E60023109DDDF828801E467E
:103F00000C93B8F1000F0DDDBAF1000F0ADDD045BA
:103F100043460A9AA8BF5346D21AA8EB0308AAEB55
:103F2000030A0A92109B53B10C9B13B1002D40F071
:103F3000D0825946109A2046FBF7DAFF83460121CA
:103F40002046FBF7F5FE089B0746002B40F05E81FC
:103F5000269B012B40F376810123534413F01F036A
:103F600008D0C3F12002042A00F3688208D0C3F10C
:103F70003C0300E01C230A9A98449A441A440A928B
:103F80000A9B002B05DD59461A462046FCF70AF825
:103F90008346BAF1000F05DD394652462046FCF74C
:103FA00001F80746269B022B119BD4BF0025012553
:103FB000002B40F0B580099B002B26DC2DB3099B1C
:103FC000002B00F03E82279BDDF81C80DB430E9324
:103FD00039462046FBF7A4FD1EB131462046FBF7CB
:103FE0009FFD59462046FBF79BFD00220E9B07993B
:103FF00001330A70289A13602A9B002B3FF4D1AC3E
:10400000404619601DB0BDE8F08F0C9B002B00F0FE
:10401000A480B8F1000F05DD314642462046FBF78B
:10402000C1FF0646089B002B40F02D83B146079D3B
:10403000099A6B1E02971A44049B03F0010309922C
:104040000A9302995846FFF7DBFB314682465846F1
:10405000FCF71CF8029980464A4620460AF13007D0
:10406000FCF736F8C3680146002B40F04D820890FB
:104070005846FCF70BF8089908902046FBF750FDCE
:10408000269B089A134340F07B820A9B002B00F08A
:104090005E83B8F1000FC0F25783099BA846AB427C
:1040A00008F8017B00F03D83594600230A22204690
:1040B000FBF740FD4E45834631464FF000034FF07D
:1040C0000A02204600F05682FBF734FD49460646B8
:1040D00000230A222046FBF72DFD45468146B0E726
:1040E000214B03EBC203D3E9009A279B002B80F2FC
:1040F0000682099B002B00F3028273B900221C4B3D
:1041000048465146C0F76CFF02460B46DDE9020106
:10411000C1F766F8002800F0898200273E4652E782
:1041200039465846FBF7B2FF0028BFF644AF0B9B59
:1041300059460A222046013B0B930023FBF7FAFC69
:104140000C9B8346002B40F00D83159B002B159B89
:10415000099302DC002D7FF432AFDDF81C800125CD
:10416000DDF824900EE000BF509A0410409B04102C
:1041700000001440594600230A222046FBF7DAFCCF
:104180000135834639465846FFF73AFB4D4500F165
:10419000300308F8013BEDDB099A0025002ACCBF6B
:1041A00090464FF00108079A904459460122204654
:1041B0000293FBF7F7FE39468346FBF767FF0028BB
:1041C00040F33982079A02E0904500F0438218F8E4
:1041D000013CC24608F1FF38392BF5D0013388F88D
:1041E00000300B9B0E9339462046FBF799FC002EBE
:1041F00000F037822DB1B54203D029462046FBF7A7
:104200008FFCDDF81C80CDF81CA0E6E601461A46BE
:104210002046FBF76DFE269B0746012B40F34B81A2
:10422000002308933B6907EB83031869FBF72CFD18
:10423000C0F1200391E69DED027B4FF002088DED69
:104240000E7BE4E4049B002B7FF486AEDDE90412D0
:10425000C2F31303002B7FF47FAEC24B13402BB18C
:104260000A9B0AF1010A01330A930123089A089371
:10427000002A3FF471AED5E701230C93279B0B9ADC
:10428000134415930133012B1E460993B8BF012631
:10429000172E40F39482012204235B001146013261
:1042A00003F11400B042F8D9E16381E401230C93D7
:1042B000279B002B40F37B811E4615930993E7E76C
:1042C00000230C93DAE700230C93F1E740464946BC
:1042D000C0F786FE079B1D70189B012BCDE90C01D2
:1042E00000F03E82189D079BDDF848801D440022A7
:1042F0009D4B30463946C0F773FE0F460646C0F761
:1043000013FF8146C0F7ECFE02460B4609F1300967
:1043100030463946C0F750FE08F8019B4545064631
:104320000F46E4D10022914BDDE90C894046494615
:10433000C0F72EFE32463B46C0F73EFF002840F055
:104340009F8142464B4600208849C0F735FE3246E1
:104350003B46C0F76DFF002840F08C801B9B002B74
:10436000FFF6C9AD0B9B0E2B3FF7C5AD804B0B9AEB
:10437000DDF81C8003EBC203D3E9009ADDE9026794
:104380004A46534630463946C0F74EFEC0F7CCFE8B
:104390000546C0F7A5FE4A465346C0F721FE024631
:1043A0000B4630463946C0F707FE05F13003079A41
:1043B0001370099B012B129B00F0F881C3F10102DD
:1043C000CDF808B0CDF81080984608941446DDF872
:1043D00024B01DE04A46534630463946C0F724FE15
:1043E000C0F7A2FE0546C0F77BFE4A465346C0F71B
:1043F000F7FD0B46024639463046C0F7DDFD05F1B4
:10440000300308F8013B08EB04035B4500F06381CF
:104410000022554BC0F7E4FD0022002306460F465C
:10442000C0F7B8FE0028D5D0CDF81C80DDF808B064
:10443000DDF81080089C0B9B0E93D2E5C3F11C03A2
:1044400099E5394605222046FBF774FB0746584696
:104450003946FBF71BFE00287FF7B5ADDDF81C8061
:10446000079B013307930B9B01330E93312388F88D
:104470000030ADE52A4615F8013D302BFAD090E426
:104480009DED027B4FF002088DED127BFFF7DABB4A
:10449000109B089AEB1A109500251A44099B089264
:1044A0009A440A9A90461A440A9201212046FBF740
:1044B0003FFC064625E5049B002B7FF4B1AEDDE909
:1044C0000401C1F313030A46002B3FF4C6AE089063
:1044D000A8E631462A462046FBF70AFD06465A461C
:1044E00020463146FBF752FC594683462046FBF7EF
:1044F00017FB109B5B1B10933FF421AD19E5079B45
:104500005A1C9846129239E720460897029FFBF7FB
:1045100007FBB8F1000F089B08DB049A269902F00C
:10452000010241EA080852EA08023AD1594601223A
:1045300020460293FBF736FD39468346FBF7A6FD7E
:104540000028029B40F32781392B00F0EF800AF10D
:104550003103AA460AF8013B35460B9B4E460E93A3
:1045600041E600BF0000F07F000024400000E03F73
:10457000509A0410FBF7DEFA45460646814660E590
:10458000B8F1000FC0F21F81269B43EA08080A9B7E
:1045900053EA080800F01781002A7FF77EAD3B46FA
:1045A000029F392B00F0C280AA460133D2E70123D3
:1045B00027930993FFF7F8BAC8F1010382461190D7
:1045C0000A93FFF7E1BA099B002B3FF4FAAB159D64
:1045D000002D7FF71DAC0B9B304639460022013B76
:1045E0000E93894BC0F7FCFC02460F4608F1010010
:1045F0001646CDE91267C0F773FD32463B46C0F759
:10460000EFFC0022814BC0F7C3FC18950646A1F1D0
:104610005077FFF73ABB149A72B303F233430A9A06
:104620009A44109D90461A440A923EE70027DDF80E
:104630001C803E4614E703D1029BDB073FF5C2AD69
:1046400018F8013CC24608F1FF38302BF8D00B9B1C
:104650000E93C8E50B9B079A01330E933123137019
:10466000C1E5DDF81C80CDF81CA0BAE40E9B013337
:104670000E933123FFF794BB1A9BC3F13603CEE7A9
:104680000799FFF786BB71682046FBF723FA0546BA
:10469000002800F08D80336906F10C010C300233E4
:1046A0009A0000F0EDF8294601222046FBF77AFC3B
:1046B0008146BCE4DDF864A0DDF858B0189CFFF733
:1046C000A7BBDDF81C80DDF858B0189CCDF848A0D9
:1046D000CDF81CA085E4CDF81C80DDF808B0DDF82D
:1046E0001080089C02460B46C0F752FC4A465346CF
:1046F00006460F46C0F79CFD58B94A465346304619
:104700003946C0F747FD00283FF495AEE9077FF52D
:1047100092AE0B9B4146079D0E93CDF81C80FFF790
:1047200038BB3B463546029F4E463EE5A8463923F8
:104730003546079A4E4608F8013B48E50A9A9A44DE
:1047400090461A440A92B0E63B46029F01E73B4678
:10475000029F392BEAD0B8F1000F3FF7F8AEF8E628
:10476000129DDFE5314600230A222046FBF7E2F9DD
:10477000159B0646002B159B09933FF74AAC002D6D
:104780007FF41DAC45E49DED0E7B4FF002088DEDEE
:10479000127BFFF757BA7FF4DCAEDA077FF5D9AEAC
:1047A000D2E6129BDDF81C8007931AE4079399E781
:1047B0000246174B40F2EF211648C2F7A7FC002132
:1047C000E163FFF7F5B9002A3B46029F3FF7AEAE23
:1047D000BFE6002520462946E563FBF77BF90790F5
:1047E00030B90B4B002240F2AF110A48C2F78EFCE1
:1047F000079B01222795A3634FF0FF330C9215937B
:104800000993FFF705BB00BF0000244000001C40D7
:10481000F8500410D45904105FF800F0090B002080
:104820005FF800F0E52300205FF800F0AD02002003
:104830005FF800F0FD1700205FF800F0650200202F
:104840005FF800F0F50100205FF800F0D9230020A8
:104850005FF800F0091800205FF800F0AD24002098
:104860005FF800F0452600205FF800F08910002076
:104870005FF800F0E91F00205FF800F0C51F00207E
:104880005FF800F0A12600205FF800F0F923002077
:104890005FF800F0110100205FF800F0A11F002078
:1048A0005FF800F0551800205FF800F0910A002032
:1048B0005FF800F0092400205FF800F039110020B3
:1048C0005FF800F0F91700205FF800F0690A002097
:1048D0005FF800F0AD2300205FF800F02D0200200B
:1048E0005FF800F0452500205FF800F0C50A0020C1
:1048F0005FF800F0FF230020E14D0010554D00103F
:10490000894D0010714E0010C14D0010D94C00109F
:10491000094E0010C54C0010794100100D4E0010DA
:1049200049450010254D0010F54D0010A54D001013
:10493000693D0010913D0010BD120410ED9A001069
:1049400045790010995F011091DD0110ED80021092
:10495000D5300310053A0310016503109967031061
:10496000496E70757420537461746573203A200029
:104970000A000000202D2072656D6F74655F636F03
:104980006E74726F6C203A2020200000200000001E
:1049900020487A2000000000206D730A000000000B
:1049A000202D207072696D6172795F617474697411
:1049B000756465203A200000202D206261636B75CC
:1049C000705F6174746974756465203A202000001A
:1049D000202D20616C746974756465203A20202054
:1049E0002020202020200000202D2062617474658A
:1049F00072795F6C6576656C203A2020202000007B
:104A00000A2A2A2A2050414E4943202A2A2A0A00EB
:104A10004E6F207370696E6C6F636B73206172658B
:104A200020617661696C61626C6500004E6F207573
:104A300073657220495251732061726520617661FD
:104A4000696C61626C6500004861726477617265CF
:104A500020616C61726D20256420616C72656164F7
:104A60007920636C61696D6564000000486172645F
:104A700020617373657274004F7574206F66206DCA
:104A8000656D6F727900000052656C656173650039
:104A9000626F6F74325F77323571303830000000EA
:104AA000322E332E300000007069636F325F770062
:104AB000666C696768745F636F6E74726F6C6C6547
:104AC00072000000417567203130203230323600EC
:104AD000666E692B00000000666E69006E616E00F4
:104AE000666E692D000000002C2066756E63746987
:104AF0006F6E3A2000000000617373657274696F15
:104B00006E2022257322206661696C65643A2066F6
:104B1000696C6520222573222C206C696E65202526
:104B200064257325730A0000726563757273697674
:104B3000652043585820696E697469616C697A65AB
:104B40007200000055534220737464696E202F2058
:104B50007374646F75740000526173706265727271
:104B600079205069000000005069636F0000000068
:104B7000426F6172642043444300000052657365D4
:104B800074000000556E68616E646C656420495263
:104B90005120307825780A00657020253032582061
:104BA00077617320616C72656164792061766169F7
:104BB0006C61626C6500000043616E277420636F56
:104BC0006E74696E75652078666572206F6E2069F7
:104BD0006E616374697665206570202530325800F7
:104BE000747275650000000066616C7365000000FA
:104BF000EFBBBF00756E696E697469616C697A6537
:104C000064205F5F616E795F737472696E67000024
:104C100062617369635F737472696E673A3A5F5376
:104C20005F636F6E737472756374206E756C6C2045
:104C30006E6F742076616C696400000063616E6E53
:104C40006F7420637265617465207368696D206696
:104C50006F7220756E6B6E6F776E206C6F63616C18
:104C6000653A3A66616365740000000025733A2076
:104C70005F5F706F732028776869636820697320AD
:104C8000257A7529203E20746869732D3E73697AF0
:104C90006528292028776869636820697320257A48
:104CA0007529000062617369635F737472696E676E
:104CB0003A3A636F7079000062617369635F73747D
:104CC00072696E673A3A5F535F637265617465003B
:104CD00062617369635F737472696E673A3A5F4DBC
:104CE0005F7265706C6163655F61757800000000DC
:104CF00062617369635F737472696E673A3A617374
:104D00007369676E0000000062617369635F7374AA
:104D100072696E673A3A617070656E6400000000F7
:104D200062617369635F737472696E673A3A726540
:104D300073697A65000000007370616365000000AC
:104D40007072696E74000000636E74726C00000013
:104D500075707065720000006C6F776572000000FE
:104D6000616C70686100000064696769740000002C
:104D700070756E6374000000786469676974000080
:104D8000616C6E756D0000006772617068000000F4
:104D900062617369635F737472696E673A20636FEF
:104DA0006E737472756374696F6E2066726F6D20B6
:104DB0006E756C6C206973206E6F742076616C69FF
:104DC0006400000062617369635F737472696E6787
:104DD0003A3A657261736500252E2A4C6600000020
:104DE000256D2F25642F25790000000025483A25E0
:104DF0004D00000025483A254D3A2553000000009B
:104E000062617369635F696F733A3A636C6561727B
:104E10000000000062617369635F737472696E679A
:104E20003A3A5F4D5F6372656174650062617369F0
:104E3000635F737472696E673A3A5F4D5F72657053
:104E40006C616365000000007374643A3A626164E7
:104E50005F616C6C6F6300007374643A3A62616402
:104E60005F61727261795F6E65775F6C656E6774A2
:104E7000680000007374643A3A6261645F6361734E
:104E800074000000474C49424358585F54554E4106
:104E9000424C4553000000006F626A5F73697A6597
:104EA000000000006F626A5F636F756E740000003F
:104EB000676C69626378782E65685F706F6F6C00ED
:104EC0007374643A3A6261645F65786365707469AB
:104ED0006F6E0000254C66006C6F63616C653A3A3A
:104EE00066616365743A3A5F535F637265617465C6
:104EF0005F635F6C6F63616C65206E616D65206ED2
:104F00006F742076616C6964000000002D2B785866
:104F1000303132333435363738396162636465662F
:104F200030313233343536373839414243444546DF
:104F3000000000002D2B78583031323334353637AD
:104F40003839616263646566414243444546000006
:104F50002D3031323334353637383900474D54002F
:104F600048535400414B5354000000005053540028
:104F70004D5354004353540045535400415354007F
:104F80004E53540043455400495354004545540082
:104F90004A535400414D0000504D000025493A2528
:104FA0004D3A25532025700053756E6461790000D9
:104FB0004D6F6E64617900005475657364617900AA
:104FC0005765646E6573646179000000546875729A
:104FD00073646179000000004672696461790000C1
:104FE00053617475726461790000000053756E003E
:104FF0004D6F6E0054756500576564005468750008
:1050000046726900536174004A616E75617279007D
:105010004665627275617279000000004D617263CD
:1050200068000000417072696C0000004D617900F9
:105030004A756E65000000004A756C79000000003A
:10504000417567757374000053657074656D6265B2
:10505000720000004F63746F626572004E6F766578
:105060006D62657200000000446563656D62657283
:10507000000000004A616E00466562004D617200EA
:10508000417072004A756E004A756C004175670088
:10509000536570004F6374004E6F76004465630083
:1050A000696F73747265616D00000000696F7374DD
:1050B0007265616D206572726F720000556E6B6E65
:1050C0006F776E206572726F7200000067656E65A3
:1050D0007269630073797374656D00002E000000BF
:1050E0006E660000696E697479000000616E0000F0
:1050F000504F53495800000042616C6C6F6320733D
:105100007563636565646564000000002E2E2F2EB4
:105110002E2F2E2E2F2E2E2F2E2E2F2E2E2F6E6533
:10512000776C69622F6C6962632F7374646C696257
:105130002F6764746F612D6765746865782E6300EE
:105140002573252E2A640000257325302E2A64003D
:105150002B0000002D000000252E3264000000000E
:1051600025326400252E32642F252E32642F252E01
:1051700032640000256C7500592D256D2D256400C5
:105180002E2A7500252E336400000000252E316480
:1051900000000000252E32643A252E326400000003
:1051A000256C6C6400000000252E32643A252E32F6
:1051B000643A252E3264000025652D25622D2500D8
:1051C00059000000252B30336C64252E326C6400AE
:1051D00065256C640000000025612025622025659E
:1051E0002025483A254D3A25532025590000000036
:1051F00025612025622025652025483A254D3A2540
:105200005320255A202559006D640000626C616EA0
:105210006B00000053756363657373004E6F7420F9
:105220006F776E65720000004E6F207375636820A3
:1052300066696C65206F72206469726563746F7251
:10524000790000004E6F20737563682070726F6381
:1052500065737300496E746572727570746564204D
:1052600073797374656D2063616C6C00492F4F20F6
:105270006572726F720000004E6F20737563682054
:10528000646576696365206F72206164647265731A
:1052900073000000417267206C69737420746F6F33
:1052A000206C6F6E670000004578656320666F7242
:1052B0006D6174206572726F72000000536F636BD2
:1052C000657420616C726561647920636F6E6E65D0
:1052D00063746564000000004261642066696C6567
:1052E000206E756D626572004E6F206368696C6434
:1052F00072656E0044657374696E6174696F6E20C7
:105300006164647265737320726571756972656436
:10531000000000004E6F206D6F72652070726F6329
:1053200065737365730000004E6F7420656E6F7552
:105330006768207370616365000000005065726DDE
:10534000697373696F6E2064656E6965640000003F
:1053500042616420616464726573730044657669B8
:105360006365206F72207265736F7572636520626A
:105370007573790046696C6520657869737473008C
:1053800043726F73732D646576696365206C696E13
:105390006B0000004E6F207375636820646576694A
:1053A000636500004E6F74206120646972656374E8
:1053B0006F727900486F737420697320646F776E21
:1053C00000000000436F6E6E656374696F6E20614C
:1053D0006C726561647920696E2070726F677265A6
:1053E0007373000049732061206469726563746F90
:1053F00072790000496E76616C696420617267752C
:105400006D656E74000000004E6574776F726B20DE
:10541000696E74657266616365206973206E6F746E
:1054200020636F6E6669677572656400436F6E6EA8
:10543000656374696F6E2061626F72746564206267
:1054400079206E6574776F726B000000546F6F2067
:105450006D616E79206F70656E2066696C65732072
:10546000696E2073797374656D00000046696C6520
:105470002064657363726970746F722076616C75F5
:105480006520746F6F206C61726765004E6F7420C9
:105490006120636861726163746572206465766916
:1054A00063650000546578742066696C65206275D8
:1054B0007379000046696C6520746F6F206C6172AF
:1054C00067650000486F737420697320756E72659C
:1054D00061636861626C65004E6F20737061636523
:1054E000206C656674206F6E206465766963650064
:1054F0004E6F7420737570706F7274656400000075
:10550000496C6C6567616C207365656B0000000019
:10551000526561642D6F6E6C792066696C652073CD
:10552000797374656D000000546F6F206D616E7942
:10553000206C696E6B73000042726F6B656E207039
:10554000697065004D617468656D6174696373208D
:10555000617267756D656E74206F7574206F66205B
:10556000646F6D61696E206F662066756E63746925
:105570006F6E0000526573756C7420746F6F206CD1
:1055800061726765000000004E6F206D6573736186
:105590006765206F6620646573697265642074793D
:1055A000706500004964656E746966696572207291
:1055B000656D6F7665640000496C6C6567616C2091
:1055C000627974652073657175656E6365000000AE
:1055D000446561646C6F636B000000004E65747716
:1055E0006F726B20697320756E72656163686162AA
:1055F0006C6500004E6F206C6F636B004E6F742003
:10560000612073747265616D0000000053747265EF
:10561000616D20696F63746C2074696D656F75745A
:10562000000000004E6F2073747265616D2072651A
:10563000736F7572636573005669727475616C205F
:105640006369726375697420697320676F6E6500A2
:1056500050726F746F636F6C206572726F720000AE
:10566000556E6B6E6F776E2070726F746F636F6CB8
:10567000000000004D756C7469686F70206174746F
:10568000656D707465640000426164206D657373BC
:105690006167650046756E6374696F6E206E6F7426
:1056A00020696D706C656D656E7465640000000046
:1056B0004469726563746F7279206E6F7420656DD2
:1056C0007074790046696C65206F7220706174682F
:1056D000206E616D6520746F6F206C6F6E670000C7
:1056E000546F6F206D616E792073796D626F6C6994
:1056F00063206C696E6B73004E6F20627566666521
:105700007220737061636520617661696C61626C9F
:10571000650000004E6F2064617461004164647232
:105720006573732066616D696C79206E6F74207388
:105730007570706F727465642062792070726F7416
:105740006F636F6C2066616D696C790050726F7465
:105750006F636F6C2077726F6E672074797065204D
:10576000666F7220736F636B65740000536F636BB9
:105770006574206F7065726174696F6E206F6E2042
:105780006E6F6E2D736F636B6574000050726F7473
:105790006F636F6C206E6F7420617661696C6162FB
:1057A0006C650000436F6E6E656374696F6E207286
:1057B0006566757365640000436F6E6E656374693A
:1057C0006F6E2072657365742062792070656572F2
:1057D000000000004164647265737320616C72653F
:1057E00061647920696E207573650000416464729C
:1057F000657373206E6F7420617661696C61626C91
:1058000065000000536F667477617265206361758F
:1058100073656420636F6E6E656374696F6E20617B
:10582000626F727400000000536F636B65742069CF
:1058300073206E6F7420636F6E6E656374656400B1
:10584000536F636B657420697320616C726561646A
:105850007920636F6E6E6563746564004F70657266
:105860006174696F6E2063616E63656C65640000CE
:105870005374617465206E6F74207265636F766512
:105880007261626C6500000050726576696F7573B5
:10589000206F776E65722064696564004F70657271
:1058A0006174696F6E206E6F7420737570706F72A3
:1058B000746564206F6E20736F636B657400000005
:1058C00056616C756520746F6F206C61726765201E
:1058D000666F7220646566696E65642064617461D8
:1058E00020747970650000004D65737361676520F1
:1058F000746F6F206C6F6E6700000000436F6E6EF8
:10590000656374696F6E2074696D6564206F75746A
:10591000000000002E2E2F2E2E2F2E2E2F2E2E2F5B
:105920002E2E2F2E2E2F6E65776C69622F6C69627A
:10593000632F7374646C69622F6D707265632E637C
:1059400000000000545A00002531315B2D2B302D12
:1059500039412D5A612D7A5D256E00002531315B6C
:10596000412D5A612D7A5D256E0000002568752550
:105970006E3A256875256E3A256875256E0000001B
:105980004D256875256E2E256875256E2E25687542
:10599000256E00002F256875256E3A256875256EE1
:1059A0003A256875256E000030313233343536378C
:1059B000383961626364656600000000286E756CAA
:1059C0006C290000496E66696E69747900000000F8
:1059D0004E614E002E2E2F2E2E2F2E2E2F2E2E2F9E
:1059E0002E2E2F2E2E2F6E65776C69622F6C6962BA
:1059F000632F7374646C69622F64746F612E63002B
:105A000000000000000000002D1200100000000047
:105A100000000000CD120010C9120010D1120010B9
:105A2000000000000000000055130010D512001007
:105A3000FD1200100000000000000000F91200102C
:105A40000000000000000000D9120010000000005B
:105A500000000000F11200100000803FCDCCCC3DD2
:105A6000CDCCCC3D000020416666663F640000005E
:105A7000E803000000000000090A0C0B05060807F7
:105A8000040000003200000040420F00E803000064
:105A9000D0070000030000003200000040420F0069
:105AA000E8030000D0070000020000003200000000
:105AB00040420F00E8030000D00700000100000092
:105AC0003200000040420F00E8030000D007000051
:105AD000000000003200000040420F00E803000018
:105AE000D007000015000200FD080000001027008C
:105AF00000000000000000000000000000000000A6
:105B0000FFFFFFFFFFFFFF7F06005250D3F07542FB
:105B1000884A041006005250E182887F904A04109F
:105B200006005250ABB36053A04A04100600525016
:105B3000BBFF3CB6A84A041006005250861C030264
:105B4000B04A0410060052505422A29DC44A0410C8
:105B500005005250DE65F468940305100000000053
:105B6000000000000000F03F0000000000002440A2
:105B700000000000000059400000000000408F407D
:105B8000000000000088C34000000000006AF840E8
:105B90000000000080842E4100000000D01263410C
:105BA0000000000084D797410000000065CDCD4182
:105BB0000D0A00000600525053B4F4A1444B0410E7
:105BC00000000000584B0410684B04106453002080
:105BD000704B04107C4B0410090254000301008038
:105BE0007D080B000202020000090400000102020D
:105BF00000040524002001052401000104240206FC
:105C000005240600010705810308001009040100AE
:105C1000020A000000070502024000000705820298
:105C20004000000904020000FF00010512011002FB
:105C3000EF0201408A2E0900000101020301000069
:105C40000A00000000000306A6000800020002008F
:105C50009C001400030057494E55534200000000B9
:105C60000000000000008000040001002800440043
:105C70006500760069006300650049006E007400ED
:105C80006500720066006100630065004700550012
:105C90004900440000004E007B00620063003700B2
:105CA000330039003800630031002D003700330025
:105CB000630064002D0034006300620037002D0093
:105CC00039003800620038002D00390031003300FF
:105CD0006100380066006300610037006200660002
:105CE00036007D0000000000050F2100011C10059A
:105CF00000DF60DDD88945C74C9CD2659D9E648AD3
:105D00009F00000306A60001000000000000000044
:105D1000F97A001000000000FD7A0010097B0010E5
:105D2000357B0010317B00100000000000000000F7
:105D3000BD8D00102D8E0010598E0010A58E001004
:105D4000618F001021900010000000004E53743647
:105D50006C6F63616C653566616365744500000056
:105D6000E09004104C5D041043000000E447002064
:105D700088470020C047002078470020EC470020DB
:105D800090470020FC47002098470020044800204E
:105D9000A047002088460020684700208C4600204D
:105DA0006C470020DC47002080470020E8470020A7
:105DB0008C470020C44700207C470020F04700208B
:105DC00094470020004800209C47002008480020FD
:105DD000A4470020904600207047002094460020F1
:105DE00074470020E04700208447002000000000A6
:105DF0000000000074000000720000007500000048
:105E00006500000000000000660000006100000066
:105E10006C0000007300000065000000000000003E
:105E2000470000004D00000054000000000000008A
:105E30004800000053000000540000000000000073
:105E4000410000004B00000053000000540000001F
:105E5000000000005000000053000000540000004B
:105E6000000000004D00000053000000540000003E
:105E70000000000043000000530000005400000038
:105E80000000000045000000530000005400000026
:105E9000000000004100000053000000540000001A
:105EA000000000004E0000005300000054000000FD
:105EB0000000000043000000450000005400000006
:105EC00000000000490000005300000054000000E2
:105ED00000000000450000004500000054000000E4
:105EE000000000004A0000005300000054000000C1
:105EF00000000000250000006D0000002F000000E1
:105F000025000000640000002F00000025000000B4
:105F1000790000000000000025000000480000009B
:105F20003A000000250000004D0000003A0000008B
:105F300025000000530000000000000041000000A8
:105F40004D00000000000000500000004D00000067
:105F50000000000025000000490000003A00000099
:105F6000250000004D0000003A0000002500000060
:105F70005300000020000000250000007000000019
:105F80000000000053000000750000006E000000DB
:105F900064000000610000007900000000000000C3
:105FA0004D0000006F0000006E0000006400000063
:105FB00061000000790000000000000054000000B3
:105FC0007500000065000000730000006400000020
:105FD0006100000079000000000000005700000090
:105FE00065000000640000006E0000006500000015
:105FF00073000000640000006100000079000000F0
:10600000000000005400000068000000750000005F
:1060100072000000730000006400000061000000D6
:10602000790000000000000046000000720000003F
:1060300069000000640000006100000079000000B9
:106040000000000053000000610000007400000028
:106050007500000072000000640000006100000094
:1060600079000000000000005300000075000000EF
:106070006E000000000000004D0000006F000000F6
:106080006E000000000000005400000075000000D9
:1060900065000000000000005700000065000000DF
:1060A00064000000000000005400000068000000D0
:1060B00075000000000000004600000072000000B3
:1060C00069000000000000005300000061000000B3
:1060D00074000000000000004A00000061000000A1
:1060E0006E000000750000006100000072000000FA
:1060F000790000000000000046000000650000007C
:1061000062000000720000007500000061000000E5
:106110007200000079000000000000004D00000047
:1061200061000000720000006300000068000000D1
:10613000000000004100000070000000720000003C
:10614000690000006C000000000000004D0000002D
:106150006100000079000000000000004A0000001B
:10616000750000006E0000006500000000000000E7
:106170004A000000750000006C000000790000007B
:1061800000000000410000007500000067000000F2
:1061900075000000730000007400000000000000A3
:1061A0005300000065000000700000007400000053
:1061B000650000006D000000620000006500000046
:1061C00072000000000000004F00000063000000AB
:1061D000740000006F000000620000006500000015
:1061E00072000000000000004E0000006F00000080
:1061F00076000000650000006D00000062000000F5
:106200006500000072000000000000004400000073
:106210006500000063000000650000006D000000E4
:106220006200000065000000720000000000000035
:106230004A000000610000006E0000000000000045
:106240004600000065000000620000000000000041
:106250004D0000006100000072000000000000001E
:10626000410000007000000072000000000000000B
:106270004A000000750000006E00000000000000F1
:106280004A000000750000006C00000000000000E3
:1062900041000000750000006700000000000000E1
:1062A00053000000650000007000000000000000C6
:1062B0004F000000630000007400000000000000B8
:1062C0004E0000006F00000076000000000000009B
:1062D00044000000650000006300000000000000B2
:1062E0002500000073000000250000002E000000C3
:1062F0002A000000640000000000000025000000EB
:106300007300000025000000300000002E00000097
:106310002A000000640000000000000025000000CA
:1063200032000000640000000000000025000000B2
:106330002E00000032000000640000002F0000006A
:10634000250000002E000000320000006400000064
:106350002F000000250000002E0000003200000089
:106360006400000000000000250000006C00000038
:106370007500000000000000590000002D00000022
:10638000250000006D0000002D0000002500000029
:1063900064000000000000002E0000002A00000041
:1063A0007500000000000000250000002E00000025
:1063B0003300000064000000000000002500000021
:1063C0002E0000003100000064000000000000000A
:1063D000250000006C0000006C000000640000005C
:1063E00000000000250000002E0000003200000028
:1063F000640000003A000000250000002E000000AC
:1064000032000000640000003A0000002500000097
:106410002E000000320000006400000000000000B8
:1064200025000000650000002D0000002500000090
:10643000620000002D0000002500000000000000A8
:106440005900000000000000250000002B000000A3
:1064500030000000330000006C0000006400000009
:10646000250000002E000000320000006C0000003B
:106470006400000000000000490000004E00000021
:106480004600000000000000690000006E000000EF
:1064900066000000000000004E0000004100000007
:1064A0004E000000000000006E00000061000000CF
:1064B0006E0000000000000030000000310000000D
:1064C00032000000330000003400000035000000FE
:1064D00036000000370000003800000039000000DE
:1064E00041000000420000004300000044000000A2
:1064F00045000000460000000000000030000000E1
:1065000031000000320000003300000034000000C1
:1065100035000000360000003700000038000000A1
:10652000390000006100000062000000630000000C
:10653000640000006500000066000000000000002C
:10654000280000006E000000750000006C000000D4
:106550006C00000029000000000000003000000076
:10656000000000000000000040860410C9B00010C8
:1065700005B10010000000001486041021B10010C5
:106580005DB1001000000000B88D041079B100105A
:10659000B5B10010000000008C8D0410D1B10010C6
:1065A0000DB20010000000006486041079B80010DD
:1065B000ADB8001000000000DC8D0410C9B8001058
:1065C000FDB8001053743132636F64656376745F95
:1065D0006261736500000000E0900410C46504105F
:1065E000537432335F5F636F64656376745F6162B7
:1065F0007374726163745F6261736549447363317C
:10660000305F6D6273746174655F744500000000F3
:106610005C920410E065041000000000020000001D
:10662000605D041002000000D86504100200000044
:10663000537437636F6465637674494473633130B0
:106640005F6D6273746174655F744500E49104105A
:106650003066041010660410537432335F5F636F4A
:1066600064656376745F61627374726163745F62A0
:106670006173654944696331305F6D62737461743D
:10668000655F7445000000005C92041058660410B9
:106690000000000002000000605D04100200000025
:1066A000D865041002000000537437636F6465639B
:1066B00076744944696331305F6D627374617465E7
:1066C0005F744500E4910410A86604108866041005
:1066D000537432335F5F636F64656376745F6162C6
:1066E0007374726163745F62617365494473447566
:1066F00031305F6D6273746174655F7445000000D2
:106700005C920410D066041000000000020000003B
:10671000605D041002000000D86504100200000053
:10672000537437636F646563767449447344753199
:10673000305F6D6273746174655F744500000000C2
:10674000E49104102067041000670410537432337E
:106750005F5F636F64656376745F616273747261B7
:1067600063745F62617365494469447531305F6D7C
:106770006273746174655F74450000005C9204107C
:106780004C6704100000000002000000605D04106F
:1067900002000000D8650410020000005374376343
:1067A0006F6465637674494469447531305F6D6226
:1067B00073746174655F744500000000E491041017
:1067C0009C6704107C670410000000001066041031
:1067D00000000000000000000000000000000000B9
:1067E00000000000000000000000000000000000A9
:1067F00000000000000000004C66041011BF0010F3
:1068000061BF001045C2001059BB001031C4001018
:1068100061BB001065BB0010F9C2001069BB00101D
:106820000000000088660410000000000000000066
:106830000000000000000000000000000000000058
:106840000000000000000000000000000000000048
:10685000C466041025BF00107DBF001009C50010DC
:1068600059BB001059C5001061BB001065BB00107A
:1068700019C3001069BB001000000000006704107D
:106880000000000000000000000000000000000008
:1068900000000000000000000000000000000000F8
:1068A00000000000000000004067041039BF001025
:1068B00099BF001015C100106DBB001065C4001019
:1068C00061BB001065BB0010BDC0001069BB0010AB
:1068D000000000007C6704100000000000000000C1
:1068E00000000000000000000000000000000000A8
:1068F0000000000000000000000000000000000098
:10690000BC6704104DBF0010B5BF00106DC0001073
:106910006DBB00100DC0001061BB001065BB001006
:10692000D1BF001069BB00105C92041048690410CC
:106930000000000002000000F082041002000000CD
:106940001C6E0410020C00002A4E537431335F5F3A
:1069500066616365745F7368696D7331325F474C5C
:106960004F42414C5F5F4E5F3131336E756D7075D4
:106970006E63745F7368696D49634545000000008C
:106980005C920410A06904100000000002000000E6
:10699000D4820410020000001C6E0410020C0000DF
:1069A0002A4E537431335F5F66616365745F736849
:1069B000696D7331325F474C4F42414C5F5F4E5FB0
:1069C000313132636F6C6C6174655F7368696D49F6
:1069D000634545005C920410F46904100000000057
:1069E00002000000EC830410020000001C6E041082
:1069F000020C00002A4E537431335F5F6661636599
:106A0000745F7368696D7331325F474C4F42414C1C
:106A10005F5F4E5F3131356D6F6E657970756E6396
:106A2000745F7368696D49634C6231454545000088
:106A30005C920410506A0410000000000200000084
:106A400024840410020000001C6E0410020C0000DC
:106A50002A4E537431335F5F66616365745F736898
:106A6000696D7331325F474C4F42414C5F5F4E5FFF
:106A70003131356D6F6E657970756E63745F7368F3
:106A8000696D49634C623045454500005C920410D5
:106A9000AC6A04100000000002000000FC84041036
:106AA000020000001C6E0410020800002A4E5374FD
:106AB00031335F5F66616365745F7368696D7331FD
:106AC000325F474C4F42414C5F5F4E5F3131346D16
:106AD0006F6E65795F6765745F7368696D4963455B
:106AE000450000005C920410046B041000000000DC
:106AF0000200000044850410020000001C6E041017
:106B0000020800002A4E537431335F5F666163658B
:106B1000745F7368696D7331325F474C4F42414C0B
:106B20005F5F4E5F3131346D6F6E65795F70757484
:106B30005F7368696D496345450000005C9204100D
:106B40005C6B04100000000002000000548404107C
:106B5000020000001C6E0410021000002A4E537444
:106B600031335F5F66616365745F7368696D73314C
:106B7000325F474C4F42414C5F5F4E5F3131336D66
:106B8000657373616765735F7368696D49634545D4
:106B9000000000005C920410B46B041000000000C0
:106BA00002000000688A0410020000001C6E04103D
:106BB000020C00002A4E537431335F5F66616365D7
:106BC000745F7368696D7331325F474C4F42414C5B
:106BD0005F5F4E5F3131336E756D70756E63745FDC
:106BE0007368696D49774545000000005C920410A8
:106BF0000C6C041000000000020000000C8A04105D
:106C0000020000001C6E0410020C00002A4E537497
:106C100031335F5F66616365745F7368696D73319B
:106C2000325F474C4F42414C5F5F4E5F31313263C0
:106C30006F6C6C6174655F7368696D497745450079
:106C40005C920410606C0410000000000200000060
:106C5000648B0410020000001C6E0410020C000083
:106C60002A4E537431335F5F66616365745F736886
:106C7000696D7331325F474C4F42414C5F5F4E5FED
:106C80003131356D6F6E657970756E63745F7368E1
:106C9000696D49774C623145454500005C920410AE
:106CA000BC6C041000000000020000009C8B04106B
:106CB000020000001C6E0410020C00002A4E5374E7
:106CC00031335F5F66616365745F7368696D7331EB
:106CD000325F474C4F42414C5F5F4E5F3131356D03
:106CE0006F6E657970756E63745F7368696D4977EF
:106CF0004C623045454500005C920410186D04104C
:106D00000000000002000000748C0410020000006B
:106D10001C6E0410020800002A4E537431335F5F6A
:106D200066616365745F7368696D7331325F474C88
:106D30004F42414C5F5F4E5F3131346D6F6E65790C
:106D40005F6765745F7368696D497745450000004A
:106D50005C920410706D041000000000020000003E
:106D6000BC8C0410020000001C6E0410020800001D
:106D70002A4E537431335F5F66616365745F736875
:106D8000696D7331325F474C4F42414C5F5F4E5FDC
:106D90003131346D6F6E65795F7075745F736869DA
:106DA0006D497745450000005C920410C86D0410E1
:106DB0000000000002000000CC8B04100200000064
:106DC0001C6E0410021000002A4E537431335F5FB2
:106DD00066616365745F7368696D7331325F474CD8
:106DE0004F42414C5F5F4E5F3131336D657373616C
:106DF0006765735F7368696D4977454500000000FA
:106E00004E5374366C6F63616C653566616365748F
:106E1000365F5F7368696D4500000000E090041004
:106E2000006E04105C920410446E04100000000018
:106E300002000000D4850410020000001C6E041043
:106E4000020800002A4E537431335F5F6661636548
:106E5000745F7368696D7331325F474C4F42414CC8
:106E60005F5F4E5F31313374696D655F6765745F75
:106E70007368696D49634545000000005C92041029
:106E80009C6E041000000000020000004C8D0410F5
:106E9000020000001C6E0410020800002A4E537409
:106EA00031335F5F66616365745F7368696D733109
:106EB000325F474C4F42414C5F5F4E5F313133741C
:106EC000696D655F6765745F7368696D497745458E
:106ED00000000000000000002869041081D50010A7
:106EE00059D60010D5E60110DDE60110A5EC011021
:106EF00025ED011025EC0110000000008069041050
:106F0000E9D5001001D7001031C9001089CE00105A
:106F1000F1E6011000000000D469041075D70010DC
:106F20004DD80010A5E60110ADE60110A5EA01104C
:106F3000E5EB011065EC011025EB0110B5E6011041
:106F4000BDE60110C9E6011000000000306A04101F
:106F5000DDD7001011D8001075E601107DE6011094
:106F6000A5EB011065EB0110E5EA0110E5EC01105D
:106F700085E601108DE6011099E601100000000081
:106F80008C6A041079D30010A1D400109DCA00109F
:106F900061DA001000000000E46A0410A9D30010B8
:106FA00011D5001019CB001095CF00100000000083
:106FB0003C6B041039D20010D9D3001069CB0010FB
:106FC00039D0001059CB001000000000946B041061
:106FD00039D400108DD60010499602105196021037
:106FE000B9990210A19C0210E59C0210000000005B
:106FF000EC6B041021D60010C1D6001089CB001014
:10700000B9D000106596021000000000406C04101A
:10701000A9D70010C5D800101996021021960210A9
:10702000999A02105D9C0210D59B02104D9B021094
:1070300029960210319602103D96021000000000C1
:107040009C6C041041D7001089D80010E9950210FB
:10705000F1950210299A0210099B0210919B0210CF
:10706000199C0210F9950210019602100D9602105B
:1070700000000000F86C0410B9D20010D9D4001040
:10708000F5CC001031D9001000000000506D041044
:10709000E9D2001049D5001071CD0010F9CE0010D2
:1070A00000000000A86D041061D2001019D3001078
:1070B000BDCD001071D10010ADCD0010000000005A
:1070C000246E041049D3001069D4001091CA001036
:1070D00051CA001011CA0010D1C9001091C9001086
:1070E00051C90010000000007C6E041009D400108B
:1070F000B1D50010E9CC0010A9CC001069CC00106B
:1071000029CC0010E9CB0010A9CB0010537431300A
:1071100063747970655F626173650000E0900410CC
:107120000C710410537435637479706549634500BC
:107130005C920410247104100000000002000000A2
:10714000605D0410020000001C71041002000000C9
:10715000537435637479706549774500E491041080
:1071600050710410388A04100000000030710410BF
:10717000B902011059030110210401109D040110EE
:1071800035040110E9040110B102011019030110C6
:10719000B502011005030110000000005C7104102D
:1071A000E10201102D03011035050110AD0601109B
:1071B000110701108D0701104D0601105506011031
:1071C0007D060110850601100D080110150801103B
:1071D000390801105D080110537431306D6F6E6510
:1071E000795F626173650000E0900410D87104104B
:1071F000537431336D657373616765735F62617377
:1072000065000000E0900410F071041053743974AC
:10721000696D655F6261736500000000E0900410B5
:107220000C7204104E5374375F5F637878313137D6
:10723000636F6C6C6174654963454500E4910410AB
:1072400024720410605D04104E5374375F5F6378DE
:10725000783131386E756D70756E6374496345456C
:1072600000000000E491041048720410605D0410F6
:107270004E5374375F5F637878313131306D6F6EA4
:10728000657970756E637449634C6231454545009C
:107290005C920410707204100000000002000000F4
:1072A000605D041002000000E8710410020000009C
:1072B0004E5374375F5F637878313131306D6F6E64
:1072C000657970756E637449634C6230454545005D
:1072D0005C920410B0720410000000000200000074
:1072E000605D041002000000E8710410020000005C
:1072F0004E5374375F5F6378783131386D657373DF
:107300006167657349634545000000005C920410A5
:10731000F07204100000000002000000605D041024
:107320000200000004720410020000004E53743783
:107330005F5F6378783131396D6F6E65795F67654E
:10734000744963537431396973747265616D627520
:10735000665F6974657261746F7249635374313129
:10736000636861725F74726169747349634545450E
:1073700045000000E49104102C730410605D0410BB
:107380004E5374375F5F6378783131396D6F6E6556
:10739000795F7075744963537431396F73747265B2
:1073A000616D6275665F6974657261746F7249635D
:1073B00053743131636861725F74726169747349C7
:1073C0006345454545000000E491041080730410B6
:1073D000605D04104E5374375F5F637878313138E5
:1073E00074696D655F676574496353743139697396
:1073F000747265616D6275665F6974657261746FE0
:1074000072496353743131636861725F7472616988
:107410007473496345454545000000005C920410C3
:10742000D47304100000000002000000605D04102E
:10743000020000001C7204100200000000000000A6
:107440003C720410AD0A0110210B0110550D011002
:10745000F90D0110D509011000000000647204103C
:107460000DB7001039B70010B9090110C10901109A
:10747000650C0110050C0110350C01100000000016
:107480009072041009AE001035AE00108909011089
:1074900091090110450B0110250D0110C50C0110BB
:1074A000F50C011099090110A1090110AD09011095
:1074B00000000000D07204106DAE001099AE0010F4
:1074C0005909011061090110950C0110750B01108B
:1074D000A50B0110D50B01106909011071090110EC
:1074E0007D090110000000000C7304107D0A0110DA
:1074F000990A0110CD09011051580310D10901104A
:107500000000000074730410ED090110010A01105D
:1075100021270110C927011000000000C8730410C2
:107520001D0A0110310A0110C9310110393301104F
:10753000000000001C7404104D0A0110610A0110C3
:10754000C9090110D15B0110FD5C01107D430110E0
:10755000E94401101D350110295E01105C920410F0
:107560007C7504100000000002000000647204102A
:10757000020000001C6E0410020C00002A4E53741E
:1075800031335F5F66616365745F7368696D733122
:10759000325F474C4F42414C5F5F4E5F3131336E3B
:1075A000756D70756E63745F7368696D4963454589
:1075B000000000005C920410D4750410000000006C
:1075C000020000003C720410020000001C6E041057
:1075D000020C00002A4E537431335F5F66616365AD
:1075E000745F7368696D7331325F474C4F42414C31
:1075F0005F5F4E5F313132636F6C6C6174655F73D6
:1076000068696D49634545005C9204102876041052
:107610000000000002000000907204100200000050
:107620001C6E0410020C00002A4E537431335F5F4D
:1076300066616365745F7368696D7331325F474C6F
:107640004F42414C5F5F4E5F3131356D6F6E6579F2
:1076500070756E63745F7368696D49634C62314520
:10766000454500005C920410847604100000000080
:1076700002000000D0720410020000001C6E041012
:10768000020C00002A4E537431335F5F66616365FC
:10769000745F7368696D7331325F474C4F42414C80
:1076A0005F5F4E5F3131356D6F6E657970756E63FA
:1076B000745F7368696D49634C62304545450000ED
:1076C0005C920410E076041000000000020000004C
:1076D00074730410020000001C6E04100208000005
:1076E0002A4E537431335F5F66616365745F7368FC
:1076F000696D7331325F474C4F42414C5F5F4E5F63
:107700003131346D6F6E65795F6765745F73686979
:107710006D496345450000005C9204103877041001
:107720000000000002000000C87304100200000006
:107730001C6E0410020800002A4E537431335F5F40
:1077400066616365745F7368696D7331325F474C5E
:107750004F42414C5F5F4E5F3131346D6F6E6579E2
:107760005F7075745F7368696D496345450000001B
:107770005C920410907704100000000002000000EA
:107780000C730410020000001C6E041002100000B4
:107790002A4E537431335F5F66616365745F73684B
:1077A000696D7331325F474C4F42414C5F5F4E5FB2
:1077B0003131336D657373616765735F7368696DCC
:1077C00049634545000000005C920410E87704100E
:1077D0000000000002000000647D041002000000B0
:1077E0001C6E0410020C00002A4E537431335F5F8C
:1077F00066616365745F7368696D7331325F474CAE
:107800004F42414C5F5F4E5F3131336E756D707525
:107810006E63745F7368696D4977454500000000C9
:107820005C92041040780410000000000200000088
:107830003C7D0410020000001C6E0410020C0000CD
:107840002A4E537431335F5F66616365745F73689A
:10785000696D7331325F474C4F42414C5F5F4E5F01
:10786000313132636F6C6C6174655F7368696D4947
:10787000774545005C9204109478041000000000E5
:1078800002000000907D0410020000001C6E041035
:10789000020C00002A4E537431335F5F66616365EA
:1078A000745F7368696D7331325F474C4F42414C6E
:1078B0005F5F4E5F3131356D6F6E657970756E63E8
:1078C000745F7368696D49774C62314545450000C6
:1078D0005C920410F0780410000000000200000028
:1078E000D07D0410020000001C6E0410020C000089
:1078F0002A4E537431335F5F66616365745F7368EA
:10790000696D7331325F474C4F42414C5F5F4E5F50
:107910003131356D6F6E657970756E63745F736844
:10792000696D49774C623045454500005C92041012
:107930004C7904100000000002000000747E041066
:10794000020000001C6E0410020800002A4E53744E
:1079500031335F5F66616365745F7368696D73314E
:10796000325F474C4F42414C5F5F4E5F3131346D67
:107970006F6E65795F6765745F7368696D49774598
:10798000450000005C920410A4790410000000007F
:1079900002000000C87E0410020000001C6E0410EB
:1079A000020800002A4E537431335F5F66616365DD
:1079B000745F7368696D7331325F474C4F42414C5D
:1079C0005F5F4E5F3131346D6F6E65795F707574D6
:1079D0005F7368696D497745450000005C9204104B
:1079E000FC79041000000000020000000C7E04106E
:1079F000020000001C6E0410021000002A4E537496
:107A000031335F5F66616365745F7368696D73319D
:107A1000325F474C4F42414C5F5F4E5F3131336DB7
:107A2000657373616765735F7368696D4977454511
:107A3000000000005C920410547A04100000000062
:107A4000020000001C740410020000001C6E0410F0
:107A5000020800002A4E537431335F5F666163652C
:107A6000745F7368696D7331325F474C4F42414CAC
:107A70005F5F4E5F31313374696D655F6765745F59
:107A80007368696D49634545000000005C9204100D
:107A9000AC7A041000000000020000001C7F0410FB
:107AA000020000001C6E0410020800002A4E5374ED
:107AB00031335F5F66616365745F7368696D7331ED
:107AC000325F474C4F42414C5F5F4E5F3131337400
:107AD000696D655F6765745F7368696D4977454572
:107AE00000000000000000005C750410C96B01106C
:107AF0000D6D0110B9090110C1090110650C0110CB
:107B0000050C0110350C011000000000B4750410C4
:107B1000A16C0110816D01101D600110B167011091
:107B2000D50901100000000008760410F56D011061
:107B3000916E01108909011091090110450B011086
:107B4000250D0110C50C0110F50C0110990901104B
:107B5000A1090110AD0901100000000064760410B5
:107B60005D6E0110096F01105909011061090110C2
:107B7000950C0110750B0110A50B0110D50B011010
:107B800069090110710901107D0901100000000050
:107B9000C0760410596A0110B96A01108961011098
:107BA000C970011000000000187704106969011005
:107BB000F96B011005620110496601100000000018
:107BC00070770410E9680110296A011055620110EC
:107BD000456801104562011000000000C8770410DC
:107BE000296B0110D96C0110398A0110418A0110EA
:107BF000118C0110D58C0110098D011000000000BE
:107C000020780410696C0110416D0110756201103B
:107C10006D650110558A0110000000007478041091
:107C2000296E0110456F0110098A0110118A011097
:107C3000418C0110A58D01103D8D0110718D011039
:107C4000198A0110218A01102D8A011000000000FC
:107C5000D0780410C16D0110CD6E0110D9890110CA
:107C6000E1890110718C0110D98D01100D8E011068
:107C7000A18C0110E9890110F1890110FD89011021
:107C8000000000002C790410C9690110596B011023
:107C9000E1630110A16F011000000000847904105D
:107CA00039690110F16A01105D640110FD6601106F
:107CB00000000000DC79041011690110F96901105D
:107CC000A9640110D565011099640110000000003D
:107CD000347A041099690110916B01107D610110D3
:107CE0003D610110FD600110BD6001107D6001105B
:107CF0003D600110295E0110000000008C7A041024
:107D0000896A0110316C0110D5630110956301106F
:107D10005563011015630110D562011095620110C1
:107D200025DC01104E5374375F5F6378783131374B
:107D3000636F6C6C6174654977454500E49104108C
:107D4000247D0410605D04104E5374375F5F6378C8
:107D5000783131386E756D70756E6374497745454D
:107D600000000000E4910410487D0410605D0410E0
:107D70004E5374375F5F637878313131306D6F6E99
:107D8000657970756E637449774C6231454545007D
:107D90005C920410707D04100000000002000000DE
:107DA000605D041002000000E87104100200000091
:107DB0004E5374375F5F637878313131306D6F6E59
:107DC000657970756E637449774C6230454545003E
:107DD0005C920410B07D041000000000020000005E
:107DE000605D041002000000E87104100200000051
:107DF0004E5374375F5F6378783131386D657373D4
:107E00006167657349774545000000005C92041086
:107E1000F07D04100000000002000000605D04100E
:107E20000200000004720410020000004E53743778
:107E30005F5F6378783131396D6F6E65795F676543
:107E4000744977537431396973747265616D627501
:107E5000665F6974657261746F724977537431310A
:107E6000636861725F7472616974734977454545EF
:107E700045000000E49104102C7E0410605D0410A5
:107E80004E5374375F5F6378783131396D6F6E654B
:107E9000795F7075744977537431396F7374726593
:107EA000616D6275665F6974657261746F7249773E
:107EB00053743131636861725F74726169747349BC
:107EC0007745454545000000E4910410807E04108C
:107ED000605D04104E5374375F5F637878313138DA
:107EE00074696D655F676574497753743139697377
:107EF000747265616D6275665F6974657261746FD5
:107F000072497753743131636861725F7472616969
:107F10007473497745454545000000005C920410A4
:107F2000D47E04100000000002000000605D041018
:107F3000020000001C72041002000000000000009B
:107F40003C7D04102D8B0110ED8B0110418E011032
:107F5000E98E0110558A011000000000647D0410B4
:107F600015B8001041B80010398A0110418A01107B
:107F7000118C0110D58C0110098D0110000000003A
:107F8000907D041001B000102DB00010098A01107E
:107F9000118A0110418C0110A58D01103D8D011039
:107FA000718D0110198A0110218A01102D8A01108A
:107FB00000000000D07D041065B0001091B00010EA
:107FC000D9890110E1890110718C0110D98D01103E
:107FD0000D8E0110A18C0110E9890110F1890110A9
:107FE000FD890110000000000C7E0410FD8A0110C4
:107FF000198B01104D8A0110A5580310518A0110E8
:1080000000000000747E04106D8A0110818A011046
:1080100075A701101DA8011000000000C87E041003
:108020009D8A0110B18A0110B1B10110D9B20110BD
:10803000000000001C7F0410CD8A0110E18A0110AD
:10804000498A0110CDD90110F9DA011001C30110DC
:1080500071C4011099B4011025DC01104E395F5F25
:10806000676E755F6378783138737464696F5F73B6
:10807000796E635F66696C656275664963537431D6
:1080800031636861725F74726169747349634545F5
:1080900045000000E49104105C8004104089041045
:1080A0004E395F5F676E755F6378783138737464DB
:1080B000696F5F73796E635F66696C656275664947
:1080C0007753743131636861725F7472616974737C
:1080D0004977454545000000E4910410A080041054
:1080E00074890410000000009480041015DE011053
:1080F0002DDE0110258C0210298C0210E1DE01100A
:1081000039E10110D1DE01106D8C021065E0011023
:108110008DDE01107DDE0110A1DE011059E001109D
:10812000B1E0011000000000D880041049DE011009
:1081300061DE0110898C02108D8C021039DF011074
:10814000D5E00110D9DE0110CD8C0210A1DF0110A5
:10815000E9DF011091DF0110FDDF01102DE00110BA
:108160008DE0011053743962617369635F696F73E5
:10817000496353743131636861725F747261697409
:108180007349634545000000E491041064810410C4
:10819000F081041053743962617369635F696F73AE
:1081A000497753743131636861725F7472616974C5
:1081B0007349774545000000E49104109481041050
:1081C000F0810410000000008881041089E2011091
:1081D000B1E2011000000000B88104109DE201101E
:1081E000CDE20110537438696F735F62617365008B
:1081F000E0900410E481041000000000F0810410FD
:10820000BDE4011011E50110536900005C920410F7
:1082100008820410000000000100000088810410A2
:1082200003F4FFFF5374313362617369635F6973F1
:10823000747265616D497753743131636861725F3F
:108240007472616974734977454500005C9204104B
:10825000248204100000000001000000B881041016
:1082600003F4FFFF788204108C82041008000000E1
:10827000000000000C82041025E5011075E50110D6
:10828000F8FFFFFFF8FFFFFF0C82041049E5011023
:108290009DE50110A8820410BC82041008000000B3
:1082A000000000004C820410CDE501101DE6011015
:1082B000F8FFFFFFF8FFFFFF4C820410F1E501100B
:1082C00045E60110537437636F6C6C6174654963E4
:1082D00045000000E4910410C4820410605D0410A5
:1082E0005374386E756D70756E6374496345000024
:1082F000E4910410E0820410605D04105374376E42
:10830000756D5F676574496353743139697374724D
:1083100065616D6275665F6974657261746F7249DB
:108320006353743131636861725F7472616974732D
:108330004963454545000000E4910410FC820410A7
:10834000605D04105374376E756D5F7075744963AA
:10835000537431396F73747265616D6275665F69EC
:1083600074657261746F724963537431316368610B
:10837000725F74726169747349634545450000001A
:10838000E491041044830410605D04105374313789
:108390005F5F74696D6570756E63745F6361636858
:1083A0006549634500000000E49104108C830410CB
:1083B000605D0410537431315F5F74696D65707571
:1083C0006E63744963450000E4910410B4830410A3
:1083D000605D0410537431306D6F6E657970756E29
:1083E000637449634C623145450000005C9204109F
:1083F000D48304100000000002000000605D04103F
:1084000002000000E87104100200000053743130D3
:108410006D6F6E657970756E637449634C6230453B
:10842000450000005C9204100C8404100000000061
:1084300002000000605D041002000000E8710410FA
:10844000020000005374386D65737361676573498A
:10845000634500005C920410448404100000000096
:1084600002000000605D04100200000004720410AD
:1084700002000000537432335F5F636F646563769C
:10848000745F61627374726163745F626173654982
:10849000636331305F6D6273746174655F7445004E
:1084A0005C920410748404100000000002000000BC
:1084B000605D041002000000D86504100200000096
:1084C0005374396D6F6E65795F6765744963537472
:1084D00031396973747265616D6275665F6974655F
:1084E0007261746F72496353743131636861725F92
:1084F000747261697473496345454500E4910410E1
:10850000C0840410605D04105374396D6F6E65791A
:108510005F7075744963537431396F737472656138
:108520006D6275665F6974657261746F72496353D9
:10853000743131636861725F747261697473496325
:1085400045454500E491041008850410605D041061
:1085500053743874696D655F707574496353743111
:10856000396F73747265616D6275665F6974657287
:1085700061746F72496353743131636861725F74FF
:10858000726169747349634545450000E4910410C4
:1085900050850410605D041053743874696D655F14
:1085A0006765744963537431396973747265616DB9
:1085B0006275665F6974657261746F724963537442
:1085C0003131636861725F747261697473496345C4
:1085D000454500005C9204109885041000000000DE
:1085E00002000000605D0410020000001C72041014
:1085F00002000000537431385F5F6D6F6E657970F3
:10860000756E63745F636163686549634C6230458E
:1086100045000000E4910410F4850410605D04102E
:10862000537431385F5F6D6F6E657970756E63740A
:108630005F636163686549634C62314545000000D2
:10864000E491041020860410605D041053743136E8
:108650005F5F6E756D70756E63745F63616368658F
:1086600049634500E49104104C860410605D0410D9
:1086700000000000D482041081E8011021EA0110FA
:108680004DEE011029EF0110F1E60110000000008D
:10869000F0820410D5B9001029BA0010D5E60110F7
:1086A000DDE60110A5EC011025ED011025EC01100F
:1086B000000000003883041009E7011095E701105D
:1086C000FD2B0210052F021055350210A53B02109C
:1086D000F541021025490210E14F02104922021013
:1086E00071230210992402102D4202100000000094
:1086F000808304101DE70110B1E70110AD120210D4
:1087000081120210611502105D180210F119021099
:10871000290D02105D1002108D15021000000000DE
:10872000A883041059E7011005E8011000000000BB
:10873000C88304109DE80110D9E801100000000072
:10874000EC83041061B30010B5B30010A5E601106E
:10875000ADE60110A5EA0110E5EB011065EC011092
:1087600025EB0110B5E60110BDE60110C9E60110C8
:108770000000000024840410D1B3001025B40010C0
:1087800075E601107DE60110A5EB011065EB011007
:10879000E5EA0110E5EC011085E601108DE6011017
:1087A00099E60110000000005484041051E8011003
:1087B0006DE80110E9E6011001590310EDE6011022
:1087C00000000000A0840410000000000000000071
:1087D0000000000000000000000000000000000099
:1087E0000000000000000000000000000000000089
:1087F000FC84041031E70110CDE70110E57E021082
:10880000957F0210000000004485041045E7011028
:10881000E9E701106D0602101508021000000000C3
:108820008C8504106DE7011019E8011065ED011049
:1088300000000000D485041081E7011035E8011024
:10884000E5E60110C56A0210F16B02109D5A021094
:10885000095C021019500210536F00005C92041062
:1088600058880410000000000100000088810410F6
:1088700003F4FFFF5374313362617369635F6F7395
:10888000747265616D497753743131636861725FE9
:108890007472616974734977454500005C920410F5
:1088A000748804100000000001000000B88104106A
:1088B00003F4FFFFC8880410DC88041004000000E3
:1088C000000000005C880410B1810210F9810210E0
:1088D000FCFFFFFFFCFFFFFF5C880410D18102104A
:1088E0001D820210F88804100C8904100400000096
:1088F000000000009C88041049820210918202103E
:10890000FCFFFFFFFCFFFFFF9C8804106982021040
:10891000B58202105374313562617369635F737499
:108920007265616D62756649635374313163686164
:10893000725F747261697473496345450000000099
:10894000E090041014890410537431356261736926
:10895000635F73747265616D6275664977537431D4
:1089600031636861725F74726169747349774545F8
:1089700000000000E090041048890410000000008E
:1089800040890410E98C0210198D0210258C021008
:10899000298C0210318C0210498C0210698C021053
:1089A0006D8C0210A18E0210718C0210718E02105B
:1089B000798C0210C58D0210818C0210000000001D
:1089C00074890410018D0210358D0210898C0210FB
:1089D0008D8C0210918C0210A98C0210C98C02108F
:1089E000CD8C0210418F0210D18C0210418E0210EA
:1089F000D98C0210518D0210E18C02105374376330
:108A00006F6C6C617465497745000000E491041057
:108A1000FC890410605D0410537432315F5F63742D
:108A20007970655F61627374726163745F626173B0
:108A300065497745000000005C920410188A041014
:108A40000000000002000000605D04100200000051
:108A50001C710410020000005374386E756D70753F
:108A60006E63744977450000E4910410588A04103D
:108A7000605D04105374376E756D5F676574497778
:108A8000537431396973747265616D6275665F69BB
:108A900074657261746F72497753743131636861C0
:108AA000725F7472616974734977454545000000CF
:108AB000E4910410748A0410605D04105374376EDE
:108AC000756D5F7075744977537431396F73747253
:108AD00065616D6275665F6974657261746F724914
:108AE0007753743131636861725F74726169747352
:108AF0004977454545000000E4910410BC8A041004
:108B0000605D0410537431375F5F74696D65707513
:108B10006E63745F636163686549774500000000B8
:108B2000E4910410048B0410605D0410537431311F
:108B30005F5F74696D6570756E6374497745000099
:108B4000E49104102C8B0410605D041053743130D8
:108B50006D6F6E657970756E637449774C623145DF
:108B6000450000005C9204104C8B041000000000D3
:108B700002000000605D041002000000E8710410B3
:108B800002000000537431306D6F6E657970756E40
:108B9000637449774C623045450000005C920410D4
:108BA000848B04100000000002000000605D0410CF
:108BB00002000000E8710410020000005374386DD8
:108BC0006573736167657349774500005C920410B3
:108BD000BC8B04100000000002000000605D041067
:108BE00002000000047204100200000053743233CB
:108BF0005F5F636F64656376745F616273747261F3
:108C000063745F6261736549776331305F6D62736E
:108C1000746174655F7445005C920410EC8B041001
:108C20000000000002000000605D0410020000006F
:108C3000D8650410020000005374396D6F6E6579B9
:108C40005F6765744977537431396973747265610C
:108C50006D6275665F6974657261746F724977538E
:108C6000743131636861725F7472616974734977DA
:108C700045454500E4910410388C0410605D0410F3
:108C80005374396D6F6E65795F707574497753747D
:108C900031396F73747265616D6275665F69746591
:108CA0007261746F72497753743131636861725FB6
:108CB000747261697473497745454500E491041005
:108CC000808C0410605D041053743874696D655FA6
:108CD0007075744977537431396F73747265616D4F
:108CE0006275665F6974657261746F7249775374F7
:108CF0003131636861725F74726169747349774579
:108D000045450000E4910410C88C0410605D041017
:108D100053743874696D655F67657449775374314E
:108D2000396973747265616D6275665F69746572C5
:108D300061746F72497753743131636861725F7423
:108D40007261697473497745454500005C9204106F
:108D5000108D04100000000002000000605D04108F
:108D6000020000001C72041002000000537431382D
:108D70005F5F6D6F6E657970756E63745F6361635D
:108D8000686549774C62304545000000E491041065
:108D90006C8D0410605D0410537431385F5F6D6F2B
:108DA0006E657970756E63745F636163686549773A
:108DB0004C62314545000000E4910410988D041088
:108DC000605D0410537431365F5F6E756D70756E43
:108DD00063745F636163686549774500E4910410DB
:108DE000C48D0410605D0410000000000C8A0410A3
:108DF000F59702102D990210299D0210D99E02109C
:108E00006596021000000000388A0410000000007F
:108E10000000000000000000000000000000000052
:108E20000000000000000000000000000000000042
:108E30000000000000000000000000000000000032
:108E40000000000000000000688A0410E9BA001069
:108E50003DBB00104996021051960210B9990210BC
:108E6000A19C0210E59C021000000000B08A0410D2
:108E70007D96021009970210ADDA0210A5DD0210EE
:108E8000E9E3021035EA021061F0021071F70210F6
:108E900001FE021011D102103DD2021069D302105E
:108EA00099F0021000000000F88A04109196021058
:108EB0002597021045C102101DC10210C5C3021042
:108EC0009DC6021015C8021065BC021001BF021039
:108ED000EDC3021000000000208B0410CD9602109C
:108EE0007997021000000000408B041011980210C6
:108EF0004D98021000000000648B041071B5001042
:108F0000C5B500101996021021960210999A021008
:108F10005D9C0210D59B02104D9B021029960210F9
:108F2000319602103D960210000000009C8B041048
:108F3000E1B5001035B60010E9950210F195021068
:108F4000299A0210099B0210919B0210199C021091
:108F5000F9950210019602100D9602100000000013
:108F6000CC8B0410C5970210E19702105D96021099
:108F7000455903106196021000000000188C04107F
:108F800000000000000000000000000000000000E1
:108F900000000000000000000000000000000000D1
:108FA0000000000000000000748C0410A596021060
:108FB000419702100D2F0310BD2F03100000000079
:108FC000BC8C0410B99602105D97021019B70210FC
:108FD0006DB8021000000000048D0410E19602102C
:108FE0008D9702100D9E0210000000004C8D0410A1
:108FF000F5960210A9970210599602105D1A0310F7
:10900000891B031031090310A10A031039FE021055
:109010005374396261645F616C6C6F6300000000BF
:10902000E49104101090041014910410000000004A
:109030002090041071360310853603106936031032
:10904000537432306261645F61727261795F6E6520
:10905000775F6C656E67746800000000E49104102F
:109060004090041020900410000000005C90041058
:10907000A9360310BD360310A136031053743862AD
:1090800061645F6361737400E49104107C90041068
:10909000149104100000000088900410E1360310C1
:1090A000F5360310D93603104E31305F5F637878A0
:1090B000616269763131375F5F636C6173735F74CE
:1090C0007970655F696E666F45000000E491041079
:1090D000A89004101892041000000000CC90041016
:1090E00055370310693703108D4703108D47031060
:1090F000E537031011370310C93703108537031004
:1091000049370310537439657863657074696F6EFD
:1091100000000000E09004100491041053743133F7
:109120006261645F657863657074696F6E000000EA
:10913000E49104101C910410149104104E31305F1E
:109140005F637878616269763131355F5F666F722F
:109150006365645F756E77696E644500E090041026
:109160003C9104104E31305F5F63787861626976BC
:109170003131395F5F666F726569676E5F6578630D
:10918000657074696F6E4500E0900410649104107E
:109190000000000030910410FD3E0310093F031051
:1091A000013F0310000000004E31305F5F637878AC
:1091B000616269763132305F5F73695F636C6173DE
:1091C000735F747970655F696E666F4500000000BB
:1091D000E4910410A8910410CC9004100000000049
:1091E000D09104106D460310814603108D47031083
:1091F0008D470310E5370310113703105D47031047
:10920000D94603109D460310537439747970655F15
:10921000696E666F00000000E09004100892041070
:109220004E31305F5F637878616269763132315FE9
:109230005F766D695F636C6173735F747970655F8E
:10924000696E666F45000000E491041020920410DE
:10925000CC9004100000000048920410BD47031099
:10926000D14703108D4703108D470310E5370310D6
:1092700011370310154C03106D480310ED47031010
:10928000537437636F646563767449636331305F29
:109290006D6273746174655F74450000E49104103D
:1092A00080920410A0840410537437636F64656364
:1092B000767449776331305F6D6273746174655F92
:1092C00074450000E4910410A8920410188C041056
:1092D000000000009C920410994F031041500310AD
:1092E000694F0310794F0310694F0310814F03102A
:1092F000854F0310894F0310814F031000000000B9
:10930000C4920410CD4F031001500310E15003101C
:10931000794F0310BD51031035520310954F0310C0
:10932000695203105552031000001F003B005A0001
:1093300078009700B500D400F300110130014E0110
:109340006D0100001F003C005B0079009800B60032
:10935000D500F400120131014F016E010203000437
:10936000537431316C6F6769635F6572726F72003D
:10937000E49104106093041014910410537431327A
:109380006C656E6774685F6572726F7200000000D2
:10939000E49104107C9304107093041053743132E0
:1093A0006F75745F6F665F72616E676500000000C5
:1093B000E49104109C93041070930410537431339F
:1093C00072756E74696D655F6572726F7200000010
:1093D000E4910410BC9304101491041000000000E8
:1093E00070930410E5590310ED5A0310A1590310AE
:1093F00000000000909304106D5A03107D5B031071
:10940000A159031000000000B0930410AD5A0310DE
:10941000355B0310A159031000000000D093041025
:10942000A5590310255A0310A15903104E5374383F
:10943000696F735F62617365376661696C757265C8
:10944000423563787831314500000000E491041022
:109450002C94041090950410537431335F5F696F3E
:10946000735F6661696C757265000000D8940410C2
:10947000589404104C940410537431395F5F696F31
:10948000736661696C5F747970655F696E666F00A1
:109490005C920410789404100000000001000000A9
:1094A000D091041000000000000000004C94041053
:1094B000FD61031011620310F96103100000000048
:1094C0006C94041085620310A9620310F961031003
:1094D00000000000909404102D62031041620310FC
:1094E0008D4703108D470310E53703105D620310AD
:1094F0005D470310D94603109D460310E491041004
:1095000008950410749504102A4E31325F474C4F71
:1095100042414C5F5F4E5F313137696F5F657272F8
:109520006F725F63617465676F7279450000000058
:1095300000000000FC9404107D640310916403108B
:1095400071640310D5660310AD640310CD6503107C
:10955000D5650310056603104E5374335F563231E0
:10956000346572726F725F63617465676F7279459B
:1095700000000000E090041058950410537431323C
:1095800073797374656D5F6572726F7200000000AD
:10959000E49104107C950410D0930410E49104101D
:1095A000A8950410749504102A4E31325F474C4F31
:1095B00042414C5F5F4E5F31323267656E65726962
:1095C000635F6572726F725F63617465676F7279F2
:1095D00045000000E4910410E09504107495041017
:1095E0002A4E31325F474C4F42414C5F5F4E5F31F4
:1095F000323173797374656D5F6572726F725F6318
:10960000617465676F72794500000000000000001A
:10961000909504103D66031051660310A159031084
:10962000000000009C9504103965031025660310A6
:1096300019650310D56603106D660310CD65031020
:10964000216503100566031000000000D495041086
:10965000C9650310316603103D650310D56603101C
:109660006D66031045650310096703100566031056
:109670004E537438696F735F6261736537666169F1
:109680006C75726545000000E4910410709604103A
:10969000149104100000000088960410CD67031098
:1096A0000D680310C967031035000000CEFBFFFFF3
:1096B000CB030000010000000000000034000000A7
:1096C000CEFBFFFFCB030000010000000000000004
:1096D000BC89D897B2D29C3C33A7A8D523F6493988
:1096E0003DA7F444FD0FA5329D978CCF08BA5B25AA
:1096F000436FAC6428066811000000000000000001
:109700000000000000000000000000000000000059
:109710000000000000000000000000000000000049
:10972000000000000000000010111213141516179D
:109730001819000000000000001A1B1C1D1E1F004D
:109740000000000000000000000000000000000019
:109750000000000000000000001A1B1C1D1E1F005E
:1097600000000000000000000000000000000000F9
:1097700000000000000000000000000000000000E9
:1097800000000000000000000000000000000000D9
:1097900000000000000000000000000000000000C9
:1097A00000000000000000000000000000000000B9
:1097B00000000000000000000000000000000000A9
:1097C0000000000000000000000000000000000099
:1097D0000000000000000000000000000000000089
:1097E0000000000000000000000000000000000079
:1097F00000000000000000000A0001000200030059
:109800000400050006000700080009000A000B001C
:109810000C000D000E000F0010000000745004102A
:10982000785004107C500410805004102C50041008
:1098300084500410885004108C5004109050041070
:1098400094500410985004109C50041008500410B8
:10985000105004101C500410245004102C500410FC
:109860003050041038500410405004104850041078
:10987000545004105C50041068500410EC4F041055
:10988000F04F0410F44F0410F84F0410FC4F041074
:109890000050041004500410A84F0410B04F0410DE
:1098A000B84F0410C04F0410CC4F0410D84F041010
:1098B000E04F0410F44D0410E04D0410D851041092
:1098C000944F0410984F0410F051041008500410E5
:1098D000105004101C500410245004102C5004107C
:1098E00030500410385004104050041048500410F8
:1098F000545004105C5004106850041008520410B6
:109900009C4F04109C4904109C4904109C4904106D
:109910009C4904109C490410002020202020202075
:10992000202028282828282020202020202020200F
:10993000202020202020202020881010101010101F
:10994000101010101010101010040404040404046B
:109950000404041010101010101041414141414105
:1099600001010101010101010101010101010101E7
:1099700001010101101010101010424242424242F7
:1099800002020202020202020202020202020202B7
:10999000020202021010101020000000000000005F
:1099A00000000000000000000000000000000000B7
:1099B00000000000000000000000000000000000A7
:1099C0000000000000000000000000000000000097
:1099D0000000000000000000000000000000000087
:1099E0000000000000000000000000000000000077
:1099F0000000000000000000000000000000000067
:109A00000000000000000000000000000000000056
:109A10000000000000000000000000000A0001003B
:109A2000020003000400050006000700080009000A
:109A30000A000B000C000D000E000F0010000000CB
:109A400005000000190000007D000000000000007B
:109A5000000000000000F03F000000000000244073
:109A600000000000000059400000000000408F404E
:109A7000000000000088C34000000000006AF840B9
:109A80000000000080842E4100000000D0126341DD
:109A90000000000084D797410000000065CDCD4153
:109AA000000000205FA00242000000E87648374234
:109AB000000000A2941A6D42000040E59C30A242D2
:109AC0000000901EC4BCD64200003426F56B0C4347
:109AD0000080E03779C3414300A0D88557347643EE
:109AE00000C84E676DC1AB43003D9160E458E1434F
:109AF000408CB5781DAF154450EFE2D6E41A4B44C4
:109B000092D54D06CFF08044F64AE1C7022DB54408
:109B1000B49DD9794378EA44BC89D897B2D29C3CA9
:109B200033A7A8D523F649393DA7F444FD0FA53244
:109B30009D978CCF08BA5B25436FAC642806C80A92
:109B40000080E03779C34143176E05B5B5B8934639
:109B5000F5F93FE9034F384D321D30F94877825A05
:109B60003CBF737FDD4F15751F0000001C00000017
:109B70001F0000001E0000001F0000001E0000006B
:109B80001F0000001F0000001E0000001F0000005A
:109B90001E0000001F0000001F0000001D0000004C
:109BA0001F0000001E0000001F0000001E0000003B
:109BB0001F0000001F0000001E0000001F0000002A
:109BC0001E0000001F000000202020202020202058
:109BD0002020202020202020303030303030303005
:109BE00030303030303030302000000020000000B5
:109BF00020000000200000002000000020000000E5
:109C000020000000200000002000000020000000D4
:109C100020000000200000002000000020000000C4
:109C20002000000020000000300000003000000094
:109C30003000000030000000300000003000000064
:109C40003000000030000000300000003000000054
:109C50003000000030000000300000003000000044
:089C600030000000300000009C
:109C680055A4FE7FAF08B100FFFF0158C40104A846
:109C78000500F401048C06009A0204FE0500C002E7
:109C880004F005008A0404E20500BC0404D40500BD
:109C9800E40404C605008C0504B80500B4050400F6
:109CA80000C205040000D005040000DE0504000021
:109CB800EC05040000FA050400008806040000967C
:109CC80006040000F1A3FE7FB0B0A800FF10110148
:109CD8000816223C014004000001000000000000BA
:109CE800D5A3FE7FB0B0AA00FF1029011DA601026E
:109CF800AE0101AA0102B80101B20104C20103BC0C
:109D08000104CA0103C6010A000001007F00000027
:109D180000000000000000009DA3FE7FB0AF02001D
:109D2800FF1059014F42040000820104D60401CCFF
:109D380002040000CC0302EE0401DA03400000C074
:109D48000402E40401CE0402F80401D204028205EC
:109D580001E004048C0500E80404940503F20404FB
:109D6800A80503FC04049C0503860504B0050390BC
:109D78000534000001007F00000000000000000022
:109D880035A3FE7FB0AF0800FF1075016C5220ECC0
:109D98000C019C0104B20D03A60128EC0C01D801AA
:109DA80004A40D03E40104EC0C01A60204960D03BF
:109DB800B00204EC0C01F60204880D03800384024F
:109DC800EC0C01BA0504CE0D03C40528EC0C01F611
:109DD8000504C00D03820604EC0C01E40804DC0D44
:109DE80003EE0804EC0C01AA0904FA0C03B409C236
:109DF80002EC0C01F60C7800007F00007D000000EA
:109E080000000000B1A2FE7FB0B0A800FFFF010C67
:109E180010021C00140400002204000099A2FE7F16
:109E2800B0B0A800FFFF010C100222001404320099
:109E38002E04000081A2FE7FB0B0A800FFFF010C35
:109E480010021C00140400002204000069A2FE7F16
:109E5800B0B0A800FFFF010C100222001404320069
:109E68002E04000051A2FE7FB0B0A800FFFF010C35
:109E780010021C00140400002204000039A2FE7F16
:109E8800B0B0A800FFFF010C100222001404320039
:109E98002E04000021A2FE7FB0B0A800FFFF010C35
:109EA80010021C00140400002204000009A2FE7F16
:109EB800B0B0A800FFFF010C100222001404320009
:109EC8002E040000F1A1FE7FB0B0A800FFFF01083A
:109ED8000404120018040000DDA1FE7FB0B0A80041
:109EE800FFFF01080404120018040000C9A1FE7F46
:109EF800B0B0A800FFFF0108040412001804000015
:109F0800B5A1FE7FB0B0A800FFFF0108040412004D
:109F180018040000A1A1FE7FA908B100FFFF0114E9
:109F280018043A00240400002C0238003004000011
:109F38004604000081A1FE7FB0B0A800FFFF010821
:109F480004041200180400006DA1FE7FA908B100E6
:109F5800FFFF011418043A00240400002C02380002
:109F680030040000460400004DA1FE7FB0B0A800F8
:109F7800FFFF0108040412001804000039A1FE7F45
:109F8800A908B100FFFF011418043A0024040000D6
:109F98002C023800300400004604000019A1FE7F9E
:109FA800B0B0A800FFFF0108040412001804000064
:109FB80005A1FE7FA908B100FFFF011418043A00AB
:109FC800240400002C02380030040000460400007D
:109FD800E5A0FE7FB0B0A800FFFF0108040412004E
:109FE80018040000D1A0FE7FB0B0A800FFFF010C4C
:109FF80010021C001404000022040000B9A0FE7F17
:10A00800B0B0A800FFFF010C1002220014043200B7
:10A018002E040000A1A0FE7FB0B0A800FFFF010C35
:10A0280010021C00140400002204000089A0FE7F16
:10A03800B0B0A800FFFF010C100222001404320087
:10A048002E04000071A0FE7FB0B0A800FFFF010839
:10A0580004041200180400005DA0FE7FB0B0A80040
:10A06800FFFF0108040412001804000049A0FE7F45
:10A07800A908B100FFFF011418043A0024040000E5
:10A088002C023800300400004604000029A0FE7F9E
:10A09800B0B0A800FFFF0108040412001804000073
:10A0A80015A0FE7FA908B100FFFF011418043A00AB
:10A0B800240400002C02380030040000460400008C
:10A0C800F59FFE7FB0B0A800FFFF0108040412004E
:10A0D80018040000E19FFE7FB0AF0200FFFF0138C7
:10A0E8002404F004004404B605007004AC05009A8A
:10A0F8000104A20500FA01040000AC02049805005E
:10A10800CC02048E0500F60204840500A00304FABC
:10A1180004008604BA0100009D9FFE7FB0A90A00D2
:10A12800FFFF010C181A58004E0A5800600400007E
:10A13800859FFE7FB0AB1200FFFF010A343C880107
:10A1480000900104000000006D9FFE7FB0AC11007C
:10A15800FFFF010A3A3C900100980104000000004A
:10A16800559FFE7FB0A90C00FFFF010C281A68005C
:10A178005E0A6800700400003D9FFE7FB0AD0A00D3
:10A18800FFFF01101A249A010090010A9A0100A207
:10A1980001040000219FFE7FB0AD0C00FFFF0110FD
:10A1A8002A24AA0100A0010AAA0100B201040000A1
:10A1B800059FFE7FB0B0A800FFFF0100F99EFE7F5B
:10A1C800B0B0A800FFFF0100ED9EFE7FB0B0A80070
:10A1D800FFFF0100E19EFE7FB0B0A800FFFF010075
:10A1E800D59EFE7FB0AF1600FFFF01114604940212
:10A1F800008E0186019402009C0204000000000009
:10A20800B59EFE7FB0AB1600FFFF010F4404C201EC
:10A21800007E44C20100CA0104000000999EFE7F2E
:10A22800B0AC0100FFFF0122102C00004412AC0268
:10A2380000720200007E12A20200AC01020000B609
:10A248000112AE0200A8020400000000699EFE7F11
:10A25800B0AC0100FFFF0129102800004012C6021F
:10A26800006E020000860112DA0200BA0102000044
:10A27800D20174D00200CC020E0000DC0204DA0223
:10A2880000000000319EFE7FB0A90200FFFF010E12
:10A2980010020000182E8601008C01040000000046
:10A2A800159EFE7FB0A90200FFFF010E10020000FC
:10A2B800182E8601008C010400000000F99DFE7F25
:10A2C800B0AC0300FFFF012E103600004E12A803A9
:10A2D800007C020000880112A60300B601020000FB
:10A2E800C201129A0300F001020000FC0112A4034B
:10A2F80000A8027C00000000BD9DFE7FB0AC0300FA
:10A30800FFFF012E103600004E12A803007C020049
:10A3180000880112A60300B601020000C201129AC9
:10A328000300F001020000FC0112A40300A8027C53
:10A3380000000000819DFE7FB0AD0400FFFF0145D5
:10A34800103600004E12E603007E0200009801124B
:10A35800D80300CC01020000E60112F003009A02C3
:10A36800020000B20212F20300E4027E0000E203DF
:10A3780004D80300EC03040000F40304F20300F81B
:10A388000304F003000000002D9DFE7FB0AD040023
:10A39800FFFF0145103600004E12E603007E020062
:10A3A80000980112D80300CC01020000E60112F067
:10A3B80003009A02020000B20212F20300E4027ED5
:10A3C8000000E20304D80300EC03040000F40304D3
:10A3D800F20300F80304F00300000000D99CFE7F9C
:10A3E800B0A80100FFFF010C1204000024025C0069
:10A3F800580E0000C19CFE7FB0A80100FFFF010CB1
:10A408001204000024025C00580E0000A99CFE7F84
:10A41800B0AA0500FFFF01131E0400003802EC017A
:10A4280000403CDC0100D80114000000899CFE7F3C
:10A43800B0AF0600FFFF0113260400006402A20269
:10A44800006C48A402009E0216000000699CFE7F72
:10A4580001AD0E00FFFF010F4802000092017E9A35
:10A468000200A002040000004D9CFE7F01AD0E001A
:10A47800FFFF010F4802000092017E9A0200A0022D
:10A4880004000000319CFE7F01AC0900FFFF010EB3
:10A49800340400005E02CC0100A001360000000078
:10A4A800159CFE7F01AF0C00FFFF010E3A0400006F
:10A4B8007E02960200C2015E00000000F99BFE7F4A
:10A4C800B0B0AA00FFFF01BC019801040000A00180
:10A4D80004FA0800B401040000BC0104F80800E80C
:10A4E80001048E09008202048009008A021C00000F
:10A4F800B00204FC0800C602040000D20204FE08F0
:10A5080000DE021C0000FE0204F60800B80304F492
:10A518000800D20304900900DA03040000E20304EF
:10A52800AE09009C0404AC0900B604049E0900BEF0
:10A5380004040000C60404B00900DA04040000E4BE
:10A548000404C20900920504C00900AC0504B2095C
:10A5580000B405E60100009E0704F20800D80704CD
:10A56800E20800F20704C40900FA070400008208A0
:10A5780004E20900BC0804E00900D60804D2090076
:10A58800DE081400000000002D9BFE7FB0B0A8007C
:10A59800FFFF0100219BFE7FB0B0A800FFFF010074
:10A5A800159BFE7FB0B0A800FFFF0100099BFE7F4E
:10A5B800B0B0A800FFFF0100FD9AFE7FB0B0A80070
:10A5C800FFFF01081004260030040000E99AFE7F0E
:10A5D800B0B0A800FFFF0100DD9AFE7FB0B0A80070
:10A5E800FFFF0100D19AFE7FB0B0A800FFFF010075
:10A5F800C59AFE7FB0AF0C00FFFF010E1C040000DF
:10A608002C049801009E010400000000A99AFE7F16
:10A61800B0AF0A00FF1029012028049602003A046E
:10A628008002007404F80101960162980201FC019D
:10A6380004820200920204000001000000000000F1
:10A64800AB010181B0B008B100000000699AFE7F3B
:10A65800B0AF1E00FF1045013C8801D4098E1700D9
:10A66800960B048C1700A40E98028E1700D01004C5
:10A67800B017018411049E17019011040000D6112F
:10A68800A0058E17008817160000AC1704B617002F
:10A69800BA1704000001000000000000199AFE7FAC
:10A6A800B0AF1E00FF1045013C8801D4098E170089
:10A6B800960B048C1700A40E98028E1700D0100475
:10A6C800B017018411049E17019011040000D611DF
:10A6D800A0058E17008817160000AC1704B61700DF
:10A6E800BA1704000001000000000000C999FE7FAD
:10A6F800B0AE0F00FFFF010A48529C0100A20104FE
:10A7080000000000B199FE7FB0AF1200FFFF010BFF
:10A718005EB8019C020098020E0000009999FE7F25
:10A72800B0AF1C00FF10790170B80130D60800C422
:10A7380002A003C60800B40604D60800C40604C66E
:10A748000800CC0604B80801FE0604A808018A0718
:10A758000400009C071AD60800D40704C60800E8BD
:10A768000704D60800FC0704C60800860804D608B3
:10A77800008C0804C60800940804D608009A080447
:10A78800C608009E08040000A40804D60800B408FF
:10A7980004BE0800C2081400000100000000000008
:10A7A8001599FE7FB0AF1C00FF10790170B8013019
:10A7B800D60800C402A003C60800B40604D60800E0
:10A7C800C40604C60800CC0604B80801FE0604A89E
:10A7D80008018A070400009C071AD60800D4070459
:10A7E800C60800E80704D60800FC0704C608008667
:10A7F8000804D608008C0804C60800940804D60883
:10A80800009A0804C608009E08040000A40804D69C
:10A818000800B40804BE0800C208140000010000C3
:10A82800000000009198FE7FAF0E9700FFFF012205
:10A838004A36CE0200C8013AD0020094021CCE0269
:10A8480000B60212D00200CA0204CE0200E00204DE
:10A85800000000006198FE7FB0B0A800FFFF01086B
:10A8680010041A00200400004D98FE7FB0A90A00C9
:10A87800FFFF010C18205200480A52005A04000039
:10A888003598FE7FB0AA0B00FFFF010C2620600060
:10A89800560A6000680400001D98FE7FB0AE1100E3
:10A8A800FFFF01106A04A201008A0104A20100AAA4
:10A8B800010400000198FE7FB0AD1200FFFF010AFD
:10A8C8004246A20100AA010400000000E997FE7FA9
:10A8D800B0AA0900FFFF010F18048001005C248062
:10A8E8000100880104000000CD97FE7FB0AA0B008C
:10A8F800FFFF010F26048E01006A248E01009601D5
:10A9080004000000B197FE7FB0B0A800FFFF01006F
:10A91800A597FE7FB0B0A800FFFF01009997FE7FC2
:10A92800B0B0A800FFFF01008D97FE7FB0B0A8006F
:10A93800FFFF01008197FE7FB0AC1900FFFF0111F6
:10A948004C04940200900184019402009C020400CB
:10A95800000000006197FE7FB0AE1B00FFFF0110F2
:10A968004C04F00200FA0172F00200F80204000040
:10A978004597FE7FB0AC0500FFFF0122102C0000B8
:10A988004012D601006E0200007812E20100A60112
:10A99800020000AC0112E00100DC0104000000002C
:10A9A8001597FE7FB0AD0600FFFF012F10280000AD
:10A9B8003C12F801006A020000800112900200B403
:10A9C80001020000CA0112820200FE010E00008C82
:10A9D800020482020092020490020000D996FE7FCF
:10A9E800B0AA0700FFFF010C100200001844700015
:10A9F80076040000C196FE7FB0AA0700FFFF010D94
:10AA080010020000182E7A008001040000000000E7
:10AA1800A596FE7FB0AC0700FFFF012E10360000A0
:10AA28004A12B8020078020000820112C60200B081
:10AA380001020000BA0112C40200E801020000F29B
:10AA48000112C202009E0224000000006996FE7FE7
:10AA5800B0AC0700FFFF012E103600004A12B80202
:10AA68000078020000820112C60200B00102000054
:10AA7800BA0112C40200E801020000F20112C20287
:10AA8800009E0224000000002D96FE7FB0AD080055
:10AA9800FFFF0140103600004A12F0020078020061
:10AAA800009001128E0300C401020000DA0112882E
:10AAB80003008E02020000A40212FA0200D6022E3F
:10AAC8000000840304FA02008A0304880300900348
:10AAD800048E0300E195FE7FB0AD0800FFFF014042
:10AAE800103600004A12F0020078020000900112AD
:10AAF8008E0300C401020000DA01128803008E02EE
:10AB0800020000A40212FA0200D6022E00008403FA
:10AB180004FA02008A03048803009003048E0300E9
:10AB28009595FE7FB0A90600FFFF010C14040000F4
:10AB380022023C00380E00007D95FE7FB0A9060079
:10AB4800FFFF010C1404000022023C00380E000034
:10AB58006595FE7FB0AF1000FFFF010F5602880217
:10AB6800005E5E8A0200DE013C0000004995FE7F1F
:10AB7800B0AC0F00FFFF0113260400003E02CA011B
:10AB880000462EBA0100B601140000002995FE7F88
:10AB980001AF1200FFFF010F480200009E016CA4E4
:10ABA8000200AA02040000000D95FE7F01AF12000A
:10ABB800FFFF010F480200009C0172B60200BC02B0
:10ABC80004000000F194FE7F01AF1000FFFF010AAE
:10ABD8007A028C0200BA015C00000000D994FE7F62
:10ABE80001AC0D00FFFF010E380400005E02AE014B
:10ABF800009E011A00000000BD94FE7FB0B0AA00BC
:10AC0800FFFF01BC019801040000A00104FA08003C
:10AC1800B401040000BC0104F80800E801048E092E
:10AC2800008202048009008A021C0000B00204FCB1
:10AC38000800C602040000D20204FE0800DE021C5E
:10AC48000000FE0204F60800B80304F40800D2036A
:10AC580004900900DA03040000E20304AE09009C32
:10AC68000404AC0900B604049E0900BE04040000F4
:10AC7800C60404B00900DA04040000E40404C209AC
:10AC880000920504C00900AC0504B20900B405E649
:10AC98000100009E0704F20800D80704E20800F249
:10ACA8000704C40900FA07040000820804E2090046
:10ACB800BC0804E00900D60804D20900DE08140024
:10ACC80000000000F193FE7FB0B0A800FFFF010074
:10ACD800E593FE7FB0B0A800FFFF0100D993FE7F87
:10ACE800B0B0A800FFFF0100CD93FE7FB0AF0C000D
:10ACF800FFFF010E1C0400002C049E0100A40104A7
:10AD080000000000B193FE7FB0AF0A00FF103501CC
:10AD18002D2804B002004204AA02008401048A0219
:10AD280001A60164B202018E020496020092020496
:10AD38008A0201A602040000AC0204AA0200010073
:10AD4800000000007193FE7FB0AF2000FF104901A2
:10AD5800418A01F609961700BE0B04F41600F20B9F
:10AD6800A4059617009C1104EC1601D0110486174F
:10AD780001DC11040000CC128A04961700D81604CE
:10AD88000000F01604FE1600FA16040000821704EC
:10AD980000000100000000001D93FE7FB0AF2000FE
:10ADA800FF104901418A01F609961700BE0B04F409
:10ADB8001600F20BA4059617009C1104EC1601D09E
:10ADC8001104861701DC11040000CC128A049617BE
:10ADD80000D816040000F01604FE1600FA16040047
:10ADE800008217040000010000000000C992FE7FE5
:10ADF800B0AE0F00FFFF010A48529C0100A20104F7
:10AE080000000000B192FE7FB0AE0F00FFFF010A04
:10AE18005E6ACE0100CA010E000000009992FE7F12
:10AE2800B0AF1C00FF1079016E68020000A6013067
:10AE3800C80800BA029A03B80800A60604C80800A1
:10AE4800BA0604B80800C20604AA0801F406049A5F
:10AE58000801FE06040000900718C80800C6070489
:10AE6800B80800DA0704C80800EE0704B80800F6B6
:10AE780007040000FC0704B80800820804C808009A
:10AE8800880804B8080090080AC80800A60804B092
:10AE98000800B408140000010000000000000000D1
:10AEA8001592FE7FB0AF1C00FF1079016E6802009A
:10AEB80000A60130C80800BA029A03B80800A6061E
:10AEC80004C80800BA0604B80800C20604AA0801A3
:10AED800F406049A0801FE06040000900718C80842
:10AEE80000C60704B80800DA0704C80800EE07041B
:10AEF800B80800F607040000FC0704B80800820838
:10AF080004C80800880804B8080090080AC808009F
:10AF1800A60804B00800B4081400000100000000EE
:10AF2800000000009191FE7FC90C9701B0B0AF807E
:10AF3800FFFF011648669E0200BE01468A0200868F
:10AF480002049E02009A0204000000006991FE7F3C
:10AF5800B0B0A800FFFF010810041A002004000088
:10AF680008B10181B0B000840000000008B101817F
:10AF7800B0B000840000000008B10181B0B00084C6
:10AF8800000000003191FE7FB0B0A800FFFF01086B
:10AF98000E041C00180E00001D91FE7FB0B0A80022
:10AFA800FFFF01080E041C00180E00000991FE7F27
:10AFB800B0B0A800FFFF01080E041C00180E000026
:10AFC80008B101810FB1008400000000E990FE7F04
:10AFD800B0B0A800FFFF01080E041C00180E000006
:10AFE80008B10181B0B000840000000008B10181FF
:10AFF800B0B000840000000008B10181B0B0008446
:10B008000000000008B10181B0B000840000000019
:10B01800A590FE7FB0B0AA00FF1019010C12021C07
:10B0280001200426032A08000001007F0000000018
:10B0380000000000000000007D90FE7FB0B0A80076
:10B04800FFFF01007190FE7FB0B0A800FFFF010074
:10B058006590FE7FA908B100FFFF01005990FE7FAF
:10B06800B0B0A800FFFF01004D90FE7FB0AF040014
:10B07800FFFF010E120400002204CC0100D20104DB
:10B08800000000003190FE7FB0AF0400FF102D01DA
:10B09800251804B202003004B00200400486020100
:10B0A80078049402019001048602019802049C022B
:10B0B80000AC02040000010000000000F98FFE7FD0
:10B0C800B0AF0C00FFFF0189014A04000058128448
:10B0D8000700A20104F00600AE0112F20600F40116
:10B0E80004A207008402128E0700C80204E80600C2
:10B0F800D802128207008A0404EA0600C20402F099
:10B108000600CE04020000D80402A20700E40402EC
:10B11800E80600EC0402EE0600F40402EC0600FC6B
:10B128000408820700880502C80600A80604000073
:10B13800AC0604E60600B20604A20700B80604F04E
:10B148000600BE06040000C40604E80600FE061059
:10B1580000000000618FFE7FB0AF0C00FFFF018987
:10B16800014A0400005812840700A20104F00600F6
:10B17800AE0112F20600F40104A207008402128E46
:10B188000700C80204E80600D802128207008A04F1
:10B1980004EA0600C20402F00600CE04020000D849
:10B1A8000402A20700E40402E80600EC0402EE062A
:10B1B80000F40402EC0600FC04088207008805027B
:10B1C800C80600A806040000AC0604E60600B2069D
:10B1D80004A20700B80604F00600BE06040000C476
:10B1E8000604E80600FE061000000000C98EFE7F77
:10B1F800B0AF0800FF107D01734A04A005015A048E
:10B20800B605036804B405039E0104840503AE0172
:10B2180004A80503BC0104A60503E601048C050384
:10B22800F60104F80403840264B00503BA03029E1D
:10B238000503C80302A00501D00302B00503DC031F
:10B24800029C0503E4034AB00503AE04040000B4FD
:10B258000404C40403BA0404A00501C0040492054C
:10B2680003F4040494050098050400000100007D1F
:10B2780000000000418EFE7FAB08B100FF101D01E9
:10B28800141A0452013E045A014804000056046886
:10B29800006C04000001000000000000198EFE7F11
:10B2A800B0B0A800FFFF01081E0426002C0400000F
:10B2B800058EFE7FB0B0A800FFFF010810041A0039
:10B2C80020040000F18DFE7FB0AF1000FF1049018F
:10B2D80041BA018001DC0600E6029E02DE06009605
:10B2E8000516DC0600B20504DE0600C60504FE06E7
:10B2F80001F80504EE06018206040000960642DC09
:10B308000600D806160000FA060484070088070419
:10B3180000000100000000009D8DFE7FB0AF10000E
:10B32800FF10490141BA018001DC0600E6029E02D5
:10B33800DE0600960516DC0600B20504DE0600C629
:10B348000504FE0601F80504EE0601820604000065
:10B35800960642DC0600D806160000FA06048407A2
:10B36800008807040000010000000000498DFE7FEE
:10B37800C90A9701B0B0AF80FFFF0122502E8203A7
:10B3880000D20140840300A4021C820300C8021CEE
:10B39800840300FE020482030094030400000000FA
:10B3A8000E970181B0AF80C9000000000E9701819F
:10B3B800B0AF80C900000000FD8CFE7FB0AF080070
:10B3C800FFFF0132180E00008E01F608900F00886A
:10B3D8000ABC0100008A0C0E900F00D80C64000013
:10B3E800D20D02900F00980E020000AC0E14900FC0
:10B3F80000D00E4A00000000BD8CFE7FB0AE0B00EE
:10B40800FFFF010B20EA019602009C0204000000E5
:10B41800A58CFE7FB0AE0B00FFFF010B20EA019662
:10B4280002009C02040000008D8CFE7FB0AE0B0071
:10B43800FFFF010B20EA019602009C0204000000B5
:10B44800758CFE7FB0AF0E00FFFF012714A4050026
:10B4580000880622AE0C00F606020000A007B8021B
:10B46800AE0C00F409600000B00B3CAE0C00B40C4C
:10B4780004000000418CFE7FB0AF0C00FFFF0127E5
:10B48800149A050000F605228A0C00E40602000062
:10B498009007CA028A0C00F6094800008E0B3C8A05
:10B4A8000C00900C040000000D8CFE7FB0AF0C0067
:10B4B800FFFF0127149C0500008006228A0C00EE7D
:10B4C800060200009807B6028A0C00EA094A000042
:10B4D8008C0B3C8A0C00900C04000000D98BFE7F7A
:10B4E800B0AF0C00FFFF0127149C05000080062266
:10B4F8008A0C00EE060200009807B6028A0C00EAE1
:10B50800094A00008C0B3C8A0C00900C04000000D7
:10B51800A58BFE7FB0AF1200FFFF012714CE0500F8
:10B5280000AA06228A0D009807020000CC07EE0246
:10B538008A0D00D60A560000860C3C8A0D00900D34
:10B5480004000000718BFE7FB0AF1000FFFF0127E1
:10B5580014C6050000A20622F40C009007020000A1
:10B56800BC07F002F40C00C80A580000F00B3CF4C9
:10B578000C00FA0C040000003D8BFE7FB0AF1200F7
:10B58800FF1045013B728604C01100BE0604BE11BF
:10B59800009E079C07C01100C60E04B01101FA0EE8
:10B5A80004A01101860F040000AE0FCC01C01100E9
:10B5B8009C11040000AC1104B61100BA1116000069
:10B5C8000100000000000000ED8AFE7FB0AF12000D
:10B5D800FF1045013B728E04C01100C60604D0114D
:10B5E80000A6079C07C01100CE0E04E21101820FCD
:10B5F80004D211018E0F040000B60FE401C011003F
:10B60800BC11140000DE1104E81100EC1104000064
:10B6180001000000000000009D8AFE7FB0AD0C0014
:10B62800FFFF010A3E469C0100A201040000000041
:10B63800858AFE7FB0AF0E00FFFF010B58C801BE20
:10B648000200BA020E0000006D8AFE7FA908B10050
:10B65800FFFF0100618AFE7FB0A90200FF103501DB
:10B6680025160400002E028801036C04A401009C26
:10B678000108CC0100AA01040000BC0104C60100B5
:10B68800C00104A401000200017D000000000000C8
:10B69800C4DAFFFF218AFE7FB0AF0200FF103D0130
:10B6A8002D100400007818BA0403D801B801BA04B0
:10B6B80003D40366BA0403CE0408EE0400E40404C9
:10B6C800FE0400E80404FC0400F80404000002007E
:10B6D800017D0000000000007CDAFFFFD989FE7FB1
:10B6E800B0AE0900FF104101310E0400005A02FCFF
:10B6F80001037004980200C20104FC0103F0010C6C
:10B70800FC0103900208C002009E02040000B0027F
:10B7180004BA0200B402049802000200017D00008D
:10B728000000000030DAFFFF08B10181B0B00084EA
:10B73800000000008189FE7FB0AE0900FF104101C2
:10B74800310E0400005A02FC01037004980200C282
:10B758000104FC0103F0010CFC0103900208C00283
:10B76800009E02040000B00204BA0200B402049869
:10B7780002000200017D000000000000D8D9FFFF90
:10B788003589FE7FB0AF0A00FF1041013110040077
:10B798000064028602037A04A20200CC0104860235
:10B7A80003FA010C8602039A0208CA0200A80204DE
:10B7B8000000BA0204C40200BE0204A20200020091
:10B7C800017D0000000000008CD9FFFFE988FE7FA2
:10B7D800A908B100FFFF0100DD88FE7FB0A90200C3
:10B7E800FF10350125160400002E028801036C04A1
:10B7F800A401009C0108CC0100AA01040000BC01BE
:10B8080004C60100C00104A401000200017D00007B
:10B818000000000040D9FFFF08B10181B0B00084EA
:10B82800000000009188FE7FB0B0A800FFFF010073
:10B838008588FE7FB0B0A800FFFF01007988FE7FF1
:10B84800A908B100FFFF01006D88FE7FB0B0A80015
:10B85800FFFF01006188FE7FB0AF0400FFFF010E0B
:10B86800120400002204D40100DA010400000000E0
:10B878004588FE7FB0AF0400FF103D01321804BEBA
:10B8880002003804B8020060048A02019E0104988C
:10B898000201B601048A02019C0204A00200B0025F
:10B8A800040000B40204980201BA0204B8020001BC
:10B8B8000000000000000000FD87FE7FB0AF0A0016
:10B8C800FFFF019C015E12880800AC0104EE07002E
:10B8D800C40112F00700900204920800A802129A0C
:10B8E8000800EE0204940800A20312EC0700E20428
:10B8F80002BC070080050C0000900504EE070096C6
:10B9080005049208009E0502EE0700AA0502000041
:10B91800B60502940800C00502920800C805028214
:10B928000800D005028008009A0602E40700A20673
:10B938000AEC0700AE0704E60700B207040000B8E7
:10B948000704940800E80704F00700FC0704000057
:10B958008408048808008E080400009608049A08E1
:10B96800000000005187FE7FB0AF0A00FFFF019C76
:10B97800015E12880800AC0104EE0700C40112F051
:10B988000700900204920800A802129A0800EE022A
:10B9980004940800A20312EC0700E20402BC0700AA
:10B9A80080050C0000900504EE0700960504920837
:10B9B800009E0502EE0700AA05020000B6050294E3
:10B9C8000800C00502920800C80502820800D005D8
:10B9D800028008009A0602E40700A2060AEC0700A3
:10B9E800AE0704E60700B207040000B8070494088D
:10B9F80000E80704F00700FC070400008408048836
:10BA080008008E080400009608049A080000000048
:10BA1800A586FE7FB0AF0800FF108C010180015A97
:10BA280004A206036804AC0603A80104AE0603C416
:10BA38000104B40603D20104BC0603800204C00654
:10BA4800039C0204C60603AA0262D20603C60304C4
:10BA58009C0601F40304E20503FA03049805038E27
:10BA680004029C06019E0402D20503A60408D2061D
:10BA780003BA0402CC05038A050400008E0504D22B
:10BA880006039405049C0601C80504DA0500DE05D2
:10BA9800040000B00604BE0603C20604D60603016D
:10BAA80000007D00000000000D86FE7FAB08B1009D
:10BAB800FF101D01141C04560142045E014C0400D1
:10BAC800005A046C0070040000010000000000002F
:10BAD800E585FE7FB0B0A800FFFF01081E04260020
:10BAE8002C040000D185FE7FB0B0A800FFFF01083C
:10BAF80010041A0020040000BD85FE7FB0AF0E00C0
:10BB0800FF105901506E020000B40180018C07003B
:10BB1800DE02A202FC06009205168C0700B005049E
:10BB2800FC0600CA05049E0701FC05048E0701886F
:10BB3800060400009C06328C0700EC06040000F89E
:10BB480006048C070088070400009A0704A407006D
:10BB5800A807040000010000000000005985FE7FCE
:10BB6800B0AF0E00FF105901506E020000B4018002
:10BB7800018C0700DE02A202FC06009205168C0763
:10BB880000B00504FC0600CA05049E0701FC050474
:10BB98008E070188060400009C06328C0700EC061C
:10BBA800040000F806048C070088070400009A07C0
:10BBB80004A40700A807040000010000000000001A
:10BBC800F584FE7FC9069701B0B0AF80FFFF012260
:10BBD8004430C602008E0148B20200EA011CC602C7
:10BBE800008E0204B20200AE0204C60200C20204C1
:10BBF800000000000A970181B0AF80C90000000072
:10BC08000A970181B0AF80C900000000A984FE7FB7
:10BC1800B0AF0A00FFFF0132180E0000860192093A
:10BC2800FC0F009C0AFE010000980D32FC0F00F486
:10BC38000D5A0000D80E60FC0F00C00F0C0000DA8F
:10BC48000F02FC0F00821004000000006984FE7FD0
:10BC5800B0AE0B00FFFF010B20F4019802009E021A
:10BC6800040000005184FE7FB0AE0B00FFFF010B03
:10BC780020F4019802009E02040000003984FE7F2F
:10BC8800B0AE0B00FFFF010B20F4019802009E02EA
:10BC9800040000002184FE7FB0AF0C00FFFF0127E5
:10BCA80014A0050000FE05FC038A0C00860A620049
:10BCB80000C00B108A0C00D80B020000E60B028AA9
:10BCC8000C00900C04000000ED83FE7FB0AF0C0068
:10BCD800FFFF012714A405000082068604FE0B005E
:10BCE800940A4C0000B40B10FE0B00CC0B020000B1
:10BCF800DA0B02FE0B00840C04000000B983FE7FFF
:10BD0800B0AF0C00FFFF0127149E050000FC05F6EC
:10BD180003860C00FE09600000B40B10860C00CAF4
:10BD28000B020000D80B02860C00FA0B160000006C
:10BD38008583FE7FB0AF0C00FFFF01271498050034
:10BD480000F605F803E40B00FA094C00009A0B1002
:10BD5800E40B00B20B020000C00B02E40B00EA0B7C
:10BD6800040000005183FE7FB0AF1000FFFF0127E1
:10BD780014D2050000B006A404E80C00E00A5A003A
:10BD880000980C10E80C00B00C020000BE0C02E891
:10BD98000C00EE0C040000001D83FE7FB0AF0E0007
:10BDA800FFFF012714C6050000A4069A04CA0C0068
:10BDB800CA0A5C0000FA0B10CA0C00920C020000C0
:10BDC800A00C02CA0C00D00C04000000E982FE7F1F
:10BDD800B0AF1200FF1045013B688A08941200F0CA
:10BDE8000904A41200AC0AF804941200AA0F0486ED
:10BDF8001201DE0F04F61101EA0F040000AC10BABC
:10BE080001941200E8110400008212048C120090C0
:10BE18001214000001000000000000009982FE7F5B
:10BE2800B0AF1200FF1045013B688A08941200F079
:10BE38000904A41200AC0AF804941200AA0F04869C
:10BE48001201DE0F04F61101EA0F040000AC10BA6B
:10BE580001941200E8110400008212048C12009070
:10BE68001214000001000000000000004982FE7F5B
:10BE7800B0AD0C00FFFF010A3E469C0100A2010480
:10BE8800000000003182FE7FB0AF0C00FFFF010B05
:10BE98005A8801820200FE010E00000008B10181EB
:10BEA800B0B000840000000008B10181B0B0008487
:10BEB800000000000182FE7FB0AF0200FF101901F0
:10BEC8000E320A3C017A3CBC0100C40104000001A6
:10BED8000000000000000000DD81FE7FA908B1001D
:10BEE800FFFF010008B10181B0B00084000000002C
:10BEF800C581FE7FB0AF1400FF1019011020A00704
:10BF080000008C0804900801980804000001000053
:10BF180000000000A181FE7F8408B101B0B0B0002C
:10BF2800FF100D01040206080101000000000000D6
:10BF380008B10181B0B000840000000008B101819F
:10BF4800B0B00084000000006D81FE7F8408B1015C
:10BF5800B0B0B000FF100D01040204080101000098
:10BF68000000000008B10181B0B0008400000000AA
:10BF78004581FE7FB0B0A800FFFF010C0A041C0039
:10BF880014040000260400002D81FE7FB0B0A80034
:10BF9800FFFF010C0A041C00140400002604000022
:10BFA8001581FE7FB0B0A800FFFF010C0A04220033
:10BFB8001404360032040000FD80FE7FB0B0A800F3
:10BFC800FFFF010C0A0422001404360032040000AA
:10BFD800E580FE7FB0B0A800FFFF010810041A003A
:10BFE80024040000D180FE7FB0B0A800FFFF010844
:10BFF80010041A0024040000BD80FE7F8408B101EB
:10C00800B0B0B000FF100D010802041201160800BC
:10C01800007F0000000000009D80FE7F8408B101C1
:10C02800B0B0B000FF100D0108020408010C0800B0
:10C03800007F0000000000007D80FE7F8408B101C1
:10C04800B0B0B000FF100D010806040C0110080084
:10C05800007F0000000000005D80FE7FB0B0AE00F1
:10C06800FF100D01081E045A015E0800007F000041
:10C07800000000004180FE7FB0B0AE00FF100D014F
:10C08800081E045A015E0800007F0000000000003E
:10C098002580FE7FB0AB0200FFFF01082640660046
:10C0A8006C0400001180FE7FB0AB0200FFFF0108A6
:10C0B800264066006C040000FD7FFE7FB0B0A8003B
:10C0C800FFFF0100F17FFE7FB0B0A800FFFF010075
:10C0D800E57FFE7FB0AD1600FFFF01191A020000D0
:10C0E8002804EA01006204E80100900104EC010060
:10C0F800FE01040000000000BD7FFE7FB0A9020021
:10C10800FFFF010C2404520038044600421A0000C4
:10C11800A57FFE7FB0B0A800FFFF01080E0416003F
:10C128001C040000917FFE7FB0A80100FFFF0108FA
:10C138001E163A00400400007D7FFE7FB0A805006F
:10C14800FFFF010C0C02000014042A003004000058
:10C15800657FFE7FB0A90200FF101101082A044084
:10C1680003520800007F00007D000000000000006E
:10C1780008B10181B0B000840000000008B101815D
:08C18800B0B0008400000000CB
:10C190005CD9FB7F0100000078D9FB7FCCDAFF7F00
:10C1A000F8DCFB7FB0B0A88010DDFB7F20DBFF7FD9
:10C1B0006CDDFB7F0100000090DDFB7FB0B0A8804C
:10C1C000A8DDFB7F01000000A8DDFB7F1CDBFF7FFB
:10C1D00074DEFB7F01000000E0DEFB7F44DBFF7FBD
:10C1E000A8E1FB7F01000000B0E2FB7F9CDBFF7F4A
:10C1F0006CEAFB7F01000000D8EAFB7FB0B0A880AA
:10C2000008ECFB7F08DCFF7F2CECFB7F18DCFF7F5A
:10C210005CECFB7F28DCFF7F80ECFB7F38DCFF7F62
:10C22000B0ECFB7FA908B180D8EDFB7F40DCFF7F3D
:10C23000FCEDFB7F50DCFF7F2CEEFB7F60DCFF7FA3
:10C2400050EEFB7F70DCFF7F80EEFB7FB0B0A880FC
:10C25000B4EEFB7F78DCFF7FC8EEFB7FB0B0A88038
:10C26000FCEEFB7F7CDCFF7F10EFFB7FB0B0A88093
:10C2700044EFFB7F80DCFF7F58EFFB7FB0B0A880EE
:10C280008CEFFB7F84DCFF7FA0EFFB7FB0B0A8804A
:10C29000D0F0FB7F88DCFF7F1CF1FB7FA0DCFF7F01
:10C2A00030F1FB7FACDCFF7F7CF1FB7FC4DCFF7FE8
:10C2B00090F1FB7FA908B180B8F2FB7FC8DCFF7F5B
:10C2C00004F3FB7FE0DCFF7F18F3FB7FECDCFF7FF8
:10C2D00064F3FB7F04DDFF7F78F3FB7FB0B0A880C1
:10C2E0002CF4FB7F08DDFF7F50F4FB7F18DDFF7F20
:10C2F00080F4FB7FB0B0A8801CF5FB7F20DDFF7FC2
:10C3000040F5FB7F30DDFF7F70F5FB7FB0B0A8808C
:10C310009CF5FB7F38DDFF7FB0F5FB7FB0B0A880D8
:10C32000DCF5FB7F3CDDFF7FF0F5FB7FB0B0A88044
:10C33000A4F6FB7F40DDFF7FF0F6FB7F58DDFF7F3B
:10C3400004F7FB7FB0B0A880A0F7FB7F5CDDFF7F28
:10C35000ECF7FB7F74DDFF7F00F8FB7F010000003E
:10C360005802FC7F78DDFF7FC805FC7FB0A8018004
:10C37000E005FC7FB0A90A801807FC7F01000000DF
:10C380001C07FC7FB0AA0F809007FC7FB0A90A8031
:10C39000C807FC7F01000000D007FC7FB0A8018027
:10C3A0000808FC7FB0A90A804009FC7F010000005A
:10C3B0004409FC7FB0AA0F80B809FC7FB0A90A80AD
:10C3C000EC09FC7F01000000F409FC7FB0A80180AB
:10C3D0000C0AFC7FB0B0AA80500AFC7F010000006C
:10C3E000A80AFC7F3CDDFF7F100BFC7F4CDDFF7F4C
:10C3F000A40BFC7F5CDDFF7F400CFC7F6CDDFF7FCE
:10C40000B80CFC7F7CDDFF7F680DFC7F90DDFF7F3B
:10C41000280EFC7F01000000D011FC7F9CDDFF7F17
:10C420000012FC7FA0DDFF7F3012FC7F01000000C6
:10C430009012FC7F9CDDFF7FC812FC7FA0DDFF7F98
:10C440000013FC7F01000000E814FC7F9CDDFF7FEF
:10C450001016FC7FB4DDFF7FE816FC7F01000000B2
:10C46000F416FC7FC0DDFF7F2018FC7FE8DDFF7F36
:10C470008019FC7F01000000B019FC7F10DEFF7FF7
:10C48000401AFC7F24DEFF7FD01AFC7F38DEFF7F5E
:10C49000781CFC7F6CDEFF7F201EFC7FA0DEFF7F10
:10C4A0001C20FC7FECDEFF7F1822FC7F38DFFF7F43
:10C4B0008422FC7F48DFFF7FF022FC7F58DFFF7F74
:10C4C000E823FC7F70DFFF7F2425FC7F0100000054
:10C4D0004425FC7F01A90A80C427FC7F78DFFF7F09
:10C4E000EC28FC7F8CDFFF7F142AFC7FA0DFFF7F1E
:10C4F000F42AFC7FB4DFFF7F1C2CFC7FC8DFFF7FAA
:10C500001431FC7FA908B1805431FC7F0100000088
:10C51000B831FC7FB0B0A8800432FC7FB0B0AA80F4
:10C520004832FC7F010000004432FC7FB0AF028043
:10C530004033FC7FB0B0A8807033FC7FB0B0AC80DB
:10C54000BC33FC7FAB08B180E433FC7FB0AB02802E
:10C550006C34FC7FA908B180BC34FC7FB0A9028098
:10C560001435FC7FAB08B1808436FC7FB0B0A88066
:10C57000B436FC7FAB08B1800037FC7FA908B180DE
:10C580004437FC7F010000006837FC7FB0B0A88012
:10C59000BC37FC7FAB08B180FC37FC7F010000009A
:10C5A000F837FC7FB0AF0280FC38FC7FB0B0A880C9
:10C5B0002C39FC7FAB08B180A439FC7FB0AB028082
:10C5C000303AFC7FB0B0AA80803AFC7FB0A90280EC
:10C5D000D83AFC7FAB08B180583CFC7FB0B0A88053
:10C5E000843CFC7FB0B0AA80C83CFC7F0100000006
:10C5F000C83CFC7F9CDFFF7FE83CFC7FA0DFFF7F27
:10C60000043DFC7F01000000243DFC7F9CDFFF7F98
:10C61000483DFC7FA0DFFF7F703DFC7FAB3F00808B
:10C62000C43DFC7F9CDFFF7FF83DFC7F01000000E4
:10C630006C3EFC7FB0B0AC80FC3EFC7F0100000093
:10C64000D040FC7FB0AF0280C441FC7F01000000FD
:10C650002C44FC7F80DFFF7F4044FC7F0100000012
:10C660004C44FC7F7CDFFF7F6044FC7FB0AA0180EC
:10C67000B044FC7F78DFFF7FCC44FC7FA908B18009
:10C68000D446FC7F74DFFF7F7047FC7F88DFFF7F2D
:10C690009448FC7FB4DFFF7F0849FC7FB8DFFF7F51
:10C6A000C054FC7F00E0FF7F7860FC7F48E0FF7FA4
:10C6B0001861FC7F58E0FF7F4062FC7F68E0FF7FED
:10C6C000A066FC7FE4E0FF7F006BFC7F60E1FF7F02
:10C6D000686CFC7FB0A90680A86CFC7FB0AF0480BA
:10C6E0003C6EFC7FB0AF1280B471FC7FAF109780BE
:10C6F0001C79FC7FAF0A9780847CFC7FB0AC1D80E6
:10C70000E87DFC7FB0AF3280C47FFC7F50E1FF7FCB
:10C71000E47FFC7FB0B0A8800C80FC7FB0AF3C8091
:10C72000B094FC7FB0AF12807098FC7F01000000D5
:10C73000EC98FC7FB0A801800499FC7FB0A90A8026
:10C740003C9AFC7F01000000409AFC7FB0AA0F8059
:10C75000B49AFC7FB0A90A80EC9AFC7F010000002B
:10C76000F49AFC7F008402800C9BFC7FB0A80180BF
:10C77000249BFC7FB0A90A805C9CFC7F0100000028
:10C78000609CFC7FB0AA0F80D49CFC7FB0A90A807B
:10C79000089DFC7F01000000109DFC7F008402804A
:10C7A000289DFC7FB0AA0180C49DFC7FC4E0FF7F70
:10C7B000249EFC7FD4E0FF7F909EFC7FE4E0FF7F1F
:10C7C0003C9FFC7FF8E0FF7FE89FFC7F08E1FF7F54
:10C7D00074A0FC7F1CE1FF7F10A1FC7F0100000022
:10C7E00088A4FC7F28E1FF7FB8A4FC7F2CE1FF7FB9
:10C7F000E8A4FC7F0100000048A5FC7F28E1FF7F42
:10C8000080A5FC7F2CE1FF7FB8A5FC7F0100000024
:10C8100090A7FC7F28E1FF7FB0A8FC7F40E1FF7F6D
:10C820002CAAFC7F54E1FF7F08ABFC7F7CE1FF7FFB
:10C8300018ACFC7F0100000048ACFC7FA8E1FF7F42
:10C84000C0ACFC7FB8E1FF7F40ADFC7FCCE1FF7F57
:10C8500080AEFC7F00E2FF7FC0AFFC7F34E2FF7F51
:10C860004CB1FC7F78E2FF7FD8B2FC7FBCE2FF7F57
:10C870001CB3FC7FCCE2FF7F60B3FC7FDCE2FF7F78
:10C880007CB4FC7FF0E2FF7F48B5FC7F0100000034
:10C8900068B5FC7F01A90A80E8B7FC7FF8E2FF7F5A
:10C8A00014B9FC7F0CE3FF7F50BAFC7F20E3FF7FCD
:10C8B00068BBFC7F30E3FF7F20BCFC7F44E3FF7F4D
:10C8C00018C1FC7F0100000034C2FC7F00E4FF7F40
:10C8D00048C2FC7F0100000054C2FC7FFCE3FF7FE4
:10C8E00068C2FC7FB0AA018004C3FC7FF8E3FF7F2D
:10C8F00020C3FC7FA908B18048C5FC7FF4E3FF7F1B
:10C90000E8C5FC7F08E4FF7F2CC7FC7F40E4FF7F85
:10C91000C4D2FC7F8CE4FF7F5CDEFC7FD8E4FF7F29
:10C92000FCDEFC7FE8E4FF7FD0DFFC7FF8E4FF7FE4
:10C9300024E4FC7F74E5FF7F78E8FC7FF0E5FF7F6F
:10C9400098E9FC7FB0A90680D4E9FC7FB0AF0680EF
:10C9500048EBFC7FB0AF128070EEFC7FAF12978087
:10C960003CF6FC7FAF0A978098F9FC7FB0AC1D8045
:10C9700000FBFC7FB0AF3280DCFCFC7FAF3F00806F
:10C980004C10FD7FB0AE11809C12FD7FB0AF1680C1
:10C99000D813FD7FC0E5FF7FF813FD7F0100000085
:10C9A000DC14FD7FB0B0A8802815FD7F01000000D9
:10C9B0003015FD7FA908B180D815FD7FB0B0A880E3
:10C9C000E015FD7FB0B0AC802016FD7FB0B0A88030
:10C9D0005C16FD7FAB08B1808016FD7F0100000072
:10C9E0008416FD7FA908B180A416FD7F7CE5FF7F3A
:10C9F000C016FD7F80E5FF7FDC16FD7F01AB028066
:10CA00009C17FD7F7CE5FF7FB417FD7F80E5FF7FEE
:10CA1000DC17FD7F8CE5FF7F0418FD7F98E5FF7F25
:10CA20002C18FD7FA4E5FF7F3018FD7FA8E5FF7F70
:10CA30005818FD7F01000000B018FD7FACE5FF7FB6
:10CA4000C818FD7FB0E5FF7FD418FD7F010000000E
:10CA50001819FD7FA908B1803C19FD7FA4E5FF7F6F
:10CA60005419FD7FA8E5FF7F6019FD7F01000000DC
:10CA7000A819FD7FA908B180CC19FD7F0100000035
:10CA8000081AFD7F94E5FF7F341AFD7F0100000046
:10CA9000C01DFD7FACE5FF7FD41DFD7F01000000C0
:10CAA000E01DFD7FA8E5FF7FF41DFD7FACE5FF7F66
:10CAB000281EFD7F01000000341EFD7FA908B18003
:10CAC0004C1EFD7F01000000581EFD7FB0B0AA8003
:10CAD000781EFD7F0E840180CC1EFD7FB0B0AA8041
:10CAE000101FFD7F01000000381FFD7F78E5FF7FEC
:10CAF000541FFD7FB0B0AA80AC1FFD7FB0A902809B
:10CB00006422FD7FB0AC25804423FD7F64E5FF7F78
:10CB10001824FD7F78E5FF7F4C25FD7FAB08B180B1
:10CB20007C25FD7FA0E5FF7F1C29FD7F30E6FF7F90
:10CB3000BC2CFD7FC0E6FF7FA42FFD7F40E7FF7F79
:10CB40001430FD7F60E7FF7F4030FD7F0100000073
:10CB5000C430FD7FB0AF04805832FD7F5CE7FF7FBB
:10CB60007832FD7F010000005433FD7FB0AB0280BE
:10CB7000A433FD7FB0AA0180C433FD7F50E7FF7F5F
:10CB80005437FD7F9CE7FF7FE43AFD7FE8E7FF7FB6
:10CB9000843CFD7FB0A90680C43CFD7FB0B0AE8070
:10CBA000683EFD7FB0A90280803EFD7FFCE7FF7FED
:10CBB0007841FD7FB0A90880A441FD7FF8E7FF7FA1
:10CBC0009C44FD7FB0A90880C844FD7F010000009F
:10CBD0003045FD7FAF089780A846FD7FB0A906804D
:10CBE000CC46FD7FAF0897807849FD7FB0A90680CD
:10CBF0009C49FD7FB0AC0780F049FD7F010000003B
:10CC0000B44AFD7FAF0A9780544CFD7FB0A90680DF
:10CC10007C4CFD7FAF0A9780D84DFD7FB0A9068080
:10CC2000004EFD7FB0AA0180844EFD7F94E7FF7F18
:10CC30001856FD7FCCE7FF7F3857FD7FDCE7FF7F8D
:10CC40005858FD7FECE7FF7F7859FD7FFCE7FF7FB9
:10CC5000AC5FFD7FB0AF1080AC62FD7FB0A80780F5
:10CC6000DC62FD7F18E8FF7FEC68FD7FB0A80780DD
:10CC70001C69FD7F3CE8FF7F2C6FFD7FB0A807801B
:10CC80005C6FFD7F60E8FF7F6C75FD7FB0A807805B
:10CC90009C75FD7FB0AC0B80F475FD7F7CE8FF7F59
:10CCA000847CFD7FB0A80780B47CFD7FA0E8FF7F77
:10CCB0003083FD7FB0A807806083FD7FB0AE0F801A
:10CCC0002C85FD7FAF109780048BFD7FAF0A978086
:10CCD000CC8DFD7FB0AC1D80308FFD7FB0AF32803A
:10CCE000E49DFD7FB0AF128034A0FD7F94E8FF7F0C
:10CCF00000A9FD7FDCE8FF7FECB1FD7F24E9FF7F29
:10CD000094B2FD7F34E9FF7FE4B3FD7F01000000B2
:10CD1000D0B5FD7F3CE9FF7F0CB6FD7F40E9FF7F8A
:10CD2000D8B6FD7FA908B1801CB7FD7F70E9FF7FF1
:10CD30009CB9FD7FB0E9FF7FE0BAFD7FF4E9FF7F9A
:10CD4000E0BAFD7FF8E9FF7F24BCFD7F3CEAFF7F6E
:10CD500070BDFD7F80EAFF7FACBDFD7F84EAFF7F71
:10CD600078BEFD7FA908B180BCBEFD7F0100000038
:10CD7000E0BFFD7FAD08B1804CC0FD7FB0B0AE809C
:10CD8000C0C0FD7FB0B0A88018C1FD7FB0B0AE803C
:10CD900040C2FD7F8CEAFF7F88C2FD7F010000005A
:10CDA00090C2FD7FB0A90280D4C2FD7FB0AF0280E7
:10CDB00074C3FD7F01000000ACC3FD7FB0AA0180F9
:10CDC000FCC3FD7FB0AC0180A4C4FD7FB0A801808E
:10CDD000C8C4FD7F0100000088C5FD7FB0AE0180A2
:10CDE00040C6FD7FB0AB028088C6FD7FB0B0A88092
:10CDF000CCC6FD7F01000000CCC9FD7F30EAFF7F7B
:10CE0000E0C9FD7F01000000ECC9FD7F2CEAFF7F37
:10CE100000CAFD7F30EAFF7F34CAFD7F01000000B9
:10CE200084CAFD7FB0B0AC80D4CAFD7F0100000091
:10CE3000FCCAFD7F1CEAFF7F18CBFD7FB0B0AC8041
:10CE400078CBFD7FB0AB0280C0CCFD7FB0A9028063
:10CE5000D8CEFD7F08EAFF7FB4CFFD7FAD08B2805A
:10CE600078D0FD7F14EAFF7FBCD1FD7F54EAFF7FBD
:10CE7000E4D5FD7FF8EAFF7F0CDAFD7F9CEBFF7FB6
:10CE80005CDDFD7F2CECFF7FD0DDFD7F4CECFF7F78
:10CE9000FCDDFD7FB0AF068070DFFD7F50ECFF7FD3
:10CEA00090DFFD7F0100000074E0FD7FB0AB0280E9
:10CEB000CCE0FD7FB0AA0180F0E0FD7F44ECFF7F75
:10CEC000A0E4FD7FA0ECFF7F50E8FD7FFCECFF7F3E
:10CED0009CE9FD7FB0A90680D8E9FD7FAD08B1804F
:10CEE000F8EAFD7FB0A9028010EBFD7F10EDFF7F17
:10CEF00074EDFD7FB0A908809CEDFD7F0CEDFF7FF8
:10CF000000F0FD7FB0A9088028F0FD7F010000003F
:10CF10009CF0FD7FAF06978004F2FD7FB0A90680EC
:10CF200024F2FD7FAF08978064F3FD7FAF06978002
:10CF300094F4FD7FB0A90680B4F4FD7FB0AC078007
:10CF400004F5FD7F01000000D0F5FD7FAF0A97805A
:10CF50004CF7FD7FB0A9068070F7FD7FAF0A978080
:10CF6000B4F8FD7FB0A90680D8F8FD7FB0AA018093
:10CF700064F9FD7FB0B0A8808CF9FD7F98ECFF7F4D
:10CF80009001FE7FD0ECFF7FB402FE7FE0ECFF7FDC
:10CF9000D803FE7FF0ECFF7FFC04FE7F00EDFF7FF7
:10CFA0000C0BFE7FB0AF1080FC0DFE7FB0A8078099
:10CFB0002C0EFE7F1CEDFF7F3014FE7FB0A8078093
:10CFC0006014FE7F40EDFF7F6C1AFE7FB0A80780E3
:10CFD0009C1AFE7F64EDFF7F8820FE7FB0A807804B
:10CFE000B820FE7FB0AC0B801021FE7F80EDFF7F6C
:10CFF0008027FE7FB0A80780B027FE7FA4EDFF7FCB
:10D00000002EFE7FB0A80780302EFE7FB0AE0F80CE
:10D010000830FE7FAF1297807436FE7FAF06978090
:10D020001039FE7FB0AC1D80783AFE7FB0AF328001
:10D03000543CFE7FB0AF3C80244AFE7FB0AE1180EE
:10D04000744CFE7F90EDFF7F9855FE7FD8EDFF7FFB
:10D05000BC5EFE7F20EEFF7F645FFE7F30EEFF7FD1
:10D060007460FE7F010000003061FE7F38EEFF7FBC
:10D070007461FE7F010000007C61FE7FB0A9028028
:10D08000B861FE7FB0AF02805C62FE7FB0AA018013
:10D09000A862FE7FB0AB02804863FE7FB0A801802B
:10D0A0006C63FE7F010000005064FE7FB0AE018023
:10D0B0000C65FE7FB0AB02805865FE7FB0B0A880E3
:10D0C0009C65FE7F010000004866FE7FB0AA0380D9
:10D0D0007866FE7F010000003867FE7FB0AC0980F3
:10D0E000FC67FE7F01000000286AFE7FB0AB028073
:10D0F000D06AFE7F010000009C6BFE7FB4EDFF7FD5
:10D10000B46BFE7F01000000086CFE7FB0EDFF7F76
:10D11000D46CFE7FCCEDFF7F486DFE7F01000000E8
:10D12000086EFE7FB0B0AA80C06EFE7FC0EDFF7FAC
:10D13000FC6EFE7FAB08B180846FFE7FBCEDFF7F8D
:10D14000A073FE7FD8EDFF7FA873FE7F0100000073
:10D15000B073FE7FE4EDFF7FB073FE7FE8EDFF7FED
:10D16000B873FE7F01000000C873FE7FB0B0A880D6
:10D17000FC73FE7F010000003874FE7FB0B0AA800F
:10D180006874FE7FB0B0A880D074FE7FC4EDFF7FCE
:10D19000DC74FE7F01000000C475FE7FB0B0AC807F
:10D1A000E875FE7F010000004476FE7FB0AF02808C
:10D1B000BC76FE7FB0AF10805C7AFE7FB0AF088097
:10D1C000947BFE7F01000000787DFE7FA0EDFF7F55
:10D1D000907DFE7F01000000C07DFE7F9CEDFF7F03
:10D1E000EC7DFE7FACEDFF7F187EFE7FBCEDFF7F08
:10D1F000507EFE7FCCEDFF7F887EFE7FDCEDFF7FE3
:10D20000B07EFE7FE8EDFF7FD87EFE7FB0AF04806A
:10D21000AC7FFE7F010000001C80FE7FE4EDFF7FFD
:10D220003480FE7FFCEDFF7F4080FE7F0100000028
:10D230002086FE7FB0AA0180C886FE7FB0A801804C
:10D240004887FE7FFCEDFF7F5887FE7F01000000CE
:10D250007489FE7F0CEEFF7FD489FE7FA908B18020
:10D26000B48BFE7F18EEFF7F148CFE7FA908B1807F
:10D27000F48DFE7F24EEFF7F6C8EFE7FB0B0A88021
:10D280008C8EFE7F28EEFF7F048FFE7FB0AB028086
:10D29000688FFE7F01000000C48FFE7FB0B0AA80BF
:10D2A000E48FFE7F1CEEFF7F0090FE7F20EEFF7F6D
:10D2B0002490FE7F24EEFF7F2891FE7F44EEFF7FC7
:10D2C0008C91FE7F54EEFF7FA891FE7F010000004D
:10D2D000DC91FE7F58EEFF7F2092FE7F0100000070
:10D2E0008C93FE7FB0AB0280EC93FE7F54EEFF7F09
:10D2F0001894FE7F010000005C95FE7F5CEEFF7FCE
:10D30000B895FE7FB0AB04804896FE7F0100000018
:10D31000F041FB0FB0A902808042FB0FB0B0A880A3
:10D32000D042FB0F01000000DC42FB0FB0B0AA802E
:10D330001043FB0FAE77B280EC43FB0F01000000FF
:10D34000E843FB0FAB3F3A804844FB0F010000006D
:10D350005444FB0FB0B0AA808C44FB0F01000000C6
:10D360004045FB0FAB10B280B445FB0FB0AF088057
:10D370005C48FB0F010000006048FB0FAC3F0380DE
:10D38000284BFB0F01000000084DFB0FB0A80380E5
:10D39000184DFB0F01000000144DFB0FB0AD0480D1
:10D3A0000C50FB0FB0A803803050FB0FCCEDFF7F7B
:10D3B0003450FB0FD0EDFF7F4050FB0F0100000009
:10D3C000085B0410145B0410205B04102C5B041039
:10D3D000385B0410445B0410505B0410B45B041011
:10D3E000034600B50268EFF3108C72B6D2E8CFEFB7
:10D3F0000120BEF1000FF9D1C2E84E0FBEF1000FBF
:10D40000F4D1BFF35F8F93F90420002A0ADB01B146
:10D410000A60002000221B68C3E88F2F8CF310885D
:10D420005DF804FB4FF05042126801201A71F1E7D9
:10D430004FF050412DE9F8430027044616461D469B
:10D44000DFF87C90D1F800802168EFF3108272B68B
:10D45000D1E8CF0F01230028FAD1C1E8403F0028CE
:10D46000F6D1BFF35F8F94F90430002B1DDB99F8E0
:10D4700000C023685FFA8CFCC3E88F7F82F31088BA
:10D4800099F80030634508D03046294602F0ECFA9E
:10D490000028D9D00020BDE8F88320BF30462946B7
:10D4A00002F0E2FA0028CFD0F4E70023216884F8E4
:10D4B0000480C1E88F3F82F310880120BDE8F88323
:10D4C0007A53002070B582B001A9064615461C4665
:10D4D000FFF786FF38B94FF050439DF9042093F9C8
:10D4E00000309A4201D102B070BD2A462346304630
:10D4F00002B0BDE87040FFF79BBF00BF70B50546A6
:10D500000C4602F0C9FA02460B464FF47A704FF00F
:10D51000FF3E6FF0004CE4FB002396457CEB0301DB
:10D5200038BF72462846BDE8704038BF6346FFF7F3
:10D530007FBF00BF0368EFF3108172B6D3E8CFCF8F
:10D540000122BCF1000FF9D1C3E84C2FBCF1000F50
:10D55000F4D1BFF35F8F4FF0FF0C074A80F804C08F
:10D5600013780133DBB2137000230268C2E88F3FE7
:10D5700081F3108840BF70477A530020002108B51E
:10D58000134B4FF4707299601248D9601961596158
:10D590009961D961196259629962D96219635963B3
:10D5A0009963D963196459649964D9641965596593
:10D5B0009965D965196659669966D9661967596773
:10D5C0009967D96702F088F8034B044A1A6008BDCE
:10D5D000000010505C4F00202453002080011050A8
:10D5E0002DE9F04F204B85B09E6D0EB30024012530
:10D5F0001E4F01E0202C1BD006EA0503621C2146C9
:10D60000AA46D4B26D00002BF4D0022304F0010826
:10D610004FEA510913FB098B154B07EB4B1B58467F
:10D62000C3F858A000F00AFC28B936EA0A06E1D18E
:10D6300005B0BDE8F08F4FF4E062ADF804200022A1
:10D6400008EB490307EB43138DF809209A78DB8A2E
:10D6500001A801218DF80820039300F00DFC584625
:10D6600000F092FBE1E700BF000011501C4F0020CA
:10D6700000301150F0B5B24B85B0D3F8985015F486
:10D68000003674D0AF4BB04C996A94F83B30AF4A37
:10D69000022B116000F0F980002694F87B30022BF9
:10D6A00000F0D48194F8BB30022B00F0C58194F8CF
:10D6B000FB30022B00F0B68194F83B31022B00F0D6
:10D6C000A68194F87B31022B00F0968194F8BB314F
:10D6D000022B00F0868194F8FB31022B00F076815A
:10D6E00094F83B32022B00F0658194F87B32022BD8
:10D6F00000F0548194F8BB32022B00F0438194F87F
:10D70000FB32022B00F0328194F83B33022B00F005
:10D710000A8194F87B33022B00F0C98094F8BB3364
:10D72000022B00F0EC8094F8FB33022B00F0D68043
:10D730003EB9874B1B7823B94FF40032854BC3F8B1
:10D7400090204FF440727E4B01219B6C01A8C3F3E3
:10D750000A03ADF80420029300F08EFBEA064FF4B2
:10D7600000367D4C07D5FFF73BFF264603E0EA066F
:10D770004FF01004F7D4EB0332D5734C46F48036E7
:10D78000A37E9BB10221754B6D4A1966536E9F07AC
:10D79000FCD54FF4405200216B4800F0FBFA6A4878
:10D7A00000F0F2FA02226B4B5A661A66012394F8D3
:10D7B0003A20E370FAB901234FF4C061684A84F853
:10D7C0002330ADF8041092E8030004AA02E9030034
:10D7D000194601A800F050FB4FF400325D4B1A656A
:10D7E000E9041DD46A0432D42B043FD4AE4240F085
:10D7F000A58105B0F0BD594A1366A2F50052536EDB
:10D80000D807FCD54FF440520021564800F0C2FA28
:10D81000544800F0B9FA01224E4B5A661A66CAE71C
:10D820000024474B46F480561C60FFF7A7FE4FF4D8
:10D830008073012101A8ADF804308DF8084000F094
:10D840001BFB4FF40022434B1A656A04CCD54FF4FE
:10D850008063012101A8ADF8043000F00DFB102217
:10D860003C4B46F480461A652B04BFD54FF4A063A9
:10D87000012101A8ADF8043000F0FEFA4FF4006277
:10D88000344B46F400461A65B0E794F83A60002E2F
:10D890003FF403AF94F83C30002B3FF4FEAE00237E
:10D8A00004F1200084F83C3000F096FAF5E694F894
:10D8B0007A73002F3FF432AF94F87C33002B40F0A2
:10D8C000368194F8BB33022B23D194F8BA33DBB9F9
:10D8D00094F8FB33022B7FF434AF3E4694F8FA33CE
:10D8E000002B3FF425AF94F8FC33002B3FF429AF15
:10D8F00000231D4884F8FC3300F06EFA21E794F809
:10D90000BA33002B3FF40FAF94F8BC33002B40F038
:10D91000A78094F8FB33022B7FF413AF94F8FA330B
:10D92000002BE0D10DE794F83A73002F3FF4F1AEED
:10D9300094F83C33002B40F0F2803E46E9E600BF0D
:10D940000000115000000B401C4F0020104F002021
:10D9500076530020003011501000020000201150BA
:10D96000000010503C4F0020FC52002094F8FA7246
:10D97000002F3FF4C9AE94F8FC32002B40F0C78072
:10D980003E46C1E694F8BA72002F3FF4B8AE94F860
:10D99000BC32002B40F0B3803E46B0E694F87A7279
:10D9A000002F3FF4A7AE94F87C32002B40F09F800C
:10D9B0003E469FE694F83A72002F3FF496AE94F8F4
:10D9C0003C32002B40F08B803E468EE694F8FA7194
:10D9D000002F3FF485AE94F8FC31002B77D13E4602
:10D9E0007EE694F8BA71002F3FF475AE94F8BC311E
:10D9F000002B64D13E466EE694F87A71002F3FF416
:10DA000065AE94F87C31002B51D13E465EE694F829
:10DA10003A71002F3FF455AE94F83C31002B3ED1C3
:10DA20003E464EE694F8FA70002F3FF445AE94F867
:10DA3000FC3063BB3E463FE694F8BA70002F3FF4DB
:10DA400036AE94F8BC30D3B93E4630E694F87A70DE
:10DA5000002F3FF427AE94F87C3043B93E4621E6D0
:10DA60000023394884F8BC3300F0B6F951E70023AD
:10DA7000364884F87C303E4600F0AEF912E60023CA
:10DA8000334884F8BC303E4600F0A6F90FE6002388
:10DA9000304884F8FC303E4600F09EF90CE6002346
:10DAA0002D4884F83C313E4600F096F909E6002303
:10DAB0002A4884F87C313E4600F08EF906E60023C1
:10DAC000274884F8BC313E4600F086F903E600237F
:10DAD000244884F8FC313E4600F07EF900E600233D
:10DAE000214884F83C323E4600F076F9FDE50023FB
:10DAF0001E4884F87C323E4600F06EF9FAE50023B9
:10DB00001B4884F8BC323E4600F066F9F7E5002376
:10DB1000184884F8FC323E4600F05EF9F4E5002334
:10DB2000154884F83C333E4600F056F9F1E50023F1
:10DB3000124884F87C3300F04FF9C2E6104886EAB8
:10DB4000050101F095FF00BFBC5200207C4F002072
:10DB5000BC4F0020FC4F00203C5000207C50002097
:10DB6000BC500020FC5000203C5100207C51002083
:10DB7000BC510020FC5100203C5200207C5200206F
:10DB8000844B04102DE9F043828A048B03469442AF
:10DB9000C07828BF1446051E18BF012580F001007B
:10DBA000121B5E78D87092B244F480609A8240EA88
:10DBB000453006BBDD6804F1FF3805EB811C1D69AB
:10DBC000ACB1B8F1050F05F1010203D9ACEB0207C6
:10DBD000022F17D80CF1FF3C254400E0013212F867
:10DBE000016CAA420CF8016FF8D11D699A8A25448C
:10DBF0001D6140F400400AB940F4804001B10004C6
:10DC0000BDE8F0832F46E6463246261FB6080136A9
:10DC100057F8049B013296424EF8049BF8D8B4EBB7
:10DC2000860FA8EB860205EB860E0CEB8607DCD090
:10DC300015F826500CF82650002AD6D09EF8015030
:10DC4000012A7D70D1D09EF80220BA701D699A8A8F
:10DC5000CDE700BF83680246186801B1000C537815
:10DC6000C0F3090013B3F0B5D2E903548F0105EBFB
:10DC70008113461E78B1052E04D901373D44651B3A
:10DC8000022D1CD8611E1D1813F8014B9D4201F88E
:10DC9000014FF9D11469D38A04440344D382138B0E
:10DCA0001461834284BF00239382F0BDD38A03446E
:10DCB000D382138B834284BF0023938270479E4696
:10DCC00025460021A0F1040C4FEA9C0C0CF1010C3C
:10DCD0005EF8047B0131614545F8047BF8D3B0EB75
:10DCE0008C0FA6EB8C0603EB8C0504EB8C01D1D0DA
:10DCF00013F82C3004F82C30002ECBD06B78012E8A
:10DD00004B70C7D0AB788B701469C4E710B504466C
:10DD1000836800211B68FFF79DFF63681B685B0039
:10DD200002D5238B834200D010BD2046BDE81040B1
:10DD30000121FFF78FBF00BF084B1B6C13F00203DC
:10DD400002D18278D20901D100207047C07EA0F1B3
:10DD50000200B0FA80F04009704700BF0000115087
:10DD600008B5FFF7E9FF50B1054A064B906A1B68FA
:10DD7000A0F54870C01AC6288CBF0020012008BD3D
:10DD800000000B40104F00200023C0E904338376CD
:10DD9000704700BF10B5836809B11C68214082B18B
:10DDA000114352050DD51A6854050CD4084A21F4C4
:10DDB00080641C60126C920703D40C23033BFDD2D9
:10DDC0008368196010BD8178024801F051FE00BFE0
:10DDD00000001150984B041030B54368002183B007
:10DDE00004461D68FFF7CEFE134B40F480521B6CB7
:10DDF00013F0020FA3780ED05B060ED025F0A045DD
:10DE000045F000550021204663681D6003B0BDE861
:10DE10003040FFF7BFBFDB09F0D0A38A002BEDD065
:10DE2000012120460192FFF7ADFE019A25F0005531
:10DE3000024345F0A045E5E70000115038B5857E66
:10DE4000044695B1FFF762FFA38A0BB9284638BD97
:10DE50002046FFF785FF20B10123237700252846C0
:10DE600038BD2046FFF7B8FFF8E78178014801F098
:10DE7000FFFD00BFB84B04102DE9F0434378044682
:10DE8000023B0D4685B0042B13D8DFE803F00348AE
:10DE9000677042000021784B1A7822F001021A7054
:10DEA0001A7822F002021A7059701A7861F382020D
:10DEB0001A70724B1E687369EFF3108272B6D3E862
:10DEC000CF0F01210028FAD1C3E8401F0028F6D166
:10DED000BFF35F8FB2612146304601F0D9FD0023C8
:10DEE0007269C2E88F3FB36983F3108848B94FF075
:10DEF000E023D3F8F03DDB0708D500BE05B0BDE850
:10DF0000F0832A466178207801F0BEFD05B0BDE8B7
:10DF1000F0835B4A13780133DBB21370C9E74FF02B
:10DF20000009584E4B463178DFF86081564F0FE0BC
:10DF30003A6812EB431305D0DB691BB161682078A6
:10DF40009847317809F101095FFA89F38B4217D8B4
:10DF50009942EDD85B1A08EB4313EDE7464B1A786C
:10DF6000D707D3D51A7842F004021A70A1E7424BC2
:10DF70001A78D607CAD51A7822F004021A7098E7E0
:10DF80003D4E3378580737D4F378DA07BED50323EC
:10DF900000273A4A2178166862688DF804108DF8D7
:10DFA00005307369CDF80670CDF80A70ADF80E70C3
:10DFB0000292EFF3108272B6D3E8CF0F012100284E
:10DFC000FAD1C3E8401F0028F6D1BFF35F8F304677
:10DFD000B26101A901F05CFD7369C3E88F7FB36989
:10DFE00083F31088002882D02A469DF805109DF8FA
:10DFF000040001F049FD89E733784FF0000823F071
:10E000000403337005231D4A8DF805301768227804
:10E01000ADF80E808DF804207B69CDF80680CDF830
:10E020000A80EFF3108272B6D3E8CF0F01210028E7
:10E03000FAD1C3E8401F0028F6D1BFF35F8F3846FE
:10E04000BA6101A901F024FD7B69C3E88F8FBB6928
:10E0500083F3108838B94FF0E023D3F8F03DD907A7
:10E0600092D500BE90E72A469DF805109DF8040061
:10E0700001F00AFD88E700BF904D0020E84D002028
:10E080007753002075530020884C00202C5D04102D
:10E0900081F0004102E000BF83F0004330B54FEA59
:10E0A00041044FEA430594EA050F08BF90EA020FC6
:10E0B0001FBF54EA000C55EA020C7FEA645C7FEA59
:10E0C000655C00F0E2804FEA5454D4EB5555B8BF7C
:10E0D0006D420CDD2C4480EA020281EA030382EAED
:10E0E000000083EA010180EA020281EA0303362D7F
:10E0F00088BF30BD11F0004F4FEA01314FF4801C52
:10E100004CEA113102D0404261EB410113F0004F63
:10E110004FEA03334CEA133302D0524263EB43031A
:10E1200094EA050F00F0A780A4F10104D5F1200EB8
:10E130000DDB02FA0EFC22FA05F2801841F1000113
:10E1400003FA0EF2801843FA05F359410EE0A5F1E7
:10E1500020050EF1200E012A03FA0EFC28BF4CF018
:10E16000020C43FA05F3C01851EBE37101F00045CE
:10E1700007D54FF0000EDCF1000C7EEB00006EEBDB
:10E180000101B1F5801F1BD3B1F5001F0CD3490865
:10E190005FEA30004FEA3C0C04F101044FEA4452BC
:10E1A00012F5800F80F09A80BCF1004F08BF5FEA43
:10E1B000500C50F1000041EB045141EA050130BD23
:10E1C0005FEA4C0C404141EB0101013C28BFB1F535
:10E1D000801FE9D291F0000F04BF01460020B1FA80
:10E1E00081F308BF2033A3F10B03B3F120020CDA53
:10E1F0000C3208DD02F1140CC2F10C0201FA0CF031
:10E2000021FA02F10CE002F11402D8BFC2F1200C95
:10E2100001FA02F120FA0CFCDCBF41EA0C0190404B
:10E22000E41AA2BF01EB0451294330BD6FEA040494
:10E230001F3C1CDA0C340EDC04F11404C4F120027F
:10E2400020FA04F001FA02F340EA030021FA04F391
:10E2500045EA030130BDC4F10C04C4F1200220FAE8
:10E2600002F001FA04F340EA0300294630BD21FA26
:10E2700004F0294630BD94F0000F83F4801306BFEC
:10E2800081F480110134013D4EE77FEA645C18BFE0
:10E290007FEA655C29D094EA050F08BF90EA020F77
:10E2A00005D054EA000C04BF1946104630BD91EA6F
:10E2B000030F1EBF0021002030BD5FEA545C05D172
:10E2C0004000494128BF41F0004130BD14F58004B1
:10E2D0003CBF01F5801130BD01F0004545F0FE4125
:10E2E00041F470014FF0000030BD7FEA645C1ABF5A
:10E2F000194610467FEA655C1CBF0B46024650EA91
:10E30000013406BF52EA033591EA030F41F40021BC
:10E3100030BD00BF90F0000F04BF0021704730B542
:10E320004FF4806404F132044FF000054FF0000117
:10E3300050E700BF90F0000F04BF0021704730B5D8
:10E340004FF4806404F1320410F0004548BF4042AD
:10E350004FF000013EE700BF42004FEAE2014FEA02
:10E3600031014FEA02701FBF12F07F4393F07F4FDD
:10E3700081F06051704732F07F4208BF704793F0E0
:10E380007F4F04BF41F40021704730B54FF46074F3
:10E3900001F0004521F000411CE700BF50EA0102F6
:10E3A00008BF704730B54FF000050AE050EA01029F
:10E3B00008BF704730B511F0004502D5404261EB0F
:10E3C00041014FF4806404F132045FEA915C3FF450
:10E3D000D8AE4FF003025FEADC0C18BF03325FEAED
:10E3E000DC0C18BF033202EBDC02C2F1200300FA9E
:10E3F00003FC20FA02F001FA03FE40EA0E0021FAC3
:10E4000002F11444BDE600BF53B94AB9002908BF60
:10E4100000281CBF4FF0FF314FF0FF3001F05AB918
:10E42000ADF1080C6DE904CE00F006F8DDF804E06B
:10E43000DDE9022304B070472DE9F04F099D0E4637
:10E4400004460F46002B47D18A429446B2FA82F323
:10E450005AD943B102FA03FCC3F120029F409C4009
:10E4600020FA02F217434FEA1C461FFA8CFE220CD8
:10E47000B7FBF6F106FB117701FB0EF042EA07420B
:10E48000904208D91CEB020201F1FF3702D2904200
:10E4900000F23C813946121AA4B2B2FBF6F006FB38
:10E4A000102200FB0EFE44EA0244A64508D91CEBEC
:10E4B000040400F1FF3202D2A64500F22A81104680
:10E4C00040EA0140A4EB0E0400211DB1DC40002312
:10E4D000C5E90043BDE8F08F8B4205D90DB1C5E910
:10E4E000000100210846F5E7B3FA83F100294FD176
:10E4F000B342C0F00281824240F2FF800846002D04
:10E50000E8D0C5E90047E5E7002B40F0AF808A1A64
:10E510004FEA1C4E1FFA8CF70121B2FBFEF60EFBF0
:10E520001620220C42EA004207FB06F090420FD967
:10E530001CEB020206F1FF382CBF4FF001094FF02F
:10E540000009904203D9B9F1000F00F0DC80464683
:10E55000121AA4B2B2FBFEF00EFB102200FB07F76A
:10E5600044EA0244A7420FD91CEB040400F1FF3235
:10E570002CBF4FF0010E4FF0000EA74203D9BEF1A1
:10E58000000F00F0C9801046E41B40EA06409CE7FB
:10E59000C1F120048B4006FA01FC00FA01FE22FAC8
:10E5A00004F7E6408A401F4320FA04F34FEA174875
:10E5B00043EA0C031FFA87FC4FEA1349B6FBF8F055
:10E5C00008FB106649EA064600FB0CF9B1450ED976
:10E5D000BE1900F1FF3A2CBF4FF0010B4FF0000BBA
:10E5E000B14503D9BBF1000F00F0A2805046A6EB65
:10E5F00009061FFA83F9B6FBF8F308FB136603FB61
:10E600000CFC49EA0646B4450ED9BE1903F1FF38A1
:10E610002CBF4FF001094FF00009B44503D9B9F1FF
:10E62000000F00F08280434643EA0040A6EB0C0650
:10E63000A0FB028C66454346E14602D307D1C6459E
:10E6400005D2B8EB02036CEB070C0138E1465DB173
:10E65000BEEB030266EB090606FA04F422FA01F3A4
:10E66000CE401C43C5E90046002133E702FA03FC13
:10E67000C3F1200299409C40D6404FEA1C4E20FA3C
:10E6800002F21FFA8CF7B6FBFEF00A430EFB10668F
:10E69000110C41EA064100FB07F68E420ED91CEB35
:10E6A000010100F1FF382CBF4FF001094FF00009C4
:10E6B0008E4202D9B9F1000F34D04046891B92B284
:10E6C000B1FBFEF60EFB161142EA014206FB07F112
:10E6D00091420ED91CEB020206F1FF382CBF4FF01D
:10E6E00001094FF00009914202D9B9F1000F16D08B
:10E6F0004646521A46EA00410FE7841A66EB0302C7
:10E7000001201746FBE6023E624421E702396244DB
:10E71000C1E664440238D3E66444023834E7023E7A
:10E720006244E6E702386144C8E7023B3E447BE7C7
:10E7300002383E445BE700BF03685A004CBF43F019
:10E74000004323F000431844704700BF2DE9F04711
:10E7500029B301F1FF3A8046914600255646A91992
:10E7600048BF0131491008EBC107CC003846FFF71C
:10E77000E3FF8A450DD00834484508EB04000AD869
:10E78000FFF7DAFF01384D1C4845E8D33846BDE8AD
:10E79000F0874845FAD98D4201F1FF36DFD10027D5
:10E7A0003846BDE8F08700BF012809D0022805D00F
:10E7B0000028044B14BF00201846704702487047D9
:10E7C00002487047CD1B0020D51B0020D11B002024
:10E7D000224B30B5044683B08D1E43B301A92846B1
:10E7E000AFF30080F0B101992A46FFF7AFFF014671
:10E7F000C0B1FFF7A1FF4B68A064012B2AD0002B0A
:10E8000001F1040024DBFFF797FF00232365036871
:10E81000E064002B11DBFFF78FFF0346002023612C
:10E8200003B030BD00230920236103B030BD0C4884
:10E830000C49091AC9100191D6E7C3F30360FFF729
:10E84000B3FF031E0CBF09200020236103B030BDBD
:10E850000123DBE700230520E1E700BF0000000003
:10E8600090C10410C0D304100368DA0710B5044641
:10E8700006D49B0700F1500009D500F091FC2368F5
:10E88000590709D51A070ED5DB0613D510BD00F0C0
:10E890007FFC23685907F5D404F1D80000F088FC08
:10E8A00023681A07F0D404F5AC7000F089FC2368E3
:10E8B000DB06EBD404F5EC70BDE8104000F0C4BCFE
:10E8C0000346006800B11844704700BF0920704734
:10E8D000704700BF70B504460E46316C2046FFF706
:10E8E00077FF054698B9D6F840C0324623692146DD
:10E8F0000120C4F814C098470828EED0072806D194
:10E900002846316CFFF7E4FF301D00F035FCFFDED8
:10E910002DE9F04701F1040CADF5787DC768064696
:10E92000D0F8188014460DF1140E04AD4FF0000914
:10E93000BCE80F00AEE80F00BCE80F00AEE80F0027
:10E94000BCE80F00AEE80F009CE80F008EE80F0057
:10E95000C5F8009023E02B6C4FF4F47229467EA892
:10E96000736101F005F833697EAA31465046984735
:10E970008C9B2146814603933246039C33460120FB
:10E98000AC64CDE90058B847044628BB4FF4F47294
:10E990007EA9284600F0ECFFB9F1080F19D109341F
:10E9A000296C3046FFF714FF81465FFA84FA00288D
:10E9B000D1D0AC6B334632464AF01001AC64012032
:10E9C000CDE90058B84738B948460DF5787DBDE81F
:10E9D000F087B9F1070F06D04FF0090948460DF549
:10E9E000787DBDE8F0872046296CFFF771FF05A808
:10E9F00000F0C2FB806C7047F0B5CB6BFBB001F14F
:10EA0000040C0E460B6401AC05464FF0FF37BCE822
:10EA10000F000FC4BCE80F000FC4BCE80F000FC408
:10EA20009CE80F0084E80F00009706E02B696A4617
:10EA3000294698470828044608D110992846FFF728
:10EA4000C7FE0028F2D009207BB0F0BD6846FFF772
:10EA50000BFF062CF7D131462846FFF73BFF00BFDE
:10EA600010B4DC6BC1601946826100221C6410BCCA
:10EA70004EE700BF70B54369C6680B64AEB9036961
:10EA80000A4604460D46014602209847072805D04D
:10EA900008280ED129462046FFF71CFF3046296C76
:10EAA000FFF716FF281D00F067FB0122FFF730FF7C
:10EAB000FFDEFFDEC2682AB1D1F83CC00022C1F8F7
:10EAC00040C025E798E700BF704700BF8368014654
:10EAD0000BB1012018477047052915D8DFE801F070
:10EAE0000A031403030501207047436C0020009AB9
:10EAF0001360704743B90F2A06D800EB820200204A
:10EB00005368009A136070470220704710B584B0B4
:10EB100000230A4603AC19460094FFF7DDFF039873
:10EB200004B010BD052915D8DFE801F00A0314036D
:10EB3000030501207047009B1B6843640020704759
:10EB400043B90F2A06D8009B00EB820200201B6805
:10EB5000536070470220704710B584B0002303ACA7
:10EB600003920A4619460094FFF7DCFF04B010BD7B
:10EB7000F0B5D36BADF5117D141D064613640DF190
:10EB80005C0C0D464FF0FF370FCCACE80F000FCCFC
:10EB9000ACE80F000FCCACE80F0094E80F008CE855
:10EBA0000F00169710E0FFF7D7FF294616A8B047C9
:10EBB000034616AA6946082083B9049B984705288E
:10EBC00004460CD009280AD026996846FFF700FEB3
:10EBD00003466A460C2116A8002BE4D0092416A887
:10EBE000FFF742FE20460DF5117DF0BD2DE9F04FF7
:10EBF0001646CA6C89B00D4652F8041B00F0030C8F
:10EC00000692002B7CD00C0C09048DF81D40E4B258
:10EC10000591022102EB8402BCF1020F8DF81C1059
:10EC2000296D08BFAA6B11F0010809D005A930466B
:10EC300000F0A4FB00285BD1082009B0BDE8F08FEC
:10EC40001768002FF2D000F00801BB469A466746CD
:10EC50000191CDF80880BAF1020F4DD0B2F800B0A2
:10EC600002F10409548824F00102AB6C64000F2106
:10EC700002EB03083046FFF749FF04F002040BF0F3
:10EC80000103804543EA04032CD82BF0010B012B30
:10EC9000C34472D0022B39D053BB17B1834500F265
:10ECA000C88009F10402D2F800B0BBF1000FD2D144
:10ECB00005A93046DDF8088000F060FBC0B9B8F166
:10ECC000000FB9D00F213046FFF720FF0E2102467A
:10ECD0003046FFF741FF704A0F213046FFF73CFFF7
:10ECE000072006E0012B66D0022B25D0002BD8D0C0
:10ECF000092009B0BDE8F08F546802F10809B2E7B5
:10ED000009028DF81D300591032185E7D9F80040EF
:10ED100024F00048B7B9834505D9019B002B64D086
:10ED2000B8F1000F61D0002C01DA09F1040908F1F3
:10ED3000010309EB8302B6E7D9F8004024F000484C
:10ED4000002FF0D0D5F820B00D213046FFF7DEFEC1
:10ED50008345E8D1AA6A9145E5D100240422C5F88B
:10ED60002880C5E90B424A446A63D9F80020A242D0
:10ED7000C0F28D8001230293D9E7F7B9834517D9F3
:10ED8000D9F80430D9F80020991C4FEAD272AFD0DC
:10ED900005F158040133049472D009F10400FFF71F
:10EDA0008FFD04AB0146284600F06AFE002853D1CF
:10EDB00009F1080277E7002FFAD02C6A0D213046BE
:10EDC000FFF7A4FE8442F3D1AB6A9945F0D14846DF
:10EDD000FFF7B2FC0F2102463046FFF7BDFE2A4680
:10EDE00000213046FFF7B8FE7AE705F15803039794
:10EDF00009F1040B00241F460CE05846002204973A
:10EE0000FFF75EFD04AB014628460BF1040B00F052
:10EE100037FE88BB444504F10104EED10D21304694
:10EE2000FFF774FE049B024606202A62C5E90939F1
:10EE30005FE74846FFF780FC09F1040204462846D4
:10EE4000AA6300F00DFE00283FF452AF22460F21C6
:10EE50003046FFF781FE43E704460D213046049E0D
:10EE6000FFF754FE022C286202D1EE6205F12C0657
:10EE70000620C5E909693CE7039FD9F8004052E73D
:10EE800030460D21FFF742FE26462862F0E708F1E2
:10EE9000010209EB82009BE7113D03100023A5E668
:10EEA0000123A3E60223A1E62DE9F0410546C4B003
:10EEB0001446052900F2B480DFE801F00F29B26999
:10EEC0008F03836B002C40F0AB8053F8042B42641B
:10EED0008363002044B0BDE8F081002B40F0A080A7
:10EEE0001FFA84FC806B01262F1D06FA03F10246EF
:10EEF00011EA0C0F04D052F8041B104647F82310F7
:10EF00000133102BF1D1A204E3D4A863E1E703F0AD
:10EF1000FB02260CA4B2012A40F08280012B06EBF2
:10EF2000040800F0C280B8F1200F79D80F2E79D9EB
:10EF3000002CCED002680193530705D522F00402BD
:10EF400040F8D82B00F038F902AF6400384600F0E2
:10EF500033F9A6F11002A96B601E019B07EBC202F8
:10EF6000441C101F01EB840251F8044B914240F8FD
:10EF7000044FF9D1012B00F0CA800F2EA96302D8EB
:10EF800022A800F00DF9384600F012F9A1E7032B92
:10EF900046D11FFA84F8260C08EB1444102C3FD8F5
:10EFA00003681F0700F1AB8022AF384600F02AF952
:10EFB000AC6B4FEA480107EBC6034A1E41B1E01AA9
:10EFC000013A1958561C43F8041BF9D104EBC80444
:10EFD0003846AC6300F0F4F87BE70BBB102C1FD86D
:10EFE0000368D80600F1838022AF384600F036F976
:10EFF000AE6B394600234FF0010C0CFA03F2304699
:10F000000133224203D050F8042B06460A60042B39
:10F0100001F10401F1D13846AE6300F015F958E76B
:10F02000022057E70268B8F1100F02F0010040F229
:10F03000898058B122F001022846019342F0020271
:10F0400040F8502B00F0B0F82A68019B5107A8F156
:10F05000100800F18880019322AF384600F0A4F830
:10F0600002A800F0A9F8C6F11001AA6B07EBC600D0
:10F070004900019B01390131043802EB810152F84A
:10F08000044B914240F8044FF9D1B8F1000F4FD032
:10F090004FEA4802102E02AF02F1FF30324638BF6D
:10F0A0001022103A07EBC2025AE7B8F1100FB7D896
:10F0B000102EB5D00168CA0730D521F003012846CB
:10F0C000019340F8501B00F067F8019B012B25D0FD
:10F0D00022AF0193384600F067F8AA6B74B3019B26
:10F0E00064004FF0000807EBC600611EC3E723F081
:10F0F000100305F5EC702B6000F0B0F874E723F016
:10F10000080300F5AC702B6000F07CF84CE722AFF0
:10F1100004323846AA6300F03BF8DAE622AF0193E6
:10F12000384600F039F8AA6B019B002CF0D0D7E7E5
:10F13000012BEDD00F2EA9633FF6CBAE384600F081
:10F140002FF8C6E611460028C2D0052BB5D122F013
:10F1500001022846019342F0020240F8502B00F0D1
:10F1600023F8019BB4E722F004022846019340F8FB
:10F17000D82B00F021F86FE700F1340191E8380056
:10F180009C46A6464CF8045D90E8FF0FE54600BD9E
:10F1900090EC210B704700BF80EC210B704700BF43
:10F1A00090EC200B704700BF80EC200B704700BF35
:10F1B000D0EC200B704700BFC0EC200B704700BFA5
:10F1C000F0EC0201F0EC0211F0EC0221F0EC023163
:10F1D000F0EC0241F0EC0251F0EC0261F0EC027153
:10F1E000F0EC0281F0EC0291F0EC02A1F0EC02B143
:10F1F000F0EC02C1F0EC02D1F0EC02E1F0EC02F133
:10F20000704700BFE0EC0201E0EC0211E0EC0221EB
:10F21000E0EC0231E0EC0241E0EC0251E0EC026192
:10F22000E0EC0271E0EC0281E0EC0291E0EC02A182
:10F23000E0EC02B1E0EC02C1E0EC02D1E0EC02E172
:10F24000E0EC02F1704700BFB0FC0181B0FC01911D
:10F25000B0FC01A1B0FC01B1704700BFA0FC01816E
:10F26000A0FC0191A0FC01A1A0FC01B1704700BF6E
:10F27000EC4600B52DE900502DE9FF1F4FF00003CB
:10F280002DE90C0001A9FFF7B7FBDDF840E012B053
:10F29000704700BFEC4600B52DE900502DE9FF1F77
:10F2A0004FF000032DE90C0001A9FFF7E3FBDDF8A7
:10F2B00040E012B0704700BFEC4600B52DE90050A9
:10F2C0002DE9FF1F4FF000032DE90C0001A9FFF706
:10F2D000F1FBDDF840E012B0704700BFEC4600B52E
:10F2E0002DE900502DE9FF1F4FF000032DE90C0020
:10F2F00001ABFFF7B5FBDDF840E012B0704700BF8F
:10F30000EC4600B52DE900502DE9FF1F4FF000033A
:10F310002DE90C0001AAFFF72BFCDDF840E012B04C
:10F32000704700BF027A03468AB9427AB2B1416897
:10F33000013A4FF0030C10B442720C1D086883F8B8
:10F3400008C002025C60000E10BC1A6070470068C2
:10F35000013A1A720202000E1A607047B02070471C
:10F3600010B584B000230C2203AC19460094FFF7BB
:10F37000B3FB039804B010BDF2E700BF2DE9F043E2
:10F380004FF0000885B006460D462846FFF7CAFF35
:10F39000B028044600F01E81070638D500F0F003BF
:10F3A000A02B00F083800CD8802B5ED0902B04D152
:10F3B00000F00D030D2B40F08F80092005B0BDE853
:10F3C000F083B02B68D0C02B3ED1C62800F0EF8070
:10F3D000C72800F0048100F0F803C02B00F0118171
:10F3E000C82800F01C81C928E7D12846FFF79AFFFA
:10F3F000020300F00F0002F47022013002430121E9
:10F4000005233046FFF750FD0028BED0D5E7830026
:10F410000DF108090D223046DBB2CDF800901F1D1A
:10F4200000231946FFF758FB029B60064FF00D02C0
:10F430003046CDF800904CBFDF1BFF180023029729
:10F440001946FFF76FFBA0E700F0F803D02BB4D10B
:10F4500000F00702052301213046013242F4002268
:10F46000FFF722FD002890D0A7E724022846FFF7E7
:10F4700059FF2043B0F5004F9FD0040100233046D0
:10F48000A2B21946FFF710FD002896D114F4004FE0
:10F4900018BF4FF0010878E7A0F1B103042B00F288
:10F4A000DA80DFE803F07B503D332A00C3434FF49A
:10F4B0007F62010703F0070342FA03F202F47F625E
:10F4C00001D542F48042002330461946FFF7ECFC98
:10F4D00000283FF45AAF70E702AF002300F00F029C
:10F4E000304619460097FFF7F7FA00230D22304601
:10F4F00019460097FFF716FB47E703AA002330469B
:10F50000009219460D22FFF7E7FA3EE70023052196
:10F5100030461A46FFF7C8FC00283FF436AF4CE7E8
:10F520002846FFF7FFFE0123020300F00F001946F3
:10F53000013002F4702202433046FFF7B5FC002888
:10F540003FF423AF39E700230DF108090D223046BF
:10F550001946CDF80090FFF7BFFA2846FFF7E2FE04
:10F560000206029C4FF002070AD500F07F00B84067
:10F570000737044428460294FFF7D4FE0306F4D468
:10F58000B84004F5017400230D222044CDF800900A
:10F59000194602903046FFF7C5FAF6E62846FFF70F
:10F5A000C1FE431E0246DBB20E2B8CD905E728466E
:10F5B000FFF7B8FE0323020300F00F0019460130E5
:10F5C00002F4702202433046FFF76EFC00283FF43D
:10F5D000DCAEF2E6B8F1000F2DD00020EEE62846B2
:10F5E000FFF7A0FE431E0246DBB20E2B3FF6E5AE50
:10F5F000002304213046FFF757FC00283FF4C5AE36
:10F60000DBE600F00F02032330460132194642F4D4
:10F610002022FFF749FC00283FF4B7AECDE628468C
:10F62000FFF780FE00F0F00200F00F03103201330C
:10F6300043EA0232E3E602AC434641460E2230463C
:10F640000094FFF749FA0F224346414630460094A2
:10F65000FFF768FAC1E700F0FC03B42B3FF4ADAE4E
:10F6600000F00702012330461A44194642F40022F2
:10F67000FFF71AFC00283FF488AE9EE602460323FB
:10F680000846D26C10B584B008328DF80C3001A950
:10F6900052F8043C1C021B0ECDE901428DF80D30DE
:10F6A000FFF76CFE04B010BD08B5FFF765FE806C77
:10F6B00008BD00BF08B5FFF75FFEC06CC37900EB63
:10F6C0008300083008BD00BF08B500F0D5F908B5C3
:10F6D000FFF7FAFF704700BF70B5860747D0541E8A
:10F6E000002A3ED0CAB2034601E0013C39D303F8F8
:10F6F000012B9D07F9D1032C2CD9CDB20F2C05EB92
:10F70000052505EB054535D9A4F1100C03F1100EC4
:10F710001A462CF00F064FEA1C1CB644C2E90055ED
:10F72000C2E9025510327245F8D10CF1010214F011
:10F730000C0F04F00F0C03EB021213D0ACF1040316
:10F7400023F003030433134442F8045B9342FBD1D8
:10F750000CF003042CB1C9B21C4403F8011BA342F2
:10F76000FBD170BD64461346002CF4D1F9E7034683
:10F770001446C0E71A46A446E0E700BF5FFA81FCE2
:10F78000810744D00346511E22B909E09A0709D0E7
:10F79000013905D31846013302786245F6D1704726
:10F7A00000207047184603290CD80029F8D00346DA
:10F7B000014401E08B42F3D0184613F8012B624557
:10F7C000F8D1704710B50CEB0C24024604EB04444E
:10F7D00002E00439032915D9104652F8043B63406E
:10F7E000A3F1013E2EEA030313F0803FF1D003465C
:10F7F000014401E08B4208D0184613F8012B624502
:10F80000F8D110BD10460029F1D1002010BD1146DD
:10F81000C9E700BF88420ED98B1883420BD900EB91
:10F82000020C002A6ED0624613F801CD994202F80C
:10F8300001CDF9D170470F2A0FD8034602F1FF3CE2
:10F84000002A5FD00CF1010C013B8C4411F8012B14
:10F85000614503F8012FF9D1704740EA01039B0786
:10F8600051D1A2F1100301F1200C70B523F00F0566
:10F8700001F1100E00F110041B09AC445EF8105C9D
:10F880000EF1100E103444F8205C5EF81C5C44F855
:10F890001C5C5EF8185C44F8185C5EF8145CE64585
:10F8A00044F8145CEAD1013312F00C0F02F00F0C93
:10F8B00001EB031100EB031329D0ACF1040C1C1F66
:10F8C0008E462CF003064FEA9C0C1E445EF8045B47
:10F8D00044F8045FB442F9D10CF1010402F00302D0
:10F8E00003EB840301EB840102F1FF3C4AB10CF10C
:10F8F000010C013B8C4411F8012B614503F8012FE9
:10F90000F9D170BD704702F1FF3C03469AE76246A9
:10F91000EAE700BF032A30B415D941EA000484465F
:10F920000B46A40704D0541E0FE0043A032A08D95A
:10F930001946604653F8044B5CF8045BA542F4D0CA
:10F94000F1E760461946541E7AB1431E0139021987
:10F9500001E09A4209D013F8010F11F801CF604578
:10F96000F7D0A0EB0C0030BC7047002030BC7047D3
:10F97000844641EA000313F0030349D1403A23D3FC
:10F980000B6803604B6843608B688360CB68C3601F
:10F990000B6903614B6943618B698361CB69C36107
:10F9A0000B6A03624B6A43628B6A8362CB6AC362EF
:10F9B0000B6B03634B6B43638B6B8363CB6BC363D7
:10F9C00040304031403ADBD230320BD30B68036019
:10F9D0004B6843608B688360CB68C3601030103124
:10F9E000103AF3D20C3205D351F8043B40F8043BF3
:10F9F000043AF9D2043208D0D2071CBF11F8013BF7
:10FA000000F8013B01D30B8803806046704700BFBC
:10FA1000082A13D38B07B1D010F00303AED0C3F183
:10FA20000403D21ADB071CBF11F8013B00F8013BAD
:10FA3000A4D331F8023B20F8023B9FE7043AD9D324
:10FA4000013A11F8013B00F8013BF9D20B78037041
:10FA50004B7843708B7883706046704700000000DD
:10FA60005FF800F0C13B03105FF800F07948001028
:10FA70005FF800F00D3C00105FF800F0459B0310AC
:10FA80005FF800F0113B03105FF800F0497F0010B1
:10FA90005FF800F0E99400105FF800F0B949001039
:10FAA000C80000000000A0410000A0406666663F5C
:10FAB000C80000000000A0410000A0406666663F4C
:10FAC000C80000000000A0410000A0406666663F3C
:10FAD000C80000000000C8420000A0403333733F5C
:10FAE000C80000000000A0410000A0406666663F1C
:10FAF000F82800200F104A00801A06000A000000B3
:10FB000010000000000000000000010000000000E4
:10FB100000000000000002000000000000000000E3
:10FB200000000300000000000000000000000400CE
:10FB300000000000000000000000050000000000C0
:10FB4000000000000000FF000000000001B5486850
:10FB500001318E460047704609380149884701BD8A
:10FB60007140001000000000FFFFFFFFFFFFFF7F5C
:10FB70000000000000000000000000000000000085
:10FB8000000000003033002011760010BD75001019
:10FB900035750010A5740010000000000001000081
:10FBA000EC4D002010000C000000000000000000E0
:10FBB000000000000000000000000000FF00000046
:10FBC0000080094000000000000009400000000023
:10FBD00001000000F14403100C4F0410344F0410D6
:10FBE000504F0410205E0410305E0410405E04107C
:10FBF000545E0410645E0410745E0410845E04108D
:10FC0000945E0410A45E0410B45E0410C45E04107C
:10FC1000D45E0410745E0410E45E04105C4F0410A3
:10FC2000604F0410644F04106C4F0410704F0410A8
:10FC3000744F0410784F04107C4F0410804F041050
:10FC4000844F0410884F04108C4F0410744F04101C
:10FC5000904F041038950410509604102896041004
:10FC6000459B03104300000000000000000000005E
:10FC70000000000000000000000000000000000084
:10FC80000000000043000000000000000000000031
:10FC90000000000000000000000000000000000064
:10FCA0000000000043000000000000000000000011
:10FCB0000000000000000000000000000000000044
:10FCC00000000000430000000000000000000000F1
:10FCD0000000000000000000000000000000000024
:10FCE00000000000430000000000000000000000D1
:10FCF0000000000000000000000000000000000004
:10FD000000000000430000000000000000000000B0
:10FD100000000000000000000000000000000000E3
:10FD20000000000043000000000000000000000090
:10FD300000000000000000000000000000000000C3
:10FD4000000000000DB80310C5890310000000007A
:10FD500018990410DC5004109C4904109C490410AC
:10FD60009C4904109C4904109C4904109C490410AF
:10FD70009C4904109C4904109C490410FFFFFFFF9C
:10FD8000FFFFFFFFFFFFFFFFFFFF000001004153E8
:10FD9000434949000000000000000000000000008E
:10FDA00000000000000000000000000000004153BF
:10FDB000434949000000000000000000000000006E
:10FDC0000000000000000000000000000000000033
:10FDD000082B0020000000000000000084360020F6
:10FDE000EC36002054370020000000000000000026
:10FDF0000000000000000000000000000000000003
:10FE000000000000000000000000000000000000F2
:10FE100000000000000000000000000000000000E2
:10FE200000000000000000000000000000000000D2
:10FE300000000000000000000000000000000000C2
:10FE400000000000000000000000000000000000B2
:10FE500000000000000000000000000000000000A2
:10FE60000000000000000000000000000000000092
:10FE700001000000000000000E33CDAB34126DE62F
:10FE8000ECDE05000B000000000000000000000098
:10FE90000000000000000000000000000000000062
:10FEA0000000000000000000000000000000000052
:10FEB0000000000000000000000000000000000042
:10FEC0000000000000000000000000000000000032
:10FED0000000000000000000000000000000000022
:10FEE0000000000000000000000000000000000012
:10FEF0000000000000000000000000000000000002
:10FF0000282C0020282C0020302C0020302C002011
:10FF1000382C0020382C0020402C0020402C0020C1
:10FF2000482C0020482C0020502C0020502C002071
:10FF3000582C0020582C0020602C0020602C002021
:10FF4000682C0020682C0020702C0020702C0020D1
:10FF5000782C0020782C0020802C0020802C002081
:10FF6000882C0020882C0020902C0020902C002031
:10FF7000982C0020982C0020A02C0020A02C0020E1
:10FF8000A82C0020A82C0020B02C0020B02C002091
:10FF9000B82C0020B82C0020C02C0020C02C002041
:10FFA000C82C0020C82C0020D02C0020D02C0020F1
:10FFB000D82C0020D82C0020E02C0020E02C0020A1
:10FFC000E82C0020E82C0020F02C0020F02C002051
:10FFD000F82C0020F82C0020002D0020002D0020FF
:10FFE000082D0020082D0020102D0020102D0020AD
:10FFF000182D0020182D0020202D0020202D00205D
:020000041005E5
:10000000282D0020282D0020302D0020302D00200C
:10001000382D0020382D0020402D0020402D0020BC
:10002000482D0020482D0020502D0020502D00206C
:10003000582D0020582D0020602D0020602D00201C
:10004000682D0020682D0020702D0020702D0020CC
:10005000782D0020782D0020802D0020802D00207C
:10006000882D0020882D0020902D0020902D00202C
:10007000982D0020982D0020A02D0020A02D0020DC
:10008000A82D0020A82D0020B02D0020B02D00208C
:10009000B82D0020B82D0020C02D0020C02D00203C
:1000A000C82D0020C82D0020D02D0020D02D0020EC
:1000B000D82D0020D82D0020E02D0020E02D00209C
:1000C000E82D0020E82D0020F02D0020F02D00204C
:1000D000F82D0020F82D0020002E0020002E0020FA
:1000E000082E0020082E0020102E0020102E0020A8
:1000F000182E0020182E0020202E0020202E002058
:10010000282E0020282E0020302E0020302E002007
:10011000382E0020382E0020402E0020402E0020B7
:10012000482E0020482E0020502E0020502E002067
:10013000582E0020582E0020602E0020602E002017
:10014000682E0020682E0020702E0020702E0020C7
:10015000782E0020782E0020802E0020802E002077
:10016000882E0020882E0020902E0020902E002027
:10017000982E0020982E0020A02E0020A02E0020D7
:10018000A82E0020A82E0020B02E0020B02E002087
:10019000B82E0020B82E0020C02E0020C02E002037
:1001A000C82E0020C82E0020D02E0020D02E0020E7
:1001B000D82E0020D82E0020E02E0020E02E002097
:1001C000E82E0020E82E0020F02E0020F02E002047
:1001D000F82E0020F82E0020002F0020002F0020F5
:1001E000082F0020082F0020102F0020102F0020A3
:1001F000182F0020182F0020202F0020202F002053
:10020000282F0020282F0020302F0020302F002002
:10021000382F0020382F0020402F0020402F0020B2
:10022000482F0020482F0020502F0020502F002062
:10023000582F0020582F0020602F0020602F002012
:10024000682F0020682F0020702F0020702F0020C2
:10025000782F0020782F0020802F0020802F002072
:10026000882F0020882F0020902F0020902F002022
:10027000982F0020982F0020A02F0020A02F0020D2
:10028000A82F0020A82F0020B02F0020B02F002082
:10029000B82F0020B82F0020C02F0020C02F002032
:1002A000C82F0020C82F0020D02F0020D02F0020E2
:1002B000D82F0020D82F0020E02F0020E02F002092
:1002C000E82F0020E82F0020F02F0020F02F002042
:1002D000F82F0020F82F00200030002000300020F0
:1002E000083000200830002010300020103000209E
:1002F000183000201830002020300020203000204E
:10030000FFFFFFFF000002000100000000000000EE
:100310004A00000000000000000000000000000093
:1003200000000000000000000000000000000000CD
:1003300000000000000000004A0000000000000073
:1003400000000000000000000000000000000000AD
:10035000000000000000000000000000000000009D
:100360005C4F04105C4F041000000000030000000C
:1003700084360020DC370020000000000000000070
:10038000D3DEFFFFFE010000FF010000B8FDFAFF11
:04039000793512ABFE
:040000051000014D99
:00000001FF
