:020000041000EA
:10000000002008205B0100101B0100101D010010E2
:100010001101001011010010110100101101001058
:100020001901001019010010190100101F01001022
:10003000110100101901001021010010230100100E
:100040001101001011010010110100101101001028
:100050001101001011010010110100101101001018
:100060001101001011010010110100101101001008
:1000700011010010110100101101001011010010F8
:1000800011010010110100101101001011010010E8
:1000900011010010110100101101001011010010D8
:1000A00011010010110100101101001011010010C8
:1000B00011010010110100101101001011010010B8
:1000C00011010010110100101101001011010010A8
:1000D0001101001011010010110100101101001098
:1000E0001101001011010010110100101101001088
:1000F0001101001011010010110100101101001078
:100100001101001011010010110100101101001067
:10011000EFF30580103800BE00BE00BE00BE00BE7A
:1001200000BE00BEF2EB887128BC041048BC04106D
:100130009C01001090A31AE7D3DEFFFF42012110BB
:10014000FF01000070EA0400793512AB00201E495F
:10015000086006C881F3088810474FF050400068D7
:1001600008B10020F3E70DA40ECC002902D000F066
:1001700012F8F9E71549164A002000E001C1914242
:10018000FCD114498847144988471449884700BE60
:10019000FDE701C901C29A42FBD3704748BC041075
:1001A0001001002070300020A8EB0410000008208F
:1001B00000000820A8EB0410001008200010082000
:1001C000000000007047000008ED00E070300020E3
:1001D000405300208159001031240010455900106F
:1001E00001207047012070470020704700207047B1
:1001F0000120704700207047002070474FF05042A8
:100200000123017952688B40134214BF0120002062
:10021000704700BF037941EC4030704730B404248C
:100220000F4A007913680F4D0F4983EA003303F436
:1002300070432B600C601368DB05FCD530BC536841
:10024000DFED0A6A9BB207EE903AF8EEE77A9FED8F
:10025000087A67EEA67AC7EE877A17EE900A70479B
:1002600000000A4000100A4000200A403333534087
:1002700000F07F4530B404240F4A007913680F4D15
:100280000F4983EA003303F470432B600C6013685A
:10029000DB05FCD530BC5368DFED0A6A9BB207EE84
:1002A000903AF8EEE77A9FED087A67EEA67AC7EE05
:1002B000877A17EE900A704700000A4000100A4043
:1002C00000200A403333534000F07F4530B404240B
:1002D0000F4A007913680F4D0F4983EA003303F486
:1002E00070432B600C601368DB05FCD530BC536891
:1002F000DFED0A6A9BB207EE903AF8EEE77A9FEDDF
:10030000087A67EEA67AC7EE877A17EE900A7047EA
:1003100000000A4000100A4000200A4033335340D6
:1003200000F07F4503F098B803F090B903F084B96A
:100330002DE9F04385B091461E460D46476890F87A
:100340000A80046903F088F84FF47A734FF0FF3C99
:100350006FF00042E4FB0301844572EB01033CBFF4
:10036000604611460024CDE902014B462A4641462B
:100370003846009407F0B6FF031EAABF01202046AE
:10038000336005B0BDE8F0832DE9F04385B09146B8
:100390001E460D46476890F80A80046903F05CF831
:1003A0004FF47A734FF0FF3C6FF00042E4FB03011F
:1003B000844572EB01033CBF604611460024CDE941
:1003C00002014B462A4641463846009407F0A8FFF2
:1003D000031EAABF01202046336005B0BDE8F083AC
:1003E00010B51F21044602F0FBF8002220461146FA
:1003F00002F014F92046BDE81040002102F022B9B5
:100400002DE9F0412DED028B90F8E830044682B0E2
:10041000062B2AD8DFE813F02E00C0002E00530070
:1004200080009400070040680222036869461D6846
:1004300001ABA84718B1019B022B00F0E680D4F86D
:10044000F830984D032B00F0D181DBB2013300224C
:100450002068C4F8F83003681B6884F8E820AB42D1
:1004600058D102F0F9FFC4E93C0102B0BDEC028BA7
:10047000BDE8F08100688B4D03681B68AB4240F01B
:10048000BA8002F0E9FFD4F8F0304FF47A72C01A63
:10049000D4F8F43061EB0301002342F0FDFD0A289B
:1004A000E3D9206894F8E8300268062B126800F05F
:1004B000B0810133AA4284F8E830D2D099E0012516
:1004C00040688DF8005003685B689847002800F08A
:1004D000948060682A46036869469D6801ABA84716
:1004E000002800F08A802068019B0268012B1268B6
:1004F00073D0D4F8F830032B00F08580DBB20133E1
:1005000000210268C4F8F8301368664A84F8E810DD
:100510009342A6D09847A6E740680222036869463E
:100520001D6801ABA847002867D0019B2068022BFB
:10053000DFD19DF900300268002B1268D9DA4CE057
:10054000002540688DF8005003685B6898470028D4
:1005500053D060686946026801AB96680122B047D3
:1005600000284AD02068019B0268012B1268C0D184
:1005700094F8E830062B35D10021D4F8F83084F80F
:10058000E810032B1CBFDBB25D1C464BC4F8F850CF
:100590009A423FF466AF2CE001218322D0F8F83074
:1005A00040681B0103F030033D3B8DF801308DF8AE
:1005B00000108DF8022003685B689847E8B1606816
:1005C0000322036869469D6801ABA847A8B120686B
:1005D000019B0268032B12688BD194F8E830062B3C
:1005E00000F006812F4901338A4284F8E8303FF455
:1005F00038AF904737E7984745E7D4F8F830206898
:10060000032B7FF47BAF00237AE7BDF800309FED2A
:10061000267ADBBA07EE903AF8EEE77AD4F8F830AB
:1006200027EE878A032B00F2C081DFE803F077AC66
:100630003F02D4F8C0001B4D03681B68AB4240F07A
:10064000A08102F009FF06460F4694F8D830002B2F
:1006500000F05F81D4F8C00003681B68AB4240F033
:100660009B8102F0F9FE02464FF47A704FF0000EC3
:10067000D4F8B030D4F8D4C003FB00F0D4F8D030B4
:10068000D21A61EB0C0190427EEB010E80F02181C9
:1006900094F8D830002B00F03C8184ED328AC4E914
:1006A0003467A0E0250300106F120339D4F88800E6
:1006B000BF4D03681B68AB4240F05B8102F0CCFE8B
:1006C00006460F4694F8A030002B00F04A81D4F87B
:1006D000880003681B68AB4240F0618102F0BCFEF9
:1006E00002464FF47A704FF0000EA36FD4F89CC00E
:1006F00003FB00F0D4F89830D21A61EB0C01904261
:100700007EEB010E80F00D8194F8A030002B00F0FC
:10071000288184ED248AC4E9266764E0A069A44D99
:1007200003681B68AB4240F0288102F095FE064644
:100730000F4694F83030002B00F0C380A0690368A6
:100740001B68AB4240F02E8102F086FE02464FF459
:100750007A704FF0000EA368D4F82CC003FB00F0B1
:10076000A36AD21A61EB0C0190427EEB010E80F07D
:10077000888094F83030002B00F0A38084ED088A44
:10078000C4E90A672FE0206D894D03681B68AB42FE
:1007900040F0FB8002F060FE06460F4694F8683099
:1007A000002B46D0206D03681B68AB4240F0F180FF
:1007B00002F052FE02464FF47A704FF0000E236CA6
:1007C000D4F864C003FB00F0236ED21A61EB0C0175
:1007D00090427EEB010E34D294F868304BB384ED36
:1007E000168AC4E91867D4F8F8302BE600232EE601
:1007F000D4F8F8300021032B0EBF0023DBB2013305
:10080000C4F8F8306A4B84F8E8109A423FF429AEF5
:10081000EFE6D4F8F830032B0EBF0023DBB2013330
:10082000C4F8F8300023AA4284F8E8303FF419AE47
:10083000DFE6012384ED168AC4E9186784F868307E
:10084000D1E794F86880B8F1000FF2D0F01A67EBA6
:100850000C0103F09EFCD4ED138A05EE900A9FED87
:10086000556AB7EE007AC5EE867A37EE687AD4ED2F
:100870001C6A67EE877AE8EEA67A4346C4ED1C7AD6
:10088000ACE794F83080B8F1000F1AD0F01A67EB9B
:100890000C0103F07EFCD4ED058A05EE900A9FED75
:1008A000456AB7EE007AC5EE867A37EE687AD4EDFF
:1008B0000E6A67EE877AE8EEA67A4346C4ED0E7AB2
:1008C00059E7012384ED088AC4E90A6784F83030C7
:1008D00089E794F8D880B8F1000F1AD0F01A67EBC6
:1008E0000C0103F056FCD4ED2F8A05EE900A9FED23
:1008F000316AB7EE007AC5EE867A37EE687AD4EDC3
:10090000386A67EE877AE8EEA67A4346C4ED387A0D
:10091000C0E6012384ED328AC4E9346784F8D83014
:1009200061E794F8A080B8F1000F1AD0F01A67EBD5
:100930000C0103F02EFCD4ED218A05EE900A9FED08
:100940001D6AB7EE007AC5EE867A37EE687AD4ED86
:100950002A6A67EE877AE8EEA67A4346C4ED2A7AD9
:10096000D4E6012384ED248AC4E9266784F8A03004
:1009700039E7984706460F46A4E6984706460F46CD
:10098000D7E6984706460F465FE6984706460F4665
:1009900004E7984702460EE79847024664E6984700
:1009A00002469EE698470246D1E6014D4DE500BF5E
:1009B00025030010002474492DE9F84F80468A462B
:1009C00005460E464FF0000C0F68D1F80C9000F56C
:1009D000CC5E00F5A964BAE80F00A8E80F00BAE8F9
:1009E0000F00A8E80F00BAE80F00A8E80F009AE887
:1009F00007000EF1180E88E80700D6F808A0C5F821
:100A000040C444F804CC04F582747445F9D1002143
:100A10009FEDD97B05F5805005F5CE5305F5E452E1
:100A2000C0F894C8C0F8ACC90833183203ED027B93
:100A300003F8101C18339342F8D1C0F8801C9FEDC6
:100A4000CE7B002105F5FB52103205F5E55303ED91
:100A5000027B03F8101C18339A42F8D100229FED54
:100A6000C67BC0F8581F05F5FB5305F5095118332F
:100A7000083103ED027B03F8102C18338B42F8D1B8
:100A800000F58050C0F83022002005F5005BCBF85F
:100A9000382605F56E52103205F51D5343F8040C47
:100AA00003F582739A42F9D100219FEDB37B05F5DE
:100AB000405405F57A52C4F88C0AC4F8A40B1032DD
:100AC00005F56F5303ED027B03F8101C18339A42AF
:100AD000F8D1C4F8781E9FEDA87B002105F57A5364
:100AE00005F582421833683203ED027B03F8101CCF
:100AF00018339A42F8D13B6805F580441B68C4F866
:100B000050110021A448DFF8A082C4E95A01012055
:100B100000214345C4E95C01C4F8607140F02781BD
:100B200002F09AFC2B46B646C4F88071C4E95E0117
:100B3000DFED9A7ACBF838A243F8409F4FF00009D6
:100B40009FED8D4B9FED8E5B9FED8F6B03F50753F4
:100B5000383305F5824204F5C47CC2E91633BEE899
:100B60000F00ACE80F00BEE80F00ACE80F00BEE8D5
:100B70000F00ACE80F009EE80700894F8CE80700E3
:100B80003369D6F800C004F5027A04F5E87B04F571
:100B9000107EC4E972C397E80F008BE80F00C4ED24
:100BA000807AC4F8E0C184F8F8918AE80F00C4EDB7
:100BB0008E7AC4F818C284F830928EE80F00C4ED23
:100BC0009C7AC4F850C2DCF8003084F86892D3F8FC
:100BD00000A097E80F00C24504F51E7787E80F00D4
:100BE00084EDAE4B84EDB45B84EDB66BC4EDAA7AB4
:100BF000C4F888C284F8A09284F8B092C4F8C09275
:100C0000C4F8C8C240F0B08002F026FC4FF0000BE0
:100C1000DFF898A1C4E9B8013068C4E9BCAB4FF073
:100C2000010A4FF0000B0368C4E9BEAB1B68C4F8AF
:100C3000E802434540F0968002F00EFC4FF0000BB6
:100C4000DFF86CA1C4E9C0013068C4E9C4AB4FF05F
:100C5000010A4FF0000B0368C4E9C6AB1B68C4F877
:100C6000080343457CD102F0F7FB9FED497BD6F8A2
:100C70003090D6F834A0C4E9C801306884EDCE7B4A
:100C80009FED417B036884EDD07B1B68C4F8300383
:100C9000434563D102F0E0FB44F25033C4E9D20192
:100CA00001210220D9F800203E4F126845F8039038
:100CB000BA422B44C3F804A0C4F8580384F85C1368
:100CC00040F0858099F8042041EC4020DAF80030AB
:100CD0001B68BB4272D19AF804304FF0000242EC1C
:100CE00040304FF0000BDFF8C8A03068D6E90A9614
:100CF000C4E9DAAB4FF0010A4FF0000B0368C4E916
:100D0000DCAB1B68C4F86003434525D102F0A4FBAB
:100D1000C4E9DE0101210220D9F800301A6805F586
:100D20008743BA42C3E90096C4F8880384F88C1359
:100D300048D199F8042041EC402033681B68BB423D
:100D400038D14FF00002337942EC4030052384F86B
:100D500090332846BDE8F88F9847D9E798479BE736
:100D6000984782E7984769E76046D0474EE738469C
:100D70009847D7E6AFF300800000000000000000B5
:100D8000A08601000000000001000000000000003B
:100D900090D0030000000000A086010000000000C9
:100DA000D02700201502001025030010E093040056
:100DB00090D00300002130469847C7E750460021F5
:100DC00098478EE748469047D4F88463B5E748468D
:100DD0009047D4F854A379E710B50446074B08466A
:100DE0002360217101F03EFC0022207942EC440096
:100DF000012101F013FC204610BD00BF2C4304105C
:100E00002DE9F04104460D4688B090464449012240
:100E100025F050FFD5E90012204625F04BFF0422B3
:100E2000404925F047FF02223F49204625F042FF76
:100E3000072500223D4B04AF93E80300ADF81410E2
:100E4000090CCDE903508DF816108DF817203449A0
:100E500001222046029725F02DFFDDE902122046EF
:100E600025F028FF04222F4925F024FFB8F80010B0
:100E7000204626F00DF9022220462D4925F01AFFC2
:100E80000298B84203D00499013103F0DBF913232F
:100E9000002201A902A80193029726F0D1FC054681
:100EA0004FF0000C019B234E029004930FCEEB6099
:100EB000338828602B82B3786960AB74AA60019B89
:100EC000029A0393164902F803C02046012225F036
:100ED000F1FEDDE90212204625F0ECFE0422114964
:100EE00025F0E8FE98F80210204626F0CDF8022200
:100EF00020460F4925F0DEFE0298B84203D004993F
:100F0000013103F09FF9022220460B4925F0D2FE61
:100F100002222046064908B0BDE8F04125F0CABECD
:100F2000D0310410D4310410DC310410E03104104D
:100F3000E8310410EC310410003204102DE9F041C6
:100F400004460D4688B090465B49012225F0B2FE6A
:100F5000D5E90012204625F0ADFE0422574925F0C0
:100F6000A9FE02225649204625F0A4FE05220025AE
:100F7000544B04AF93E80300CDE9027204900122C0
:100F80008DF8141020464C498DF8155025F092FE2E
:100F9000DDE90212204625F08DFE0422474925F0A6
:100FA00089FE98F80010204626F06EF802222046AE
:100FB000454925F07FFE0298B84203D004990131DB
:100FC00003F040F91223002201A902A8019302971D
:100FD00026F036FC05464FF0000C019B3B4E02907C
:100FE00004930FCEEB603388286069602B82AA607F
:100FF000019B029A0393304902F803C02046012264
:1010000025F058FEDDE90212204625F053FE0422A9
:101010002A4925F04FFED8F80410204626F038F86B
:1010200002222046284925F045FE0298B84203D006
:101030000499013103F006F9254B072593E80300D5
:101040000B0C8DF81630002301220490ADF814101B
:10105000204619498DF817300297039525F02AFE8E
:10106000DDE90212204625F025FE0422134925F071
:1010700021FED8F8080042F01BF802460B46204635
:1010800026F0ACF8022220460F4925F013FE029804
:10109000B84203D00499013103F0D4F8022220466B
:1010A0000C4925F007FE02222046074908B0BDE89A
:1010B000F04125F0FFBD00BFD0310410D431041041
:1010C000DC3104108C320410E831041004320410B6
:1010D0001832041000320410F0B505460C4687B0F3
:1010E00016464E49012225F0E5FDD4E900122846B6
:1010F00025F0E0FD04224A4925F0DCFD02224949A1
:10110000284625F0D7FD47F2673102220023284602
:10111000ADF80810019202AC324669468DF80A30EB
:101120000094FFF76DFE0098A04203D002990131B0
:1011300003F088F823464FF0090C00273A4A009440
:1011400007CA03C328461A706946321DCDF804C089
:101150008DF81170FFF754FE0098A04203D0029959
:10116000013103F06FF823464FF0090C00272F4A96
:10117000009407CA03C328461A70694606F108029C
:10118000CDF804C08DF81170FFF73AFE0098A04228
:1011900003D00299013103F055F823464FF0090CB2
:1011A0000027234A009407CA03C328461A706946D9
:1011B00006F10C02CDF804C08DF81170FFF720FE87
:1011C0000098A04203D00299013103F03BF8234676
:1011D0004FF0000C0927174A009407CA03C328469A
:1011E0001A70694606F1100201978DF811C0FFF7D9
:1011F00007FE0098A04203D00299013103F022F8C3
:10120000022228460C4925F055FD022228460B49AA
:1012100007B0BDE8F04025F04DBD00BFD03104104F
:10122000D4310410DC310410203204102C320410AC
:10123000383204104432041000320410E831041033
:101240002DE9F04104460D4688B090464B490122F5
:1012500025F030FDD5E90012204625F02BFD0422B3
:10126000474925F027FD02224649204625F022FD68
:10127000102300220DEB030701A902A80193029796
:1012800026F0DEFA05464FF0000C019B3E4E029020
:1012900004930FCE28606960AA60EB60019B029AFC
:1012A0002046039302A902F803C04246FFF746FE18
:1012B0000298B84203D00499013102F0C3FF14230D
:1012C000002201A902A80193029726F0B9FA054667
:1012D0004FF0000C019B2D4E029004930FCE28601E
:1012E000306869602861AA60EB60019B029A204621
:1012F000039302A902F803C008F10C02FFF71EFED7
:101300000298B84203D00499013102F09BFF1523E3
:10131000002201A902A80193029726F091FA05463E
:101320004FF0000C019B1A4E029004930FCE2860E0
:10133000EB60306833796960AA6028612B75019B86
:101340000298039302A900F803C008F1180220468E
:10135000FFF7F4FD0298B84203D00499013102F07E
:1013600071FF022220460B4925F0A4FC02222046F0
:10137000094908B0BDE8F04125F09CBCD03104100B
:10138000D4310410DC3104105032041064320410E3
:101390007C32041000320410E83104102DE9F04FC3
:1013A0002DED028BA3B000904068AE4A03681B6825
:1013B000934240F0D98502F03FF9009CDFF8B492E7
:1013C00004F58340483004F58044FFF719F8D4F859
:1013D000C80203681B684B4540F0C38502F03CF827
:1013E000D4F8D022D4F8DC32D4F8E4C202FB03F5FE
:1013F000D4E9B53603FB0655A6FB02673D44D4F895
:10140000E072F61945EB0C05B04271EB0505C0F032
:10141000B880C01B61EB0C0141F03EFE013041F190
:101420000001C4E9B601D4F8A8018F4D03681B6818
:10143000AB4240F074874FF050435B68D4F8AC0186
:1014400003681B68AB4240F06D874FF050435B6808
:10145000D4F8A40103681B689847D4F8A001036876
:101460001B689847D4F89C0103681B68984794F858
:10147000F851EDB1D4F8E00103681B684B4540F02A
:10148000648701F0E9FF02460B464FF47A700026AC
:10149000D4F8D01100FB01F1D4F8F001121AD4F8FD
:1014A000F40163EB0003914276EB030338BF35464A
:1014B00094F83032002B00F06384D4F818020368EB
:1014C0001B684B4540F03C8701F0C6FF03460A46C7
:1014D0004FF47A700026D4F8081200FB01F1D4F81A
:1014E00028021B1AD4F82C0262EB000299429641A2
:1014F000C0F0468494F86862002E00F04684D4F868
:10150000500203681B684B4540F0338701F0A4FF8D
:1015100002460B464FF47A700027D4F8401200FBC5
:1015200001F1D4F86002121AD4F8640263EB0003EC
:10153000914277EB0303C0F02884002D00F025844E
:10154000002E00F02284D4F85833012B19D0012248
:10155000D4F85003454D036894F85C131B68C4F835
:101560005823AB4240F05C87037941EC4030D4F81B
:10157000540303681B68AB4240F04F87037941EC8A
:101580004030D4F8E80203681B684B4540F0F38410
:1015900001F062FFD4F8F022D4F8FC32D4F804C38E
:1015A00002FB03F5D4E9BD3603FB0655A6FB026733
:1015B0003D44D4F80073F61945EB0C05B04271EBCD
:1015C0000505C0F05F82C01B61EB0C0141F064FDBA
:1015D0000130C4F8F802009841F1000100F5805292
:1015E000D2F8803CD4F880610492C4F8FC12002B3D
:1015F00000F0A286002300F5CD559B46B0469246EA
:1016000010350293039305941EE001F025FF184A5C
:10161000001B61EB070382424FF0000272EB0303F1
:1016200005F1180580F044840BF1010B3EB1DDE9B2
:1016300001371F443B1B0293039B01330393DAF8EA
:10164000803C9B4580F03484D8F800302C681968C1
:101650002B6949456F682E7A0193D6D0404688475A
:10166000D5E700BF2D030010FD010010150200108A
:101670003F0D0300250300104446DDE902ECBEF1F6
:10168000000F00F0EE856423D04AABEB0E08A2FBFE
:101690000C2603FB08F8B609B6FBFEF6B8FBFBF810
:1016A000B6B25FFA88F8009BC94A586803685B685D
:1016B000934240F03A8601F0C9FF05460A9BADF817
:1016C0005C60ADF850300B9B8DF85E808DF8523029
:1016D000069B1395ADF85430079B8DF85630089B48
:1016E000ADF85830099B8DF85A30049BADF8603046
:1016F000059B8DF8623094F8F831002B00F0AB8533
:10170000D4F8E00103681B684B4540F02D8601F0DA
:10171000A3FE03460A464FF47A760020D4F8D0118F
:10172000D4F8F47106FB01F1D4F8F0619B1B62EB75
:10173000070299429041C0F08E8594F8F831002B51
:1017400000F08985D4F8E00103681B684B4540F040
:10175000068601F081FE03460A46981B62EB0701EC
:1017600000234FF47A7241F097FCB7EE007AD4ED83
:10177000807AC7EE278AF4EE688AF1EE10FA0746FF
:1017800080F18A85D4ED757A94ED767A77EE876A62
:10179000F4EEE68AF1EE10FA00F37E8577EEC77A72
:1017A000F4EEE78AF1EE10FA4CBF0126002694F819
:1017B0003032002B00F04785D4F8180203681B680C
:1017C0004B4540F0C78501F047FE02460B464FF4FB
:1017D0007A7C0020D4F80812D4F828820CFB01F19E
:1017E000D4F82CA2B2EB080263EB0A03914270EB2F
:1017F0000303C0F0288594F83032002B00F02385D5
:10180000D4F8180203681B684B4540F0C18501F00D
:1018100023FE03460A46B3EB080062EB0A010023ED
:101820004FF47A7241F038FCB7EE007AD4ED8E7A3C
:1018300087EE278AB4EE488AF1EE10FA019080F123
:101840002785D4ED837A94ED847A77EE876AB4EEB7
:10185000E68AF1EE10FA00F31B8577EEC77AB4EE54
:10186000E78AF1EE10FA4CBF4FF001084FF0000884
:1018700094F86832002B00F0E084D4F8500203683A
:101880001B684B4540F07F8501F0E6FD02460B46A4
:101890004FF47A7C0020D4F84012D4F860A20CFBFC
:1018A00001F1D4F864B2B2EB0A0263EB0B0391428C
:1018B00070EB0303C0F0C18494F86832002B00F091
:1018C000BC84D4F8500203681B684B4540F0568531
:1018D00001F0C2FD03460A46B3EB0A0062EB0B01BE
:1018E00000234FF47A7241F0D7FBF7EE006A94EDD3
:1018F0009C7AC6EE877AF4EE677AF1EE10FA80F100
:10190000C48494ED917AD4ED926A37EE266AF4EEAF
:10191000C67AF1EE10FA00F3B88437EE667AF4EE88
:10192000C77AF1EE10FA4CBF01230023019A29492E
:101930008DF864601D920FAE022220902648CDEDF6
:10194000217A1A978DF87C30CDED1B8A8DED1E8A99
:101950008DF8708025F0AEF933464FF00A0C002761
:101960001E4A0D9607CA03C31D491A801A48012250
:10197000CDF838C08DF8467025F09CF9DDE90D12E0
:10198000154825F097F90422164925F093F92946C0
:10199000114825F07DFB022213490F4825F08AF9F2
:1019A0000D98B04203D00F99013102F04BFC112386
:1019B00000220CA90DA80C930D9625F041FF0546B9
:1019C0004FF0000C0C9B094F0D9011E0D34D6210AD
:1019D00029030010DC3104107449002094320410F3
:1019E000D0310410D4310410E8310410A0320410B6
:1019F0000F930FCFEB603B7828606960AA602B746F
:101A00000C9B0D9AB7480E930DA902F803C014AAB7
:101A1000FFF762FB0D98B04203D00F99013102F03D
:101A200011FC122300220CA90DA80C930D9625F091
:101A300007FF05464FF0000C0C9BAB4F0D900F932A
:101A40000FCFEB603B8828606960AA602B820C9BFB
:101A50000D9AA4480E930DA902F803C019AAFFF726
:101A6000EFFB0D98B04203D00F99013102F0EAFB71
:101A700002229E499B4825F01DF901229C49994864
:101A800025F018F9D4F8080303681B684B4540F0AB
:101A9000668201F0E1FCD4F81023D4F81C33D4F8AA
:101AA00024C302FB03F5D4E9C53603FB0655A6FBA8
:101AB00002673D44D4F82073F61945EB0C05B0429B
:101AC00071EB05051AD3C01B61EB0C0141F0E4FA80
:101AD000009B013041F10001C4E9C601986B94F804
:101AE00028130368834A1B6881F00101934284F83C
:101AF000281340F0D483037941EC4030D4F830030C
:101B000003681B684B4540F0328201F0A5FCD4F815
:101B10003823D4F84433D4F84CC302FB03F5D4E99A
:101B2000CF3603FB0655A6FB02673D44D4F8487345
:101B3000F61945EB0C05B04271EB050536D3C01B19
:101B400061EB0C0141F0A8FA013041F10003D4F837
:101B50005813C4F840030129C4F8443300F0268226
:101B6000022900F0C183D9B9D4F85003614D03684C
:101B70001B68AB4240F03F84037941EC4030D4F81D
:101B8000540303681B68AB4240F02F844FF00102FE
:101B9000037942EC403094F85C1303E0002198474D
:101BA00094F85C1381F0010184F85C13009BD4F875
:101BB000582140339A42D4F880B1009A00F0238132
:101BC00002F54051D1F8783E002B3AD0002302F5BF
:101BD0006E55DA4698468B46CDE901332835039495
:101BE0001CE001F039FC444A001B61EB0603824211
:101BF0004FF0000272EB030305F118051BD208F148
:101C000001083FB1029E009B1E44019B01330193DA
:101C1000331B0293DBF8783E98450CD2DAF800309B
:101C20002C6819682B6949456E682F7A0093D8D0C3
:101C300050468847D7E7039CDDE901C3BCF1000F9C
:101C400069D1D4F88833022B40F0C080D4F8600307
:101C500003681B684B4540F08C8101F0FDFBD4E923
:101C6000DE7CD4F86823D4F8743302FB03F5D4E99E
:101C7000DB3603FB0655A6FB026EF619754445EBF1
:101C80000C05B04271EB050540D3C01B61EB0C01A4
:101C900041F002FAD4F88823013041F10001012A11
:101CA000C4E9DC0100F06A81022A00F0FA823ABB42
:101CB000D4F880030F4D03681B68AB4240F0878364
:101CC000037942EC4030D4F8840303681B68AB42CC
:101CD00040F078834FF00102037942EC403094F8F1
:101CE0008C130FE074490020B43204100032041049
:101CF000C8320410150200103F0D03000021984760
:101D000094F88C1381F0010184F88C1323B0BDEC9E
:101D1000028BBDE8F08F6421B04AA2FB0323A8EB3D
:101D20000C0201FB02F29B09B3FBFCF3B2FBF8F2DD
:101D30009BB2D2B21E2AD4F8881382D8C82B80D87E
:101D40000A2A40F25681012980D00122D4F880036A
:101D5000A34D036894F88C131B68C4F88823AB4226
:101D600040F05583037941EC4030D4F88403036894
:101D70001B68AB4240F04383037941EC403065E798
:101D800094F86832002B40F0D482D4F85833002BFA
:101D90003FF4F7AB0021D4F85003914D03681B6862
:101DA000C4F85813AB4240F03083037941EC403023
:101DB000D4F8540303681B68AB4240F022834FF011
:101DC0000102037942EC4030FFF7DBBB0222D4F87A
:101DD0008003834D03681B68C4F88823AB4240F03E
:101DE000E3824FF00102037942EC4030D4F88403DF
:101DF00003681B68AB4240F0F1824FF000020379A8
:101E000042EC403022E702F58051D1F8583F002BD8
:101E10003FF417AF4FF0000802F5E457DA464546A5
:101E20008B46CDE902840837CDF804801BE001F031
:101E300013FB6C4B001B61EB080183424FF0000366
:101E400073EB010107F118071BD201353EB1DDE943
:101E500000361E44331B0193029B01330293DBF8CF
:101E6000583F9D420DD2DAF800303C6819683B6952
:101E70004945D7F804803E7A0093D8D05046884729
:101E8000D7E7039CDDE9018CBCF1000F3FF4D9AE2C
:101E90006421524BA3FB0823A5EB0C0201FB02F2C9
:101EA0009B09B3FBFCF3B2FBF5F29BB2D2B241E764
:101EB000059CDDE9023CD4F88061BCF1000F00F024
:101EC00093806421454AA2FB0323ABEB0C0201FB88
:101ED00002F29B09B3FBFCF3B2FBFBF29BB20A9349
:101EE000D3B20B930499D1F8583F002B00F05882DD
:101EF0000022009B924603F5E455B0468B46CDE99F
:101F00000222083505941DE001F0A6FA354A001BAF
:101F100061EB070382424FF0000272EB030305F10D
:101F2000180580F087800AF1010A3EB1DDE901372A
:101F30001F443B1B0293039B01330393DBF8583F81
:101F40009A4577D2D8F800302C6819682B69494532
:101F50006F682E7A0193D7D040468847D6E79847D6
:101F600099E59847FFF73CBA9847FFF726BA984794
:101F7000CDE5984773E69847FFF70CBBD4F880038C
:101F8000174D036894F88C131B68AB4240F0128223
:101F9000037941EC4030D4F8840303681B68AB42FA
:101FA0007FF4ADAE037941EC4030ABE6D4F850039A
:101FB0000B4D036894F85C131B68AB4240F0FE8144
:101FC000037941EC4030D4F8540303681B68AB42FA
:101FD0007FF4E5AD037941EC4030E3E5D34D621089
:101FE000150200103F0D03006423CDF828C00B93A9
:101FF00078E7642B3FF6A7AE00293FF427AE002117
:10200000D4F88003B44D03681B68C4F88813AB424E
:1020100040F00182037941EC4030D4F88403036836
:102020001B68AB4240F0EA814FF00102037942ECB9
:1020300040300BE6059CDDE9022CD4F88061BCF150
:10204000000F00F01D816421A44BA3FB0223AAEB27
:102050000C0201FB02F29B09B3FBFCF3B2FBFAF2A8
:102060009BB20893D3B20993009901F54050D0F880
:10207000783E002B00F0B581002201F56E559246A6
:10208000B0468346CDE90222283505941CE001F0D4
:10209000E3F9934A001B61EB070382424FF0000211
:1020A00072EB030305F118051BD20AF1010A3EB1D8
:1020B000039F019B1F443B1B0393029B013302932D
:1020C000DBF8783E9A450CD2D8F800302C681968B5
:1020D0002B6949456F682E7A0193D8D040468847CE
:1020E000D7E7059CDDE902C2D4F88061BCF1000F9E
:1020F00000F0C1806421794BA3FB0223AAEB0C0200
:1021000001FB02F29B09B3FBFCF3B2FBFAF29BB2B8
:102110000693D3B20793049B03F58057D7F8303268
:10212000002B00F057814FF0000E009BF246B346A3
:10213000B846CDE902EE03F5FB5504941CE001F02E
:102140008BF9674B001B61EB070183424FF00003E3
:1021500073EB010105F118051BD20AF1010A3EB12A
:10216000039E019B1E44331B0393029B0133029386
:10217000D8F830128A450CD2DBF800102B690968B8
:102180002C6849456F682E7A0193D8D05846884705
:10219000D7E7049CDDE902CED4F88061BCF1000FE2
:1021A00064D064224D4BA3FB0E13AAEB0C0101FB80
:1021B00002F29B09B3FBFCF3B2FBFAF29BB204936D
:1021C000D3B20593D4F85031002B4AD04FF0000C15
:1021D000009BE346B246A046CDE902CC03F57A5512
:1021E0001EE001F039F93E4BC01B61EB0601834252
:1021F0004FF0000373EB010105F11805BFF43CAA91
:102200000BF1010B3CB1039C019B1C44E31B0393AA
:10221000029B01330293D8F850118B45BFF42CAACE
:10222000DAF800102B6909682F6849456E682C7A26
:102230000193D6D050468847D5E7DFED2A7A0020B3
:102240000223FFF773BB00239FED268A4FF002089D
:102250000193FFF70DBBDFED238A00270226FFF76E
:10226000A6BA4FF064080026FFF71DBA6423CDF824
:1022700010C00593A6E76423CDF818C007934AE77A
:102280006423CDF820C00993EEE60123FFF74EBB8F
:102290004FF00108FFF7ECBA0126FFF788BA98471C
:1022A0002CE4D4F880030C4D03681B68AB4274D156
:1022B0004FF00102037942EC4030D4F88403036804
:1022C0001B68AB427FF41AAD4FF00002037942EC79
:1022D000403094F88C1315E515020010D34D6210B0
:1022E0003F0D030000000000D4F850034F4D036879
:1022F0001B68AB425BD103794FF0010242EC4030E6
:10230000D4F8540303681B68AB427FF447AC4FF02A
:102310000002037942EC403094F85C1342E49847A1
:10232000FFF78CB89847FFF793B898470546FFF733
:10233000C5B90026FFF7E3B80A9364230B93D1E5F0
:10234000984703460A46FFF7C3B8984702460B462C
:10235000FFF79BB8984702460B46FFF738BA9847F5
:1023600003460A46FFF7F9B9984703460A46FFF7BE
:10237000D2B9984702460B46FFF7CCB898470346B8
:102380000A46FFF7A9BA984702460B46FFF780BAFC
:10239000984703460A46FFF73EBA012198478CE763
:1023A0000893642309935FE6012198471EE5012104
:1023B0009847A5E7984794F88C13ECE5984794F86C
:1023C0005C1300E60121984794F88C139AE41146B7
:1023D000984778E4049364230593F3E60021984733
:1023E00034E406936423079395E60121984794F813
:1023F0005C13FFF7D7BB9847FFF7C1BB0121984794
:1024000024E401219847FFF7BCB89847D0E49847E7
:1024100094F88C13A9E49847FFE59847FFF7B1B803
:10242000984794F85C13FFF7A2B800BF150200109C
:1024300080B5ADF5884D94B05E4C03F0F1FB5E4A7B
:1024400001AB1C600121642002AB1A6001F006F9A7
:102450005A4A5B4D14685B4804AAC2E900545A49C1
:1024600003AA1060594B0DF58A62A2F57A741BAD70
:1024700021600FCB85E80F00114605F00DFF607A53
:10248000032100F0ADF8207A032100F0A9F8607A6A
:102490000022012100F0C2F80121207A002200F080
:1024A000BDF84B4B08AC069305F074FD1A20FDF700
:1024B00097FF0022474B8DF81C20236005F06AFD32
:1024C0001B20FDF78DFF0123434A06AD0A921D46EE
:1024D000237105F05FFD1C20FDF782FF022314AC81
:1024E000A4F120091D214846A4F118088DF82C30CC
:1024F000FEF772FC1E214046FEF76EFC1F200AAE5E
:10250000364E10AF3E60387100F0ACF83B7945ECC8
:102510004430202012AF3E60387100F0A3F83B79C0
:1025200045EC443021202660207100F09BF823798F
:1025300045EC4430222016AF3E60387100F092F82E
:102540003B7945EC4430192018AF3E60387100F0FB
:1025500089F83B7945EC44301FABA4F14C01A4F160
:102560004802C3E90012A4F14001A4F14402C3E906
:1025700002121AAAA4F110001A61A4F1380298629A
:102580005A6116A8A4F13002C3E90D079A611C63D1
:10259000A4F128021946083C2EA8DA61DC62C3F8CF
:1025A0002090C3F82480FEF707FA2EA8FEF7F6FE67
:1025B000FBE700BFE8420410F4420410604304103B
:1025C0000443041018430410D4420410E0270020F0
:1025D00044430410504304105C4304103843041077
:1025E00010B44FF480740C4B53F8202003EB80039D
:1025F000C00082F0400200F1804003F5805C02F0F0
:10260000C00200F5203003F54053CCF800204160B3
:102610001C605DF8044B70470480034010B4084C04
:10262000C90041EA820154F8202004EB80035140A4
:1026300003F5805301F00C015DF8044B19607047FD
:1026400004800340064B402203EB800319B103F5DD
:1026500000531A60704703F540531A60704700BF7B
:102660000480034030B44FF0000343EC440043ECDB
:10267000400005254FF480740B4BC20053F8201026
:1026800003EB800081F0400102F1804303F5203329
:1026900001F0C00200F5805100F540500A605D6015
:1026A000046030BC704700BF048003400FB400B525
:1026B00083B0049C074803F0F7FA3CB105A9204613
:1026C000019103F0D7F8044803F0EEFA012003F07B
:1026D000E9F800BFCC320410D831041070B586463A
:1026E000EFF3108572B6124CD4E8CF6F0120002EA4
:1026F000FAD1C4E8460F002EF6D1BFF35F8F4FF03A
:10270000010CC80801F007030CFA03F31EF800C01F
:102710001CEA030608D14CEA030C0EF800C0C4E81A
:102720008F6F85F3108870BD1046FFF7BFFF00BFA5
:102730002F4D0020F8B5EFF3108572B6234CD4E886
:10274000CF7F0126002FFAD1C4E8476F002FF6D1C2
:10275000BFF35F8F9A4227D80126D70810F807E009
:1027600002F0070C06FA0CFC1EEA0C0F00EBD20775
:102770000DD125E04FEAD20E10F80EE002F0070C62
:1027800006FA0CFC1EEA0C0F00EBD20718D001323F
:102790009342EFD24FF0FF300023C4E88F3F85F320
:1027A0001088984207DBF8BD0023C4E88F3F85F30B
:1027B00010884FF0FF300029F5D00698FFF776FF1C
:1027C0004EEA0C0E104687F800E0E5E72F4D00209A
:1027D000044A1078431CDBB2182B28BF1023137057
:1027E000704700BFF027002010B5054C82B00146AD
:1027F0001F23182200940348FFF79CFF02B010BD6E
:10280000DC320410744E00204FF0E022936843F055
:1028100000539360704700BF0021044B03F1200276
:10282000C3E88F1F01339342FAD17047244D002033
:102830004FF0E0234FF08032C3F80024C3F80424A3
:10284000C3F80824C3F80C24C3F81024C3F81424D4
:10285000C3F81824C3F81C24C3F82024C3F8242484
:10286000C3F82824C3F82C24C3F8302462B6704778
:10287000012300F01F029340400941B1800000F1A4
:10288000604000F56140C0F8803103607047024A43
:10289000203042F82030704700E100E00123064A72
:1028A000410952F8212000F01F008340134214BF59
:1028B00001200020704700BF00E100E00122430931
:1028C000034900F01F008240403341F82320704745
:1028D00000E100E0054A10309268054B52F82000F4
:1028E000C01A47288CBF00200120704700ED00E08F
:1028F000F427002010B5EFF3108C72B6114BD3E81B
:10290000CF4F0122002CFAD1C3E8442F002CF6D17E
:10291000BFF35F8F0C4A103092680C4C52F82020A5
:10292000A24201D091420BD1074A926842F820108E
:10293000BFF35F8F0022C3E88F2F8CF3108810BD88
:1029400000F092FF2D4D002000ED00E0110100107D
:102950002DE9F04F0B4683B0EFF3108A72B6DFF823
:10296000AC91D9E8CF4F0121002CFAD1C9E8441F1E
:10297000002CF6D1BFF35F8F5D4991F90080B8F16B
:10298000000FC0F2B2805B4C08EB480704EB8705F0
:10299000AE7910300E7058494FEA480689680096A3
:1029A00051F82010BF000E1B472E34D821F0010E25
:1029B0009EF80760964209D871E00CEB4C0604EBD8
:1029C000860696F807B093454ED9B6469EF906C0DE
:1029D000BCF1000FF1DA4BF601560EF1040B043D89
:1029E000A5EB0B05C5F34A056FEAC545009F6FEAE5
:1029F000D5454744BB468EF80680DFF80C8104EBD2
:102A00008707AEF8045044F82B80BE8087F806C0D4
:102A1000FA71BB601AE0394EB14266D1AB60384BF7
:102A2000EA71BA1C2244043B9B1AC3F34A036FEABF
:102A3000C3434FF421426FEAD343E2536B80FF223A
:102A40004BF60153AA71AB8045F001012A4B9B68FC
:102A500043F82010BFF35F8F0023C9E88F3F8AF34C
:102A6000108803B0BDE8F08FF3463BF8046F76059D
:102A70000FD4761502360BEB460601966FF007066B
:102A8000F61B019F361B3E44C6F34A0646F46046D9
:102A9000A5E706F5FF1606F5FF561F36E9E7AB601A
:102AA0006FF00703EA714FF42142DB1B1B1B7344D9
:102AB000E253C3F34A02124B124E02372744043B3F
:102AC0003243DB1BAA80C3F34A030F4A33436B80B4
:102AD0004AF6AA2173461B1B5B415943090DA97194
:102AE000CEF8002045F00101B0E700F0BDFE00BFC8
:102AF00038530020F427002000ED00E01101001001
:102B00003C28002000E0FFFF014880472D4D0020B9
:102B1000F0B5EFF30585EDB2EFF3108C72B62C49EA
:102B2000D1E8CF2F0123002AFAD1C1E8423F002A81
:102B3000F6D1BFF35F8F274E40F0010EB4684AF61E
:102B4000AA2354F82570244A0446A41A6441634316
:102B50001B0D77455BB223D092F906409C4224D0EE
:102B600092F912409C422BD092F91E409C4229D0EF
:102B700092F92A409C4227D092F936409C4225D0B7
:102B800092F942409C4208BF05240FD0134A00240A
:102B9000157813708571C1E88F4F8CF31088F0BDE4
:102BA000B2680F4C42F82540F0E7002404EB4404DF
:102BB00002EB8402FF2494714BF601549480E5E704
:102BC0000124F3E70224F1E70324EFE70424EDE70F
:102BD0002D4D002000ED00E0F427002038530020A8
:102BE0001101001010B5074C82B0014605230022E8
:102BF00000940548FFF79EFD0028A8BFC0F13300F0
:102C000002B010BDF83204103D530020014B0B44BC
:102C100003607047244D002070B5104C104DAC423D
:102C20000ED2FF26236863B1FFF7D2FD014620468E
:102C3000FFF7ECFFA680BFF35F8F0834AC42F1D3FF
:102C400070BDFFF7C5FD01462046FFF7DFFF267187
:102C5000BFF35F8F0834AC42E4D370BD683000200E
:102C60007030002010B50446FFF7B2FD0146204643
:102C7000FFF7CCFFFF232371BFF35F8F10BD00BFB1
:102C800010B504460120FFF7AFFD034B034423605A
:102C9000BFF35F8F10BD00BF244D0020024B0B44DB
:102CA0000360BFF35F8F7047244D002010490B680D
:102CB000EFF3108072B6D3E8CFCF0122BCF1000F42
:102CC000F9D1C3E84C2FBCF1000FF4D1BFF35F8FF3
:102CD000084A4FF0000C137809680133DBB2137017
:102CE000C1E88FCF80F3108840BF002000217047DB
:102CF000185300203A5300202DE9F04F2DED028BA0
:102D000085B0EFF30583DBB2103B9A0818BF0122B0
:102D10004FF0010103F0030018BFAF4DAF4B08BFE8
:102D2000AF4D00EB820253F8226001FA00FB05F57B
:102D300041539FEDA78B0190C3F804B02EE0B388F8
:102D4000180440F19280B379002B40F0DC80B6F992
:102D500008100029C0F21D81736901EB410103EBEA
:102D6000C103D3E90247B7F1FF3F08BFB4F1FF3F0A
:102D70000DD0019B05EB8301AB6A0A69D21AE31AF5
:102D8000934203D32B6A13EA0B0F00D10C61284640
:102D900000F05AFBA042B941C0F2FB80B6F90830FE
:102DA000C5F83CB0002B0093C9DBD6F8149003EBB8
:102DB000430A284609EBCA07D7E9024800F044FB5A
:102DC000A04271EB0801BADBB8F1000FC0F2C3807A
:102DD000D7E90431834A934200F0ED807A88B6F94E
:102DE000080092B242EA0040984702460B4652EA77
:102DF000030100F0B080002B80F2D180B4EB020E12
:102E000068EB030839F93A30C7E902E8002B96DB92
:102E1000716903EB430201EBC202D2E90270BE45C5
:102E200078EB000C4FEA430289DBB4462CF8083FEC
:102E30000BE031F93230A446002B0DDB03EB4300ED
:102E400001EBC0005A00D0E90270BE451A4478EB8D
:102E5000000001EBC204ECDA29F83A30009BACF830
:102E60000030B38818043FF56EAF3369EFF310827A
:102E700072B6D3E8CF0F01210028FAD1C3E8401F72
:102E80000028F6D1BFF35F8F4FF6FF74B0880023A0
:102E9000316900B2B480C1E88F3F82F31088984254
:102EA000FFF651AF0746A946746906F1080807EB1B
:102EB000470E04EBCE03D3E90250B6F90830C446FE
:102EC000002B13DBB246009704E034F93630944609
:102ED000002B09DB03EB430604EBC602D2E90271C7
:102EE000BD4270EB0101F0DA5646009FACF800706D
:102EF00034F93E7024F83E30002FD8DAB3794D46CD
:102F0000002B3FF424AF0023B371B6F9083006F16B
:102F10000808591C3DD01946776903E080465A1CC1
:102F20003FF417AF03EB430207EBC200B0F802C057
:102F30001C461CF4004F9E4637F93230EED08C42CE
:102F400080ED028B05D0A8F80030318927F83210C7
:102F500034817146E3E739F83A3033813369EFF36E
:102F6000108272B6D3E8CF0F01210028FAD1C3E84E
:102F7000401F0028F6D1BFF35F8F7388316929F8AD
:102F80003A30009B73800023C1E88F3F82F31088A2
:102F9000D5E640BF05B0BDEC028BBDE8F08F2846FA
:102FA000CDE9022300F050FA029A039B10EB020EC7
:102FB00043EB010826E708460B6902919847002871
:102FC000C9D00299D1E9002311E700BFAFF3008017
:102FD000FFFFFFFFFFFFFFFF00800B40F0520020CC
:102FE00000000B40F92C00102DE9F84F364C2569F4
:102FF0002DB1BDE8F84F0A213448FFF707BEDFF8CE
:10300000E4800321404600F00DFA0326C4F80C804A
:10301000FFF7DEFB4FF0504C2D4B2670034423612D
:10302000DCF800300F216370636961801D834FF00D
:103030000405A3F878504FF00505A3F890504FF021
:103040000605A3F8A8504FF007050E214FF6FF72B2
:1030500008274FF00A0EA3F8C0504FF001094FF0B7
:103060000C0C4FF0020B4FF0090A0D204FF00B052E
:10307000A3F868111749A280A3F808E1A160A3F89A
:1030800048B0A3F8F0A0A3F82051A3F838C1A3F8E2
:103090005001A3F83090A3F86060A3F8D8701A80AC
:1030A0000D4B3046C8F820700C49DC60FFF722FC5D
:1030B00049463046FFF7DCFB094B0A211F640348F1
:1030C000BDE8F84FFFF7A2BD60280020185300208C
:1030D000244D0020FFFF1000F0520020F92C0010BA
:1030E00000200B4000000B40004870476028002083
:1030F000F8B59DF82070044616461D4637B900F015
:10310000ABF9864265EB010100295CDB2369EFF333
:10311000108772B6D3E8CF1F01220029FAD1C3E885
:10312000412F0029F6D1BFF35F8FB4F902C0636964
:103130000CEB4C01BCF1000F4FEAC10203EBC101E3
:1031400038DB985A4FF0000E60802069C0E88FEF9E
:1031500087F310880698C1E90265086107984861FD
:1031600048880130C0F30E00012838BF0120488094
:1031700040EA0C402169EFF3108572B6D1E8CF7FA9
:103180000126002FFAD1C1E8476F002FF6D1BFF317
:103190005F8FA1889952A4F804C02369C3E88FEF18
:1031A00085F310880122E368217803F501538A40F2
:1031B0005A60F8BD00232269C2E88F3F87F3108868
:1031C0004FF0FF30F8BD3846F8BD00BF0146F0B5FE
:1031D0000069EFF3108772B6D0E8CF5F0124002DAD
:1031E000FAD1C0E8454F002DF6D1BFF35F8FB1F99A
:1031F00002E04C690EEB4E0CBEF1000F4FEACC051D
:1032000004EBCC0C3DDB605B002648800869C0E81D
:103210008F6F87F31088BCF80200CCE902230130DD
:10322000C0F30E00012838BF0120059BACF8020056
:10323000CCF81030069B40EA0E40CCF814300B69F5
:10324000EFF3108272B6D3E8CFCF0127BCF1000FA5
:10325000F9D1C3E84C7FBCF1000FF4D1BFF35F8F0D
:103260008B886353A1F804E00B69C3E88F6F82F386
:1032700010880122CB68097803F501538A405A600F
:10328000F0BD00230A69C2E88F3F87F310884FF032
:10329000FF30F0BD03464089B0EB214F37DD586960
:1032A0000A1402EB420210B500EBC2001C69EFF3F6
:1032B000108C72B6D4E8CFEF0122BEF1000FF9D125
:1032C000C4E84E2FBEF1000FF4D1BFF35F8F4288E8
:1032D00089B292B28A4207D000221B69C3E88F2FBD
:1032E0008CF31088002010BD42F40042428001217E
:1032F000002218699971C0E88F2F8CF310881C7810
:10330000DA68084602F50153A140596010BD00205B
:10331000704700BF407870472DE9F04705460C46DE
:1033200082B0EFF30587FFB2002F38D12B4ED6E9DC
:1033300000238B4208BF824239D0DFF8AC80D8F836
:103340000CA098F80090504600F07EF809F10409AE
:103350005AF829301B1A281A64EB0101984271F1BE
:10336000000124DA00F078F8854264EB01010029BD
:1033700015DB1B4B404600932A4623460197FFF777
:1033800025FF011E0BDD174BC6E900545A6AA24205
:1033900021D39B6AAB421CD31348FFF77BFF114B31
:1033A000586AA04208D2002002B0BDE8F08720BFD2
:1033B0000C4B586AA042F6D39B6AAB4203D3012060
:1033C00002B0BDE8F087001B18BF012002B0BDE8C5
:1033D000F087A242E0D120BFDEE700BF58280020DE
:1033E000AD2C001000000B4060280020084AD0E9F6
:1033F0000003516A8B4204D8926A824203D30120AF
:10340000704700207047581A18BF0120704700BF4E
:1034100000000B4001460248C1E90023704700BF8D
:10342000ED33001010B4054B054C064AA04214BF02
:103430001846581C5DF8044BFFF750B9784E002031
:1034400000800B40143304100346416A0A46986A10
:10345000596A8A42FAD17047034B596A0A46986AF8
:10346000596A9142FAD1704700000B4010B4174AD4
:10347000536A9C46946A536A6345FAD100195941CC
:103480004FF0000228BF01220346CAB10F4B596A10
:103490004B1C08BF0B4608D04FF0FF310B460B48C2
:1034A000426A8A42FCD38A4207D1084A02E0506A43
:1034B000884202D1906A9842F9D35DF8044B704774
:1034C000024A526A9142EAD8EDE700BF00000B4081
:1034D00000EB400C4FEA8C0C0CF1804C0CF5803C5E
:1034E000F0B51646DCF80420051FB2F5803F38BF62
:1034F0004FF48032EDB238BFCCF80420012D2AD928
:103500004FF40067254C0CF54052176054F820200A
:10351000B2B9DCF80020012D82EA461202F0E00286
:103520000CF5805632602AD94FF4006144F82030FF
:103530004FF480330CF500521160CCF80430F0BD2C
:103540006769B7FBF2FE0EF1010E0EEB4E0EBEF1F7
:10355000030EFCD2DDE70129D2D103240CF5405241
:103560001460DCF80820D207FBD5DCF800200B4CF7
:1035700082EA461202F0E0020CF580563260012227
:10358000DCF800504D4005F00305356002FA01F10A
:10359000DCF808200A42FBD0C6E700BF7C4E0020C2
:1035A000014B53F8200070477C4E002070B4039DFF
:1035B00004682D0345EA03451B4B002CB3FBF1F3D4
:1035C000B2FBF3F61FDB194A194B904214BF4FF4BC
:1035D00080424FF40042174C1A6003F580531A6082
:1035E000A36832EA0303FBD1212200F540530433E0
:1035F000016086601A600268002AFCDA0822C56051
:103600001A6070BC7047036803F03F038B42DAD145
:103610008368C3F30B03B342D5D1C36803F4EE232D
:10362000AB42D0D1EDE700BF001BB70000800540E2
:103630000020024000000240024A034B12685A6018
:10364000704700BFE052002000800D40024B186818
:1036500020F07F40704700BF00800D4030B44FF035
:103660008045174B174A184CDA61184A03F5405346
:103670001D6094604FF0E06249B1A3F580531A6079
:1036800040B930BC4FF00042114B1A6070471A60CD
:103690000028F6D04FF47A7303FB00F0B0F1807F7E
:1036A0002ABF6FF07F43034618464FF08042094C13
:1036B00003492360064B486030BC1A60704700BF66
:1036C00000800D402131B76AF3FFFF0100A00140E7
:1036D00000A00D40E052002030B44FF080441C4B5D
:1036E0001C60E0B11B4CA3F54053DC611A4C40F068
:1036F000010044401C62596298624FF080454FF0CF
:10370000E061134B1548164C1D60846019604AB97E
:1037100030BC4FF00042A3F580531A607047114B44
:10372000D861EAE74FF47A7303FB02F2B2F1807FCB
:103730002ABF6FF07F4313461A464FF080410A4C70
:1037400008482360094B426030BC1960704700BFD5
:1037500000B00D40D3C007B02D3FF84F00A001408E
:10376000F3FFFF0100800D40E052002000A00D405B
:10377000012300EB4000800000F1804000F5841040
:1037800041600360704700BF002370B5DB8A0446C8
:103790000D461646002242E800F2520254BF1021A4
:1037A000042144F252209847864633462A46204652
:1037B000F446BDE870400A21604700BF0023DB8A61
:1037C000002242E800F2520201D4102118470421DD
:1037D000184700BF08B51346021E02DB5BB141F07B
:1037E00030018B0603D50023DB7C022B06D04FF47F
:1037F0008170FFF7C9FF41F02001F2E74FF49170AB
:10380000FFF7C2FF034AD2F82838002BFBD0BFF3E2
:103810005F8F704700000E400021044B044ABFF345
:103820005F8F43F8041B9342F9D170470C080E4098
:103830002C080E4010B44FF48D704FF42A64064AE1
:10384000064B07491460D06019605368002BFCDAFE
:103850005DF8044B704700BF0080044000A00440A6
:1038600000B0FA00704700BF08B50148FEF71EFF20
:103870003833041038B5054C054DAC4204D254F829
:10388000043B9847AC42FAD338BD00BF68310410FE
:10389000A831041010B40748074C084B084A0949DE
:1038A00004601A608B6832EA0303FBD15DF8044BB5
:1038B000704700BF002002407F3BEFEF0030024026
:1038C000F6FFF30300000240044BDB6CB3F5004F3E
:1038D00003D14FF48022024BDA647047000011508C
:1038E000002011504FF0E022044BD2F8881D0B430A
:1038F000C2F8883D10EE3004704700BF030330006B
:103900006FF06041044B054A19609368DB4333F064
:103910006043FAD1704700BF00300240000002400F
:1039200010B545F25320FFF749FFBDE810400346AC
:103930000420184710B545F25320FFF73FFFBDE8BC
:103940001040034601201847FEF766BF38B51349FB
:10395000134C144D641AA408442C224628BF442258
:10396000284692003FF094FB432C14D80E4AC4F131
:1039700044000ED005EB8403410803EBC101C3E909
:10398000002208339942FAD1C30704D520F0010080
:10399000044445F82420054B9D6038BD000000100C
:1039A00010010010000000201101001000ED00E0E7
:1039B000002370B52B4C82B0C4F88430FFF73AFF77
:1039C0000122294BDA63636C012BFCD10321264AC7
:1039D000244B11639C6B012CFCD10226052521464A
:1039E0000523224A22480096FFF7E0FD21462B4698
:1039F000204A21480095FFF7D9FD002204203146D6
:103A00001E4BFFF765FD2146284600221C4BFFF7A1
:103A10005FFD0022082011461A4BFFF759FD0022D6
:103A200009201146174BFFF753FD002206201146CF
:103A3000134BFFF74DFD0022114B07201146FFF7F6
:103A400047FD0420FFF7ACFD00240F4BA3FB00351E
:103A5000AD0CE0B229460134FFF78AFE062CF8D1FE
:103A600002B070BD0000014000300140002F6859D5
:103A700000000540008C864700800540001BB70011
:103A800080D1F008006CDC0283DE1B4386B003B4F7
:103A900051FC0804CDE9020151FC0904CDE90401FF
:103AA00051EC0A04CDE9060103BCF047BDE8005023
:103AB0004EEC00C4BDE800504EEC01C4BDE800501F
:103AC0004EEC02C400BD000000B5FFF7DFFF02E0CE
:103AD00010FE30F4F8D441EC100443EC112400EE55
:103AE000010410EE010480EE200451EC1004704734
:103AF00000B5FFF7CBFF02E010FE30F4F8D441EC44
:103B0000100443EC112400EE010410EE210480EEB9
:103B1000200451EC3004704700B5FFF7B7FF02E016
:103B200010FE30F4F8D410B541EC100443EC11242D
:103B300051EC040453EC0524A0FB024C5FF0000E92
:103B4000E0FB03CEE1FB02CE4CEC20440024E1FB81
:103B500003E444EC30E480EE200451EC500410BD4A
:103B600000B5FFF793FF02E010FE30F4F8D441EC0B
:103B7000100443EC112451EC2104A0FB01126FEA64
:103B8000820252FB100052FB12F252FB1000A0EB1B
:103B9000D07C53EC04245CFB13F153EC1524A1FB03
:103BA000022001FB030053EC4424A2EB000050FB75
:103BB0001CF24FEA111312EB017043EBE27140EA81
:103BC000515020EA915020F0070053EC7524A0FBDF
:103BD000023C53EC752400FB03CC01FB02CC53ECFC
:103BE0000424ACEB824C40EA5C70A0F1010041EC93
:103BF000400480EE200451EC7004704700B5FFF7DC
:103C000045FF02E010FE30F4F8D441EC100480EEE1
:103C1000220410EEB204704700B5FFF737FF02E050
:103C200010FE30F4F8D440EC700400EE010410EE05
:103C3000210480EE200451EC3004704700B5FFF7FA
:103C400025FF02E010FE30F4F8D440EC600400EEF2
:103C5000010410EE210480EE200451EC3004704782
:103C600000B5FFF713FF02E010FE30F4F8D441EC8A
:103C7000800400EE010410EE010480EE400410EE1A
:103C80001304704700B5FFF701FF02E010FE30F4A7
:103C9000F8D441EC800400EE010410EE010480EE43
:103CA000400410EE3304704700B5FFF7EFFE02E06A
:103CB00010FE30F4F8D441EC100443EC112400EE73
:103CC000010410EE3004C0F30070704700B5FFF738
:103CD000DDFE02E010FE30F4F8D441EC100443ECB9
:103CE000112400EE010410EE3004C0F38070704720
:103CF00000B5FFF7CBFE02E010FE30F4F8D443EC41
:103D0000102441EC110400EE010410EE30F48CBFDD
:103D100001200020704700BF00B5FFF7B7FE02E0AA
:103D200010FE30F4F8D443EC102441EC110400EE02
:103D3000010410EE30F42CBF01200020704700BFBA
:103D400000B5FFF7A3FE02E010FE30F4F8D441EC1A
:103D5000100443EC112400EE010410EE30F42CBFEB
:103D600001200020704700BF00B5FFF78FFE02E082
:103D700010FE30F4F8D441EC100443EC112400EEB2
:103D8000010410EE30F48CBF01200020704700BF0A
:103D90000022002950DA404261EB4101C9B1B1FA79
:103DA00081F30B3B17D4D3F1200C30FA0CFC984074
:103DB000994051EA0C011A44524202F2324201EB9C
:103DC000025141F0004140F2FE739A4238BF704701
:103DD00021E011467EE003F1210310FA03FCA3F178
:103DE000010301FA03FCC3F1200320FA03F021FAD6
:103DF00003F140EA0C00A3EB020202F2324214D0BB
:103E000050F1000041EB025141F0004140F2FE73DD
:103E10009A4238BF70474FF00001A8BFC7F6F07153
:103E20004FF00000704700217047EBD350F10000C5
:103E300020F00100E6E70022B9B1B1FA81F30B3BB3
:103E400016D4D3F1200C30FA0CFC9840994051EA7A
:103E50000C011A44524202F2324201EB025140F28A
:103E6000FE739A4238BF704720E0114600F066B8F2
:103E700003F1210310FA03FCA3F1010301FA03FC8F
:103E8000C3F1200320FA03F021FA03F140EA0C0009
:103E9000A3EB020202F2324212D050F1000041EBD9
:103EA000025140F2FE739A4238BF70474FF0000152
:103EB000A8BFC7F6F0714FF00000704700217047AF
:103EC000EDD350F1000020F00100E8E7002880F277
:103ED00035804042B0FA80F30B3B11D4984001EB9F
:103EE0000302524202F2124200EB025141F0004141
:103EF0004FF0000040F2FE739A4238BF704713E063
:103F0000C3F1000330FA03FCC3F120029040A3EB9D
:103F1000010202F212420CEB025141F0004140F268
:103F2000FE739A4238BF70474FF00041A8BFCFF6EA
:103F3000F0714FF0000070470021704760B3B0FA95
:103F400080F30B3B0FD4984001EB0302524202F284
:103F5000124200EB02514FF0000040F2FE739A4211
:103F600038BF704710E05B4230FA03FCC3F1200217
:103F70009040A3EB010202F212420CEB025140F21C
:103F8000FE739A4238BF70474FF00001A8BFC7F6D2
:103F9000F0714FF000007047002170470022A2F23C
:103FA00032425FEA215CACF10103A1EB03515B05F6
:103FB00013F5800F32D212EB535210D40B2A36DA9B
:103FC0009140D2F1200330FA03F319439040BCF141
:103FD000000FA8BF7047404261EB4101704720329B
:103FE0000EDD01FA02F3D2F12002D140D040184395
:103FF000BCF1000FA8BF7047404261EB4101704720
:10400000524282F3050231FA02F00021BCF1000FA6
:10401000A8BF7047404261EB4101704702D00020C9
:104020000021704750EA013118BF4FF0000C6FF0CB
:10403000004101EBDC716FEAEC707047002200294F
:1040400080F2A880404261EB4101B1B3B1FA81F343
:10405000083B16D4994010FA03FCC3F1200320FA60
:1040600003F040EA0100A2EB0302C2F195021CEB4F
:104070000C0C40EBC25040F0004020D0FE2A16D27B
:10408000704703F1210311FA03FC5CEA000CC3F151
:10409000210321FA03F0A3EB020202F1B50240EB87
:1040A000C25040F000400AD0FE2A38BF70474FF09F
:1040B0000040A8BFCFF680707047114609E028BFC6
:1040C00020F00100FE2A38BF7047F0E7002832DAFE
:1040D0004042B0FA80F3083B0CD4984001EB030255
:1040E000C2F1950200EBC25040F00040FE2A38BFFA
:1040F000704713E003F1210310FA03FCC3F121031D
:1041000020FA03F0A3EB010202F1950240EBC2504A
:1041100040F0004008D0FE2A38BF70474FF0004002
:10412000A8BF40F0FF40704728BF20F00100FE2AE2
:1041300038BF7047F2E720B3B0FA80F3083B0AD4E7
:10414000984001EB0302C2F1950200EBC250FE2A37
:1041500038BF704711E003F1210310FA03FCC3F1EB
:10416000210320FA03F0A3EB010202F1950240EBD8
:10417000C25007D0FE2A38BF7047ACBF4FF0FF4097
:104180000020704728BF20F00100FE2A38BF70478A
:10419000F3E7002289B3B1FA81F3083B14D49940C4
:1041A00010FA03FCC3F1200320FA03F040EA0100F7
:1041B000A2EB0302C2F195021CEB0C0C40EBC250C7
:1041C0001DD0FE2A14D2704703F1210311FA03FC1B
:1041D0005CEA000CC3F1210321FA03F0A3EB020215
:1041E00002F1B50240EBC25009D0FE2A38BF704739
:1041F000ACBF4FF0FF400020704711469BE728BF3F
:1042000020F00100FE2A38BF7047F1E710B50446E0
:1042100036F0AEF828B10346034A2344934200D84F
:1042200010BD0248FEF742FA000008204433041093
:1042300036F0A6B8FFF7EABFFFF7E8BFFFF7F8BF11
:10424000FFF7F6BFFFF7F4BF9A4238BF88547047B4
:10425000704700BF2DE9F04F83B09946DDE90DAB03
:104260000F9B884611469A07074616D1DA453AD27F
:104270000C460D46ABEB0A060E4422464B46414621
:1042800020200134B847B442F7D12946BAF1000FD3
:1042900008D1204603B0BDE8F08F0C46BAF1000FFC
:1042A00010D00E4655460C9B2E449A440191721B29
:1042B0004B46013D41461AF8010D3446B847002DE2
:1042C000F5D101990F9B9B07E3D5651AAB45E0D962
:1042D00022464B46414620200135B8475D4504F152
:1042E0000104F5D3D5E7BAF1000FDAD10C46D0E7D7
:1042F0002DE9F04F0F9FDDF824E017F0020F0A9C24
:104300009DF82C900E9DDDE90C8629D1002D6FD1F2
:10431000B44225D2202C07F0010B00F0128104F1E9
:10432000FF3C4FF0300AF44401E0202C7AD00134F5
:10433000A6420CF801AFF8D8BBF1000F10D0AC4288
:104340000ED2202C74D004F1FF3C4FF0300AF4441C
:1043500001E0202C29D00134AC420CF801AFF8D197
:1043600017F0100F3AD017F4806F28D11CBBB8F1AA
:10437000100F00F0CA80B8F1020F00F0D480302492
:104380008EF800400124B9F1000F67D17E0740F19B
:10439000AA802B260EF804600134CDE90B57CDE935
:1043A00009E4BDE8F04FFFF755BFFC0640F18980F6
:1043B0007C0535D42024A6426AD0AC4268D0B8F13E
:1043C000100F00F08780B8F1020F5AD0202CE4D0F3
:1043D000264601344FF0300C0EF806C0202CD2D106
:1043E000CDE90B57CDE909E4BDE8F04FFFF732BF47
:1043F00017F0010B3ED0B9F1000F47D117F00C0FA9
:1044000044D1B4429BD2202C89D1202D10D8FC0657
:1044100057D57C0555D4202E00F0B980202D10D022
:104420002024CCE7BBF1000F00F0A580202DBCD9E3
:10443000FC0646D57C0544D4202E00F0A880202D13
:104440003FD12C461F26B8F1100F7FD0B8F1020FD4
:10445000C0D14FF0620C0EF806C0B7E72D260EF85B
:1044600004600134CDE90B57CDE909E4BDE8F04F14
:10447000FFF7F0BEB442BFF473AF202C7FF44FAF10
:10448000D6E7202C89D026460134E2E7013DB8E783
:10449000661ED8D1B8F1100F64D0B8F1020F7FF4C6
:1044A0006EAF62268EF80060302644468EF80160BA
:1044B000B9F1000F3FF46AAFD0E7B8F1100F7FF405
:1044C0006CAF2024CDE90B57CDE909E4BDE8F04FEE
:1044D000FFF7C0BEBE060ED4202CF2D078260EF810
:1044E0000460013472E73E077FF557AF20260EF8CF
:1044F0000460013451E7202CE3D04FF0580C0EEB50
:10450000040686F800C0013460E7BE0617D55824BB
:104510008EF8004030248EF801400224B9F1000FDB
:104520003FF434AF9AE762248EF8004030248EF8CE
:1045300001400224B9F1000F3FF428AF8EE7782440
:10454000F2E7BBF1000F7FF462AF71E717F0200FC5
:104550000CBF4FF0780C4FF0580CA61E0EF806C09A
:10456000013C35E7BC06EAD558248EF800403024DB
:104570008EF80140DDE717F0100F3FF40EAF17F48F
:10458000806F9AD1202E7FF418AF1F265BE7344648
:104590001F2658E700B9704701F044BB0000000037
:1045A0002DE9F04F9FB09DED287BDDE92AA558EC61
:1045B000177B83461E460D91109243463A46384675
:1045C00041468DED087B2C9CFFF772FB002840F0E4
:1045D000D880384641464FF0FF32754BFFF7C8FB95
:1045E000002840F0CE80384641464FF0FF326FF44D
:1045F0008013FFF781FB002840F0C380DDE90878D5
:104600000022384641460023FFF776FB002840F0A1
:10461000C081CDE90A78DDE90A2390461F4614F4EB
:10462000806308BF4FF0060A139304F4006258EA4F
:104630000703119240F0C080002A00F0A2819FED94
:104640005A7B00278DED0E7B4FF00009BA45CCBF99
:10465000AAEB070A4FF0000A4F46C8BF0AF1FF3A1B
:1046600044F480644D4594BF4FF00008A5EB090861
:1046700014F00203119304D0B9F1000F18BF4FF0EA
:1046800000083FB1DDE90A01DDE90E23FFF76CFA0E
:10469000CDE90A01DDE9080100220023FFF72CFB28
:1046A00030B1DDE90A01024601F10043CDE90A23F8
:1046B0009DED0A7BCDE902A8DDF834A024F4006367
:1046C00004938DED007B334651465846109A00F016
:1046D00097F98046B9F1000F4FD014F0200F024631
:1046E00000F1010433460CBF652045205146D847F0
:1046F00009F1FF3087EAE77C0DF1580900224B46AB
:10470000DFF8B080ACEBE77C4FEAD77E01E0202AEF
:1047100010D0E246A8FB0C71C90801EB8107ACEB95
:1047200047073037BAF1090F8C4602F1010203F84E
:10473000017BECD805230590069300200A230D9FEA
:10474000CDE90330CDE9012E33462246394658469D
:10475000CDF80090FFF7CCFD119B80466BB1109B0C
:10476000C41AA54209D942463346394620200134AD
:10477000D847A54208F10108F5D840461FB0BDE86A
:10478000F08F9DED087B33465846109A0D998DEDBC
:10479000287BCDE92B54CDF8A8A01FB0BDE8F04F81
:1047A00000F02EB9AFF30080000000000000000010
:1047B000FFFFEF7FCDCCCCCCC7F30A50A0F2FF3087
:1047C000FFF72EFA8AA3D3E90023FFF7A9F98AA3FA
:1047D000D3E90023FFF77CF9C7F31307CDE90E01F6
:1047E00047F07F51404600227B4B41F44011FFF7D8
:1047F00083F96BA3D3E90023FFF792F902460B4636
:10480000DDE90E01FFF764F9FFF72EFA0746FFF71F
:1048100007FA65A3D3E9002380468946FFF780F9AC
:1048200000226E4BFFF754F9FFF71EFA0346494684
:10483000404612935EA3D3E90023FFF771F9804647
:1048400012988946FFF7ECF95BA3D3E90023FFF741
:1048500067F902460B4640464946FFF74DF90246C6
:104860000B4680468946FFF75BF942464B46CDE949
:104870000E0140464946FFF72BF90022CDE914010D
:10488000DDE90E01564BFFF76FF90022554BFFF79C
:104890001FF902460B46DDE90E01FFF765F900221C
:1048A000514BFFF715F902460B46DDE90E01FFF704
:1048B0005BF942464B468046894600204FF08041D6
:1048C000FFF71AF902460B4640464946FFF700F942
:1048D00002460B46DDE91401FFF746F90022434B7F
:1048E000FFF7F6F8129B002203F2FF3C4FEA0C534D
:1048F000FFF716F980468946DDE90A0142464B4634
:10490000CDE90E89FFF7F8F968BB4346494607F140
:104910006302C62A119A8CBF4FF005094FF00409B3
:10492000002A3FF49FAE0B433FF48EAEDDE90A014F
:1049300023A3D3E90023FFF707FA48B1DDE90A0111
:1049400021A3D3E90023FFF7D7F900287FF47CAE39
:10495000BAF1000F3FF486AE139B002B3FF482AEFA
:104960000AF1FF3A7EE600221E4B40464946FFF719
:10497000FBF80A4601460346CDE90E12013F1146F7
:10498000C5E79FED137B17464FF004098DED0E7BB5
:1049900068E608F100430A970B933CE6AFF300800A
:1049A00061436F63A787D23F71A379094F930A4090
:1049B0001655B5BBB16B0240EF39FAFE422EE63F09
:1049C0002D431CEBE2361A3F0000000080842E418C
:1049D00000000000000000000000F83F0000E03F81
:1049E00000002C4000002440000018400000F03F70
:1049F000FB799F501344D33FB3C8608B288AC63FCE
:104A00002DE9F04F97B0DDE92089CDE90401DDE91A
:104A1000224BCDE90623404642464B464946DDF847
:104A200090A0FFF745F9002840F0C581404649466F
:104A30004FF0FF326FF48013FFF75EF9002840F06B
:104A40001D81404649464FF0FF32C14BFFF790F9B8
:104A5000002840F0E380B8A3D3E90023404649464C
:104A6000FFF786F9002840F0CB80B5A3D3E90023F7
:104A700040464946FFF740F9002840F0C1804046D3
:104A8000494600220023FFF737F9002840F0E08074
:104A90001AF480650D9000F0E980092C40F29681AF
:104AA0000EAB1A460C9330210023A4F10905013303
:104AB000202B02F8011BA4EB030600F03A81AB4265
:104AC000F5D19FED9D7B8DED087B49464046FFF774
:104AD000CBF80446FFF7A4F802460B464046494689
:104AE000FFF70AF8DDE90823FFF71AF802460B463C
:104AF000CDE90A23FFF7CAF80746FFF7A3F80246F5
:104B00000B46DDE90A01FEF7F7FF02460B46CDE949
:104B10000A2300228F4BFFF72BF9002800F0DB80DF
:104B200001373846FFF78EF8DDE90823FFF70CF967
:104B300008B100270134002E40F0B1802046FFF775
:104B40006FF802460B4640464946FEF7D5FF002265
:104B5000804B06460F46FFF7CFF840B9304639463E
:104B600000227C4BFFF704F9002800F015810C9B14
:104B7000691E7948194410E080FB0462C3EBA2036C
:104B800003EB8302A4EB420404F1300201351C461E
:104B900001F8012F002B00F0AB80202D4FEAE473C9
:104BA000EAD10AF00303012B1CD1BBF1000F19D08D
:104BB0000D9B002B40F0F9801AF00C0F40F0F580AF
:104BC000AB4540F2D380202D0BD030220C996B1EC8
:104BD0000B4401355D4503F8012F00F08D80202D39
:104BE000F7D12025DDE90623DDE904010C9CCDE9A0
:104BF00002BA01950094FFF72DFB17B0BDE8F08FC6
:104C0000CDE92089DDE90623DDE90401CDE923BAF8
:104C1000229417B0BDE8F04FFFF7C2BC4F4DCDF85E
:104C20008CA00AF0040ABAF1000F4D4C18BF2C46B4
:104C3000DDE90623DDE9040120940CBF03240424EC
:104C4000CDF888B0219417B0BDE8F04FFFF702BB54
:104C50004B46424600200021FEF74EFF01231AF486
:104C60008065804689460D937FF417AF9FED367BB4
:104C70000EAB06268DED087B0C9326E70424DDE9B8
:104C80000623DDE90401374DCDF88CA0CDF888B0BE
:104C90002095219417B0BDE8F04FFFF7DBBA0C9BCD
:104CA000681EDFF8C4C018440DE0ACFB0721C9083A
:104CB00001EB8102A7EB42023032092F00F8012FED
:104CC00027D90F461D46202D05F1010306F1FF36B9
:104CD000EBD120254BE70022DDE90A011D4BFFF750
:104CE0000BF800287FF427AF002F5AD1013722E7B5
:104CF0000AF00303012B75D0202D3FF473AF0D9BF9
:104D0000BBB32D2205F158036B4403F8202C013569
:104D100068E7202BDDD0AEB30C9A1E441544302238
:104D200001E0B3422ED00133202B05F8012FF8D13A
:104D3000CFE71D46C5E600BF0000000065CDCD41B0
:104D40000000000065CDCDC10000000080842E4130
:104D5000FFFFEF7F0000E03F676666669833041050
:104D6000A0330410A8330410CDCCCCCC202D3FF4BC
:104D700039AF1AF0040F0DD11AF0080F3FF432AF1B
:104D80002022BFE72E2103F158026A4402F8201CBA
:104D90005D1CECE62B22B5E7E3077FF5E8AE0134B6
:104DA000E5E6FA077FF5C7AEA0E70BF1FF3BAB45A1
:104DB0003FF609AFA0E70324DDE90623DDE904019E
:104DC0000A4DCDF88CA0CDF888B061E7084B264697
:104DD00003EBC40393ED007B0EAB8DED087B002548
:104DE0000C9372E6BBF1000F86D0E1E6A433041009
:104DF000C84304102DE9F04F9A469BB0249C964D71
:104E00000B94964C0B1E18BF834625609AF8000041
:104E1000934C0A9308BFA3460992002800F0BC8275
:104E20004FF000090AE04A46099B0A9909F1010975
:104E3000D8479AF80000002800F0CE8025280AF113
:104E4000010AF0D10023524612F8010BA0F1200113
:104E500010290AD8DFE801F04009093C09090909CD
:104E600009090938093409093000A0F1300109297C
:104E700040F28C802A2800F0F58000210C912E2829
:104E800000F099800027A0F1680112292DD8DFE8F1
:104E900011F057012C0051012C0045012C002C0071
:104EA0002C002C002C002C002C0027002C002C00A7
:104EB0002C002C002C002700924643F00103C2E78F
:104EC000924643F00203BEE7924643F00403BAE77A
:104ED000924643F01003B6E7924643F00803B2E768
:104EE0009AF8010043F4807301326728924600F279
:104EF0008280242840F2C680A0F12502422A00F2D6
:104F0000C180DFE812F05F01BF00BF00BF00BF003B
:104F1000BF00BF00BF00BF00BF00BF00BF00BF0099
:104F2000BF00BF00BF00BF00BF00BF00BF00BF0089
:104F3000BF00BF00BF00BF00BF00BF00BF00BF0079
:104F4000BF00BF00BF00260145012601BF00BF0012
:104F5000BF00BF00BF00BF00BF00BF00BF00BF0059
:104F6000BF00BF00BF00BF00BF00BF00D301BF0034
:104F7000BF00BF00BF00BF00BF00BF00BF00BF0039
:104F8000D3016701D301260145012601002100E07C
:104F9000013201EB810100EB410110789246A0F152
:104FA0003004092CA1F13001F2D92E280C9102F124
:104FB00001027FF467AF9AF801001146A0F13006B4
:104FC000092E43F4806340F231812A2800F03E81AB
:104FD00092460027013256E74C46099B994501D37A
:104FE00003F1FF394A460020099B0A99D847204619
:104FF0001BB0BDE8F08FA0F16902D2B20F2A41D8F0
:10500000012649F2410196400E4040F001810A2AF2
:105010003FD0072A36D10B9C54F8042B002A00F00D
:10502000288143F021010DF1480E704603E0202E47
:1050300000F029811A4602F00F052B46092D94BF76
:10504000303337330F2A00F8013B06F101064FEAEF
:105050001213ECD817E100BFF54D0010DC52002010
:10506000514200100B9C9AF8010054F8045B9246E0
:10507000002DBDBF694243F002030C910C950B94C7
:105080000132FCE64A46099B0A9909F10109D84711
:10509000CFE60B9951F8048B98F800201046002FAA
:1050A00040F0E18072B16FF0010C0CF1010C46464A
:1050B000C44401E0664503D016F8014F002CF9D135
:1050C000A6EB080613F4806C02D0BE4228BF3E4611
:1050D00013F0020400F08781002A00F02B81BCF15C
:1050E000000F00F041810B940D964A46DDE909540A
:1050F0000E464F4408E02B462146D84718F8010FCA
:1051000009F1010910B14A464F45F4D131460B9CD3
:105110000D9E002C40F00E810B918AE69AF801005A
:105120006C287FF4DFAE9AF8020043F440730AF172
:105130000302DAE69AF8010043F400730132D4E680
:105140009AF80100682800F0208143F080030132C2
:10515000CBE6672800F0E780472800F0008145286B
:1051600000F0FF800B9C04930C9B0734CDE9027385
:1051700024F007031C46DDE90931F4E802674A46DA
:105180005846CDE900670B94FFF70AFA814650E6CE
:1051900046280B9C08BF43F0200304930C9B073464
:1051A000CDE9027324F007031C46DDE90931F4E878
:1051B00002674A465846CDE900670B94FFF720FC8A
:1051C000814636E64A462520099B0A9909F10109DC
:1051D000D8472EE60B9A9C0702F1040709F1010655
:1051E00040F1E6801078099B4A460A99D8470C9B03
:1051F000012B40F22C81DDE90954994432462B46BB
:10520000214620200136D8474E45F7D10B9710E6AE
:105210006F2800F08B8040F26581782800F00881CB
:105220004FF00A0823F01003C44647E0002707EBBD
:10523000870700EB4700A0F1300711F8010FA0F13C
:105240003002092AF3D98A464A1C1CE60B9C9AF8BC
:10525000020054F8047B0AF1020A0AF101020B94DD
:1052600027EAE7770FE6002A3FF42CAF07F1FF3C6F
:105270001BE723F0100113F4806241F021013FF499
:10528000D2AE0DF1480E08231020059300234A46A4
:10529000CDE9023006915846DDE90931CDE900E655
:1052A0000497FFF725F80B948146C2E5582879D07A
:1052B000622840F051824FF00208C44613F4806027
:1052C0006DD123F00C0313F4007240F0C2800B99EF
:1052D00004310D9113F4807140F02E825E060B9A1A
:1052E00040F1AA801278002A40F0DA8023F01003FF
:1052F000002800F0D58011460DF1480E06930C9B56
:10530000CDF80CC0CDE90473019100234A46029305
:105310005846DDE90931CDF800E0FEF7E9FF0D9BC5
:1053200081460B9385E543F400631BE74FF00808C3
:10533000C446C3E70C9B4C46B3427FF6EDAE0F4626
:105340004B44A3EB0609DDE90965224633462946AD
:1053500020200134D8474C45F7D13946DCE643F4E8
:10536000006343F02003FDE60F460B94DDE909548A
:105370004A462B462146D84718F8010F09F1010982
:105380000028F5D139460B9CC3E69AF8020043F099
:10539000C0030AF10302A8E5044681461DE623F096
:1053A0000D0390E74FF0100843F02003C44685E753
:1053B0000C9B012B45D9DDE909544E4609F1FF3814
:1053C000984432462B46214620200136D847464590
:1053D000F7D10C9B324699440B9B1878DDE90931D3
:1053E000D8470B9725E50C9BB34240F2EE81CDE9FF
:1053F0000D48DDE9095488464B449E1BCDF82CC06E
:105400004A462B462146202009F10109D847B145DB
:10541000F6D14146DDF838800C9BDDF82CC00D9CA0
:1054200098F800205E1C1046002A7FF458AE73E600
:105430004FF01008C44641E71D064CBF12881268A1
:1054400051E713464A461878DDE90931D847B14695
:10545000DCE60B9C073424F007042246656852F80A
:10546000084B0B9254EA050240F02C8123F0100304
:10547000002800F0278100260DF1480E06930C9BB2
:105480004A46CDE904730023CDE900E6CDF80CC00F
:1054900002935846DDE90931FEF72AFF8146C8E448
:1054A00013F0200F14BF412061200DF1480E764605
:1054B000A0F10A0803E020293FF420AF2246B2FB06
:1054C000FCF40CFB1425E8B2092D00F130058ABF6D
:1054D0004044E8B2C0B2624506F8010B01F1010197
:1054E000E9D20BE723F0100269280D9240F06F819A
:1054F00013F4806204D04FF4806223F011030D9303
:105500000D9B13F4007640D10B9B03F104080D9B17
:1055100013F4807040F09880590640F1C6800B9BD0
:1055200019780C46CB0F002900F0B98022460DF106
:10553000480E74461646DFF8A0C201E020280FD0BE
:105540003546ACFB0621C90801EB8102A6EB4202FD
:105550003032092D0E4600F1010004F8012BEDD880
:105560000D9ACDE9010306920C9ACDE904720A2343
:105570004A4603935846DDE90931CDF800E0FEF7CD
:10558000B7FECDF82C80814653E40B9C073424F001
:10559000070421460846636850F8081BDC0F0B908F
:1055A00051EA030000F0C3800A46191E48DB134687
:1055B0000DF1480EF4460026CDE90E94DFF818826E
:1055C00001E0202E2DD05A1842F10002A8FB02590A
:1055D00029F0030505EB9905521B1C469B1A61F146
:1055E000000508464FF0CC3101FB03F108FB051123
:1055F000A3FB08531944052305F00109A9FB03394E
:105600009B180A2C03F130034FEA550570F1000096
:105610000CF8013B06F1010645EAC1734FEA51015E
:10562000CFD2DDE90E940D9B4A4606930C9BCDE943
:105630000164CDE904730A23CDF800E0039328E761
:10564000524261EB4101B2E70B9B1968CB0F002975
:1056500000F0AB8081EAE172A2EBE1720DF1480E3D
:105660007046DFF874C101E0202E10D01546ACFB67
:105670000241C90801EB8104A2EB440404F13002A9
:10568000092D00F8012B06F101060A46ECD80D9A07
:10569000CDE9016306920C9ACDE9047267E7002A0E
:1056A0003FF445AF0DF1480E5AE713F0800F0B9B06
:1056B00000F08180B3F9001081EAE174A4EBE17499
:1056C000A4B22FE713F0200F14BF412261220DF185
:1056D000480E0A3ACDE90D97CDF844B0002677463A
:1056E000F3469146CDE90F3C03E0202E17D0044647
:1056F0000D4629464246002320463DF0CDFCD2B25D
:10570000092A02F1300388BF02EB09034445DBB2EA
:1057100075F1000507F8013B06F10106E5D2DE460A
:10572000DDE90D97DDE90F3CDDF844B0A6E6002A7F
:1057300047D1134611463BE70B990968A1B923F0FD
:10574000100388B10DF1480E06930C9BCDF80CC0E8
:10575000CDE904730192D8E513F480627FF4CBAEF7
:1057600023F010030D93CBE613F0200F14BF41205C
:1057700061200DF1480E7646A0F10A0802E0202AC9
:10578000E2D02146B1FBFCF40CFB1415E8B2092D64
:1057900000F130058ABF4044E8B2C0B2614506F866
:1057A000010B02F10102EAD2CEE7002A3FF456AF24
:1057B0000DF1480E6BE7196881EAE174A4EBE1741E
:1057C000B0E600260DF1480E2DE701362BE64FF02E
:1057D0000A081346C44671E5CDCCCCCC0EB410B546
:1057E00085B007AC54F8043B01464FF0FF320094FB
:1057F00004480394FFF7FEFA05B0BDE8104003B07B
:10580000704700BF4942001030B594468E460546A9
:105810001C4683B029467246634600940248FFF74F
:10582000E9FA03B030BD00BF494200100FB410B513
:105830000E4B84B006A91C6851F8043B03915CB17F
:1058400000914FF0FF3202A90948A047012004B09F
:10585000BDE8104004B07047184600F025FA204615
:1058600004B0BDE8104004B0704700BFDC52002017
:105870009545001010B5094B84B01C684CB1034627
:1058800000914FF0FF3203A90548A047012004B062
:1058900010BD00F009FA204604B010BDDC52002013
:1058A0009545001000BEFDE7704700BF074A03465C
:1058B000106838B1064903448B428CBF4FF0FF306B
:1058C00013607047034908461160F3E7D84E002083
:1058D0000000082040530020002070474FF0FF30A8
:1058E000704700BF03460846114623B9034BD3E96E
:1058F000002300F03FB94FF0FF30704768430410B9
:10590000431E012B09D810B5144608460123002276
:10591000214600F0B7F8204610BD4FF0FF30704729
:105920004FF0FF30704700BF4FF0FF30704700BFAF
:105930004FF0FF30704700BF02288CBF00200120CD
:10594000704700BF08B5FFF7ADFF00BF9C46144687
:1059500000B50B460246614683B044B1054D06488A
:1059600001940095FFF762FF0120FFF79BFF034DB5
:105970002C46F4E7B0330410C0330410D8310410BF
:1059800038B5064C064DFDF775FFAC4204D254F80D
:10599000043B9847AC42FAD338BD00BFA83104108D
:1059A000D03104100268012A07D008B5930706D445
:1059B0000346022201201A6008BD002070470148FA
:1059C000FCF774FEF033041001230360704700BF3E
:1059D0000368084611461847437D2DE9F047814684
:1059E0000F461646002B43D0002A3BDD037D0020E6
:1059F0004D1E014615F8012FDFF884800A2A01F1B7
:105A000001040ED0A6421CD02B782146A3F10D0331
:105A1000B3FA83F315F8012F5B090A2A01F1010497
:105A2000F0D1002BEED18142A1EB000138441BDC08
:105A300002214046D9F800309847A64208D02046B7
:105A4000E2E7864204DD311AD9F80030384498473D
:105A5000374417F8013CA3F10D03B3FA83F35B0954
:105A600089F81430BDE8F087D9F800309847DFE7AF
:105A70003846D9F800301146BDE8F047184700BF56
:105A8000184404102DE9F04782B00D46924699461D
:105A90000746FDF7E1FC4FF0FF366FF000442F4A58
:105AA000821841F10003964274EB03013CBF324679
:105AB00023462B483DF00CFB6B1C804603D1384637
:105AC00036F038FE0546274B274E1C68274BB9F1A8
:105AD000000F18BF1E46B4B1BAF1000F1AD1DFF89B
:105AE000909001E0246974B12368002BFAD0D9F8B2
:105AF00000300BB19C42F5D120462A463946B047CA
:105B00002469002CF0D1B8F1000F1FD1284602B053
:105B1000BDE8F0874FF00A0ADFF8549002E02469EC
:105B2000002CF0D02368002BF9D0D9F800300BB14D
:105B3000A342F4D12A4639462046B04701222046E6
:105B40000DF107018DF807A0B047E8E704483DF0E4
:105B5000F3FA284602B0BDE8F08700BF40420F00CC
:105B600068300020CC4E0020D1590010D9590010C7
:105B7000D44E00202DE9F04F984607460E4683B0DC
:105B8000DFF860B0DFF86090DFF860A00192DBF82A
:105B9000004014B911E024697CB1D9F800500DB16E
:105BA000A542F8D1A268002AF5D031463846904780
:105BB0000028F0DD03B0BDE8F08FDAF8242090452E
:105BC0000BD8DAF82810019B994204D36FF001003A
:105BD00003B0BDE8F08F9045F8D101200021FDF71A
:105BE00045FCD4E7CC4E0020D44E002000000B40F2
:105BF0000A4A13684BB1834202D109E0984207D0A8
:105C000003F110021B69002BF8D101B1106070473D
:105C10000029FCD10369136001617047CC4E00205C
:105C200000F0FCB9F0B583B006468DF80700FDF72B
:105C300013FC4FF0FF356FF00044174A821841F112
:105C40000003954274EB03013CBF23462A461348E8
:105C50003DF03EFA124B07461C689CB1114D01E025
:105C600024697CB12368002BFAD02B680BB19C42CD
:105C7000F6D1204601220DF10701FFF7ADFE2469A0
:105C8000002CEFD117B9304603B0F0BD03483DF00A
:105C900053FA304603B0F0BD40420F006830002098
:105CA000CC4E0020D44E002038B5044636F042FDDC
:105CB000012305461A4620462946FFF7E3FE084B16
:105CC0001C682CB163682BB198472469002CF9D16A
:105CD000284638BD2469002CF4D1284638BD00BFC1
:105CE000CC4E0020024A034B10601960704700BF81
:105CF0006C4E0020704E0020184B70B51A68002AB8
:105D000028D0EFF3108172B6D2E8CF4F0120002CDB
:105D1000FAD1C2E8440F002CF6D1BFF35F8F002206
:105D20000F4C186859602270C0E88F2F81F31088DB
:105D3000002400250B4E3078FCF7B0FD20B900247C
:105D400000252046294670BD3078FCF7B7FD204677
:105D5000294670BD4FF47A740025EBE7E852002025
:105D60003C5300203B530020014B1878FCF7A6BDA4
:105D70003B53002038B5044600200D4601F062FB7D
:105D8000A8B3002001F074FB88B3FDF765FB4FF06A
:105D9000FF3E6FF0004C174A821841F10003964510
:105DA0007CEB03013CBF7246634613483DF090F91B
:105DB000E8B1002001F046FB58B900214FF0FF3058
:105DC00000F07EFD6FF002040B483DF0B5F920466F
:105DD00038BD002001F04CFB0028EED021462A46B9
:105DE000002001F051FB04460028EDD1EAE76FF0F6
:105DF0000204ECE740420F001C53002008B5FDF7F9
:105E00002BFB4FF0FF3E6FF0004C0F4A821841F120
:105E1000000396457CEB03013CBF724663460B488A
:105E20003DF056F970B14FF0FF30002100F048FD11
:105E3000002001F06FFB0028F5D1BDE808400348C1
:105E40003DF07AB908BD00BF40420F001C5300204E
:105E50002DE9F84307460E46FDF7FEFA4FF0FF35F1
:105E60006FF00044334A821841F10003954274EB0D
:105E700003013CBF2A4623462F483DF029F908B9C3
:105E8000BDE8F883002001F0DDFA002848D0002E9C
:105E900041DD0025DFF8A480DFF8A49013E022465E
:105EA000002001F07DFB002104464FF0FF3000F0A0
:105EB00007FD002001F02EFBFDF7CEFAC8E9000136
:105EC0002544AE4227DD002001F08CFB741B844288
:105ED000A8BF04467919002CE1D121464FF0FF30CC
:105EE00000F0EEFC204601F015FB204601F0AAFA76
:105EF00088B1204601F076FB0028E2D1FDF7ACFA2C
:105F0000D8F80030D8F8042013EB090342F100025E
:105F100083428A41D5D20848BDE8F8433DF00CB928
:105F200000200021054BC3E90001BDE8F843024809
:105F30003DF002B940420F001C5300207034002095
:105F400020A1070030B5002185B02E483DF008F9AA
:105F5000F0B92D4B1A68CAB1EFF3108172B6D2E8CE
:105F6000CF5F0124002DFAD1C2E8454F002DF6D1B4
:105F7000BFF35F8F254C1D6822785960D3B2012290
:105F80002270C5E88F0F81F31088CBB105B030BD0A
:105F900000214FF0FF3000F093FC002001F068FA80
:105FA000044618483DF0C8F8002CEFD0184B1B6889
:105FB000002BEBD0174A106805B0BDE830401847F9
:105FC000FDF792F80446FDF747FA4FF0FF3C6FF0FB
:105FD000004510F57A7241F10003944575EB030119
:105FE00038BF2B464FF000014FF0010520460A4C08
:105FF00038BF6246CDE901150094FDF779F805B088
:1060000030BD00BF1C530020E85200203C5300204C
:106010006C4E0020704E0020F95C00104FF0504391
:1060200030B585B01C68FDF75FF8FDF773F9A04245
:1060300002D0002005B030BD00212A4B08461B7855
:1060400001F08CFC28480368002B47D00120FCF7A6
:10605000C9FD0346254C2649C0B22370FCF74AFC13
:1060600020780121FCF704FC0E20FCF733FC40BB38
:10607000204B0125C3E90000FDF736F80446FDF783
:10608000EBF94FF0FF3E6FF0004C10F57A7241F1E2
:10609000000396457CEB03014FF000012046164CAF
:1060A0003CBF72466346CDE901150094FDF720F828
:1060B0000028BEDB01211148FFF79AFD012005B041
:1060C00030BD0120FCF790FB01460A48FCF7E6FDD5
:1060D00000220E200A49FCF73BFCEBE7FCF7C2FD6F
:1060E000B4E700BF44BC04101C5300203B53002005
:1060F000455F0010E8520020F95C0010782800206D
:10610000695D0010004870479444041000487047CF
:106110004044041038B5184B04461A780AB344B901
:1061200040F209424FF44173144D6A8013482B80AA
:1061300038BD052C1AD8124B104D53F824102846A0
:106140000023013903E0132B20F8022F10D011F89F
:10615000012F0133DBB2002AF5D15B0043F4407319
:10616000E4E71121184600F025F8D8E7002038BDF3
:106170004FF44A73DAE700BF24530020A44E0020F6
:106180002844041000B545F247308BB0FDF716FBEC
:1061900001220346092101A89847DDE90332044999
:1061A00012BA1BBAC1E900230BB05DF804FB00BFB3
:1061B00010530020012901F1FF3300F0B3805D4945
:1061C0000A784FEA121C9F2A8CBF0CF1370C0CF195
:1061D000300C012B80F800C000F0A78002F00F0205
:1061E000092A8CBF37323032022B427000F09D807A
:1061F0004A784FEA121C9F2A8CBF0CF1370C0CF125
:10620000300C032B80F802C000F08F8002F00F02E8
:10621000092A8CBF37323032042BC27000F08580DF
:106220008A784FEA121C9F2A8CBF0CF1370C0CF1B4
:10623000300C052B80F804C077D002F00F02092A39
:106240008CBF37323032062B42716ED0CA784FEA9B
:10625000121C9F2A8CBF0CF1370C0CF1300C072B51
:1062600080F806C061D002F00F02092A8CBF3732D5
:106270003032082BC27158D00A794FEA121C9F2A7B
:106280008CBF0CF1370C0CF1300C092B80F808C0D6
:106290004BD002F00F02092A8CBF373230320A2B62
:1062A000427242D04A794FEA121C9F2A8CBF0CF1ED
:1062B000370C0CF1300C0B2B80F80AC035D002F0F3
:1062C0000F02092A8CBF373230320C2BC2722CD00D
:1062D0008A794FEA121C9F2A8CBF0CF1370C0CF103
:1062E000300C0D2B80F80CC01FD002F00F02092AD1
:1062F0008CBF373230320E2B427316D0CA79110957
:106300009F2A8CBF373130310F2B81730DD002F0B3
:106310000F02092A94BF30323732102BC27318BFD4
:10632000103002D00023037070471844002303701C
:10633000704700BF10530020704700BF0022014B80
:106340001A707047395300204B79FF2B0BD1887995
:1063500048B9CB79012B07D1082A05D9034B8A7894
:1063600009201A7070470020704700BF3953002081
:1063700001207047012901D00120704708B5104B5A
:1063800091881B78994201D0002008BD5378012BD9
:1063900008D0022BF8D1002164220846FDF79CF9B1
:1063A000012008BD518811F480721ABFC1F3C012D8
:1063B000480A4FF0FF3001F00301FDF70BFA00BF70
:1063C000395300200048704750450410012907D177
:1063D0005378012B02D19388072B03D000207047FC
:1063E000012070471146A623014A00F0FFBE00BFFE
:1063F000A84404100346012201481A70704700BFE8
:106400007445041008B50B68B3F5966F00D008BD4D
:1064100000224FF0FF301146FDF7DCF970B500F0B7
:106420002DF90C2340261B4CFF22A3670E201A498E
:10643000FCF78EFA194B3246002118463CF060FEFC
:106440000346002101258020154A58849A60843A29
:106450005D701E831E875960C2F88410C2F88010D8
:1064600002F58072DA60DA62803A83F8211083F8EC
:106470003B1059629A624FF000563CF01DFE4FF4FB
:1064800080320849084B25642846E664C4F8901019
:10649000DA6470BD00001150A5030020DC4E00201E
:1064A0008400105010D001000020115001210E2056
:1064B000FCF7DEB900220248114600F0FFB800BF29
:1064C000FC4E0020044B197021B14FF40032034BF5
:1064D000C3F89020704700BF3653002000201150B1
:1064E0000B785B0602D14B78052B00D070474B88A8
:1064F000014ADBB21360704700001150CB782DE9E0
:10650000F04103F0030EBEF1010FC3F3010059D0B7
:10651000002791F802C0324C0CF07F035E0089889E
:1065200006EBDC1204EB42124FEADC15D076C1F325
:106530000A0185F00100507082F802C01183D77003
:1065400018B2DA006DBB2748043204EB831C02EB5F
:106550000008CCF8088017506BB3234ADB001A44BC
:10656000CCF80420214A3F31136821F03F01BEF1ED
:10657000020F08BF49001E4819442E4404EB46147C
:1065800081421160E36028D883F0A04383F4801334
:10659000626843EA8E6343F0004313600120BDE864
:1065A000F081DFF840C004EB83186244C8F828206B
:1065B0004CF830704BB900230E4A04EB4514E260EE
:1065C0006360EBE70020BDE8F081DB0003F1A0434E
:1065D00003F58013C8F82430C4E7FDF745F900BF80
:1065E000DC4E00208000105004001050E4520020C7
:1065F000FF0F1050000110503CF05EBD8C4608B5F6
:10660000114607481A460CF07F034FEADC1C0CEBDE
:10661000430C00EB4C1000F051F8012008BD00BF06
:10662000DC4E0020CB0911F07F0103D1064AC3F1F3
:1066300002009066054803EB41034FF4006200211D
:1066400000EB43103CF058BD00201150DC4E002000
:1066500011F07F0300D17047002210B4C809064C26
:1066600000EB430004EB40136FF4006118465DF843
:10667000044BDA703CF040BDDC4E00204FF08052FD
:1066800009480A4908B50A4B02600A609968C9437B
:1066900011F08051FAD14FF4805206483CF030FDA1
:1066A0000922054B5A6708BD002002400030024015
:1066B00000000240000010500000115000234FF075
:1066C000010C10B580F81AC08282C38201610446B1
:1066D0003CF026FD20B14FF40032074BC3F8902068
:1066E00020463CF025FD10B10123237710BD204644
:1066F000BDE810403CF028BD002011502DE9F041CC
:106700004FF000081C4D044642462B781B4F1C4E90
:106710000DE0336813EB421325D0DB682046984721
:1067200008F101082B785FFA88F2934206D393426E
:10673000A2EB0303EDD807EB4313EEE7114C542211
:10674000002120463CF0DCFC4FF0FF33251D636048
:10675000C5E90133EB6004F114002022BDE8F041EB
:10676000FF213CF0CDBC4FF0E023D3F8F03DDB0738
:1067700000D500BEBDE8F0813553002094450410DB
:10678000484C0020504D0020704700BF704700BFAC
:106790000020704700207047704700BF704700BF5F
:1067A000704700BF704700BF024B5878003818BFD1
:1067B00001207047504D0020024B1878C0F3800034
:1067C000704700BF504D00202DE9F047DFF8E890FA
:1067D00099F80030FF2B02D00120BDE8F0870D466C
:1067E00000293DD000215422064629483CF088FC6F
:1067F0000022284C284B20461A70FCF733FA274B0E
:1068000027481C60274CFCF73BFA204601F088FB28
:10681000254A264B1460264C5BB32046FFF7EAFD61
:10682000244B227818604FF0000ADFF8908053461E
:10683000204F0DE03A6812EB431311D05B687BB137
:1068400098470AF1010A22785FFA8AF39A4212D332
:106850009342EFD39B1A08EB43135B68002BEFD1F5
:106860004FF0E023D3F8F03DDB0700D500BE002059
:10687000B3E72278D7E72946304689F80060FFF76A
:10688000CDFD0028ECD03046FFF710FEA4E700BF96
:10689000504D0020484D002037530020A44D0020CB
:1068A000A428002090280020A84D0020F5630010A7
:1068B00035530020484C0020AC280020944504109B
:1068C0002DE9F04FDFF8B0928BB099F80030FF2B34
:1068D00000F0ED80A24CA34DDFF898A2DFF89CB247
:1068E00026687369EFF3108272B6D3E8CF0F0121E7
:1068F0000028FAD1C3E8401F0028F6D1BFF35F8F0C
:10690000B261304607A901F059F900237269C2E863
:106910008F3FB36983F31088002800F0C8809DF88A
:106920001D30013B072B00F26B83DFE803F0A5AFBE
:10693000939B8C350A04089B002BD1D0099898476B
:10694000CEE79DF8201001F07F0605EB460000EB36
:10695000D11090F8343023F0010380F8343090F8EF
:10696000343023F0040380F83430002E00F0A2808D
:10697000027D9AF800309A4280F091807A4B1B6831
:1069800013EB421300F08C809E699DF82120099B37
:106990009DF81C00B047A3E79BF80030002B7FD088
:1069A0009BF80030013BDBB28BF800309BF80030E5
:1069B00003F0FF00002B93D16A4F9DF81C803B78B9
:1069C00043F001033B7097F8343060F3000387F81D
:1069D000343097F8343060F3820387F8343097F816
:1069E000353060F3000387F8353097F8353060F3C1
:1069F000820387F8353000F059FC9DF8203003F011
:106A00006002602A66D0402A76D003F01F03012B73
:106A100000F0B680022B7BD0002B5BD1202A00F047
:106A2000DB81002A56D19DF82130092B52D8DFE8AE
:106A300013F0A20194015100B301510087015D01DF
:106A400051005201E5002B78D9077FF549AFFFF7D8
:106A5000A9FE45E7EB78DA077FF542AF0898FFF724
:106A600095FE3DE72B78D8077FF53AAF2878C0F33D
:106A7000C000FFF795FE33E79DF81C00FFF73EFED0
:106A800000F00AFC9DF82030AB7029E79DF81C004F
:106A9000FFF734FE00F000FCFFF780FE20E711D086
:106AA0004FF0E023D3F8F03DDC0700D500BE0BB07B
:106AB000BDE8F08F099B9DF821209DF81C0000F097
:106AC00009FC0DE7294B5FE7FFF720FB0246002892
:106AD00040F079814FF0E023D3F8F03DDE0700D598
:106AE00000BE9DF81C000021FFF79CFD80219DF851
:106AF0001C00FFF797FDF3E61D4800F0D7FB0121CE
:106B0000404608AAFFF762FC00287FF4E9AEE8E7F8
:106B10009DF8241011F0700FDCD101F07F0607EB17
:106B20004600144B00EBD1101B78007D76000196D7
:106B300098424FEAD11600964FD340F05F810B4E3A
:106B4000002A00F05F81706900F0B0FB012140462F
:106B5000736908AA984700287FF4C2AEC1E700BF56
:106B6000A84D0020504D0020484C002094450410B2
:106B7000CD63001035530020AC280020375300208F
:106B80009DF824300F2BACD8AA4A3B441B791278CD
:106B900093422DD3A5D1A84E706900F087FB012147
:106BA0004046736908AA984700287FF499AE9DF87B
:106BB000203013F0600694D19DF821300A3B012B60
:106BC0008FD800F073FB9DF821300A2B00F0F18183
:106BD000404608A900F0F0FA82E6984B1B6803EBE8
:106BE0004016002A00F00E81002E3FF47AAFAAE78B
:106BF000924A166816EB4316CED172E77B789DF861
:106C000022609E4200F04C817B78002B40F0BD81D9
:106C10007E70002E00F04281701EC0B2FFF776FA3F
:106C20000346002800F05E814278022A40F05A8133
:106C3000C17903F10906C1F340121201C1F38011B9
:106C400042EA41123146387820F0300002433A706F
:106C50005A88CDF808809A180092009B8B4240F227
:106C6000A3814B780B2B00F0AE814FF0010C042B6D
:106C700040F038810023009A1E46521A92B20192C7
:106C80006C4ACDF80CC012781DE06C4A126812EB09
:106C9000461800F02781019A05930298D8F8103021
:106CA00004919847059B08280246049903F10103C3
:106CB00003D90198904280F0F8805E4ADEB21278E3
:106CC000B242C0F00F81B242A6EB0202DDD85A48B0
:106CD00000EB4218DFE77B7840468DF81A300DF163
:106CE0001A02012308A900F081FAF9E5BDF8220093
:106CF000030A013B020AC0B20E2B3FF6F2AE01A11D
:106D000051F823F0156F0010B56D0010516F001091
:106D1000E36A0010E36A0010336F0010B56D0010D5
:106D2000E36A0010E36A0010E36A0010E36A0010EF
:106D3000E36A0010E36A0010E36A0010076F0010B6
:106D400008A800F0B9FA40469DF82210FFF7B2FB00
:106D50003B7843F002033B70C2E5BDF82230012BC3
:106D60007FF4BFAE3B78404623F0080308A93B7090
:106D700000F022FAB4E540463B789A0802F002029D
:106D8000C3F340131343ADF81A300DF11A02022376
:106D900008A900F02BFAA3E5BDF82230012B7FF4FF
:106DA000A0AE3B78404643F0080308A93B7000F0D2
:106DB00003FA95E5022A3FF487AEFFF7EBFC0246A3
:106DC00000283FF48EAE4046538808A900F00EFA22
:106DD00000287FF485AD84E69DF824300F2B3FF624
:106DE00080AE144A3B441B79127893421DD2134A59
:106DF000166816EB43167FF4A6AE72E6002A7FF4FF
:106E000070AE00269DF8212002F0FD03012B17D063
:106E1000002A7FF45FAE019B009A3B44134493F831
:106E200034304046C3F34003ADE77FF45AAE024E20
:106E300089E600BF3553002094450410484C0020DB
:106E4000BDF82230B3B9012A99F8000000F088801B
:106E5000FFF7E8FB019B009A3B44134493F834206E
:106E600042F0020283F8342093F8342042F0010209
:106E700083F83420002E3FF433AD706900F016FA29
:106E80007369012108AA40469847002000F00EFAD5
:106E900097F83530DF073FF523AD99E6FFF77EFC25
:106EA000404608A900F088F91AE5DDF80CC0BCF1ED
:106EB000010F00F09D80BCF1000F00F08A800023DC
:106EC00091F8028004E00671D8B2844540F28180D6
:106ED00008EB030057FA80F090F804E00133BEF1AC
:106EE000FF0FF0D04FF0E023D3F8F03DDA0700D5E4
:106EF00000BE4FF0E023D3F8F03DDB0700D500BE25
:106F000000237B70EDE5FFF75DFA024600287FF471
:106F10005AAFE6E5FFF7F6F8024600283FF4DAAD8F
:106F20004046122308A900F061F900287FF4D8AC8C
:106F3000D7E5FFF72DFC024600283FF4D2AD4046CE
:106F4000137808A900F052F900287FF4C9ACC8E50D
:106F5000BDF82410FFF7DEF802460028EFD1C0E5A7
:106F60000293FFF775FB019A009B3A441A4492F88A
:106F70003410029B63F3410182F8341092F834100C
:106F800063F3000182F8341074E700214046FFF7F4
:106F900099FA4046FFF730FBBB7840460093FFF775
:106FA000ADFB009BBB7033E6DDF80880FFF7F4FB18
:106FB00076E74046012308A90DF11A028DF81A6000
:106FC00000F014F98CE40B7891F803C019444B7865
:106FD0004DE633460F480392019100F067FD0E4BDA
:106FE00001991B78039AB3421144BFF436AE79E796
:106FF000D8F81000094B984208BF4FF0020C5EE72A
:107000004FF0E023D3F8F03DDB077FF569AC00BE1D
:1070100066E400BF644D002035530020E576001083
:107020002DE9F84FDDF82880002A3FD00C461E4697
:1070300015464FF0000B1F4FDFF87C9017E02046FD
:1070400099F8021000F000FDF8B121465046FFF714
:1070500055FA08B3A3780BF1010BDA0916BF0B9AA6
:1070600088F8003013702378AB451C441ED0637839
:10707000052B11D1E17801F00301B1420CD1A378C5
:1070800097F800A013F0700FD9D04FF0E023D3F899
:10709000F03DDA0700D500BE4FF0E023D3F8F03D15
:1070A000DB0700D500BE0020BDE8F88F0120BDE859
:1070B000F88F00BFAC280020504D002038B50E4B93
:1070C0001D788B7813F0700F08D04FF0E023D3F8C1
:1070D000F03DDB0700D500BE002038BD074B0C4655
:1070E0000846997800F0B0FC0028EED021462846EA
:1070F000BDE83840FFF702BAAC280020504D002010
:107100000B46064A06481168DA09343203F07F0359
:1071100002EB4303184400F051BC00BFA44D002013
:10712000504D00200B46064A06481168DA093432F1
:1071300003F07F0302EB4303184400F069BC00BF77
:10714000A44D0020504D002010B5194C01F07F0EC9
:1071500004EB4E0404EBD11494F834C015481CF031
:10716000010F04F13004007808D04FF0E023D3F889
:10717000F03DDA0700D500BE002010BD94F804C031
:107180004CF0010C84F804C0FFF738FA0028F4D161
:107190004FF0E021227960F300022271227960F33E
:1071A00082022271D1F8F03DDB07E5D5E3E700BFAD
:1071B000504D0020AC28002030B50B4C8C46A64624
:1071C0000546086849680023AEE803009CF80010F3
:1071D0002846C943C4E90233BDE830401A4601F0ED
:1071E0008001FFF7B1BF00BF104D00202DE9F04135
:1071F000274F4FF00008BE468C460646086849688F
:10720000BA60AEE80300A7F80E801546BCF8062069
:10721000934228BF1346BB819AB11C462BB3DDB104
:1072200097F90030402C28BF4024002B28DB414632
:1072300023463046174AFFF787FF68B10120BDE8B3
:10724000F0819CF800101346C943304601F08001DC
:10725000FFF77AFF0028F1D14FF0E023D3F8F03D9B
:10726000DB0700D500BE0020E9E71A46397801F0B7
:10727000800123463046FFF767FF0028DED1EBE7A9
:107280002246294603483BF003FF8021014AF0E7EC
:10729000104D0020D04C00200022034BC3E90022F7
:1072A000C3E902221A617047104D0020014B18619A
:1072B000704700BF104D002030B40246044C00253A
:1072C000234600685168C4E9025530BC03C37047C7
:1072D000104D002070B53C4CC90922780646B1EB30
:1072E000D21F1D4682B017D053B14FF0E023D3F820
:1072F000F03DDB0702D4002002B070BD00BEFAE70B
:107300002146FFF7EDF823691BB1224603213046E1
:107310009847012002B070BD94F90030A068002B9E
:1073200005DB0028E7D02A4628493BF0B1FEE0897A
:10733000A168E388284480B229448342E081A160A7
:1073400016D03F2D14D9A28994F90040131A9BB28C
:10735000402B28BF4023002C26DB90424FF0000139
:1073600030D01A4A3046FFF7EFFE0028D1D1BCE7F3
:10737000236923B102213046134A984758B1217836
:107380000023C94330461A4601F08001FFF7DCFEB6
:107390000028BED1A9E701463046FFF743F9802116
:1073A0003046FFF73FF9B4E7904208D01A46074845
:1073B00001933BF06DFE8021044A019BD2E78021BE
:1073C0000022CFE70A46CDE7104D0020D04C002028
:1073D0002DE9F0410446FFF7E7F908B9BDE8F0816F
:1073E000FFF7EAF907460028F8D1C822134B02FB41
:1073F0000436F1780029F1D006F11005284600F096
:10740000CBFB3F28EAD93846F178FFF779FE002810
:10741000E4D0284600F0C0FB3F2809D9084A384686
:10742000F17802EBC4124023BDE8F041FFF78CBEB7
:107430003846F178BDE8F041FFF774BE28320020ED
:107440004C4C002010B50446FFF7AEF908B90020F7
:1074500010BDFFF7B1F90028F9D1C822034B02FB98
:107460000433187900F0010010BD00BF283200205D
:10747000C82108B5102301FB0030024A104400F077
:1074800071FB08BD283200202DE9F8434FF6FF7349
:107490004FF0C80810249A4228BF1A4618FB00442F
:1074A0001A4F06463C44204692B200F0D1FB0546F6
:1074B000FFF77AF910B92846BDE8F883FFF77CF9A1
:1074C00081460028F7D108FB0677FB78002BF2D025
:1074D000204600F061FB3F28EDD94846F978FFF7D8
:1074E0000FFE0028E7D0204600F056FB3F2808D9C1
:1074F000074A48464023F97802EBC612FFF724FEFC
:10750000D9E74846F978FFF70DFED4E72832002086
:107510004C4C00202DE9F0410546FFF745F910B924
:107520000020BDE8F081FFF747F906460028F7D1B3
:107530004FF0C808242418FB0544174F3C4420464C
:1075400000F010FB0028EBD008FB05773046B97837
:10755000FFF7D6FD0028E3D04022104B204602EB77
:10756000C5141C44214600F073FB054680B1034658
:1075700022463046B978FFF7E7FD38B94FF0E023EF
:10758000D3F8F03DDB07CBD500BEC9E72846C8E7F6
:10759000B978FFF7C7FDC3E7283200204C4C002024
:1075A00038B54FF6FF734FF0240CC8249A4228BF19
:1075B0001A4614FB00C40A4B92B21C4405462046EE
:1075C00000F002FC034620461C4600F0CBFA3F28A0
:1075D00001D8204638BD2846FFF79CFF204638BD1D
:1075E00028320020C82108B5242301FB0030024ABC
:1075F000104400F0D1FA08BD28320020F0B5194C33
:1076000083B0C822002120463BF07AFD0025FF23ED
:107610004FF4E1310822144804F1B80705700095D1
:1076200004F110006371A160A27304F13801012319
:10763000402200F067FA0123402204F17801009310
:1076400004F1240000F05EFA04F1C0063846FBF7AE
:1076500009FB3046FBF706FBC4E90757C4E90C6594
:1076600003B0F0BD28320020CC4C0020094B196B30
:1076700049B11A6A12B10022C3E907220022C3E904
:107680000C22012070471A6A002AFAD00120C3E9AF
:107690000711704728320020002210B50E4C0F4809
:1076A000237802600271DA0707D59B070BD5BDE886
:1076B000104001210A4800F04FBC103000F030FCAF
:1076C00023789B07F3D4064800F02AFCBDE810405D
:1076D0000121034800F040BCCC4C0020283200209F
:1076E0004C320020F0B54B7983B0022B03D000253B
:1076F000284603B0F0BD8B79022BF8D1264FBB781A
:107700003BB14FF0E023D3F8F03DDB07EFD500BEEF
:10771000EDE78B7806463B700B780925CC1861782D
:1077200024290BD1082A02D80FE0AA420DD32378CE
:107730001C4461782B4424299DB2F6D005290AD037
:10774000042902D163790A2B13D00020FFF740FEF1
:10775000284603B0F0BD21463046FFF7AFFC0028B5
:10776000CFD0A3787B7023781C442B4461789DB2E2
:10777000E6E70A4B27780193013300930223304652
:107780001A46E119FFF74CFC0028BAD00E3517FA5B
:1077900085F5ADB2D9E700BF283200202A3200209B
:1077A000137803F06003202B08D170B5264C938822
:1077B00094F800C09C4503D0002070BD00207047A5
:1077C0005378203B032BF7D8DFE803F027230D0283
:1077D00001292ED003291ED11C4BE3B10020518872
:1077E000AFF3008017E0012923D0032913D1558876
:1077F000174805F0010686F00101257100F0ACFB89
:10780000144B43B131460020C5F34002AFF3008072
:1078100001E0012911D0012070BD01290DD00329FB
:10782000F9D10D4B002BF6D000200C49FEF7EAFDF4
:10783000F1E71146FFF7C0FCEDE711460723074AC1
:10784000FFF7D4FCE7E700BF28320020000000006B
:107850004C3200200000000005640010303200208F
:107860002DE9F047364F0C46FA7806468A421D4607
:1078700097F802C03CD08C4513D04FF0E023D3F8EA
:10788000F03DDB0700D500BE0020BDE8F0872D4BA2
:1078900023B12D4800F076F900284ED00020FFF7E4
:1078A00097FDBB78A34202D00120BDE8F087274BAB
:1078B00013B10020AFF300800020FFF72BFE00285B
:1078C000F2D1234800F04EF90028EDD1002DEBD085
:1078D00015F03F05E8D13046B978FFF711FC0028D4
:1078E000E2D02B462A463046B978FFF72DFCDBE77D
:1078F000DFF864809AB2414607F1100000F064FAA4
:10790000144B002BC3D07B79FF2BC0D0002DBED0F1
:1079100007F1100908EB050A02E0C245B7D07B79F0
:1079200018F8012B9A42F8D1484600F02BF90028AC
:10793000F3D17979AFF30080EFE7AFF30080ADE7E3
:107940002832002000000000383200200000000033
:107950004C320020000000004C4C002010B582B0DA
:10796000B9B101280CD80B7853B1134C012B235417
:1079700002D0012002B010BDFEF726FF0028F8D18A
:107980004FF0E023D3F8F03DDB0700D500BE002028
:10799000F0E70124084601A9ADF80440FEF714FF02
:1079A00038B94FF0E023D3F8F03DDA07E2D500BE56
:1079B000E0E7014B1C70DDE7444D0020F8B503788B
:1079C00013F001041AD1037805465A07C3F3800760
:1079D00001D52046F8BD0E464FF0FF3130463BF052
:1079E0007BFB2B7813F001040BD12B785B0709D4B8
:1079F0002B78012443F004032B7003E0002420467D
:107A0000F8BD3C4630463BF097FB2046F8BD00BF32
:107A100070B50C4605464FF0FF3120463BF05CFB4D
:107A20002B78C3F380065B0708D52B7813F001038E
:107A300011BF00262A7863F382022A7020463BF0A9
:107A40007BFB304670BD00BFC378828803F0030023
:107A50000228C2F30A021FD0032803D001280AD04B
:107A600000207047022914BF40234FF480639342E3
:107A700009D301207047022940F2FF3308BF4FF4B9
:107A800080639342F6D24FF0E023D3F8F03DDB075A
:107A9000E6D500BE00207047022902D0402AE8D96E
:107AA000F1E7B2F5007FE4D0EDE700BF0A44914270
:107AB00026D291F801C0BCF1050F05D091F800C0A5
:107AC00061448A42F5D8704700B591F802C00CF0C5
:107AD0007F0E00EB4E0E4FEADC1C0EF80C3091F8D6
:107AE00000C061448A4209D991F801C0BCF1050F78
:107AF000EBD091F800C061448A42F5D85DF804FBF0
:107B0000704700BF2DE9F041B2F5004F9DF8188095
:107B100024D80446C06817460E461D4618B14FF0DB
:107B2000FF313BF0D9FA206918B14FF0FF313BF03B
:107B3000D3FA0022C5F30E03E06843EAC83362813A
:107B40002660A780E380228108B13BF0F5FA206926
:107B500008B13BF0F1FA0120BDE8F0810020BDE85A
:107B6000F08100BF038942899BB292B28088934220
:107B700036BFC2EB40029B1A9B189BB2984228BFAB
:107B8000184670470289438990B29BB2C01AB0FA76
:107B900080F04009704700BF038942899BB280880A
:107BA00092B2934236BFC2EB40029B1A9B189BB223
:107BB000984286BFC01A80B20020704738B504468C
:107BC00000690D4618B14FF0FF313BF085FA21896D
:107BD000638989B29BB2A288994236BFC3EB420047
:107BE000C81A401880B250B3824209D291422CBFC9
:107BF000891A89188BB29A42638103D89B1A9BB267
:107C00009A42FBD9E2882168C2F30E0202FB0311FB
:107C100028463BF03DFA6189012589B24B1C9BB295
:107C20009942A2880ED9002302FA05F15B1A9BB291
:107C30002069638108B13BF07FFA284638BD0546CC
:107C400063899BB2B3EB420F4FEA4201F0DBEDE7F1
:107C50002DE9F047064600698846914618B14FF075
:107C6000FF313BF039FA338974899BB2A4B2B588ED
:107C7000A34236BFC4EB45071F1BFF18BFB2002F3E
:107C80004AD0BD4240D3B94528BFB946A5421FFAE4
:107C900089F703D8641BA4B2A542FBD9B6F806A0A5
:107CA0002B1B31689BB2CAF30E029F42924602FB25
:107CB000041123D913FB02F31FFA83F94A46404605
:107CC0007D1B3BF0E5F9621912FB0AF2316808EB03
:107CD000090092B23BF0DCF97289B58892B2D319EF
:107CE0009BB29A421AD96A009B1A9BB2306973817F
:107CF00008B13BF021FA3846BDE8F087404607FB63
:107D000002F23BF0C5F9E7E7AB422CBF5B1B5B1906
:107D10009CB22F467481B6E773899BB2B3EB450FD3
:107D20004FEA4502E2DBDFE7F8B50446C0680E46DD
:107D300018B14FF0FF313BF0CFF9258923896189D4
:107D40009BB289B2A2888B4236BFC1EB42015B1A5B
:107D50005B189BB29A42ADB208D8E779FF0905D10A
:107D6000E06808B13BF0E8F93846F8BD954219D310
:107D70002B469B1A9BB29342FBD2E2882068C2F347
:107D80000E0202FB030031463BF082F96B1C9BB2F2
:107D90009D42A28812D9002351005B1A9BB2012791
:107DA0002381DDE7E2882068C2F30E0205FB0200B2
:107DB00031463BF06DF90135A288ABB2B3EB420F0F
:107DC0004FEA4201EBDBE8E72DE9F04F164683B0BE
:107DD000002A4CD00546C068884618B14FF0FF31E4
:107DE0003BF07AF9EA792F896989D209AB88BFB269
:107DF00089B240D18F4236BFC1EB4301791AC9190C
:107E000089B2994241D2591A89B28E4228BF0E4690
:107E1000B5F806A007EB0609A6EB030BCAF30E0A9A
:107E20001FFA89F91FFA8BFB9F423C4603D3E41AE1
:107E3000A4B29C42FBD21B1B28689BB2B3420AFB34
:107E400004004BD341460AFB06F23BF021F9AA8815
:107E50004F454FEA420302D8B9EB420F03DBA9EBCF
:107E600003031FFA83F9E868A5F8089088B930463B
:107E700003B0BDE8F08FB5F806A09E42CAF30E0A23
:107E80000DD3002B3FD11E4600E00026E8680028F5
:107E9000EDD03BF051F9304603B0BDE8F08F8F4292
:107EA00036BFC1EB43027A1AD21992B2580032445B
:107EB000A6EB030B82421FFA8BFB0ADB01EB0309E3
:107EC0001FFA89F9A9EB0607BFB2B94218D9381AC7
:107ED00087B206EB07091FFA89F9A5E713FB0AF336
:107EE0005C4414FB0AF49AB2414601923BF0D0F88C
:107EF000019A286808EB0201A2B23BF0C9F8A6E794
:107F0000B84291DCE3E7F61A01EB03090AFB0688A5
:107F10000F461E464FF0000B1FFA89F984E700BF99
:107F200010B50446C06818B14FF0FF313BF0D4F8EB
:107F3000206918B14FF0FF313BF0CEF80023E06824
:107F40006381238108B13BF0F7F8206908B13BF069
:107F5000F3F8012010BD00BF38B50446C0680D46D7
:107F600018B14FF0FF313BF0B7F8206918B14FF06E
:107F7000FF313BF0B1F8E379E06865F3C713E371D3
:107F800008B13BF0D9F8206908B13BF0D5F80120E1
:107F900038BD00BF012307480749084A03600B604A
:107FA0009368D907FCD50123054A13601368DB05E4
:107FB000FCD5704700200240003002400000024023
:107FC00000000A402DE9F04F4FF000094FF0010E7C
:107FD00085B0174602689DF83840C2F86C90516031
:107FE000191E03940546DDE90F46C2F86CE00291C4
:107FF00050DD039B01F1FF3A83EA0E035B0201931C
:10800000002C00F09680C846CB4601213046A047A0
:10801000B9F1000F54D12A684FF00009297989027B
:10802000019817F8013BCA4518BF00200B430343D2
:108030001361002C47D04FF0000B03E02A68536B0C
:10804000D80615D400213046A0474BEA000B5FFA52
:108050008BFB0028F2D0834600284BD1029B09F10C
:1080600001094B4516D00021002CCED12A68D7E754
:10807000D2F88080B8F1000F50D1BBF1000F13D1BE
:10808000CA454FD04FF00008029B09F101094B454A
:10809000C346E8D14846039B2B7105B0BDE8F08F7D
:1080A0002A68536B9B051FD400213046A0474BEA3A
:1080B000000B5FFA8BFB0028F2D06FF00109E9E7B3
:1080C00000212A68ACE7BBF1000FC7D1536BDB0678
:1080D000FCD5D2F88080B8F1000FD1D04FF0010B61
:1080E000536D536B9905FCD55846136E4FF0000B3A
:1080F0000028B3D0BBF1000FDFD1B8F1000F1ED0C4
:1081000018F0010F1BD118F0080F08BF4FF0FF390E
:108110004846039B2B7105B0BDE8F08F4FF0010B73
:10812000536DC1E7039B002BACD12CB9A346A046ED
:10813000D7E7A346A0466FE798469B46B4E74FF0C3
:10814000FF39A7E72DE9F84F4FF0010CDDE90B46A9
:10815000002791460268B3F10008D76605465160D2
:108160009DF828B0C2F86CC021DD08F1FF3A14B1C7
:1081700001213046A0472B685A6F102AFCD0002FEF
:1081800033D00022BA4504BF8BF0010142EA4122FC
:1081900042F480721A618CB1D3F88020596B11F0CF
:1081A000400113D0002130465B6DA047C7433846DD
:1081B00085F804B0BDE8F88F9A6F7AB9D3F88020BB
:1081C0005A6B5206F8D500205B6DEFE73046A047AA
:1081D0000028EBD12B689A6F002ADDD01B6901378C
:1081E000B84509F8013BC2D1E1E72A799202C9E713
:1081F000F8B5064605200C46FBF7D2F900EB540C07
:10820000BCFBF4FC214B0CEB4C02A3FB02532049BA
:108210009F088C42ACEB930530D801F1D64101F5B3
:10822000A10101F62C0100EB4003A1FB03139B0D00
:10823000013300244F2A98BF01223168B0FBFCF0C3
:10824000CC660C6801F5805684F0040404F0060442
:10825000346088BF0D4CCD6184BFA4FB02429209FB
:108260000F62C1F8A0200A46012452F87C5F6B40DF
:108270009BB202F580521360CC66F8BD054900EB55
:108280004003A1FB0313DB0D0133D2E7CDCCCCCCF3
:108290003F420F00893BE6550E4A30B4904214BF6E
:1082A000102220220C4D0D4B0D4C2A601A60A36841
:1082B00032EA0303FBD140F265150324026803711F
:1082C000D3661560D3639363C2F8884030BCFFF770
:1082D0008FBF00BFB02800200020024000300240C5
:1082E000000002402DE9F04389B00DF1100804466A
:1082F00016461F46DDE9122340460D469DF8409084
:10830000FBF788F83B46CDE901083246294620466E
:10831000CDF80090FFF756FE09B0BDE8F08300BF2E
:108320002DE9F04389B00DF11008044616461F46AA
:10833000DDE9122340460D469DF84090FBF76AF8B0
:108340003B46CDE90108324629462046CDF800904B
:10835000FFF7F8FE09B0BDE8F08300BF10B5054C8B
:10836000204600F0D1F92046034A0449BDE81040F8
:1083700029F0ACBD444C00200000001029870010FB
:108380002DE9F84F0122C54FC54B0024C54D4FF0D4
:10839000FF381A703B6805F11C00DFF854A39E6893
:1083A000C5F800A06C60AC60DFF84893C5E90344F1
:1083B000C5E9054401F08AF83B682E62BA4ED3F84D
:1083C00004B006F11C00C5F82480C6F800A0C5F86A
:1083D0000090C6E90144C6E90344C6E9054401F03A
:1083E00075F8C6F82480C6F800903B68C6F820B03F
:1083F000AE4EC6E900A4D3F80CA006F11C00B46090
:10840000C6E90344C6E9054401F060F8C6F80090E7
:10841000DFF8E492C6E908A8A54E09F1140AA6F10E
:108420000408304614F046FC29463046C8F874402B
:10843000A8F8784046F8049CC8F804A0C8E91F448E
:10844000C8E9214414F0C8FB9A4E304614F032FCBF
:10845000994B3046944946F8083C14333360002366
:108460003367A6F8743046F8043CC6E91E33C6E903
:108470002033083E14F0B0FB904D284614F01AFC4F
:108480000023284689492B67A5F8743045E9019AED
:10849000C5E91E33C5E92033043D14F09DFB884C2B
:1084A000204614F007FC0023204680492367A4F8E7
:1084B000743044E9019AC4E91E33C4E92033043C12
:1084C00014F08AFB2B6900243A6843F40053C6F881
:1084D00078807C4EDFF824A2C5F8748006F11C0079
:1084E0002B614FF0FF389568C6F800A0DFF81092B6
:1084F000C6E90144C6E90344C6E9054400F0E6FFC5
:1085000035623B68704DD3F804B005F11C00C6F825
:108510002480C6F80090C5F800A0C5E90144C5E96B
:108520000344C5E9054400F0D1FF3B68C5F800905D
:10853000C5F820B0C5F82480644DDF6805F11C0043
:10854000AC61C5E900A4C5E90244C5E9044400F0F2
:10855000BDFF2F625E4FC5F82480DFF8A881384642
:10856000C5F8009014F0A6FB08F1140931463E1F2F
:10857000384647F8048C86F87C40C6F80490C6E973
:108580001D44C6E92044C6E9224414F07DFB514C49
:108590002046A4F1080714F08DFB4F4B20464A49B2
:1085A00044F8083C1433BB600023C7E91E3387F846
:1085B00080307B60C7E92133C7E9233314F064FBC3
:1085C000464D284614F076FB002328463F4985F89F
:1085D000783045E90189C5E91C33C5E91F33C5E990
:1085E0002133043D14F050FB3D4C204614F062FB57
:1085F00000232046354984F8783044E90189C4E9EC
:108600001C33C4E91F33C4E92133043C14F03CFBA0
:1086100034492A690B6842F40052BE6701336E6721
:108620002A610B60BDE8F88F2F4B2148C8F8043051
:1086300014F07CFB29F09EFE2C4B2948636014F05B
:1086400075FB29F097FE294B24486B6014F06EFBF4
:1086500029F090FE254B1F48BB6014F067FB29F002
:1086600089FE224B1A48736014F060FB29F082FEE9
:108670001D4B1348636014F059FB29F07BFE1A4B25
:108680000E486B6014F052FB29F074FE164B09483B
:10869000B36014F04BFB29F06DFE00BFC02A002030
:1086A000C028002088450020384500206045002073
:1086B00078490020D4470020E06A04106048002078
:1086C000EC48002000460020B0450020D84500209E
:1086D000B84B0020084A0020106B0410984A002074
:1086E000284B002098470020346A0410446A041084
:1086F000EC71041054690410307104102C720410D1
:108700009469041060710410064A1368591C10B56E
:10871000044611600BB1204610BDFFF731FE204624
:1087200010BD00BF98470020114A1368591E022B44
:1087300010B50446116001D0204610BD0D481EF052
:1087400029FA0D481EF026FA0C481EF023FA0C48B0
:108750001EF010FE0B481EF00DFE0B481EF00AFE28
:10876000204610BD29F076FF29F0B2FFE4E700BFF4
:1087700098470020744900205C480020E848002009
:10878000B44B0020944A0020244B0020704700BFC7
:1087900010B50446FBF752FD204610BD044A0B6895
:1087A00012680360934202D01A6801321A6070475F
:1087B000184700200160704710B5054C206800B1D3
:1087C00010BD0246034920462AF0F2FF206810BD82
:1087D00020470020D045041000487047D0450410C1
:1087E000426870B50546EAB18368C3B10024304ED3
:1087F00003E0AB680134A34210D952F824000028EA
:10880000F8D04368591E012B4160F2D103685B68C0
:10881000B34238D1FBF712FD6A68EAE712B110469D
:10882000FBF70EFDEA68EAB1AB68C3B10024204E45
:1088300003E0AB680134A34210D952F824000028A9
:10884000F8D04368591E012B4160F2D103685B6880
:10885000B3421AD1FBF7F2FCEA68EAE712B110461C
:10886000FBF7EEFC2B6963B10024185910B1FBF73C
:10887000E7FC2B690434182CF7D113B11846FBF729
:10888000DFFC284670BD9847C6E79847E4E729F023
:10889000E1FE29F01DFFBFE729F0DCFE29F018FFFB
:1088A000DAE7013102D129F06BFEFAE729F062FD27
:1088B0009187001038B50A4B044605681B689D4235
:1088C00004D02B685A1E012B2A6001D0204638BDE7
:1088D0002846FFF785FF2846FBF7B0FC204638BD49
:1088E000184700200F4B1A680B68934270B50D466D
:1088F000044602D01968013119602668B24204D0DA
:108900003268511E012A316002D02046236070BDBA
:108910003046FFF765FF3046FBF790FC2B6820469A
:10892000236070BD18470020002A00F0E2802DE986
:10893000F04F0D6883B00646174625B9AB4B1D684E
:1089400001351D600D6005F1FF39D6E90183013B5A
:108950004B455DD205F1030A6FF060439A45C0F0C4
:10896000CD804FF0FF304FF0FF3BFBF765FC044636
:10897000B06870B17368221F03EB800C043BACF14C
:10898000040C53F8041F9C4542F8041FF9D15045CC
:1089900008D2C0F10302002104EB80002A449200B7
:1089A0003AF0AEFB5846D6F80CB0FBF745FCD6F8CB
:1089B00008E00346BEF1000F0CD0F268011F02EB85
:1089C0008E0C043AACF1040C52F8040F624541F8E5
:1089D000040FF9D1F2450AD9CEF1030203EB8E0060
:1089E000002101932A4492003AF08AFB019BF36034
:1089F000C6E9014AB8F1000F02D04046FBF720FC5F
:108A0000BBF1000F02D05846FBF71AFCD6F80480E1
:108A10007B6858F8290001337B60002840D0744BF4
:108A20001A68002A37D09C4670490AE024B90C68BD
:108A300001340C60CEF80040A54272D05CF8082FDB
:108A40004AB313681BB90B6801330B601360DCF881
:108A500004E09D42DEF80040E8D12CB9634B1C686D
:108A600001341C60CEF80040013C58F8243093B12A
:108A7000714638460EF068F9054658F824006B68D0
:108A800001336B6043685A1E012B42606ED048F878
:108A9000245058F8290043685A1E012B426038D0F0
:108AA000B26848F829700AB30024F368DFF84481FB
:108AB000274604E0B2680F600134A24216D953F889
:108AC0002400A50003EB84010028F5D0426802F1E0
:108AD000FF3C012AC0F804C0ECD103685B68434541
:108AE00008D1FBF7ABFBF3685919E3E703B0BDE826
:108AF000F08F70479847F3685919DBE74FEA8A0B04
:108B00005846FBF799FB0446B06800287FF432AF63
:108B10003DE70368374A5B68934225D1FBF78EFB3C
:108B2000BEE7136823B931490B6801330B6013604A
:108B30005C1E58F82430002BADD01146384604F0A6
:108B400021FF054658F824006B6801336B604368C9
:108B50005A1E012B42609AD10368264A5B689342F1
:108B60000BD1FBF76BFB92E7984799E70368214A23
:108B70005B689342F5D0984789E7984787E729F0E3
:108B800069FD2046FBF75CFB2AF066F929F062FDDF
:108B900029F09EFD84E729F05DFD29F099FDAAE703
:108BA00029F058FD29F094FD71E729F053FD29F0D3
:108BB0008FFD6CE729F08CFD29F0DCFB013105D13C
:108BC00029F0DEFC01310DD129F0DAFC29F0D2FBCD
:108BD000013105D129F0D4FC013105D129F0D0FCB7
:108BE00029F0C8FB29F0C6FB29F0C4FB1C47002074
:108BF000D4450410918700102DE9F041374F064607
:108C00000D461446D7E8AF3FDB074AD5344BF16831
:108C1000186800283AD09E46324F0BE023B93E68D0
:108C2000013633463E601660013B9C4242D05EF8FE
:108C3000080F58B3036823B93A68013213463A6003
:108C4000026003F1FF3CDEF8042064451368E5D1BF
:108C5000002B39D0013B51F8242052B1A5B12B682B
:108C60002846214A5B68934234D1BDE8F041FBF7C6
:108C7000E5BA6A68501C6860581C41F8245003D05B
:108C800002326A6041F82350BDE8F08151F8243087
:108C9000002BE3D16B6801336B6041F82450BDE8D1
:108CA000F0813846FCF77EFE0028AFD03846FCF74E
:108CB0008BFEABE7026822B90A4B1A6801321A60D0
:108CC00002602346541EC6E706480368013303606A
:108CD0001360BFE7BDE8F041184700BF4C380020E3
:108CE000D44504101C4700209187001003682BB95D
:108CF00003490A68013213460A600260581E704731
:108D00001C470020000000002DE9F04FC44B302428
:108D10000646C44D89B001608460C0221846002117
:108D20003AF0EEF90021C0227060284600243AF0A3
:108D3000E7F9BD4BF5601A1FBC4D1C61326143F869
:108D4000045CC3E90044C3E90244FFF745FD02881F
:108D5000012321462A802246B54805F0ABFFB44ADC
:108D60003046B449FFF7E0FD0121B3482AF0C0FDC9
:108D7000B14A3046B149FFF7D7FDB14A0123B148A6
:108D80002146D46043601474948482F86440826005
:108D9000C2E90134AC4B0360AC4BC2E90544C2E903
:108DA0000744136001F08CF8A64A3046A849FFF743
:108DB000BBFD0121A74AA84B3046C2E90031A749B3
:108DC000FFF7B2FD0121A64AA64B3046C2E90031A9
:108DD000A549FFF7A9FDA54C0122A54BC4E9003226
:108DE000FFF7EAFCA0602246A2493046FFF79CFD4F
:108DF000DFF834A30123A04AA048CAE900230022D7
:108E0000C0E9013A9E4B11468AF81020AAF81120B9
:108E1000CAF834208AF843200360CAE90222CAE96A
:108E20000522CAE90722CAE90922CAE90B2200F091
:108E3000D5FB924A30469349FFF776FDDFF8EC9276
:108E40000022012390481146C9F80C2089F810200F
:108E5000A9F81120C9F8342089F84320C9E9013262
:108E6000C0E90139894BC9F80030894BC9E90522AD
:108E7000C9E90722C9E90922C9E90B22036000F008
:108E80005FFB814A30468349FFF74EFD824A01234A
:108E9000824930465360824B1360FFF745FD814A9B
:108EA0000123814930465360804B1360FFF73CFD3E
:108EB0007F4C00237F4901227F4821602146E367E0
:108EC000C4E90123C4E90333C4E90533C4E9073322
:108ED000C4E90933C4E90B33C4E90D33C4E90F33E2
:108EE000C4E91133C4E91333C4E91533C4E91733B2
:108EF000C4E91933C4E91B33C4E91D33C4E9203381
:108F0000C4E92233C4E92433C4E92633C4E928334D
:108F1000C4E92A33C4E92C33C4E92E33C4F8C03081
:108F200084F8C43015F04EFA634A30466349FFF7BF
:108F3000FBFC634A0123634930465360624B136074
:108F4000FFF7F2FC614A0123614930465360614BEF
:108F50001360FFF7E9FC01215F4809F0EFFF5E4A6B
:108F600030465E49FFF7E0FC01215D4805F072FEE6
:108F70005B4A30465B49FFF7D7FC01215A482AF08B
:108F8000CFFC594A30465949FFF7CEFCDFF8A0B173
:108F9000012357480021CBF804304360554B8BF830
:108FA0001010CBF80030544B8BF82411C0F808B0E7
:108FB0000360CBE90211CBE90511CBE90711CBE93D
:108FC000091101F00DF84A4A30464C49FFF7ACFC54
:108FD0004B4A01234B49304653604B4B1360FFF71C
:108FE000A3FC4A4A01234A4930465360494B136067
:108FF000FFF79AFC484D01236B60484B2B60FFF74D
:10900000DBFBA8602A4646493046FFF78DFCDFF8B7
:109010002481012343480022C8F8043043608BE0D8
:10902000584400206843002054430020403C002066
:109030004C3C0020104700202844002078470020A6
:10904000603900207C380020C85C0410144E0410E5
:109050004847002018450020206F04108847002052
:10906000284500205C6F04109047002040440020F9
:10907000AC5C041038470020E44D04102039002077
:10908000205D0410284700202C390020D44D041006
:10909000EC5C04102C470020C43800205847002006
:1090A000705D0410D438002060470020885D0410F3
:1090B000F03A00208C6F0410E4380020584600205D
:1090C0009438002050470020A05D0410A4380020F0
:1090D000B44700208C7004105C380020404700200A
:1090E0006C3E002014470020344400207C470020C0
:1090F00088380020244E0410C86704104C47002014
:10910000204500208C470020D876041030450020F0
:1091100094470020147704104C440020AC670410DE
:109120003C47002038390020B83B0020FC3B0020A1
:10913000C8390020483100201146B14B88F8102072
:10914000C8F80030AF4BC8F83C2088F86C20C0F855
:1091500008800360C8E90222C8E90522C8E907229D
:10916000C8E90922C8E90B22C8E90D2200F034FB46
:10917000A54A3046A549FFF7D7FBA54F0123A548CF
:1091800000227B6043601146A34B3A743B60A34BC3
:10919000FA6387F86C2087600360C7E90222C7E999
:1091A0000522C7E90722C7E90922C7E90B22C7E957
:1091B0000D2200F0C5FA974A30469949FFF7B4FBF3
:1091C000984A0123984930465360984B1360FFF743
:1091D000ABFB974A0123974930465360964B136087
:1091E000FFF7A2FB954D0023954901229548296080
:1091F0002946EB679FED807BC5E90123C5E9033371
:10920000C5E90533C5E90733C5E90933C5E90B33BA
:10921000C5E90D33C5E90F33C5E91133C5E913338A
:10922000C5E91533C5E91733C5E91933C5E91B335A
:10923000C5E91D33C5E92033C5E92233C5E9243327
:10924000C5E92633C5E92833C5E92A33C5E92C33F6
:10925000C5F8C03085F8C43085ED2E7B20F034F998
:10926000784A30467849FFF75FFB784A012378490E
:1092700030465360774B1360FFF756FB764A012365
:10928000764930465360764B1360FFF74DFB012162
:10929000744813F0A1F9734A30467349FFF744FB51
:1092A000724A0123724930465360724B1360FFF7D4
:1092B0003BFB714A0123714930465360704B136088
:1092C000FFF732FB6F4A01236F49304653606F4B03
:1092D0001360FFF729FB6E4A01236E493046536045
:1092E0006D4B1360FFF720FB6C4A02A93046CDE9B5
:1092F000022ACDE9049BCDE9068701F095FDF368CC
:1093000067480193FFF7F2FC644A019B43F8202071
:10931000F36864480193FFF7E9FC019B43F820A040
:10932000D6F80CA06048FFF7E1FC4AF82090D6F888
:109330000C905E48FFF7DAFC49F82040F4685C487E
:10934000FFF7D4FC44F820B0F4683048FFF7CEFCB7
:1093500044F82080F4683248FFF7C8FC44F82070D5
:10936000F4683948FFF7C2FC44F82050304609B091
:10937000BDE8F08F04460B4601333AD1204629F070
:10938000FFF80D4604462348FFF700FA2B46F3E7A3
:109390000D4604464748FFF7F9F92B46ECE70D4622
:1093A00004464548FFF7F2F92B46E5E70D4604462B
:1093B0004248FFF7EBF92B46DEE70D4604464048EE
:1093C000FFF7E4F92B46D7E70D4604463D48FFF783
:1093D000DDF92B46D0E70D4604463B48FFF7D6F9AA
:1093E0002B46C9E70D4604460748FFF7CFF92B4641
:1093F000C2E728F0BFFF00BF00000000000000002F
:10940000044E041020680410383900203047002032
:10941000B831002044390020F44D0410EC670410EA
:1094200034470020CC3800205C47002070680410CE
:10943000DC38002064470020886804108030002059
:1094400044770410F83800205C4600209C38002047
:1094500054470020A0680410AC380020B847002012
:10946000447804106C38002044470020B4380020B1
:109470007447002064500410BC3800206C47002062
:10948000BC500410503900207047002014510410C3
:1094900058390020684700206C51041060390020C2
:1094A00048470020284700202C470020584600202D
:1094B0004C4700202C390020203900204044002057
:1094C0007C3800204C44002088380020F8B5174E26
:1094D0000022044633680260CBB1154D2A689A42D7
:1094E000226009D0134ED6E8AF3FDB0706D52B68C4
:1094F0001A68236001321A602046F8BD3046FCF736
:1095000051FA0028F3D03046FCF75EFAEFE70A4F35
:109510000221074D3846FFF7F7FB39460748376009
:109520002F60FFF747F93368D8E700BF18470020DE
:1095300024470020483800200C3900204C430020EC
:1095400010B50446806838B32E232C221F4943747B
:10955000A3681F489A74A368006899605961D9612B
:10956000596200211B4A18631268D960996102F19F
:109570000A0E1962C3E90A11A168531E4863C2F1B9
:10958000010000EB030CA26813F8011F624473454D
:1095900082F83810F5D110BD4420FAF74BFE0023B5
:1095A0000D4A0374A0F81130436380F84330A06083
:1095B000C0E90023C0E90233C0E90533C0E907333D
:1095C000C0E90933C0E90B33BEE700BFD83104104E
:1095D000C47B0410D0280020D44D041010B50446DC
:1095E000806838B32E232C221F494374A3681F4878
:1095F0009A74A368006899605961D9615962002121
:109600001B4A18631268D960996102F10A0E196247
:10961000C3E90A11A168531E4863C2F1010000EBBF
:10962000030CA26813F8011F6244734582F83810D6
:10963000F5D110BD4420FAF7FDFD00230D4A037457
:10964000A0F81130436380F84330A060C0E90023E4
:10965000C0E90233C0E90533C0E90733C0E9093383
:10966000C0E90B33BEE700BFD8310410C47B04103F
:10967000D0280020E44D041010B5094B0446806842
:10968000236010B103685B6898472046FFF77EF8B7
:10969000204610BD2046FFF779F828F06BFE00BF8A
:1096A000EC5C041010B50C4B04468068236010B1CC
:1096B00003685B6898472046FFF768F82046FAF78A
:1096C000BDFD204610BD2046FFF760F82046FAF7A2
:1096D000B5FD28F04FFEF9E7EC5C041010B5094B1E
:1096E00004468068236010B103685B689847204691
:1096F000FFF74CF8204610BD2046FFF747F828F04A
:1097000039FE00BF205D041010B50C4B0446806884
:10971000236010B103685B6898472046FFF736F86E
:109720002046FAF78BFD204610BD2046FFF72EF8A5
:109730002046FAF783FD28F01DFEF9E7205D0410AE
:1097400038B58368044613B32E251E4800221E49EF
:1097500000685D612C259863DA60D961C3E908214E
:10976000C3E90A21C3E90C221849A2689D61184D7A
:1097700009689D60D0634B1EA26801F10A003C326B
:1097800013F8011F834242F8041FF9D138BD70203D
:10979000FAF750FD00220F4903460274C26380F8B5
:1097A0006C20A060C0E90012C0E90222C0E90522D5
:1097B000C0E90722C0E90922C0E90B22C0E90D2255
:1097C000C2E700BFC47B0410A44C0410D0280020C2
:1097D000D8310410F44D041038B58368044613B32F
:1097E0002E251E4800221E4900685D612C259863C5
:1097F000DA60D961C3E90821C3E90A21C3E90C226F
:109800001849A2689D61184D09689D60D0634B1E80
:10981000A26801F10A003C3213F8011F834242F8AA
:10982000041FF9D138BD7020FAF704FD00220F495A
:1098300003460274C26380F86C20A060C0E9001285
:10984000C0E90222C0E90522C0E90722C0E90922D5
:10985000C0E90B22C0E90D22C2E700BFC47B04109F
:10986000A44C0410D0280020D8310410044E041059
:1098700010B5094B04468068236010B103685B682B
:1098800098472046FEF782FF204610BD2046FEF78F
:109890007DFF28F06FFD00BFEC67041010B50C4B86
:1098A00004468068236010B103685B6898472046CF
:1098B000FEF76CFF2046FAF7C1FC204610BD20469B
:1098C000FEF764FF2046FAF7B9FC28F053FDF9E7EC
:1098D000EC67041010B5094B04468068236010B192
:1098E00003685B6898472046FEF750FF204610BD8E
:1098F0002046FEF74BFF28F03DFD00BF2068041016
:1099000010B50C4B04468068236010B103685B6897
:1099100098472046FEF73AFF2046FAF78FFC20468C
:1099200010BD2046FEF732FF2046FAF787FC28F0EC
:1099300021FDF9E7206804100D4A90F8433010B576
:10994000044602607BB1806808B1FAF779FC60696F
:1099500008B1FAF775FCE06908B1FAF771FC606AC2
:1099600008B1FAF76DFC2046FEF710FF204610BD47
:10997000D44D041010B50446FFF7DEFF2046FAF779
:109980005DFC204610BD2046FAF758FC28F0F2FC9A
:109990000D4A90F8433010B5044602607BB18068F0
:1099A00008B1FAF74DFC606908B1FAF749FCE069C3
:1099B00008B1FAF745FC606A08B1FAF741FC2046A5
:1099C000FEF7E4FE204610BDE44D041010B5044639
:1099D000FFF7DEFF2046FAF731FC204610BD204697
:1099E000FAF72CFC28F0C6FC0D4A90F86C3010B544
:1099F000044602607BB1806808B1FAF721FCE06997
:109A000008B1FAF71DFC606A08B1FAF719FCE06AC0
:109A100008B1FAF715FC2046FEF7B8FE204610BD47
:109A2000F44D041010B50446FFF7DEFF2046FAF7A8
:109A300005FC204610BD2046FAF700FC28F09AFCF1
:109A40000D4A90F86C3010B5044602607BB1806816
:109A500008B1FAF7F5FBE06908B1FAF7F1FB606AC3
:109A600008B1FAF7EDFBE06A08B1FAF7E9FB204626
:109A7000FEF78CFE204610BD044E041010B50446BF
:109A8000FFF7DEFF2046FAF7D9FB204610BD20463F
:109A9000FAF7D4FB28F06EFC10B50446806838B3A2
:109AA0002E232C221F494374A3681F489A74A3686D
:109AB000006899605961D961596200211B4A186395
:109AC0001268D960996102F10A0E1962C3E90A119C
:109AD000A168531E4863C2F1010000EB030CA268A9
:109AE00013F8011F6244734582F83810F5D110BD98
:109AF0004420FAF79FFB00230D4A0374A0F81130AD
:109B0000436380F84330A060C0E90023C0E902331A
:109B1000C0E90533C0E90733C0E90933C0E90B33B5
:109B2000BEE700BFD8310410C47B0410D028002049
:109B3000D44D041010B50446806838B32E232C226F
:109B40001F494374A3681F489A74A368006899600A
:109B50005961D961596200211B4A18631268D960A2
:109B6000996102F10A0E1962C3E90A11A168531E34
:109B70004863C2F1010000EB030CA26813F8011F57
:109B80006244734582F83810F5D110BD4420FAF7CD
:109B900051FB00230D4A0374A0F81130436380F891
:109BA0004330A060C0E90023C0E90233C0E90533B7
:109BB000C0E90733C0E90933C0E90B33BEE700BF92
:109BC000D8310410C47B0410D0280020E44D0410C8
:109BD00038B5124B04468568036055B12B6828469A
:109BE0000F4A5B68934209D1FFF7A6FE2846FAF7B1
:109BF00025FB2046FEF7CAFD204638BD9847204683
:109C0000FEF7C4FD204638BD02E02846FAF716FBF1
:109C10002046FEF7BBFD28F0ADFB00BFAC6F041083
:109C20007599001010B50446FFF7D2FF2046FAF7E9
:109C300005FB204610BD2046FAF700FB28F09AFBF2
:109C400038B5124B04468568036055B12B68284629
:109C50000F4A5B68934209D1FFF79AFE2846FAF74C
:109C6000EDFA2046FEF792FD204638BD9847204683
:109C7000FEF78CFD204638BD02E02846FAF7DEFAF2
:109C80002046FEF783FD28F075FB00BFE06F04104F
:109C9000CD99001010B50446FFF7D2FF2046FAF721
:109CA000CDFA204610BD2046FAF7C8FA28F062FB2C
:109CB00038B58368044613B32E251E4800221E497A
:109CC00000685D612C259863DA60D961C3E90821D9
:109CD000C3E90A21C3E90C221849A2689D61184D05
:109CE00009689D60D0634B1EA26801F10A003C32F6
:109CF00013F8011F834242F8041FF9D138BD7020C8
:109D0000FAF798FA00220F4903460274C26380F8FA
:109D10006C20A060C0E90012C0E90222C0E905225F
:109D2000C0E90722C0E90922C0E90B22C0E90D22DF
:109D3000C2E700BFC47B0410A44C0410D02800204C
:109D4000D8310410F44D041038B58368044613B3B9
:109D50002E251E4800221E4900685D612C2598634F
:109D6000DA60D961C3E90821C3E90A21C3E90C22F9
:109D70001849A2689D61184D09689D60D0634B1E0B
:109D8000A26801F10A003C3213F8011F834242F835
:109D9000041FF9D138BD7020FAF74CFA00220F49A0
:109DA00003460274C26380F86C20A060C0E9001210
:109DB000C0E90222C0E90522C0E90722C0E9092260
:109DC000C0E90B22C0E90D22C2E700BFC47B04102A
:109DD000A44C0410D0280020D8310410044E0410E4
:109DE00038B5124B04468568036055B12B68284688
:109DF0000F4A5B68934209D1FFF7F6FD2846FAF750
:109E00001DFA2046FEF7C2FC204638BD9847204682
:109E1000FEF7BCFC204638BD02E02846FAF70EFAF1
:109E20002046FEF7B3FC28F0A5FA00BF64770410C3
:109E3000259A001010B50446FFF7D2FF2046FAF726
:109E4000FDF9204610BD2046FAF7F8F928F092FAFD
:109E500038B5124B04468568036055B12B68284617
:109E60000F4A5B68934209D1FFF7EAFD2846FAF7EB
:109E7000E5F92046FEF78AFC204638BD9847204683
:109E8000FEF784FC204638BD02E02846FAF7D6F9F2
:109E90002046FEF77BFC28F06DFA00BF987704108F
:109EA0007D9A001010B50446FFF7D2FF2046FAF75E
:109EB000C5F9204610BD2046FAF7C0F928F05AFA35
:109EC000836810B50446002B38D026490022264866
:109ED0004FF02E0CDA60986008682C2183F824C0BB
:109EE0001A7400F1230EA268431EC0F1010082F82B
:109EF000251000EB030CA26813F8011F62447345A0
:109F000082F82610F5D1194B1A68531E02F1190E6A
:109F1000C2F1010C0CEB0300A26813F8011F02440C
:109F2000734582F84A10F5D1A3680420104C05222D
:109F30001049C3E90540C3E9071210BD6820FAF7CC
:109F400079F900220C4903460274828480F8642067
:109F5000A060C0E90012C0E90222C0E90522C0E900
:109F60000722B2E7C8280020D8310410CC280020EE
:109F7000A8340410B0340410144E041010B5094B6A
:109F800004468068236010B103685B6898472046E8
:109F9000FEF7FCFB204610BD2046FEF7F7FB28F03D
:109FA000E9F900BFC85C041010B50C4B044680688A
:109FB000236010B103685B6898472046FEF7E6FB14
:109FC0002046FAF73BF9204610BD2046FEF7DEFB9F
:109FD0002046FAF733F928F0CDF9F9E7C85C041008
:109FE00010B50446806858B30023204A20492E2427
:109FF00003740968446201F1230CC0E902232C2395
:10A00000024642F8283F4B1E13F8011F634542F8F1
:10A01000041FF9D1174B00F1B80219684B1E01F16A
:10A02000190C13F8011F634542F8041FF9D1124CB3
:10A030000421124A0523C0E90541C0E9072310BDE8
:10A040004FF49470FAF7F6F800230D4A037480F881
:10A050002431A060C0E90023C0E90233C0E9053320
:10A06000C0E90733C0E90933BEE700BFD8310410A7
:10A07000C8280020CC2800205C460410704604103C
:10A08000244E041010B5094B04468068236010B1BB
:10A0900003685B6898472046FEF778FB204610BDB2
:10A0A0002046FEF773FB28F065F900BFC86704106F
:10A0B00010B50C4B04468068236010B103685B68E0
:10A0C00098472046FEF762FB2046FAF7B7F820468D
:10A0D00010BD2046FEF75AFB2046FAF7AFF828F0ED
:10A0E00049F9F9E7C86704100B4A90F8643010B5D5
:10A0F000044602605BB1806808B1FAF7A1F86069B4
:10A1000008B1FAF79DF8E06908B1FAF799F8204626
:10A11000FEF73CFB204610BD144E041010B504465B
:10A12000FFF7E2FF2046FAF789F8204610BD2046E7
:10A13000FAF784F828F01EF90B4A90F8243110B58C
:10A14000044602605BB1806808B1FAF779F860698B
:10A1500008B1FAF775F8E06908B1FAF771F8204626
:10A16000FEF714FB204610BD244E041010B5044623
:10A17000FFF7E2FF2046FAF761F8204610BD2046BF
:10A18000FAF75CF828F0F6F8836810B50446002B5F
:10A1900038D02649002226484FF02E0CDA6098600D
:10A1A00008682C2183F824C01A7400F1230EA268D9
:10A1B000431EC0F1010082F8251000EB030CA268D9
:10A1C00013F8011F6244734582F82610F5D1194B2C
:10A1D0001A68531E02F1190EC2F1010C0CEB0300B8
:10A1E000A26813F8011F0244734582F84A10F5D1A2
:10A1F000A3680420104C05221049C3E90540C3E9B7
:10A20000071210BD6820FAF715F800220C49034622
:10A210000274828480F86420A060C0E90012C0E962
:10A220000222C0E90522C0E90722B2E7C8280020BF
:10A23000D8310410CC280020A8340410B034041005
:10A24000144E041038B5124B04468568036055B1AE
:10A250002B6828460F4A5B68934209D1FFF744FFF9
:10A260002846F9F7EBFF2046FEF790FA204638BD66
:10A2700098472046FEF78AFA204638BD02E0284675
:10A28000F9F7DCFF2046FEF781FA28F073F800BFEB
:10A29000FC6E04101DA1001010B50446FFF7D2FF9C
:10A2A0002046F9F7CBFF204610BD2046F9F7C6FF40
:10A2B00028F060F810B50446806858B30023204A9F
:10A2C00020492E2403740968446201F1230CC0E97B
:10A2D00002232C23024642F8283F4B1E13F8011F8D
:10A2E000634542F8041FF9D1174B00F1B802196811
:10A2F0004B1E01F1190C13F8011F634542F8041FAE
:10A30000F9D1124C0421124A0523C0E90541C0E9E4
:10A31000072310BD4FF49470F9F78CFF00230D4A0A
:10A32000037480F82431A060C0E90023C0E902333F
:10A33000C0E90533C0E90733C0E90933BEE700BF10
:10A34000D8310410C8280020CC2800205C46041016
:10A3500070460410244E041038B5124B044685682C
:10A36000036055B12B6828460F4A5B68934209D1B8
:10A37000FFF7E2FE2846F9F761FF2046FEF706FAEE
:10A38000204638BD98472046FEF700FA204638BDE3
:10A3900002E02846F9F752FF2046FEF7F7F927F0CA
:10A3A000E9FF00BFB47604106DA1001010B504469B
:10A3B000FFF7D2FF2046F9F741FF204610BD2046A7
:10A3C000F9F73CFF27F0D6FF009B03201A60704787
:10A3D000002070470020704704207047009B032036
:10A3E0001A6070477F2908D8D0E900329A4250D0CD
:10A3F0005A1C0260012019707047B1F5006F10B44B
:10A4000014D2D0E900239B1A012B44D98B0901F007
:10A410003F01541C403B80390460137003685A1C90
:10A420000260012019705DF8044B7047B1F5803F60
:10A430001DD3B1F5881F2ED2D0E900239B1A032B20
:10A4400029D98B0C541C103B04601370C1F30533E5
:10A450000268803B541C04601370C1F385130268CA
:10A4600001F03F01803B541C80390460D5E7D0E9FE
:10A4700000239B1A022B0ED90B0B541C203B0460AB
:10A480001370C1F38513026801F03F01803B541C37
:10A49000EAE7002070470020C5E700BFD0E900329E
:10A4A000D21A07D0844618787F2806D80133CCF812
:10A4B000003070476FF001007047C12872D9DF2863
:10A4C00030B521D9EF2831D8012A68D093F801E0BE
:10A4D0000EF0C004802C5FD1E02802D1BEF19F0FA6
:10A4E0005AD9022A5BD09C7804F0C002802A53D14A
:10A4F0002E4A224402EB003202EB8E10814202D33C
:10A500000333CCF8003030BD012A48D05A7802F02D
:10A51000C00EBEF1800F3FD1A2F5425202EB801077
:10A520008142F0D30233CCF8003030BDF42833D868
:10A53000B1F5803F30D3012A31D093F801E00EF01D
:10A54000C004802C28D1F02802D1BEF18F0F23D96E
:10A55000F42802D1BEF18F0F1ED8022A1FD09C789A
:10A5600004F0C005802D17D1032A18D0DD7805F03E
:10A57000C002802A10D1A2F17272A2F504522A44BC
:10A5800002EB804202EB0E3202EB84108142BAD31E
:10A590000433CCF8003030BD4FF0FF3030BD6FF0E9
:10A5A000010030BD4FF0FF30704700BF80DFF1FF8A
:10A5B0007F2908D8D0E900329A4254D05A1C026050
:10A5C000197001207047B1F5006F12D2D0E9002355
:10A5D0009B1A012B47D94FEA911C01F03F0113460A
:10A5E000ACF1400C803903F802CB036001205170BC
:10A5F0007047B1F5803F20D3B1F5881F33D2D0E941
:10A600000032D21A032A2ED9C1F305324FEA914CF7
:10A61000803AACF1100C10B45A70C1F3851201F0FD
:10A620003F011C1D803A83F800C080399A70046095
:10A6300001205DF8044BD9707047D0E90032D21A7E
:10A64000022A10D9C1F385124FEA113C01F03F01F3
:10A65000803AACF1200C80395A70DA1C83F800C0C3
:10A6600002609970ADE70020704700BFD0E900326A
:10A67000D21A07D0844618787F2806D80133CCF840
:10A68000003070476FF001007047C12872D9DF2891
:10A6900030B521D9EF2831D8012A68D093F801E0EC
:10A6A0000EF0C004802C5FD1E02802D1BEF19F0FD4
:10A6B0005AD9022A5BD09C7804F0C002802A53D178
:10A6C0002E4A224402EB003202EB8E10814202D36A
:10A6D0000333CCF8003030BD012A48D05A7802F05C
:10A6E000C00EBEF1800F3FD1A2F5425202EB8010A6
:10A6F0008142F0D30233CCF8003030BDF42833D897
:10A70000B1F5803F30D3012A31D093F801E00EF04B
:10A71000C004802C28D1F02802D1BEF18F0F23D99C
:10A72000F42802D1BEF18F0F1ED8022A1FD09C78C8
:10A7300004F0C005802D17D1032A18D0DD7805F06C
:10A74000C002802A10D1A2F17272A2F504522A44EA
:10A7500002EB804202EB0E3202EB84108142BAD34C
:10A760000433CCF8003030BD4FF0FF3030BD6FF017
:10A77000010030BD4FF0FF30704700BF80DFF1FFB8
:10A78000034B10B504460360FEF700F8204610BDE9
:10A7900038500410034B10B504460360FDF7F6FF74
:10A7A000204610BD90500410034B10B504460360C2
:10A7B000FDF7ECFF204610BDE8500410034B10B528
:10A7C00004460360FDF7E2FF204610BD405104102F
:10A7D000054B10B504460360FDF7D8FF2046F9F796
:10A7E0002DFD204610BD00BF38500410054B10B59C
:10A7F00004460360FDF7CAFF2046F9F71FFD204617
:10A8000010BD00BF90500410054B10B50446036006
:10A81000FDF7BCFF2046F9F711FD204610BD00BF33
:10A82000E8500410054B10B504460360FDF7AEFF79
:10A830002046F9F703FD204610BD00BF405104102B
:10A8400030B583B00698CDE9002390B11546441E7B
:10A8500009496846FFF70AFF002C18BFB0F5881FAA
:10A8600004F1FF3434BF012000200028F1D100980A
:10A87000401B03B030BD00BFFFFF1000F0B59A428F
:10A8800083B01C46099F0A9DCDE9002321D0124EBA
:10A89000BD423146684619D0FFF7E8FE831C009A96
:10A8A0000BD0B0F5881F0FD2944247F8040BEFD1BC
:10A8B0002346E01A18BF012000E00120089B1A601F
:10A8C0000B9B1F6003B0F0BD0220F7E71346009A10
:10A8D000EFE71346EDE700BFFFFF100070B582B051
:10A8E0009A421446DDE90710CDE900101BD01E4640
:10A8F0002168254668460434B1F5881F08D2FFF761
:10A9000057FE68B1A6422546F2D10099002001E029
:10A9100000990220069B1D60099B196002B070BD62
:10A9200000990120F6E715460020F3E7F0B583B063
:10A9300017460124089E012ECDE9002314D90025D5
:10A940000F4907E0B0F5803F38BF2C46651C023444
:10A95000A64209D96846FFF789FEB0F5881FF1D3F2
:10A960000098C01B03B0F0BDA642F9D14FF6FF71AD
:10A970006846FFF77BFE0098C01B03B0F0BD00BF28
:10A98000FFFF1000F0B5144683B09A1A9C42DDE92F
:10A990000910CDE9001032D01D461A4E218801273A
:10A9A000A1F55843A1F55C40B3F5806F19D2022A96
:10A9B0004FF0020720D96388A3F55C423344B2F517
:10A9C000806F03EB81210FD26846FFF7F1FD98B14C
:10A9D00004EB4704A542A5EB0402DFD10099002057
:10A9E00004E0B0F5806FEFD200990220089B1C6054
:10A9F0000B9B196003B0F0BD00990120F6E7002021
:10AA0000F4E700BF0024A0FC2DE9F8439B070446AF
:10AA10000D461646089F38D4D4E900329A42A2EB7C
:10AA2000030C2AD0DFF8888019884FF00109A1F5BE
:10AA30005842A1F55C40B2F5806F20D24F454FF0EF
:10AA400002091FD0CC4525D95B8803EB0802A3F58A
:10AA50005C43B3F5806F02EB812113D2B1422846EB
:10AA600010D8FFF7BFFCA8B1D4E9003203EB4903CB
:10AA70009342A2EB030C2360D6D1002003E0B0F593
:10AA8000806FEBD20220BDE8F883D1E900239B1A46
:10AA9000022B02D80120BDE8F883044B19889B786B
:10AAA000118093702B6803332B60B5E7B834041022
:10AAB0000024A0FC10B586B01C46DDE90901029215
:10AAC0000022039413460092074ACDE9040104A929
:10AAD00002A8FFF799FF029A0899049B0A600B9A53
:10AAE000136006B010BD00BFFFFF100070B582B04C
:10AAF0000C4616469DF81850CDE9000119466B0723
:10AB000022D4012E12D90025012407E0B0F5803FA0
:10AB100038BF2C46651C0234B44208D26846FFF7A1
:10AB2000BDFC8842F2D9009802B070BD0124B44245
:10AB3000F9D14FF6FF736846994228BF1946FFF7CF
:10AB4000ADFC009802B070BD241A022CD9D903784C
:10AB5000EF2BD6D14378BB2BD3D18378BF2BD0D169
:10AB600003300090CDE700BF10B5002082B014463E
:10AB700019460090034B2046049AFFF7B7FF001BCD
:10AB800002B010BDFFFF100030B583B00698CDE9CC
:10AB9000002390B11546441E09496846FFF77EFC24
:10ABA000002C18BFB0F5881F04F1FF3434BF01201A
:10ABB00000200028F1D10098401B03B030BD00BF39
:10ABC000FFFF10002DE9F0470D4611465A070446D5
:10ABD0009846D0E900A746D4BA451CD06E68D5F88F
:10ABE0000090B14554D02046FFF758FC831C1BD081
:10ABF000814252D3B0F5803F10D218F0010F1FFAF6
:10AC000080FC2BD009F102032B60A9F800C0D4F816
:10AC100000A0BA45E3D10020BDE8F087A6EB090308
:10AC2000022B04D8C4E900A70120BDE8F087830AFD
:10AC3000C0F3090018F0010FA3F52153A0F510503F
:10AC40009BB280B203D15BBA40BA9BB280B24A4693
:10AC500022F8043B2A60A9F80200D8E79CFA9CF08D
:10AC60001FFA80FCCEE7A7EB0A03022BB4D99AF8AF
:10AC70000030EF2BB0D19AF80130BB2BACD19AF851
:10AC80000230BF2BA8D10AF1030AC0F800A0A3E745
:10AC9000BAEB070018BF0120BEE70220BCE700BFE7
:10ACA00010B584B01C4601230092094ADDE9071063
:10ACB000CDE90141039002A96846FFF783FF009A9E
:10ACC0000699029B0A60099A136004B010BD00BF88
:10ACD000FFFF10002DE9F0419A4282B090461C46D9
:10ACE000099F0A9DCDE9002341D0224EBD42314645
:10ACF000684634D0FFF7BAFC811CA5EB07023B463F
:10AD000029D0B0F5881F2ED2B0F5803F0BD223F8A2
:10AD1000020B1F46DDF800804445E7D12346E01AC8
:10AD200018BF012002E0022A08D80120089BC3F8BE
:10AD300000800B9B1F6002B0BDE8F081820AC0F367
:10AD400009003B46A2F52152A0F5105023F8042B30
:10AD500078801F46DEE7DDF800800120E6E7434605
:10AD6000DDF80080DBE7DDF800800220DEE7134637
:10AD7000D5E700BFFFFF100070B582B09A421446BD
:10AD8000DDE90710CDE900101BD01E4621682546DD
:10AD900068460434B1F5881F08D2FFF723FB68B179
:10ADA000A6422546F2D10099002001E00099022038
:10ADB000069B1D60099B196002B070BD00990120BF
:10ADC000F6E715460020F3E7F0B59A4283B01C463B
:10ADD000099F0A9DCDE9002321D0124EBD42314684
:10ADE000684619D0FFF75AFB831C009A0BD0B0F5C8
:10ADF000881F0FD2944247F8040BEFD12346E01A84
:10AE000018BF012000E00120089B1A600B9B1F6007
:10AE100003B0F0BD0220F7E71346009AEFE71346B0
:10AE2000EDE700BFFFFF10002DE9F04F0123AE4E0C
:10AE3000D1F808900D46044683B03046D1E900BAF7
:10AE400073600021A94BC6F808B03360FFF79CF986
:10AE5000736867680133A6487360FDF747FF0123F5
:10AE600047F82060A34E7360A34B3360FDF7A4FC4A
:10AE7000736867680133B060A0487360FDF736FF00
:10AE8000012347F820609E4E0022736011469D4BBF
:10AE90003046C6F808A03360FEF74CFE736867685A
:10AEA000013399487360FDF721FF012347F82060C3
:10AEB000964E002273601146954B3046C6F80890B6
:10AEC0003360FEF7E9FD736867680133914873608A
:10AED000FDF70CFFD4F8048047F8206002278E4E5F
:10AEE0008E4B8F4833607760FDF700FF8D4B48F83D
:10AEF00020608D4ED4F804808C4833607760FDF775
:10AF0000F5FE8B4B48F820608A4ED4F804808A48BE
:10AF100033607760FDF7EAFE48F820600121874E34
:10AF2000304613F07DFB73686768013384487360B3
:10AF3000FDF7DCFE012347F82060824E0021D5F8A2
:10AF40000C8073603046804BC6F808803360D5E9CA
:10AF500004730093FFF7AEF97368656801337B48AB
:10AF60007360FDF7C3FE012345F82060784E7360DF
:10AF7000784B3360FDF720FC736865680133B0607F
:10AF800075487360FDF7B2FE012345F82060734EEB
:10AF9000002273601146724B3046B7603360FEF793
:10AFA000D3FE7368656801336E487360FDF79EFEDB
:10AFB000009B002245F820606B4E1146B3600123D0
:10AFC00030467360694B3360FEF772FE73686568E4
:10AFD000013367487360FDF789FE664B45F82060D2
:10AFE00002256268644E6548336001927560FDF722
:10AFF0007DFE019A42F82060614E624A62483260EA
:10B00000626875600192FDF771FE019A42F8206056
:10B010005E4E5F4A5F483260626875600192FDF77C
:10B0200065FE019A012142F820605B4E30461EF019
:10B0300023FB736862680133584801927360FDF71F
:10B0400055FE019A42F82060E6682948FDF74EFE59
:10B0500046F820B0E6682C48FDF748FE46F820A0E8
:10B06000E6682C48FDF742FE46F82090E66837482F
:10B07000FDF73CFE46F82080E6683A48FDF736FECC
:10B08000E46846F820703A48FDF730FE009B44F82B
:10B09000203003B0BDE8F08F1348FDF777FB27F0B1
:10B0A00069F93148FDF772FB27F064F92B48FDF789
:10B0B0006DFB27F05FF92648FDF768FB27F05AF98A
:10B0C0002048FDF763FB27F055F91048FDF75EFBBC
:10B0D00027F050F90A48FDF759FB27F04BF90548CE
:10B0E000FDF754FB27F046F980460020FC6E041063
:10B0F000A4470020F8460020E06E0410804700209E
:10B10000C8460020E06F041048460020D4460020C6
:10B11000AC6F04104C460020A84600205C70041060
:10B12000BC47002074700410B8460020C4470020BB
:10B13000A070041098460020AC4700206046002014
:10B140009C4700208C460020B4760410A8470020BD
:10B15000044700205876041084470020E046002071
:10B160009877041050460020EC46002064770410C5
:10B170005446002014780410B0460020C047002038
:10B18000C04600202C780410C8470020A0460020AC
:10B1900058780410B047002070460020A0470020D7
:10B1A00010B582B08C461C46C168049813466246AE
:10B1B000009401904FF000000AF07EFD02B010BD37
:10B1C00030B58BB004460AA8129D00E90C00109B14
:10B1D0008A6803930EAB93E80300119B05957925CC
:10B1E000049301AB069583E80300DDE908304FF0D6
:10B1F0000001009020460BF037FA20460BB030BD1E
:10B2000030B58BB004460AA8129D00E90C00109BD3
:10B210008A6803930EAB93E80300119B05956D2597
:10B22000049301AB069583E80300DDE908304FF095
:10B230000001009020460BF017FA20460BB030BDFD
:10B2400030B58BB004460AA8129D00E90C00109B93
:10B250008A6803930EAB93E80300119B059577254D
:10B26000049301AB069583E80300DDE908304FF055
:10B270000001009020460BF0F7F920460BB030BDDE
:10B2800030B58BB004460AA8129D00E90C00109B53
:10B290008A6803930EAB93E80300119B0595642520
:10B2A000049301AB069583E80300DDE908304FF015
:10B2B0000001009020460BF0D7F920460BB030BDBE
:10B2C00030B58BB004460AA8129D00E90C00109B13
:10B2D0008A6803930EAB93E80300119B05957425D0
:10B2E000049301AB069583E80300DDE908304FF0D5
:10B2F0000001009020460BF0B7F920460BB030BD9E
:10B3000003464FF0000099680BF0A6B970B590B0F5
:10B31000896805460AAC0DF1040C08AE84E80C00FF
:10B320009DF858300A4614A90393179B04930023F1
:10B3300007930D930EAB06930DAB05930A9B03C9C0
:10B340008CE803000B99304600914FF000010BF0A0
:10B35000CFFA0D9B96E8030084E803005BB91999C6
:10B36000DDE90E23C1E9002394E8030085E803002A
:10B37000284610B070BD94E80300189A85E80300D1
:10B380002846136010B070BD30B58BB000250AACF4
:10B3900004E90C000F9B8A6802939DF840309DF8E9
:10B3A000384003930194044606959DED127BDDE938
:10B3B00008318DED047B00914FF000010BF0D4FBC0
:10B3C00020460BB030BD00BF03460A464FF00000D8
:10B3D00019690BF035B900BF10B5034614460A6869
:10B3E00082B019694FF0000052F80C3C00940AF04A
:10B3F000DFFF02B010BD00BF10B582B08C461C4606
:10B40000C168049813466246009401904FF0000012
:10B410000AF060FC02B010BD30B58BB004460AA83B
:10B42000129D00E90C00109B8A6803930EAB93E811
:10B430000300119B05957925049301AB069583E8DC
:10B440000300DDE908304FF00001009020460BF0CA
:10B45000ADF920460BB030BD30B58BB004460AA81C
:10B46000129D00E90C00109B8A6803930EAB93E8D1
:10B470000300119B05956D25049301AB069583E8A8
:10B480000300DDE908304FF00001009020460BF08A
:10B490008DF920460BB030BD30B58BB004460AA8FC
:10B4A000129D00E90C00109B8A6803930EAB93E891
:10B4B0000300119B05957725049301AB069583E85E
:10B4C0000300DDE908304FF00001009020460BF04A
:10B4D0006DF920460BB030BD30B58BB004460AA8DC
:10B4E000129D00E90C00109B8A6803930EAB93E851
:10B4F0000300119B05956425049301AB069583E831
:10B500000300DDE908304FF00001009020460BF009
:10B510004DF920460BB030BD30B58BB004460AA8BB
:10B52000129D00E90C00109B8A6803930EAB93E810
:10B530000300119B05957425049301AB069583E8E0
:10B540000300DDE908304FF00001009020460BF0C9
:10B550002DF920460BB030BD03464FF0000099682E
:10B560000BF07EB870B590B0896805460AAC0DF155
:10B57000040C08AE84E80C009DF858300A4614A963
:10B580000393179B0493002307930D930EAB06932D
:10B590000DAB05930A9B03C98CE803000B99304659
:10B5A00000914FF000010BF03DFA0D9B96E803006F
:10B5B00084E803005BB91999DDE90E23C1E9002392
:10B5C00094E8030085E80300284610B070BD94E8B5
:10B5D0000300189A85E803002846136010B070BD78
:10B5E00030B58BB000250AAC04E90C000F9B8A68CB
:10B5F0000293109B9DF838400393019404460695EE
:10B600009DED127BDDE908318DED047B00914FF05B
:10B6100000010BF039FB20460BB030BD03460A4653
:10B620004FF0000019690BF011B800BF10B50346C8
:10B6300014460A6882B019694FF0000052F80C3CB9
:10B6400000940AF0DBFE02B010BD00BF70B50D46DD
:10B65000064600212D1A284602F06EFC012D0446F4
:10B6600000F10C030AD02A461846314637F010FD87
:10B67000084A0346944206D1184670BD32780273D8
:10B68000044A9442F8D00022611925601846A2604D
:10B690000A7370BD3846002003680A4AA3F10C0003
:10B6A00090420ED053F8042C511E002A43F8041C7B
:10B6B00007DC00B583B001A902F0A4FF03B05DF878
:10B6C00004FB70472846002003680A4AA3F10C00D7
:10B6D00090420ED053F8042C511E002A43F8041C4B
:10B6E00007DC00B583B001A902F076FC03B05DF879
:10B6F00004FB70473846002030B51C468BB000254F
:10B70000C9681346009403AA04464FF00000099547
:10B710000AF0EEFA099BABB1DDE90301014488426E
:10B7200009D090B102AAFFF791FF099B206023B9CD
:10B7300020460BB030BD094A226003A89847204636
:10B740000BB030BD064811F071F9064811F06EF9E2
:10B75000099B0BB103A8984726F00CFE4446002035
:10B76000BC340410D8340410F0B593B00D46044630
:10B770000DF1200C1B9E9DF860708CE80C00336866
:10B78000002253F8041CA3F10C001192914204DB37
:10B790001A4A904227D11A4604E00AA903F060F839
:10B7A000326803460B93002652F80C3C09991A9A0A
:10B7B0000C93199B124802930392AA680BAD119047
:10B7C0002046089B0695CDE9001700274FF00001A1
:10B7D000CDE904670BF058FA119B0BB12846984746
:10B7E000204613B0F0BD01311A4643F8041CD9E7D6
:10B7F000119B0BB10BA8984726F0BCFD28460020F2
:10B80000F9BA00102DE9F04192B00D4604460DF151
:10B81000200C1B9E9DF860709DF868808CE80C00E1
:10B820003368002253F8041CA3F10C0011929142DA
:10B8300004DB1B4A904228D11A4604E00AA902F010
:10B84000F5FC326803460B93002652F80C3C09992C
:10B850000C93199B13480293CDF80C80AA680BAD8A
:10B8600011902046089B0695CDE9001700274FF060
:10B870000001CDE904670BF077F9119B0BB1284665
:10B880009847204612B0BDE8F08101311A4643F8CE
:10B89000041CD8E7119B0BB10BA8984726F06AFD52
:10B8A0003846002071C1001030B58DB01D461346DA
:10B8B0000446119A0020096912680B9052F80C0C8A
:10B8C0000292109A03904FF00000019205AA009591
:10B8D0000AF0BAFD0B9BABB1DDE9050101448842DA
:10B8E00009D090B104AAFFF7B1FE0B9B206023B9E9
:10B8F00020460DB030BD094A226005A89847204671
:10B900000DB030BD064811F091F8064811F08EF8E0
:10B910000B9B0BB105A8984726F02CFD4446002050
:10B92000BC340410D83404102DE9F0431C468BB00D
:10B930000025C9681346009403AA04464FF000008E
:10B9400009950AF015FA099B002B34D0DDE9038232
:10B95000960022D0B8F1000F30D0B71002AA002113
:10B96000384602F0FDFD012F054600F10C0910D00C
:10B9700027B141463A4648462CF024FD144A099B1B
:10B98000954212D1C4F800904BB920460BB0BDE8E7
:10B99000F083D8F80030C360F0E70E4A226003A8B5
:10B9A000984720460BB0BDE8F0830021AA192F600C
:10B9B000A960D160E6E7084811F038F8074811F0AF
:10B9C00035F8099B0BB103A8984726F0D3FC00BFBC
:10B9D0002846002034460020BC340410D83404101B
:10B9E0002DE9F0438DB01D4613460446159A0020FC
:10B9F000149E12680B9052F80C0C096903904FF0DA
:10BA000000000095CDE9016205AA0AF0AFFD0B9B8D
:10BA1000002B34D0DDE90582960022D0B8F1000F6A
:10BA200030D0B71004AA0021384602F099FD012F4A
:10BA3000054600F10C0910D027B141463A46484668
:10BA40002CF0C0FC144A0B9B954212D1C4F8009014
:10BA50004BB920460DB0BDE8F083D8F80030C36084
:10BA6000F0E70E4A226005A8984720460DB0BDE8D1
:10BA7000F0830021AA192F60A960D160E6E7084889
:10BA800010F0D4FF074810F0D1FF0B9B0BB105A8B5
:10BA9000984726F06FFC00BF28460020344600205F
:10BAA000BC340410D834041010B5084B04460069A7
:10BAB000236043685A1E012B426002D103685B6811
:10BAC0009847204611F0FCFA204610BD1C5804107F
:10BAD00010B5084B04460069236043685A1E012BC9
:10BAE000426002D103685B68984720461CF0A2FAC6
:10BAF000204610BD1059041003680A4AA3F10C0037
:10BB0000904200D1704753F8042C511E002A43F88C
:10BB1000041CF7DC00B583B001A902F073FD03B08B
:10BB20005DF804FB2846002010B5094B04468068E8
:10BB3000236043685A1E012B426002D103685B6890
:10BB40009847044B20462360FCF720FE204610BD9A
:10BB5000E05804101478041010B5094B04468068AE
:10BB6000236043685A1E012B426002D103685B6860
:10BB70009847044B20462360FCF708FE204610BD82
:10BB8000F85804102C78041010B50A4B04460069CC
:10BB9000236043685A1E012B426002D103685B6830
:10BBA000984720461CF046FA2046F8F747FB204607
:10BBB00010BD00BF1059041010B5094B0446806831
:10BBC000236043685A1E012B426002D103685B6800
:10BBD0009847044B20462360FCF7D8FD204610BD53
:10BBE0002C590410A070041010B5094B044680684D
:10BBF000236043685A1E012B426002D103685B68D0
:10BC00009847044B20462360FCF7C0FD204610BD3A
:10BC1000EC5704105C70041010B5094B04468068A2
:10BC2000236043685A1E012B426002D103685B689F
:10BC30009847044B20462360FCF7A8FD204610BD22
:10BC4000045804107470041010B50A4B04460069BF
:10BC5000236043685A1E012B426002D103685B686F
:10BC60009847204611F02CFA2046F8F7E7FA2046CC
:10BC700010BD00BF1C58041010B5094B0446806865
:10BC8000236043685A1E012B426002D103685B683F
:10BC90009847044B20462360FCF778FD204610BDF2
:10BCA000545904105878041010B50022044609496C
:10BCB000D0E903032160DA6043685A1E012B426019
:10BCC00002D103685B6898472046FEF745FB204693
:10BCD00010BD00BF3858041010B50B4B04468068E7
:10BCE000236043685A1E012B426002D103685B68DF
:10BCF0009847064B20462360FCF748FD2046F8F79E
:10BD00009DFA204610BD00BF2C590410A0700410ED
:10BD100010B50B4B04468068236043685A1E012B04
:10BD2000426002D103685B689847064B2046236057
:10BD3000FCF72CFD2046F8F781FA204610BD00BF25
:10BD4000EC5704105C70041010B50B4B044680686F
:10BD5000236043685A1E012B426002D103685B686E
:10BD60009847064B20462360FCF710FD2046F8F765
:10BD700065FA204610BD00BFE05804101478041086
:10BD800010B50B4B04468068236043685A1E012B94
:10BD9000426002D103685B689847064B20462360E7
:10BDA000FCF7F4FC2046F8F749FA204610BD00BF26
:10BDB000045804107470041010B50B4B04468068CE
:10BDC000236043685A1E012B426002D103685B68FE
:10BDD0009847064B20462360FCF7D8FC2046F8F72E
:10BDE0002DFA204610BD00BFF85804102C7804101E
:10BDF00010B5002204460949D0E903032160DA6046
:10BE000043685A1E012B426002D103685B68984761
:10BE10002046FEF717FA204610BD00BF4457041015
:10BE200010B50B4B04468068236043685A1E012BF3
:10BE3000426002D103685B689847064B2046236046
:10BE4000FCF7A4FC2046F8F7F9F9204610BD00BF26
:10BE5000545904105878041010B50B4B0446C068B0
:10BE6000236043685A1E012B426002D103685B685D
:10BE700098472046054B40F8083B27F0A9FC204690
:10BE8000FCF784FC204610BD68570410E06E0410D7
:10BE900010B50B4B0446C068236043685A1E012B43
:10BEA000426002D103685B6898472046054B40F822
:10BEB000083B27F08DFC2046FCF768FC204610BDAF
:10BEC0005C5804105876041010B5002204460A4944
:10BED000D0E903032160DA6043685A1E012B4260F7
:10BEE00002D103685B6898472046FEF7ABF920460D
:10BEF000F8F7A4F9204610BD4457041010B50022ED
:10BF000004460A49D0E903032160DA6043685A1EF7
:10BF1000012B426002D103685B6898472046FEF718
:10BF20001BFA2046F8F78AF9204610BD385804104D
:10BF300010B50D4B0446C068236043685A1E012BA0
:10BF4000426002D103685B689847084B204640F87E
:10BF5000083B27F03DFC2046FCF718FC2046F8F78C
:10BF60006DF9204610BD00BF5C58041058760410CF
:10BF700010B50D4B0446C068236043685A1E012B60
:10BF8000426002D103685B689847084B204640F83E
:10BF9000083B27F01DFC2046FCF7F8FB2046F8F78D
:10BFA0004DF9204610BD00BF68570410E06E041024
:10BFB00010B5002204460A49D0E903032160DA6083
:10BFC0001A629A621A6343685A1E012B426002D1B8
:10BFD00003685B6898472046FDF73AFF204610BD8E
:10BFE000AC58041010B5002204460A49D0E90303F6
:10BFF0002160DA609A611A629A6243685A1E012BC4
:10C00000426002D103685B6898472046FDF7E0FD77
:10C01000204610BD8457041010B5002204460A497A
:10C02000D0E903032160DA601A629A621A634368F6
:10C030005A1E012B426002D103685B689847204674
:10C04000FDF7CEFE204610BD7858041010B5002232
:10C0500004460A49D0E903032160DA609A611A6252
:10C060009A6243685A1E012B426002D103685B68E2
:10C0700098472046FDF7E4FD204610BDB857041050
:10C0800010B5002204460C49D0E903032160DA60B0
:10C090009A611A629A6243685A1E012B426002D169
:10C0A00003685B6898472046FDF7CAFD2046F8F70D
:10C0B000C5F8204610BD00BFB857041010B50022C7
:10C0C00004460C49D0E903032160DA609A611A62E0
:10C0D0009A6243685A1E012B426002D103685B6872
:10C0E00098472046FDF774FD2046F8F7A7F820464C
:10C0F00010BD00BF8457041010B5002204460C493F
:10C10000D0E903032160DA601A629A621A63436815
:10C110005A1E012B426002D103685B689847204693
:10C12000FDF796FE2046F8F789F8204610BD00BFBF
:10C13000AC58041010B5002204460C49D0E90303A2
:10C140002160DA601A629A621A6343685A1E012BF0
:10C15000426002D103685B6898472046FDF740FEC5
:10C160002046F8F76BF8204610BD00BF7858041041
:10C1700003680A4AA3F10C00904200D1704753F8BB
:10C18000042C511E002A43F8041CF7DC00B583B0D0
:10C1900001A901F021FF03B05DF804FB384600203F
:10C1A0002DE9F04F97B0896805460AAC0FAF0DF145
:10C1B000040C08AE84E80C009DF888300A4620A9DB
:10C1C00007970393239B04930023069315930D93E2
:10C1D0000DAB05930A9B03C98CE803000B9930460D
:10C1E00000914FF000010AF01DFC159B96E803003A
:10C1F00084E803000D9961B1249A116094E803006A
:10C2000085E803000BB138469847284617B0BDE8CB
:10C21000F08F002B48D0DDE90F935FEA83082BD025
:10C22000B9F1000F43D04FEAA80A0CAA504602F019
:10C2300097F9BAF1010F064600F10C0B18D0BAF1CC
:10C24000000F04D04946524658462CF0BBF8DFF8A0
:10C2500078904E4520D125980EA9CDF838B002F03F
:10C2600069F90E9BA3F10C0048450AD1159BC5E75F
:10C27000D9F80030C360EAE7DFF850B0ABF10C0941
:10C28000E9E753F8042C511E002A43F8041CEDDCA6
:10C290000CA902F0B7F9E9E7002206EB0803C6F89B
:10C2A00000A0B260DA60D6E7054810F0BFFB054891
:10C2B00010F0BCFB159B0BB13846984726F05AF896
:10C2C000BC340410D8340410284600203446002022
:10C2D000F0B597B0896805460AAC0FAF0DF1040CB4
:10C2E00008AE84E80C009DF878300A461CA9079730
:10C2F00003931F9B04930023069315930D930DAB9B
:10C3000005930A9B03C98CE803000B993046009102
:10C310004FF000010AF0ECFA0D9A159B96E8030025
:10C3200084E803005AB120990A6094E8030085E884
:10C3300003000BB138469847284617B0F0BD13B339
:10C34000DDE90F010144884210D0F8B10CAAFFF7D3
:10C350007DF90E900EA9219801F0B8FD0E9B104AB0
:10C36000A3F10C00904203D1159BDEE70D48F0E7E6
:10C3700053F8042C511E002A43F8041CF4DC0CA9C9
:10C3800001F02AFEF0E7084810F050FB074810F0D3
:10C390004DFB159B0BB13846984725F0EBFF00BFCE
:10C3A0003846002044460020BC340410D834041021
:10C3B0004268511E012A416000D0704703685B68E3
:10C3C000184700BF0B6808462DE9F0419B6882B012
:10C3D00014460D4698470346284684F824302B68B7
:10C3E000DB689847002384F825000122A36001A898
:10C3F00063612946E3612B6884F864201B699847D0
:10C40000019B53F80C7C781CF7F716FF06460023B7
:10C410003A4601A8314601F035FD019B0022A3F107
:10C420000C00F255C4E90267324FB8423AD12B688A
:10C4300001A829465B699847019B53F80C8C08F1C9
:10C440000100F7F7F9FE06460023424601A83146EF
:10C4500001F018FD019B0022A3F10C0006F8082052
:10C46000B842C4E9056828D12B6801A829469B6910
:10C470009847019B53F80C6C701CF7F7DDFE0546DE
:10C480000023324601A8294601F0FCFC019B002252
:10C49000A3F10C00AA55B842C4E9075618D102B05E
:10C4A000BDE8F08153F8042C511E002A43F8041C07
:10C4B000BDDC694601F090FDB9E753F8042C511E2C
:10C4C000002A43F8041CCFDC694601F085FDCBE768
:10C4D00053F8042C511E002A43F8041CDFDC694683
:10C4E00001F07AFDDBE701A8FFF7EEF825F042FF47
:10C4F000F9E7F8E7384600200B6808462DE9F041D7
:10C500000D4682B09B68144698472B680246284621
:10C51000DB686262984700230122A062A36001A841
:10C5200063612946E3612B6884F824211B699847DD
:10C53000019B53F80C7C781CF7F77EFE064600231F
:10C540003A4601A8314601F09DFC0022019BF255BC
:10C55000A3F10C00404A9042C4E902674CD12B6819
:10C56000294601A85B699847019B53F80C8C6FF032
:10C57000604308F101069E426CD2B6003046F7F7E0
:10C580005BFE07460023424601A8394601F0ACFF96
:10C59000019B3E4467610022A3F10C002F4FC4F8B9
:10C5A0001880B84246F8042C31D12B68294601A8DE
:10C5B0009B699847019B53F80C8C6FF0604308F11E
:10C5C00001069E4239D2B6003046F7F735FE0546E1
:10C5D0000023424601A8294601F086FF019B002264
:10C5E000A3F10C00C4E90758B842354445F8042CBF
:10C5F00018D102B0BDE8F08153F8042C511E002A76
:10C6000043F8041CABDC694601F0E6FCA7E753F8ED
:10C61000042C511E002A43F8041CC6DC694601F0B4
:10C62000F1FFC2E753F8042C511E002A43F8041C02
:10C63000DFDC694601F0E6FFDBE725F063FF01A8D8
:10C64000FFF742F825F096FE01A8FFF725F825F040
:10C6500091FEF9E725F056FF3846002028460020D5
:10C6600010B4084611461A46DDE901340194046805
:10C67000A468A4465DF8044B604700BF10B40846A8
:10C6800011461A46DDE9013401940468A468A44601
:10C690005DF8044B604700BF30B5086883B01446AE
:10C6A0001A46C56801A8069BA847A3690BB1204696
:10C6B0009847019B53F8042CA3F10C00002A0ADBD5
:10C6C0001949884253F80C1C21D1184AC4E9003199
:10C6D000A26103B030BD0022694601F0A7FD019BB5
:10C6E0000146114A53F80C0C104D6060A3F10C0088
:10C6F000A56190422160ECD053F8042C511E002A11
:10C7000043F8041CE5DC694601F066FCE1E7013210
:10C7100043F8042C054AC4E90031A261ECE701A802
:10C72000FEF7D2FF25F026FE3846002071C100102A
:10C7300030B5086883B014461A46C56801A8069B40
:10C74000A847A3690BB120469847019B53F8042CD6
:10C75000A3F10C00002A0ADB1949884253F80C1C8B
:10C7600021D1184AC4E90031A26103B030BD0022D2
:10C77000694602F075F8019B0146114A53F80C0C0A
:10C78000104D6060A3F10C00A56190422160ECD0D7
:10C7900053F8042C511E002A43F8041CE5DC6946BA
:10C7A00001F030FFE1E7013243F8042C054AC4E907
:10C7B0000031A261ECE701A8FEF76EFF25F0DAFD7B
:10C7C00028460020F9BA00100B6808462DE9F04110
:10C7D0009B6884B014460D46984703462846637408
:10C7E0002B68DB68984703462846A3742B681B6AAE
:10C7F000984700230122E062A36003A863612946F1
:10C80000E36163622B6884F843201B699847039BAC
:10C8100053F80C7C781CF7F70FFD064600233A46C8
:10C8200003A8314601F02EFB039B0022A3F10C006C
:10C83000F255C4E902674F4FB84266D12B6803A88E
:10C8400029465B699847039B53F80C8C08F101005B
:10C85000F7F7F2FC06460023424603A8314601F0F2
:10C8600011FB039B0022A3F10C0006F80820B8423C
:10C87000C4E9056854D12B6803A829469B699847E9
:10C88000039B53F80C8C08F10100F7F7D5FC064622
:10C890000023424603A8314601F0F4FA039B00222C
:10C8A000A3F10C0006F80820B842C4E9076842D199
:10C8B0002B6803A82946DB699847039B53F80C8C27
:10C8C00008F10100F7F7B8FC06460023424603A82A
:10C8D000314601F0D7FA039B0022A3F10C0006F8C1
:10C8E0000820B842C4E9096830D12B6828465B6A41
:10C8F00098470346284623632A68CDE90233936AA2
:10C900009847606304B0BDE8F08153F8042C511ED1
:10C91000002A43F8041C91DC02A901F05DFB8DE7BD
:10C9200053F8042C511E002A43F8041CA3DC02A96E
:10C9300001F052FB9FE753F8042C511E002A43F8E4
:10C94000041CB5DC02A901F047FBB1E753F8042C45
:10C95000511E002A43F8041CC7DC02A901F03CFB6D
:10C96000C3E703A8FEF7B0FE25F004FDF9E7F8E7FA
:10C97000F7E700BF384600200B6808462DE9F04174
:10C980009B6884B014460D46984703462846637456
:10C990002B68DB68984703462846A3742B681B6AFC
:10C9A000984700230122E062A36003A8636129463F
:10C9B000E36163622B6884F843201B699847039BFB
:10C9C00053F80C7C781CF7F737FC064600233A46F0
:10C9D00003A8314601F056FA039B0022A3F10C0094
:10C9E000F255C4E902674F4FB84266D12B6803A8DD
:10C9F00029465B699847039B53F80C8C08F10100AA
:10CA0000F7F71AFC06460023424603A8314601F018
:10CA100039FA039B0022A3F10C0006F80820B84263
:10CA2000C4E9056854D12B6803A829469B69984737
:10CA3000039B53F80C8C08F10100F7F7FDFB064649
:10CA40000023424603A8314601F01CFA039B002252
:10CA5000A3F10C0006F80820B842C4E9076842D1E7
:10CA60002B6803A82946DB699847039B53F80C8C75
:10CA700008F10100F7F7E0FB06460023424603A851
:10CA8000314601F0FFF9039B0022A3F10C0006F8E8
:10CA90000820B842C4E9096830D12B6828465B6A8F
:10CAA00098470346284623632A68CDE90233936AF0
:10CAB0009847606304B0BDE8F08153F8042C511E20
:10CAC000002A43F8041C91DC02A901F085FA8DE7E5
:10CAD00053F8042C511E002A43F8041CA3DC02A9BD
:10CAE00001F07AFA9FE753F8042C511E002A43F80C
:10CAF000041CB5DC02A901F06FFAB1E753F8042C6D
:10CB0000511E002A43F8041CC7DC02A901F064FA94
:10CB1000C3E703A8FEF7D8FD25F02CFCF9E7F8E7FA
:10CB2000F7E700BF384600200B6808462DE9F043C0
:10CB30000D4685B09B68144698472B6802462846E8
:10CB4000DB68626198472B68024628461B6AA2612F
:10CB50009847002301226063A36003A8E36129468C
:10CB60006362E3622B6884F86C201B699847039B1F
:10CB700053F80C7C781CF7F75FFB064600233A4617
:10CB800003A8314601F07EF90022039BF255A3F180
:10CB90000C00644A9042C4E9026740F084802B682C
:10CBA000294603A85B699847039B53F80C8C6FF0E8
:10CBB000604308F101069E4280F0A780B60030462F
:10CBC000F7F73AFB07460023424603A8394601F02F
:10CBD0008BFC039B3E44E7610022A3F10C00524F03
:10CBE000C4F82080B84246F8042C68D12B68294646
:10CBF00003A89B699847039B53F80C9C6FF0604314
:10CC000009F101069E4280F08B80B6003046F7F7AE
:10CC100013FB804600234A4603A8414601F064FC0A
:10CC2000039B46440022C4F82890A3F10C00C4F8EA
:10CC3000248046F8042CB8424CD12B68294603A81E
:10CC4000DB699847039B53F80C9C6FF0604309F134
:10CC500001069E4262D2B6003046F7F7EDFA8046F2
:10CC600000234A4603A8414601F03EFC039B46448C
:10CC70000022C4F83090A3F10C00C4F82C8046F8D0
:10CC8000042CB84231D12B6828465B6A984703468A
:10CC90002846A3632A68CDE90233936A9847E06384
:10CCA00005B0BDE8F08353F8042C511E002A43F868
:10CCB000041C3FF774AF02A901F08EF96FE753F837
:10CCC000042C511E002A43F8041C8FDC02A901F039
:10CCD00099FC8BE753F8042C511E002A43F8041CDE
:10CCE000ABDC02A901F08EFCA7E753F8042C511E1F
:10CCF000002A43F8041CC6DC02A901F083FCC2E749
:10CD000003A8FEF7C9FC25F035FB25F0FBFB03A8C3
:10CD1000FEF7DAFC25F02EFBF2E7F1E725F0F2FB57
:10CD200025F0F0FB38460020284600200B68084616
:10CD30002DE9F0430D4685B09B68144698472B6853
:10CD400002462846DB68626198472B6802462846FF
:10CD50001B6AA2619847002301226063A36003A8B5
:10CD6000E36129466362E3622B6884F86C201B69E7
:10CD70009847039B53F80C7C781CF7F75DFA06463E
:10CD800000233A4603A8314601F07CF80022039BB9
:10CD9000F255A3F10C00644A9042C4E9026740F0E6
:10CDA00084802B68294603A85B699847039B53F846
:10CDB0000C8C6FF0604308F101069E4280F0A78062
:10CDC000B6003046F7F738FA07460023424603A874
:10CDD000394601F089FB039B3E44E7610022A3F141
:10CDE0000C00524FC4F82080B84246F8042C68D199
:10CDF0002B68294603A89B699847039B53F80C9C12
:10CE00006FF0604309F101069E4280F08B80B6000E
:10CE10003046F7F711FA804600234A4603A84146F8
:10CE200001F062FB039B46440022C4F82890A3F162
:10CE30000C00C4F8248046F8042CB8424CD12B686E
:10CE4000294603A8DB699847039B53F80C9C6FF0B5
:10CE5000604309F101069E4262D2B6003046F7F700
:10CE6000EBF9804600234A4603A8414601F03CFB0B
:10CE7000039B46440022C4F83090A3F10C00C4F890
:10CE80002C8046F8042CB84231D12B6828465B6AC6
:10CE9000984703462846A3632A68CDE90233936A7C
:10CEA0009847E06305B0BDE8F08353F8042C511EA9
:10CEB000002A43F8041C3FF774AF02A901F08CF874
:10CEC0006FE753F8042C511E002A43F8041C8FDC32
:10CED00002A901F097FB8BE753F8042C511E002A9E
:10CEE00043F8041CABDC02A901F08CFBA7E753F864
:10CEF000042C511E002A43F8041CC6DC02A901F0D0
:10CF000081FBC2E703A8FEF7C7FB25F033FA25F043
:10CF1000F9FA03A8FEF7D8FB25F02CFAF2E7F1E7BF
:10CF200025F0F0FA25F0EEFA3846002028460020D9
:10CF300010B50C46D11882B0914216D0104612B3EB
:10CF40006A46FEF783FB034621682046049A8C68F4
:10CF500001A90193A047019B04460F49A3F10C02CC
:10CF60008A4204D1204602B010BD0C4BECE753F8C6
:10CF7000041C481E002943F8040CF3DC69461046E3
:10CF800001F02AF8EEE706480FF050FD01A8FEF781
:10CF90009BFB25F0EFF900BF3846002044460020F7
:10CFA000D834041010B50C46D11882B0914216D076
:10CFB000104612B36A46FEF749FB03462168204635
:10CFC000049A8C6801A90193A047019B04460F496C
:10CFD000A3F10C028A4204D1204602B010BD0C4BD2
:10CFE000ECE753F8041C481E002943F8040CF3DC5A
:10CFF0006946104600F0F0FFEEE706480FF016FD18
:10D0000001A8FEF761FB25F0B5F900BF3846002006
:10D0100044460020D834041070B586B00D461E4634
:10D02000DDE90C0400EB040C144684452CD00028E8
:10D030005DD0614602AAFEF709FB0B9B29463246EA
:10D040000490009305A82B6804AD0195DE680A9B47
:10D05000B047A3690BB120469847059B53F8042CB1
:10D06000A3F10C00002A11DB274DA84235D153F85B
:10D070000C2CC4E90032254BA361049BA3F10C00E6
:10D08000A8421FD106B070BD2148D6E7002203A9EF
:10D0900001F0CCF80246059B1B4DA3F10C00226069
:10D0A00053F80C2CA8426260184AA261E5D053F8EC
:10D0B000042C511E002A43F8041CDEDC03A900F0F6
:10D0C0008BFFDAE753F8042C511E002A43F8041CA6
:10D0D000D8DC05A900F080FFD4E7013243F8042C26
:10D0E00053F80C2C23606260084AA261DFE709480C
:10D0F0000FF09CFC05A8FEF7E7FA2846FEF7E4FAD5
:10D1000025F038F9F9E700BF3846002071C100105A
:10D1100044460020D83404102DE9F04F87B00D4666
:10D12000144698461398DDF848A0870047D0BAF116
:10D13000000F7FD04FEAA70902AA0021484601F05C
:10D140000FFAB9F1010F064600F10C0B33D0B9F11B
:10D15000000F04D051464A4658462BF033F93B4B5A
:10D160009E4260D1119B2946424605A800932B6838
:10D1700004ADCDF810B00195DE68109BB047A369EF
:10D180000BB120469847059B53F8042CA3F10C00E3
:10D19000002A17DB2D4DA8423BD153F80C2CC4E9D3
:10D1A00000322B4BA361049BA3F10C00A84225D1B4
:10D1B00007B0BDE8F08FDAF80030C360CFE7DFF8E2
:10D1C00098B0CFE7002203A901F04AFB0246059B75
:10D1D0001E4DA3F10C00226053F80C2CA842626093
:10D1E0001B4AA261DFD053F8042C511E002A43F8D9
:10D1F000041CD8DC03A901F005FAD4E753F8042C89
:10D20000511E002A43F8041CD2DC05A901F0FAF9EA
:10D21000CEE7013243F8042C53F80C2C23606260F3
:10D220000B4AA261DFE70023F019C6F80090B36053
:10D23000C36097E707480FF0F9FB02E005A8FEF787
:10D240002BFA2846FEF728FA25F094F82846002005
:10D25000F9BA0010D83404103446002008461146AC
:10D2600003681B69184700BF0846114603681B691D
:10D27000184700BF0B6808469B6818470B680846AC
:10D280009B68184782B0944630B58BB004460F9324
:10D290009DF85830159A643B13990492152B79D850
:10D2A000DFE803F05E787878787878787844787872
:10D2B000787878782A78780B7878149B0DF1440E7A
:10D2C00008AACDE902130FABDCF8005093E8030085
:10D2D00006AB83E803009EE8030082E803008DE8C4
:10D2E000030061466D6920460CCBA84720460BB071
:10D2F000BDE8304002B07047149B0DF1440E08AAFF
:10D30000CDE902130FABDCF8005093E8030006AB45
:10D3100083E803009EE8030082E803008DE8030031
:10D320006146ED6820460CCBA847DFE7149B0DF162
:10D33000440E08AACDE902130FABDCF8005093E8C5
:10D34000030006AB83E803009EE8030082E80300C5
:10D350008DE803006146AD6920460CCBA847C5E7C0
:10D36000149B0DF1440E08AACDE902130FABDCF8B3
:10D37000005093E8030006AB83E803009EE8030037
:10D3800082E803008DE8030061462D6920460CCB3E
:10D39000A847ABE7149B0DF1440E08AACDE9021390
:10D3A0000FABDCF8005093E8030006AB83E8030002
:10D3B0009EE8030082E803008DE803006146ED6902
:10D3C00020460CCBA84791E782B0944630B58BB08D
:10D3D00004460F939DF85830159A643B13990492B4
:10D3E000152B79D8DFE803F05E787878787878784C
:10D3F00078447878787878782A78780B7878149BDD
:10D400000DF1440E08AACDE902130FABDCF8005071
:10D4100093E8030006AB83E803009EE8030082E87C
:10D4200003008DE8030061466D6920460CCBA847D8
:10D4300020460BB0BDE8304002B07047149B0DF1A0
:10D44000440E08AACDE902130FABDCF8005093E8B4
:10D45000030006AB83E803009EE8030082E80300B4
:10D460008DE803006146ED6820460CCBA847DFE756
:10D47000149B0DF1440E08AACDE902130FABDCF8A2
:10D48000005093E8030006AB83E803009EE8030026
:10D4900082E803008DE803006146AD6920460CCBAD
:10D4A000A847C5E7149B0DF1440E08AACDE9021365
:10D4B0000FABDCF8005093E8030006AB83E80300F1
:10D4C0009EE8030082E803008DE8030061462D69B1
:10D4D00020460CCBA847ABE7149B0DF1440E08AADD
:10D4E000CDE902130FABDCF8005093E8030006AB64
:10D4F00083E803009EE8030082E803008DE8030050
:10D500006146ED6920460CCBA84791E782B094466E
:10D510002DE9F0438FB00446176817939DF86C10FF
:10D520001C9EDDE91D53E3B10DF1300ECDE904532E
:10D5300017ABCDE9021693E803000AAB83E80300BA
:10D5400019A903C90CCB8EE803008DE803006146DE
:10D55000BD682046A84720460FB0BDE8F04302B0A2
:10D560007047CDE90365029117AE31490DF11C09F1
:10D5700008AB0DF1640ECDF814900AAA07910DF1D5
:10D58000300896E8030083E803009EE8030082E881
:10D5900003008DE803006146FF6840460CCBB847A6
:10D5A0002B6898E8030086E80300C3B91F9B9B69BA
:10D5B0000BB11F989847079850F8041CA0F10C0372
:10D5C000002926DB1B4A93421FD105461F9908609C
:10D5D00055F80C1C1F9841601749816103E0079DB5
:10D5E000144AA5F10C03934296E8030084E8030073
:10D5F000B1D055F8042C511E002A45F8041CAADCB1
:10D600004146184600F0E8FCA5E7013140F8041C4B
:10D61000DBE71846002206A900F008FE079D054A30
:10D62000A5F10C03D2E74846FEF74EF824F0A2FE1F
:10D63000444600203846002071C1001082B0944654
:10D640002DE9F0438FB00446176817939DF86C10CE
:10D650001C9EDDE91D53E3B10DF1300ECDE90453FD
:10D6600017ABCDE9021693E803000AAB83E8030089
:10D6700019A903C90CCB8EE803008DE803006146AD
:10D68000BD682046A84720460FB0BDE8F04302B071
:10D690007047CDE90365029117AE31490DF11C09C0
:10D6A00008AB0DF1640ECDF814900AAA07910DF1A4
:10D6B000300896E8030083E803009EE8030082E850
:10D6C00003008DE803006146FF6840460CCBB84775
:10D6D0002B6898E8030086E80300C3B91F9B9B6989
:10D6E0000BB11F989847079850F8041CA0F10C0341
:10D6F000002926DB1B4A93421FD105461F9908606B
:10D7000055F80C1C1F9841601749816103E0079D83
:10D71000144AA5F10C03934296E8030084E8030041
:10D72000B1D055F8042C511E002A45F8041CAADC7F
:10D730004146184600F066FFA5E7013140F8041C99
:10D74000DBE71846002206A901F08AF8079D054A82
:10D75000A5F10C03D2E74846FDF79EFF24F00AFE30
:10D760003446002028460020F9BA001082B02DE986
:10D77000F0418AB00446154618999DF84C709DF802
:10D780005480119300292DD08B69002B4ED0D1E904
:10D790000001014488423BD000284AD008AE3246FE
:10D7A000FDF754FF11AB149A009707AFCDF808802E
:10D7B0000192079093E803002B6886E80300039723
:10D7C00029462046DD6896E80C00A847079B1D4ABD
:10D7D000A3F10C0090421ED120460AB0BDE8F041F2
:10D7E00002B070479DED167B11AA1499CDF8088000
:10D7F00008AB009701918DED047B92E8030083E86C
:10D800000300286829460CCB85682046A847E3E733
:10D810000D4808AEC6E753F8042C511E002A43F801
:10D82000041CD9DC314600F0D7FBD5E707480FF0E0
:10D83000FDF807480FF0FAF83846FDF745FF24F0E9
:10D8400099FD00BF3846002044460020BC34041037
:10D85000D834041082B02DE9F04F8DB0044615463F
:10D860001E999DF86480179300293FD08B69002B87
:10D8700075D0D1E900A35FEA83094ED0BAF1000F59
:10D8800070D04FEAA90B0AAE00213246584600F08C
:10D8900067FEBBF1010F074600F10C0348D0BBF156
:10D8A000000F3DD1334A974251D11B9A09AF0993DA
:10D8B00017AB02921A9ACDF80080019293E8030008
:10D8C0002B6886E80300039729462046DD6896E822
:10D8D0000C00A847099B274AA3F10C0090422BD1CA
:10D8E00020460DB0BDE8F04F02B0704717AACDF842
:10D8F00000800AAB2E6892E803001B9A9DED1C7B0A
:10D9000083E80300029229461A9A20468DED047B93
:10D910000192B6680CCBB047E2E7174B0AAEC4E7FA
:10D92000184651465A4607932AF04CFD079BB9E723
:10D93000DAF80020C260B5E753F8042C511E002A23
:10D9400043F8041CCCDC314600F05CFEC8E7002242
:10D95000B944C7F800B0BA60C9F80C20A5E7074879
:10D960000FF064F806480FF061F83846FDF794FEB2
:10D9700024F000FD2846002034460020BC3404106A
:10D98000D834041070B56FF00103B94A0D46B94997
:10D99000064624F075FB044610B10568284670BDA4
:10D9A000B54B9D4247D0B54B9D4200F08D80B44BA6
:10D9B0009D426BD0B34B9D4200F09280B24B9D4292
:10D9C00000F09480B14B9D4200F09680B04B9D4298
:10D9D00000F0C480AF4B9D4200F0F280AE4B9D4200
:10D9E00000F0FC80AD4B9D425CD0AD4B9D4200F001
:10D9F0002281AC4B9D4200F02B81AB4B9D4200F04D
:10DA00002F81AA4B9D4200F08781A94B9D4200F0D7
:10DA1000B581A84B9D4240F0E3811420F6F70AFC43
:10DA2000002105461BF028FE7368A34A01332E61CE
:10DA30002A607360B2E71420F6F7FCFB0546682005
:10DA4000F6F7F8FB00219D4B04460174818480F8B1
:10DA50006410C0E900319A4BC5E90110C0E9021118
:10DA6000C0E90511C0E907112B602846FCF78CFBC3
:10DA70007368224693494FF0000001332960314614
:10DA80007360C5E9036408F019F887E70C20F6F71E
:10DA9000D1FB73688C4A01330546C0E901467360C7
:10DAA00002607BE71020F6F7C5FB0022874B054696
:10DAB000C0E90032FAF780FE7368854A0133EE60F0
:10DAC000A8602A60736069E71020F6F7B3FB814B0A
:10DAD0000546C0E90034FAF76FFE73687E4AEDE749
:10DAE0000C20F6F7A7FB73687C4AD4E70C20F6F706
:10DAF000A1FB73687A4ACEE71420F6F79BFB054634
:10DB00004420F6F797FB0022764B04460274114638
:10DB1000A0F81120426380F84320C0E90032724B24
:10DB2000C5E90120C0E90222C0E90522C0E90722B7
:10DB3000C0E90922C0E90B222B602846FBF7ACFFA5
:10DB40007368224669494FF000000133296031466D
:10DB50007360C5E9036408F04FF91FE71420F6F776
:10DB600069FB05464420F6F765FB0022604B04463E
:10DB700002741146A0F81120426380F84320C0E9E6
:10DB800000325C4BC5E90120C0E90222C0E9052250
:10DB9000C0E90722C0E90922C0E90B222B60284610
:10DBA000FBF7C8FF7368224653494FF0000001336A
:10DBB000296031467360C5E9036408F0C1F9EDE6F8
:10DBC0001420F6F737FB2146054610F029FD73684F
:10DBD0004A4A01332E612A607360DFE61420F6F7AB
:10DBE00029FB05464FF49470F6F724FB0021444BC3
:10DBF0000446017480F82411C0E90031414BC5E9A5
:10DC00000110C0E90211C0E90511C0E90711C0E91E
:10DC100009112B602846FCF74DFB736822463A49F0
:10DC20004FF000000133296031467360C5E9036499
:10DC300007F0B6FFB2E60C20F6F7FCFA7368002195
:10DC40000546324A0133C5E9011673602A60A5E62C
:10DC50000C20F6F7EFFA7368002105462C4AF1E72D
:10DC60000C20F6F7E7FA736800210546294AE9E730
:10DC700084560410C8450410A447002080470020A3
:10DC8000AC470020BC470020C44700204C46002081
:10DC9000484600209C470020A847002084470020D9
:10DCA000B0470020C0470020C8470020544600204D
:10DCB00050460020A047002010590410144E0410B4
:10DCC000FC6E0410445704102C59041058760410AC
:10DCD0005C580410E06E041068570410EC570410F0
:10DCE00004580410D44D0410AC6F04108457041071
:10DCF000E44D0410E06F0410B85704101C580410D1
:10DD0000244E0410B47604103858041054590410EA
:10DD1000E0580410F85804101420F6F78BFA054662
:10DD20007020F6F787FA00224F4B04460274114622
:10DD3000C26380F86C20C0E900324C4BC5E9012079
:10DD4000C0E90222C0E90522C0E90722C0E9092290
:10DD5000C0E90B22C0E90D222B602846FBF7A8FF83
:10DD60007368224642494FF0000001332960314672
:10DD70007360C5E9036408F087F90FE61420F6F72D
:10DD800059FA05467020F6F755FA0022394B044639
:10DD900002741146C26380F86C20C0E90032364B31
:10DDA000C5E90120C0E90222C0E90522C0E9072235
:10DDB000C0E90922C0E90B22C0E90D222B602846E8
:10DDC000FBF7C2FF736822462C494FF00000013375
:10DDD000296031467360C5E9036408F01FFADDE588
:10DDE00027480EF023FE2846FAF7D0FC2846F6F71F
:10DDF00025FA24F0BFFAF9E7F5E7F7E7F6E7F5E7E4
:10DE0000F1E7F0E7E868FEF7D3FA2846FCF71AFADC
:10DE1000ECE7E8E7E868FEF7CBFA2846FBF7D8FE20
:10DE2000E4E7E868FEF7C4FA2846FBF709FFDDE7F8
:10DE3000D9E7DBE7DAE7E868FEF7BAFA2846FCF745
:10DE40008BFAD3E7CFE7D1E7E868FEF7B1FA2846C7
:10DE5000FBF7C6FFCAE7E868FEF7AAFA2846FBF711
:10DE6000F7FFC3E7BFE7C1E7F44D04106477041080
:10DE700078580410044E041098770410AC5804101D
:10DE80000435041038B505689C4655F80C4CA3427F
:10DE900012D8E41A944228BF14463CB1012C08461B
:10DEA00005EB030104D0224635F0F2F8204638BDD8
:10DEB000EB5C0370204638BD2346624601490248A8
:10DEC0000EF0FCFD6C35041034350410036853F873
:10DED000042C002A10B402DA002243F8042C0A6849
:10DEE00052F8044C002C02DA002442F8044C026080
:10DEF0005DF8044B0B607047006850F80C3C9A4288
:10DF000017D200EB030C013A0CF1FF3C831800B56B
:10DF100001E0634509D09E4613F8012F8A42F8D0EC
:10DF2000C0F1010070445DF804FB4FF0FF305DF874
:10DF300004FB4FF0FF307047124B984210B51DD8CC
:10DF40008842044612D94A00904238BF144604F170
:10DF50001D02B2F5805F09D9A14207D204F58054B1
:10DF6000C2F30B02A41A9C4228BF1C4604F10D0008
:10DF7000F6F760F90022C0E9014210BD02480EF038
:10DF80006DFD00BFFCFFFF3F8035041010B9104B42
:10DF90001846704770B504460D460021FFF7CCFFC8
:10DFA000012C064600F10C030AD0184622462946E9
:10DFB00035F0A6F80346074A964203D1184670BDCD
:10DFC0000573F8E7002231193460B2600A73F5E78F
:10DFD0004446002038460020F6F730B92DE9F04FCE
:10DFE0000568A3EB020902EB010B0C4655F80C7C0B
:10DFF00083B055F8081C0646B9449846A7EB0B07B2
:10E00000894503D855F8043C002B28DD484601AA71
:10E01000FFF792FF824600F10C0534B1012C316804
:10E020003ED02246284635F033F85FB933682B4C92
:10E03000A3F10C00A0423DD13560A24526D103B02A
:10E04000BDE8F08F0C343368012F444403EB0B011F
:10E050000AEB040029D03A4635F01AF8E6E787B112
:10E0600090450ED0A044012F05EB0B0105EB0800F5
:10E070002BD03A46194C35F007F83568A5F10C0A53
:10E08000DBE7A5F10C0A154CA245D8D0002345F8D2
:10E090000C9C45F8043C05F8093003B0BDE8F08F4E
:10E0A0000B780373002FC1D0CCE713F80B300AF8BC
:10E0B0000430BBE753F8042C511E002A43F8041C1B
:10E0C000BADC01A9FFF788FFB6E715F80B30034C5F
:10E0D00005F808303568A5F10C0AAEE7384600208F
:10E0E000036853F80C2C42B153F8042C002A05DCC9
:10E0F0004FF0FF3243F8042C70477047002310B5EF
:10E1000004461A461946FFF769FF23684FF0FF32AD
:10E1100043F8042C10BD00BF2DE9F041114C0568F7
:10E1200014449DF8188055F80C5C641BA34216D863
:10E130001D4606460F46FFF751FF45B13368012DD6
:10E1400003EB070006D02A46414634F0D9FF30469B
:10E15000BDE8F081304603F80780BDE8F081024851
:10E160000EF07CFCFCFFFF3F98350410F8B5069DCF
:10E170001F4604460E462B46FFF730FF45B1236885
:10E18000012D03EB060005D02A46394634F080FF06
:10E190002046F8BD3A7820469A55F8BDF0B5204F94
:10E1A0000446006883B0BA4250F80C6C34D88842F8
:10E1B0000B46154607D93246002120460095FFF749
:10E1C000D5FF03B0F0BD87198F42F4D350F8047C1B
:10E1D000002FF0DC0E1AB2420AD926B1012A17D05C
:10E1E00034F052FF20680F4B984209D12046E8E7EF
:10E1F000012A0DD0002AF6D034F04AFF2068F2E759
:10E20000002340F80C5C40F8043C43552046D8E716
:10E210001B7803702068E6E703480EF01FFC00BF80
:10E22000FCFFFF3F44460020B835041038B51546C2
:10E23000044600680A4661682844FFF77DFE2268AC
:10E24000054600F10C0342B1012A0BD0184604F137
:10E250000C0134F01DFF2268034609498D4207D1A5
:10E26000184638BD0649227B8D4202732268F7D0DA
:10E270000021A8182A60A9600173184638BD00BFA4
:10E2800038460020036853F8082C914230B5044604
:10E2900083B007D853F8041C002913DDA3F10C0048
:10E2A000114601E0A3F10C0053F80C2C8A1A01A9C5
:10E2B000FFF7BCFF23680546094AA3F10C00904212
:10E2C00002D1256003B030BD53F8042C511E002A42
:10E2D00043F8041CF5DC01A9FFF77EFEF1E700BF5F
:10E2E00038460020F8B50D460968044651F80C6C14
:10E2F000E6B1036853E903209719874203D853F81E
:10E30000040C002807DD39462046FFF7BBFF2368D1
:10E31000296853F80C2C012E03EB02000FD0324673
:10E3200034F0B6FE2368074A934201D12046F8BD77
:10E33000002243F80C7C43F8042CDA55F6E7097800
:10E340009954EFE744460020F8B505460AB9284637
:10E35000F8BD036814460E461F4953F80C2C891A61
:10E360008C4236D8A71853F8081C8F4216D853F899
:10E37000041C002912DC012C03EB02001BD02246F6
:10E38000314634F085FE2B68144A9342DFD00022D8
:10E3900043F80C7C43F8042CDA55D8E7B3420DD986
:10E3A00039462846FFF76EFF2B6853F80C2C012CDA
:10E3B00003EB0200E3D131789954E4E71A44964222
:10E3C000EED839462846F61AFFF75CFF2B681E4444
:10E3D000EBE703480EF042FBFCFFFF3F4446002002
:10E3E000D0350410F8B5064609B93046F8BD0368C3
:10E3F0000C461546164953F80C2C891A8C4224D821
:10E40000A71853F8081C8F4203D853F8041C00299E
:10E4100006DD39463046FFF735FF336853F80C2CDC
:10E42000012C03EB02000ED02246294634F068FE90
:10E430003368084A9342D8D0002243F80C7C43F852
:10E44000042CDA55D1E79D54F2E703480EF006FBA1
:10E45000FCFFFF3F44460020D0350410036810B590
:10E4600053F80C4C094B99420CD8A14206D800D362
:10E4700010BD0023621AFFF7B1FD10BD091BFFF7A5
:10E48000B1FF10BD02480EF0E9FA00BFFCFFFF3FEC
:10E49000E8350410F8B5036804460D4653F80C7CC3
:10E4A00053F8082C7E1C964203D853F8042C002AFB
:10E4B0000EDD31462046FFF7E5FE236853F80C2CAD
:10E4C0009D5422680749A2F10C038B4202D1F8BD8A
:10E4D0003A46F5E700213B4442F80C6C42F8041C34
:10E4E0005973F8BD3846002038B505689C4655F884
:10E4F0000C4CA34213D8E41A944228BF14463CB1F2
:10E50000012C084605EB830104D0224629F05AFF6E
:10E51000204638BD55F823300360204638BD2346D9
:10E520006246024902480EF0C9FA00BF6C35041079
:10E5300034350410036853F8042C002A10B402DAAE
:10E54000002243F8042C0A6852F8044C002C02DA2A
:10E55000002442F8044C02605DF8044B0B607047E5
:10E560006FF07043984210B521D28842044616D904
:10E570004B00984238BF1C46201D800000F110035C
:10E58000B3F5805F0DD9A1420BD2C3F30B03094A47
:10E59000C3F5805304EB9304944228BF1446201D16
:10E5A0008000F5F747FE0022C0E9014210BD024895
:10E5B0000EF054FAFEFFFF0F80350410F8B510B9C5
:10E5C0000E4E3046F8BD04460D460021FFF7C8FF49
:10E5D000012C074600F10C060ED022462946304693
:10E5E00026F032FE064B9F42EBD0002307EB84025D
:10E5F0003C60BB60D360E4E7C560F3E734460020CD
:10E6000028460020F5F71ABE2DE9F04F0568A3EB68
:10E61000020902EB010B0C4655F80C7C83B055F84F
:10E62000081C0646B9449846A7EB0B07894503D852
:10E6300055F8043C002B2CDD484601AAFFF790FF5B
:10E640003368824600F10C053CB1012C42D01946DA
:10E650002246284629F0B6FE336857B9A3F10C00CC
:10E660002B4CA04240D13560A24529D103B0BDE872
:10E67000F08F4444012F03EB8B014FEA840404F133
:10E680000C040AEB04002AD03A4629F09BFE3368BA
:10E69000E4E787B190450ED0A044012F05EB8B0134
:10E6A00005EB88002BD03A46194C28F0ADFF3568B1
:10E6B000A5F10C0AD8E7A5F10C0A154CA245D5D056
:10E6C000002345F80C9C45F8043C45F8293003B07C
:10E6D000BDE8F08F1A68C260002FBFD0C9E753F8B9
:10E6E0002B204AF80420B9E753F8042C511E002AC5
:10E6F00043F8041CB7DC01A9FFF784FFB3E755F822
:10E700002B30A5F10C0A024C45F82830ACE700BFCD
:10E7100028460020036853F80C2C42B153F8042C0F
:10E72000002A05DC4FF0FF3243F8042C7047704795
:10E73000002310B504461A461946FFF765FF236803
:10E740004FF0FF3243F8042C10BD00BFF8B5104C59
:10E750000568144455F80C5C641BA34215D81D468B
:10E7600006460F46FFF750FF45B13368012D03EB16
:10E77000870005D02A46069926F066FD3046F8BD8A
:10E78000069A304643F82720F8BD02480EF066F995
:10E79000FEFFFF0F98350410F8B5069D1F4604468E
:10E7A0000E462B46FFF730FF45B12368012D03EBE2
:10E7B000860005D02A46394629F004FE2046F8BDD9
:10E7C0003A68204643F82620F8BD00BF6FF0704C31
:10E7D000F0B562450446006883B050F80C6C38D23E
:10E7E00088420B46154607D932460021204600953F
:10E7F000FFF7D2FF03B0F0BD00EB860C6145F3D804
:10E8000050F8047C002FEFDC0E1AB2EBA60F4FEA93
:10E81000A6070AD8012A10D012B129F0D3FD20682A
:10E820000D4B98420CD12046E4E7002FF8D0012A86
:10E8300003D028F0E9FE2068F2E71B680360EFE7E9
:10E84000002340F80C5C40F8043C40F8253020469A
:10E85000D0E702480EF002F934460020B835041023
:10E8600070B51546044600680A4661682844FFF7FB
:10E8700077FE2268054600F10C063AB1012A0AD05B
:10E8800004F10C01304629F09DFD2268094B9D42A0
:10E8900007D1304670BDE368C360064B22689D42D5
:10E8A000F7D0002305EB82012A603046AB60CB60D5
:10E8B00070BD00BF28460020036853F8082C914221
:10E8C00030B5044683B007D853F8041C002913DD83
:10E8D000A3F10C00114601E0A3F10C0053F80C2C3D
:10E8E0008A1A01A9FFF7BCFF23680546094AA3F16C
:10E8F0000C00904202D1256003B030BD53F8042CC7
:10E90000511E002A43F8041CF5DC01A9FFF77AFE2A
:10E91000F1E700BF28460020F8B50D460968044617
:10E9200051F80C6CE6B1036853E90320971987424C
:10E9300003D853F8040C002807DD39462046FFF7BA
:10E94000BBFF2368296853F80C2C012E03EB8200CF
:10E9500010D0324629F036FD2368084A934201D18F
:10E960002046F8BD002243F80C7C43F8042C43F801
:10E970002720F5E7096843F82210EEE73446002027
:10E98000F8B505460AB92846F8BD036814460E4690
:10E99000214953F80C2C891A8C4239D8A71853F8FE
:10E9A000081C8F4217D853F8041C002913DC012CD3
:10E9B00003EB82001CD02246314629F003FD2B6870
:10E9C000164A9342DFD0002243F80C7C43F8042C13
:10E9D00043F82720D7E7B3420ED939462846FFF738
:10E9E0006BFF2B6853F80C2C012C03EB8200E2D157
:10E9F000316843F82210E3E703EB82029642ECD839
:10EA000039462846F61AFFF757FF2B681E44E9E7F8
:10EA100003480EF023F800BFFEFFFF0F344600202E
:10EA2000D0350410F8B5064609B93046F8BD03687C
:10EA30000C461546174953F80C2C891A8C4226D8D7
:10EA4000A71853F8081C8F4203D853F8041C002958
:10EA500006DD39463046FFF72FFF336853F80C2C9C
:10EA6000012C03EB82000FD02246294626F0ECFB56
:10EA70003368094A9342D8D0002243F80C7C43F80B
:10EA8000042C43F82720D0E743F82250F1E703484D
:10EA90000DF0E4FFFEFFFF0F34460020D0350410D8
:10EAA000036810B553F80C4C6FF0704399420CD2C8
:10EAB000A14206D800D310BD0023621AFFF7A4FDBF
:10EAC00010BD091BFFF7AEFF10BD01480DF0C6FFDA
:10EAD000E8350410036853F80C2C70B50D46561C2D
:10EAE00053F8081C04468E4203D853F8041C00292E
:10EAF00006DD31462046FFF7DFFE236853F80C2C75
:10EB0000064943F822508B4200D170BD002243F8E1
:10EB10000C6C43F8042C43F8262070BD34460020CA
:10EB20000846704708467047084B10B5044640F841
:10EB3000083B24F04DFE237B1BB1A06908B1F5F71B
:10EB40007FFB2046F9F722FE204610BDD85904105D
:10EB5000064B10B5044640F8083B24F039FE044B40
:10EB600020462360F9F712FE204610BD085A041013
:10EB7000747604108A4210B5144603D0521A0298D3
:10EB800034F086FA204610BD8A4210B5144603D0F0
:10EB90001846521A34F07CFA204610BD084B10B5C6
:10EBA000044640F8083B24F013FE064B2046236041
:10EBB000F9F7ECFD2046F5F741FB204610BD00BFFC
:10EBC000085A0410747604100A4B10B5044640F835
:10EBD000083B24F0FDFD237B1BB1A06908B1F5F7CC
:10EBE0002FFB2046F9F7D2FD2046F5F727FB2046FC
:10EBF00010BD00BFD8590410F0B5C1B000220446C2
:10EC00000DF1FF3303F8012F0132B2F5807FF9D106
:10EC100025460F4B6E4655F81D1BCF699F4210D1FC
:10EC20003146284634F034FA4FF480722946304693
:10EC300034F06AFA00280CBF01230223237741B085
:10EC4000F0BD2B4640AA20463146B847ECE700BF4E
:10EC500089EB001000390C4B18BF012110B5C0E939
:10EC600000310446F9F7A8FD024600232046A260C1
:10EC7000237300F06DFA204610BD044B204623603C
:10EC8000F9F784FD23F076FB085A0410747604101B
:10EC9000836908465B5C9B0702D5A1F12000C0B2E6
:10ECA000704700BF836908465B5CDB0701D52030F5
:10ECB000C0B2704738B5003B0446124818BF012364
:10ECC0000D1E1149206002F0010004BF0D46002016
:10ECD00063600023A5610025194620734FF48072FC
:10ECE00004F11D00C4E9043334F00AFA4FF48072D1
:10ECF00004F21D102946257734F002FA204684F8E4
:10ED00001D5238BDD85904108181041091422DE95B
:10ED1000F04190461AD205464C1E571E0D4E07E094
:10ED2000AB695B5C9B0700D5D1B2BC4221700DD0B2
:10ED30002B6814F8011F9B68A1F12002B342EFD0A9
:10ED400028469847BC4201462170F1D14046BDE8B3
:10ED5000F08100BF91EC001091422DE9F041904606
:10ED60001AD205464C1E571E0D4E07E0AB695B5C80
:10ED7000DB0700D5D1B2BC4221700DD02B6814F84E
:10ED8000011F1B6901F12002B342EFD028469847CA
:10ED9000BC4201462170F1D14046BDE8F08100BF80
:10EDA000A5EC00102DE9F04100F28F4400F29747E6
:10EDB000A0EB80000E469046A0F55A6501E0BC42EB
:10EDC0000DD014F8013F1E42F9D055F824104046EA
:10EDD00028F046FA0028F2D00120BDE8F08100209A
:10EDE000BDE8F081442946D800294FD04B1E432B63
:10EDF00046D8DFE803F02E31343745453A3D4545E6
:10EE00004545454545284545454545452B454545E9
:10EE100045454545452545454545454545454545C2
:10EE20004545454545454545454545454545454592
:10EE30004545454545454545452215482BF098BB78
:10EE400014482BF095BB14482BF092BB13482BF0C1
:10EE50008FBB13482BF08CBB12482BF089BB124898
:10EE60002BF086BB11482BF083BB11482BF080BBE5
:10EE700010482BF07DBB972902D10F482BF078BBAF
:10EE800011F0440FD9D111F0970FF6D1002070473F
:10EE90004036041010360410383604105036041072
:10EEA00018360410203604102836041030360410AA
:10EEB00048360410003604100836041008462CF0BA
:10EEC00037BD00BF914270B516460DD2551E0C4697
:10EED0006D1A25F0030504350D4420682CF028FD3B
:10EEE00044F8040BAC42F8D1304670BD084628F017
:10EEF000D7B800BF914270B516460DD2551E0C46CC
:10EF00006D1A25F0030504350D44206828F0C8F873
:10EF100044F8040BAC42F8D1304670BD2DE9F04FF7
:10EF2000914283B0019227D202F1FF381F460C466E
:10EF300000F29C4AA8EB010800F5936603EB9808E1
:10EF400000F5926308F101080093D146DDF800B0A6
:10EF5000002559F8041F206828F082F910B19BF8A9
:10EF600000100D430BF1010BB345F2D107F8015B23
:10EF7000474504F10404E8D1019803B0BDE8F08FDF
:10EF80002DE9F04F9A4283B01646019332D2A0EB9E
:10EF9000800980460C4600F29745A9F55A69D8F8D1
:10EFA0000030B246144A9B6856F8047B934213D152
:10EFB00008F28F4B01E0AB4514D01BF8012F14422F
:10EFC000F9D059F82B10384628F04AF90028F2D029
:10EFD000504603B0BDE8F08F3A4621464046984778
:10EFE0000028F5D1019BB246B342D8D8504603B0B1
:10EFF000BDE8F08F9246EBE7A5ED00102DE9F04F4C
:10F000009A4283B01646019333D2A0EB8009804622
:10F010000C4600F29745A9F55A69D8F80030B24677
:10F02000154A9B6856F8047B934217D108F28F4B20
:10F0300001E0AB450ED01BF8012F1442F9D059F86E
:10F040002B10384628F00CF90028F2D0019BB2466C
:10F05000B342E2D8504603B0BDE8F08F3A462146AD
:10F06000404698470028F5D0019BB246B342D4D819
:10F07000F0E79246EEE700BFA5ED0010243150F80E
:10F0800021007047914230B5864610460BD20139B7
:10F09000551E11F801CF0CF1240CA9425EF82C404A
:10F0A00043F8044BF5D130BD7F2910B5144601D883
:10F0B000037B3BB908462DF06BFB431C14BFC0B269
:10F0C000204610BD0844407B10BD00BF2DE9F84329
:10F0D0001E46037B1546089CCBB9914214D202F11F
:10F0E000FF380F1FA8EB010804EB980808F101088E
:10F0F00057F8040F2DF04CFB431CC0B208BF30463C
:10F1000004F8010B4445F3D12846BDE8F883914249
:10F11000FAD202F1FF3980460F1FA9EB010904EB77
:10F12000990909F1010905E093F80DC004F801CB34
:10F130004C45E9D057F8040F7F2808EB0003F3D9BA
:10F140002DF026FB421C5FFA80FC08BFB446EDE7B9
:10F150002DE9F8430024064600F10C0503E0802C5D
:10F1600005F8010F2BD0204601342DF011FB431C74
:10F17000F5D1002306F18C050024337320460134B9
:10F1800027F060FA45F8040FB4F5807FF6D10D4DF5
:10F1900006F28F4406F29C4906F29748AD1B012700
:10F1A0002919304607FA01F1C9B204F8011FFFF727
:10F1B00019FE444549F8040FF2D1BDE8F883012354
:10F1C000D8E700BF71FBFFFF8368587C704700BF22
:10F1D0008368987C704700BF8368D86A704700BF17
:10F1E000836882B0186B02B0704700BF836882B03A
:10F1F000586B02B0704700BF8368587C704700BFEF
:10F200008368987C704700BF8368D86A704700BFE6
:10F21000836882B0186B02B0704700BF836882B009
:10F22000586B02B0704700BF836893F824007047A2
:10F23000836893F8250070470020704700207047CE
:10F24000704700BF91424FF0000006D211F8013B19
:10F250008A4203EB7060F9D170477047034B10B5D9
:10F2600004460360F9F792FA204610BD705D041061
:10F27000054B10B504460360F9F788FA2046F4F709
:10F28000DDFF204610BD00BF705D0410034B10B5BC
:10F2900004460360F9F77AFA204610BD885D041031
:10F2A000054B10B504460360F9F770FA2046F4F7F1
:10F2B000C5FF204610BD00BF885D0410034B10B58C
:10F2C00004460360F9F762FA204610BDA05D041001
:10F2D000054B10B504460360F9F758FA2046F4F7D9
:10F2E000ADFF204610BD00BFA05D0410054B10B55A
:10F2F000044640F8083B24F06BFA2046F9F746FA3A
:10F30000204610BD545D041010B50446FFF7EEFF13
:10F310002046F4F793FF204610BD00BF054B10B503
:10F32000044640F8083B24F053FA2046F9F72EFA39
:10F33000204610BDAC5C041070B5541A82B00E4665
:10F3400005460F2C019411D8012C006808D10B78C8
:10F3500003700023019C28686C60035502B070BDE7
:10F360005CB900236C60035502B070BD002201A996
:10F3700018F066FA019B2860AB602246314633F0F4
:10F3800087FE019C286800236C60035502B070BDA5
:10F39000074B10B5044640F8083B24F019FA204604
:10F3A000F9F7F4F92046F4F749FF204610BD00BFF5
:10F3B000AC5C04108A6838B500F1080395680360F6
:10F3C0005DB1044628462DF0B5F90246294620468F
:10F3D0002A44FFF7B1FF204638BD01480DF026FB57
:10F3E000583604108A6838B500F10803556903607F
:10F3F0005DB1044628462DF09DF902462946204677
:10F400002A44FFF799FF204638BD01480DF00EFB56
:10F41000583604108A6838B500F10803D5690360CE
:10F420005DB1044628462DF085F90246294620465E
:10F430002A44FFF781FF204638BD01480DF0F6FA57
:10F44000583604108A6838B500F10803556A03601D
:10F450005DB1044628462DF06DF902462946204646
:10F460002A44FFF769FF204638BD01480DF0DEFA57
:10F47000583604108A6838B500F1080355690360EE
:10F480005DB1044628462DF055F90246294620462E
:10F490002A44FFF751FF204638BD01480DF0C6FA57
:10F4A000583604108A6838B500F10803D56903603E
:10F4B0005DB1044628462DF03DF902462946204616
:10F4C0002A44FFF739FF204638BD01480DF0AEFA57
:10F4D000583604108A6838B500F10803956803604F
:10F4E0005DB1044628462DF025F9024629462046FE
:10F4F0002A44FFF721FF204638BD01480DF096FA57
:10F50000583604108A6838B500F10803956803601E
:10F510005DB1044628462DF00DF9024629462046E5
:10F520002A44FFF709FF204638BD01480DF07EFA56
:10F53000583604108A6838B500F10803D5690360AD
:10F540005DB1044628462DF0F5F8024629462046CE
:10F550002A44FFF7F1FE204638BD01480DF066FA57
:10F56000583604108A6838B500F10803556A0360FC
:10F570005DB1044628462DF0DDF8024629462046B6
:10F580002A44FFF7D9FE204638BD01480DF04EFA57
:10F59000583604108A6838B500F1080355690360CD
:10F5A0005DB1044628462DF0C5F80246294620469E
:10F5B0002A44FFF7C1FE204638BD01480DF036FA57
:10F5C000583604102DE9F04F8DB01C4600258146B9
:10F5D0000DF1080A68460DF1200B0195CDF800A049
:10F5E000FFF7AAFE169A214606A80795CDF818B08F
:10F5F000FFF7A2FEDDE90047DDE90663274406EBDD
:10F60000030803E0804527D00134461C32462146DA
:10F61000484624F091FA054680B920462DF08AF834
:10F62000034630461C442DF085F83044A742E9D10A
:10F63000804503D0A742E5D14FF0FF3506985845E5
:10F6400001D0F4F7FBFD0098504501D0F4F7F6FD2A
:10F6500028460DB0BDE8F08F0125EFE7684618F0A9
:10F6600017F922F087FE00BF2DE9F04F1E468BB040
:10F6700000F10803154604468A46036032460393A8
:10F68000002329464360037204A8059306AB049344
:10F69000FFF752FE761BDDE904737600FB18304657
:10F6A0000293F4F7C9FD05466FF0404B07E00022D6
:10F6B00003F809202368C4F8048003F808203A46B8
:10F6C00033462946504624F043FA864202460FD874
:10F6D000461C15B12846F4F7B3FD3046F4F7ACFDEF
:10F6E00005463A4633465046294624F031FA02464A
:10F6F0006368ABEB03039A422FD82946204618F0E3
:10F70000C7FA38462DF016F8029B3844834216D0CB
:10F71000039A471C2368D4F804909A4209F101081F
:10F7200014BFA2680F229045C1D901234946204643
:10F73000009300231A4618F0D9F82368B7E715B1EB
:10F740002846F4F77DFD049806AB984201D0F4F703
:10F7500075FD20460BB0BDE8F08F0D480DF07EF929
:10F7600022F078FF23F078FB01E022F0B1FF04A83B
:10F7700018F08EF8204618F08BF822F0FBFDF9E720
:10F7800022F068FF002DEDD02846F4F759FDE9E797
:10F79000D035041008B40420F0B50D4682B0002125
:10F7A000164626F0F5FF03780446433B08BF43782E
:10F7B0006BB908AB079A314628460193F6F724F84F
:10F7C0000446204602B0BDE8F04001B070472CF07E
:10F7D000B1FF471C3846F4F72FFD3A46214607464D
:10F7E00033F056FC0949042026F0D2FF08AB31461D
:10F7F000079A28460193F6F707F83946044604208D
:10F8000026F0C6FF3846F4F71BFDDAE74034041053
:10F810002DE9F04F9FB01D4614460EA90A90A4484A
:10F8200081E80C00DDE928830293F9F75FFA2A9B4F
:10F83000DB6E5B6853F820300893002B00F0AC853A
:10F840009C48F9F753FA2A9B0646DB6EDF6857F8A7
:10F8500020B0BBF1000F00F002840BF13802DBF89E
:10F860002030069223B1DBF82830003B18BF01237B
:10F870000D93002313938DF8503014AB12939BF823
:10F880001030002B40F08D820023202118A81993FE
:10F890008DF868301AAB189318F09CF8DBF8343008
:10F8A0004FF0000A11930BF13903CDF80CA0CDF8FD
:10F8B0002CA0CDF81CA0CDF830A0CDE9043A11ABB6
:10F8C00013F80A30042B00F25783DFE813F08A00A4
:10F8D000F70071015A012700069B1AAAC01A764B3D
:10F8E0001B681F5CDDE91836934206F1010514BF61
:10F8F0001A9A0F22954200F2C4819F554FF00002E0
:10F90000039B199501330393189B5A55D4E902328E
:10F91000934261D20133A3604FF0FF35A5F1FF3769
:10F92000B7FA87F77F09002C0CBF002607F0010605
:10F93000002E40F004823E46029BA3F1FF33B3FA4F
:10F9400083F35B09B8F1000F0CBF4FF0000903F01F
:10F950000109B9F1000F40F0AB819E4200F0B18186
:10F9600014B1002F40F0F281EFB239460A22049818
:10F9700033F0D2FB0028AFD19BF81130BB4200F02E
:10F980008A819BF81060002E00F09B819BF812305A
:10F99000BB4240F0EE81059B002B40F0E981039BC8
:10F9A000002B00F0988314AADFB2DDE912369342EF
:10F9B00006F1010514BF149A0F22954200F2CE8180
:10F9C0009F554FF00002129B13955A550023039345
:10F9D000D4E9023293429DD3236820469B6A98471C
:10F9E0009AE70126BAF1030F40F09080079B012BA4
:10F9F00094BF002306F00103002B00F0C9840C9B88
:10FA0000002B40F0D881DBF81C3003F101094FF0E6
:10FA1000010A24E07340DEB2079B9A4580F09C8285
:10FA2000002E00F09982002C0CBF002207F001028A
:10FA3000002A40F06A822846C0B299F8003083421A
:10FA400040F04981D4E90232934280F08082013350
:10FA5000A3600AF1010A09F101094FF0FF35A5F190
:10FA6000FF37B7FA87F77F09002C0CBF002607F095
:10FA70000106002E40F042823E46029BA3F1FF3376
:10FA8000B3FA83F35B09B8F1000FC3D0002BC1D0E8
:10FA9000D8E902239A42BFD3D8F8003040465B6AC7
:10FAA0009847421C06BF4FF0000801230023B1E72E
:10FAB000104700202C470020D0280020A5F1FF3758
:10FAC000B7FA87F77F09002C0CBF002607F0010664
:10FAD000002E40F0F9823E46029BA3F1FF33B3FAB9
:10FAE00083F35B09B8F1000F0CBF4FF0000903F07E
:10FAF0000109B9F1000F40F0E0829E4240F05E81C2
:10FB0000BAF1030F4FF000063FF470AFA5F1FF39D3
:10FB1000B9FA89F94FEA5919002C40F04781CDF81C
:10FB20002490029BA3F1FF33B3FA83F35B09B8F18E
:10FB3000000F0CBF002703F00107002F40F02A81BF
:10FB40004B452BD01CB1099B002B40F01681284659
:10FB5000089BC0B29B691B5C1B071FD5D4E902320E
:10FB6000934280F0EF810133A360D4E902239A42EB
:10FB700080F0B68201234FF0FF354FF00009099362
:10FB8000CFE7DBF82030002B40F03081DBF8283065
:10FB9000002B40F0F3810D9B83F001060AF1010A6E
:10FBA000BAF1030F3FF722AF002E7FF488AE1DE7B6
:10FBB0002A9BDB689E0500F15381079B012B00F215
:10FBC0004F81BAF1000F00F04B81BAF1010F00F044
:10FBD0003C81BAF1020F00F01282199B012B00F256
:10FBE000F9810C9B5BB1189B1B78302B07D02D2320
:10FBF000002218A800931146012317F017FF139E47
:10FC00000EB3059B002B00F068829DF82C9014AA7F
:10FC1000129B771C934214BF149A0F22974200F252
:10FC2000EB8203F806900022129B1397DA5512AA72
:10FC3000DBE9020124F0E0FA28B92B9B2B9A1B6820
:10FC400043F004031360A5F1FF37059BB7FA87F76C
:10FC50007F0923B1DBF82C30039A93423BD1002C6F
:10FC60000CBF002607F0010618A92C9818F05EF8C2
:10FC7000002E3DD0D4E902239A4280F01E83002753
:10FC800036E00123314618A8009300231A4617F0E6
:10FC90002DFE189B31E6059B002B69D1DBF82C303B
:10FCA000002B0EDD039B03900B93012305932DE6A0
:10FCB000D8E902239A4280F0B98100239E427FF462
:10FCC0004FAE199B0126002B7FF468AFA5F1FF37DB
:10FCD000B7FA87F77F092B9B002C0CBF002607F093
:10FCE00001062B9A1B6843F004031360002EC1D158
:10FCF000029BA3F1FF30B0FA80F04009B8F1000F89
:10FD000002D0002840F0D281874205D12B9B2B9A4C
:10FD10001B6843F0020313600A9B18981C605D6027
:10FD20001AAB984201D0F4F789FA129814AB9842B2
:10FD300001D0F4F783FA0A981FB0BDE8F08FD4E938
:10FD400002239A4280F069810026F5E5D4E9023267
:10FD5000934280F077811F78394607E601233146C8
:10FD600012A8009300231A4617F0C0FD129B27E645
:10FD7000059E199B002BA9D010E7D4E902329342CB
:10FD800080F0218208991A7889698A5C11073FF509
:10FD9000EAAE03E7D8E902239A4280F0AE8100235D
:10FDA000CEE6202112A817F015FE6DE5B9F1000F7F
:10FDB0003FF4B5AED9E6DBF8243026E614B1002FC7
:10FDC00040F031822B46089ADBB29269D35C13F083
:10FDD00008063FF407AED4E90232934280F08D82E8
:10FDE0000133A3604FF0FF350126FBE5A5F1FF3994
:10FDF000B9FA89F94FEA5919002C0CBF002709F00C
:10FE00000107002F40F023824F46029BA3F1FF33EE
:10FE1000B3FA83F35B09B8F1000F0CBF002603F0BF
:10FE20000106002E40F02F829F4240F07281DBF8E5
:10FE30002830002B40F0A280DBF82030002B3FF46C
:10FE4000AAAE01231E460C93A8E60D9B43B99DF86C
:10FE50004430032B04D09DF84630012B40F0DA806B
:10FE6000A5F1FF37DBF81890B7FA87F77F0914B1CF
:10FE7000002F40F0FE8100260997029BA3F1FF337B
:10FE8000B3FA83F35B09B8F1000F01D0002B49D11D
:10FE90005F40B1456ED9002F6CD00CB1099BC3B93E
:10FEA0002846DBF81430C0B29B5D83421CD1D4E9F4
:10FEB0000232934259D20133A3600136D4E90223BE
:10FEC0009A4280F0A38101234FF0FF350027099368
:10FED000D3E7D4E90232934280F0CD81DBF81420DD
:10FEE000915D1A789142E6D0002E7FF4EFAE2A9B06
:10FEF000DB6883F40073C3F340264FE6D4E90223A2
:10FF00009A4280F068810026B7E5D4E902318B423D
:10FF100080F06A81187899F8001088423FF497AD14
:10FF20001746D8E6D8E902239A42B2D3D8F800306F
:10FF300040465B6A9847421C06BF4FF00008012309
:10FF40000023A5E7236820469B6A98470DE62368AF
:10FF500020469B6A98477CE5079B9A457FF4BBAE99
:10FF6000199B012B7FF63DAE34E0236820469B6A47
:10FF70009847A2E7B145B7D101260FE6A5F1FF39B1
:10FF8000B9FA89F94FEA5919002C0CBF002709F07A
:10FF90000107002F40F061814F46029BA3F1FF3320
:10FFA000B3FA83F35B09B8F1000F0CBF002603F02E
:10FFB0000106002E40F06D81BB4240F0D680DBF898
:10FFC0002030002B3FF4E7ADDBF82830002B7FF426
:10FFD000E2AD36E70022302118A817F01FFF0028F5
:10FFE0003FF4FFAD411C199A00F03D8182424FF071
:10FFF000000128BF024618A817F0CCFCF1E59DF8D7
:020000041001E9
:100000004730042B3FF42CAF032B03D10D9B002B67
:100010007FF426AF0AF1010A51E4236820465B6AA7
:100020009847411C7FF490AE002485E4D8F8003056
:1000300040465B6A9847421C0ABF4B4600234FF07C
:1000400000088AE4236820465B6A9847C7B20130FB
:1000500039467FF48BACFF2100240F4686E4442010
:10006000F4F7E8F800238146C0E90133C360037464
:10007000A0F81130436380F84330C0E90533C0E98C
:100080000733C0E90933C0E90B33A34B03602A9B54
:1000900003F16C010DF00EFE2A9B49463246D86EE4
:1000A000F8F7AAFD57F826B0FFF7D7BBD8E9022327
:1000B0009A4280F0F780002026E6D8E902239A428F
:1000C00080F00581002318E5D4E902239A4280F0EC
:1000D0000A81002600E5039E4BE69DF80C9096E50C
:1000E000236820465B6A9847411C05467FF442AD71
:1000F000012300249946099313E5D8F800304046BF
:100100005B6A9847421C0ABF3B4600234FF0000839
:1001100016E5B4B1B9F1000F13D0D4E9023293421D
:1001200080F02D81DBF81C201978127891427FF441
:100130007EAEDBF8202007920133A3604FF0FF353D
:100140001AE72B46DBF81C20DBB212789A427FF4C8
:100150006EAEDBF82010D4E9023207919342EBD364
:10016000236820469B6A9847E8E7C4B1B9F1000FBD
:1001700015D0D4E90232934280F0F880DBF82420D5
:1001800011781A7891427FF41AAFDBF82820079291
:100190000133A36001264FF0FF350C96FEE42B4699
:1001A000DBF82420DBB212789A427FF408AFDBF848
:1001B0002810D4E9023207919342E9D323682046FC
:1001C0009B6A9847E6E7236820465B6A9847421C8B
:1001D00008BF0024BCE4236820465B6A9847411CA2
:1001E0007FF491AE002448E4236820465B6A984778
:1001F000461C08BF00241FE40123314612A80093C7
:1002000000231A4617F072FB129B0AE5236820466A
:100210005B6A9847411C05467FF455AE01230024D4
:100220001F46099329E6D4E9023293426AD208991B
:100230001A7889698A5C12F008067FF4D1ADBAF1A8
:10024000030F7FF492AC4FF0FF35FFF7CFBBD4E93B
:1002500002239A4262D20027D7E5D4E902239A42C8
:1002600070D2002799E6501ECAB100283FF4B9ACFD
:10027000BCE6002622E6236820465B6A9847431CBA
:1002800008BF00240DE6D8E902239A4262D2002377
:10029000CAE5D8E902239A4248D200238CE6189B8B
:1002A0001A709EE4D8F8003040465B6A9847A0F187
:1002B000FF30B0FA80F0400926E5236820465B6AEB
:1002C0009847431C0ABF37460027002410E5D8F89A
:1002D000003040465B6A9847421C0ABF4B460023E9
:1002E0004FF0000809E4236820465B6A9847411CE8
:1002F0007FF4EFAE0024FFF7EFBB236820469B6A34
:1003000098476FE5236820465B6A9847461C03467A
:1003100008BF002457E500BFD44D041023682046D1
:100320005B6A9847411C96D100246EE5D8F80030EE
:1003300040465B6A9847421C0ABF334600234FF091
:10034000000839E6236820465B6A9847411C88D13B
:10035000002422E6D8F8003040465B6A9847421CE9
:100360000ABF334600234FF000085DE523682046AE
:100370005B6A9847461C034608BF002410E72368C1
:1003800020465B6A9847461C034608BF0024D9E60E
:10039000002E3FF49BAC20E40CF038FB02E018A8E0
:1003A00017F076FA12A817F073FA21F0E3FF22F0A3
:1003B00051F9D9F8003048465B68984722F04CFD67
:1003C00022F048F9FAE722F083F921F0D3FF00BFC9
:1003D0002DE9F04F9FB01D4614460EA90A90A4487F
:1003E00081E80C00DDE928830293F8F77FFC2A9B63
:1003F000DB6E5B6853F820300893002B00F0AC856F
:100400009C48F8F773FC2A9B0646DB6EDF6857F8BA
:1004100020B0BBF1000F00F002840BF13802DBF8D2
:100420002030069223B1DBF82830003B18BF0123AF
:100430000D93002313938DF8503014AB12939BF857
:100440001030002B40F08D820023202118A8199332
:100450008DF868301AAB189317F0BCFADBF834301B
:100460004FF0000A11930BF13903CDF80CA0CDF831
:100470002CA0CDF81CA0CDF830A0CDE9043A11ABEA
:1004800013F80A30042B00F25783DFE813F08A00D8
:10049000F70071015A012700069B1AAAC01A764B71
:1004A0001B681F5CDDE91836934206F1010514BF95
:1004B0001A9A0F22954200F2C4819F554FF0000214
:1004C000039B199501330393189B5A55D4E90232C3
:1004D000934261D20133A3604FF0FF35A5F1FF379E
:1004E000B7FA87F77F09002C0CBF002607F001063A
:1004F000002E40F004823E46029BA3F1FF33B3FA84
:1005000083F35B09B8F1000F0CBF4FF0000903F053
:100510000109B9F1000F40F0AB819E4200F0B181BA
:1005200014B1002F40F0F281EFB239460A2204984C
:1005300032F0F2FD0028AFD19BF81130BB4200F041
:100540008A819BF81060002E00F09B819BF812308E
:10055000BB4240F0EE81059B002B40F0E981039BFC
:10056000002B00F0988314AADFB2DDE91236934223
:1005700006F1010514BF149A0F22954200F2CE81B4
:100580009F554FF00002129B13955A550023039379
:10059000D4E9023293429DD3236820469B6A984750
:1005A0009AE70126BAF1030F40F09080079B012BD8
:1005B00094BF002306F00103002B00F0C9840C9BBC
:1005C000002B40F0D881DBF81C3003F101094FF01B
:1005D000010A24E07340DEB2079B9A4580F09C82BA
:1005E000002E00F09982002C0CBF002207F00102BF
:1005F000002A40F06A822846C0B299F8003083424F
:1006000040F04981D4E90232934280F08082013384
:10061000A3600AF1010A09F101094FF0FF35A5F1C4
:10062000FF37B7FA87F77F09002C0CBF002607F0C9
:100630000106002E40F042823E46029BA3F1FF33AA
:10064000B3FA83F35B09B8F1000FC3D0002BC1D01C
:10065000D8E902239A42BFD3D8F8003040465B6AFB
:100660009847421C06BF4FF0000801230023B1E762
:100670001047002028470020D0280020A5F1FF3790
:10068000B7FA87F77F09002C0CBF002607F0010698
:10069000002E40F0F9823E46029BA3F1FF33B3FAED
:1006A00083F35B09B8F1000F0CBF4FF0000903F0B2
:1006B0000109B9F1000F40F0E0829E4240F05E81F6
:1006C000BAF1030F4FF000063FF470AFA5F1FF3908
:1006D000B9FA89F94FEA5919002C40F04781CDF851
:1006E0002490029BA3F1FF33B3FA83F35B09B8F1C3
:1006F000000F0CBF002703F00107002F40F02A81F4
:100700004B452BD01CB1099B002B40F0168128468D
:10071000089BC0B29B691B5C1B071FD5D4E9023242
:10072000934280F0EF810133A360D4E902239A421F
:1007300080F0B68201234FF0FF354FF00009099396
:10074000CFE7DBF82030002B40F03081DBF8283099
:10075000002B40F0F3810D9B83F001060AF1010AA2
:10076000BAF1030F3FF722AF002E7FF488AE1DE7EA
:100770002A9BDB689E0500F15381079B012B00F249
:100780004F81BAF1000F00F04B81BAF1010F00F078
:100790003C81BAF1020F00F01282199B012B00F28A
:1007A000F9810C9B5BB1189B1B78302B07D02D2354
:1007B000002218A800931146012317F037F9139E61
:1007C0000EB3059B002B00F068829DF82C9014AAB4
:1007D000129B771C934214BF149A0F22974200F287
:1007E000EB8203F806900022129B1397DA5512AAA7
:1007F000DBE9020123F000FD28B92B9B2B9A1B6833
:1008000043F004031360A5F1FF37059BB7FA87F7A0
:100810007F0923B1DBF82C30039A93423BD1002CA3
:100820000CBF002607F0010618A92C9817F07EFAD5
:10083000002E3DD0D4E902239A4280F01E83002787
:1008400036E00123314618A8009300231A4617F01A
:100850004DF8189B31E6059B002B69D1DBF82C3055
:10086000002B0EDD039B03900B93012305932DE6D4
:10087000D8E902239A4280F0B98100239E427FF496
:100880004FAE199B0126002B7FF468AFA5F1FF370F
:10089000B7FA87F77F092B9B002C0CBF002607F0C7
:1008A00001062B9A1B6843F004031360002EC1D18C
:1008B000029BA3F1FF30B0FA80F04009B8F1000FBD
:1008C00002D0002840F0D281874205D12B9B2B9A81
:1008D0001B6843F0020313600A9B18981C605D605C
:1008E0001AAB984201D0F3F7A9FC129814AB9842C6
:1008F00001D0F3F7A3FC0A981FB0BDE8F08FD4E94C
:1009000002239A4280F069810026F5E5D4E902329B
:10091000934280F077811F78394607E601233146FC
:1009200012A8009300231A4616F0E0FF129B27E658
:10093000059E199B002BA9D010E7D4E902329342FF
:1009400080F0218208991A7889698A5C11073FF53D
:10095000EAAE03E7D8E902239A4280F0AE81002391
:10096000CEE6202112A817F035F86DE5B9F1000F99
:100970003FF4B5AED9E6DBF8243026E614B1002FFB
:1009800040F031822B46089ADBB29269D35C13F0B7
:1009900008063FF407AED4E90232934280F08D821C
:1009A0000133A3604FF0FF350126FBE5A5F1FF39C8
:1009B000B9FA89F94FEA5919002C0CBF002709F040
:1009C0000107002F40F023824F46029BA3F1FF3323
:1009D000B3FA83F35B09B8F1000F0CBF002603F0F4
:1009E0000106002E40F02F829F4240F07281DBF81A
:1009F0002830002B40F0A280DBF82030002B3FF4A1
:100A0000AAAE01231E460C93A8E60D9B43B99DF8A0
:100A10004430032B04D09DF84630012B40F0DA809F
:100A2000A5F1FF37DBF81890B7FA87F77F0914B103
:100A3000002F40F0FE8100260997029BA3F1FF33AF
:100A4000B3FA83F35B09B8F1000F01D0002B49D151
:100A50005F40B1456ED9002F6CD00CB1099BC3B972
:100A60002846DBF81430C0B29B5D83421CD1D4E928
:100A70000232934259D20133A3600136D4E90223F2
:100A80009A4280F0A38101234FF0FF35002709939C
:100A9000D3E7D4E90232934280F0CD81DBF8142011
:100AA000915D1A789142E6D0002E7FF4EFAE2A9B3A
:100AB000DB6883F40073C3F340264FE6D4E90223D6
:100AC0009A4280F068810026B7E5D4E902318B4272
:100AD00080F06A81187899F8001088423FF497AD49
:100AE0001746D8E6D8E902239A42B2D3D8F80030A4
:100AF00040465B6A9847421C06BF4FF0000801233E
:100B00000023A5E7236820469B6A98470DE62368E3
:100B100020469B6A98477CE5079B9A457FF4BBAECD
:100B2000199B012B7FF63DAE34E0236820469B6A7B
:100B30009847A2E7B145B7D101260FE6A5F1FF39E5
:100B4000B9FA89F94FEA5919002C0CBF002709F0AE
:100B50000107002F40F061814F46029BA3F1FF3354
:100B6000B3FA83F35B09B8F1000F0CBF002603F062
:100B70000106002E40F06D81BB4240F0D680DBF8CC
:100B80002030002B3FF4E7ADDBF82830002B7FF45A
:100B9000E2AD36E70022302118A817F03FF900280F
:100BA0003FF4FFAD411C199A00F03D8182424FF0A5
:100BB000000128BF024618A816F0ECFEF1E59DF8EA
:100BC0004730042B3FF42CAF032B03D10D9B002B9C
:100BD0007FF426AF0AF1010A51E4236820465B6ADC
:100BE0009847411C7FF490AE002485E4D8F800308B
:100BF00040465B6A9847421C0ABF4B4600234FF0B1
:100C000000088AE4236820465B6A9847C7B201302F
:100C100039467FF48BACFF2100240F4686E4442044
:100C2000F3F708FB00238146C0E90133C360037476
:100C3000A0F81130436380F84330C0E90533C0E9C0
:100C40000733C0E90933C0E90B33A34B03602A9B88
:100C500003F16C010CF05AFE2A9B49463246D86ECD
:100C6000F7F7CAFF57F826B0FFF7D7BBD8E902233A
:100C70009A4280F0F780002026E6D8E902239A42C3
:100C800080F00581002318E5D4E902239A4280F020
:100C90000A81002600E5039E4BE69DF80C9096E540
:100CA000236820465B6A9847411C05467FF442ADA5
:100CB000012300249946099313E5D8F800304046F3
:100CC0005B6A9847421C0ABF3B4600234FF000086E
:100CD00016E5B4B1B9F1000F13D0D4E90232934252
:100CE00080F02D81DBF81C201978127891427FF476
:100CF0007EAEDBF8202007920133A3604FF0FF3572
:100D00001AE72B46DBF81C20DBB212789A427FF4FC
:100D10006EAEDBF82010D4E9023207919342EBD398
:100D2000236820469B6A9847E8E7C4B1B9F1000FF1
:100D300015D0D4E90232934280F0F880DBF8242009
:100D400011781A7891427FF41AAFDBF828200792C5
:100D50000133A36001264FF0FF350C96FEE42B46CD
:100D6000DBF82420DBB212789A427FF408AFDBF87C
:100D70002810D4E9023207919342E9D32368204630
:100D80009B6A9847E6E7236820465B6A9847421CBF
:100D900008BF0024BCE4236820465B6A9847411CD6
:100DA0007FF491AE002448E4236820465B6A9847AC
:100DB000461C08BF00241FE40123314612A80093FB
:100DC00000231A4616F092FD129B0AE5236820467E
:100DD0005B6A9847411C05467FF455AE0123002409
:100DE0001F46099329E6D4E9023293426AD2089950
:100DF0001A7889698A5C12F008067FF4D1ADBAF1DD
:100E0000030F7FF492AC4FF0FF35FFF7CFBBD4E96F
:100E100002239A4262D20027D7E5D4E902239A42FC
:100E200070D2002799E6501ECAB100283FF4B9AC31
:100E3000BCE6002622E6236820465B6A9847431CEE
:100E400008BF00240DE6D8E902239A4262D20023AB
:100E5000CAE5D8E902239A4248D200238CE6189BBF
:100E60001A709EE4D8F8003040465B6A9847A0F1BB
:100E7000FF30B0FA80F0400926E5236820465B6A1F
:100E80009847431C0ABF37460027002410E5D8F8CE
:100E9000003040465B6A9847421C0ABF4B4600231D
:100EA0004FF0000809E4236820465B6A9847411C1C
:100EB0007FF4EFAE0024FFF7EFBB236820469B6A68
:100EC00098476FE5236820465B6A9847461C0346AF
:100ED00008BF002457E500BFE44D041023682046F6
:100EE0005B6A9847411C96D100246EE5D8F8003023
:100EF00040465B6A9847421C0ABF334600234FF0C6
:100F0000000839E6236820465B6A9847411C88D16F
:100F1000002422E6D8F8003040465B6A9847421C1D
:100F20000ABF334600234FF000085DE523682046E2
:100F30005B6A9847461C034608BF002410E72368F5
:100F400020465B6A9847461C034608BF0024D9E642
:100F5000002E3FF49BAC20E40BF058FD02E018A8F3
:100F600016F096FC12A816F093FC21F003FA21F07B
:100F700071FBD9F8003048465B68984721F06CFF58
:100F800021F068FBFAE721F0A3FB21F0F3F900BFA1
:100F90002DE9F04790B08C46054606AC0DF13008BF
:100FA0001C9F0DF128099DF8681008AECDF8288027
:100FB00084E80C0000231B9A0B938DF8303018AB9B
:100FC0000292CDE9037931B393E803008DE8030081
:100FD0006146304694E80C00FEF71AFCDDF828A0C4
:100FE00096E8030084E80300F7F7E6FB33461D9913
:100FF00008903A46504622F091FB0A9B94E8030081
:10100000434585E8030002D01846F3F717F9284650
:1010100010B0BDE8F08793E803008DE80300614657
:10102000304694E80C00FFF7D3F9D7E7484616F0AE
:101030002FFC21F09FF900BF2DE9F04F93B005463A
:1010400047480E461F9F08AC9DF878A084E80C0026
:10105000F7F74CFEFB6E5B6853F82080B8F1000F89
:1010600076D000230DF138090D938DF83830CDF886
:101070003090BAF1000F44D10CAB02970AAF049341
:10108000209B03931CAB93E803008DE803003146DB
:10109000384694E80C00FFF79BF997E803000D9F92
:1010A00084E80300002F44D000223946219816F02E
:1010B00015FD98F81C30219A0C9E012B126806EB46
:1010C000070A07923BD0002B35D0D8F80030D3F870
:1010D0001CB0244B9B4535D1B2452AD031463A4607
:1010E000079831F0D5FF0C9E4E4594E8030085E843
:1010F000030002D03046F3F7A1F8284613B0BDE84C
:10110000F08F0CAB02970AAF0493209B03931CABA8
:1011100093E803008DE803003146384694E80C005C
:10112000FEF776FB97E803000D9F84E80300002F8D
:10113000BAD10C9ED8E74046FDF75EFDC5E7B24543
:10114000CCD1D1E7079B524631464046D847F0E71D
:101150000BF05CFC0CA816F09BFB21F00BF900BF18
:101160001047002089EB00102DE9F04F9DB0074695
:101170009F480DF1280ADDF89880DDF8A0B08AE8D4
:101180000C009DF89C300393F7F7B0FDD8F86C3055
:101190005B6853F82090B9F1000F00F0F481954896
:1011A000F7F7A4FDD8F86C300446DE6856F82050F6
:1011B000002D00F07E8195F83830DBE9006132784F
:1011C0009A4200F090802B6B0D93EB6905932B6A8C
:1011D00002933144B1420DD9D9F81800334601E0E9
:1011E000994212D01C4613F8012B825C5207F7D4A7
:1011F000A41B0DD100239AE80300C8F8083087E843
:10120000030038461DB0BDE8F08F0C46A41BF1D09A
:101210000023610010A811938DF8483012AB109391
:1012200016F0D8FBEB6AA4EB0309B9F1000F23DD3C
:10123000E96839EA230928BFA146119A002900F07C
:101240005D8100214FEA490310A8009116F0EEFBE2
:1012500006EB0900A97CD5E90223019000961098BD
:101260000DF0F2F9109A119B821A9A4200F28481D1
:10127000002311920370EB6A002BDDF844B000F3F9
:10128000EB80029B03EB0B02D8F80C3003F0B001AB
:1012900004920691990500F1C980002316A81793BE
:1012A0008DF8603018AB1693049B590016F092FB32
:1012B000069A0DACD8F808900DF1380B049BA2F1FA
:1012C0001002179EB2FA82F299454FEA521298BF65
:1012D0000022079214F8013B042B1BD8DFE803F02F
:1012E0006B8E79550E006B6B0D936B6A0593AB6A31
:1012F000029300293FF47EAF01366AE76FF0404366
:10130000DDE910129B1B9A4200F23A8116A816F0F2
:10131000BFFC179E5C45DDD1029B012B00F28A8049
:10132000B14540F29780069AA9EB0603202A039A5A
:10133000009200F0B880002216A8114616F076FB45
:101340009DF82C40169B0A9D4CB919462B684A46BD
:1013500028461B6B9847814518BF0124169B18AA85
:101360000E958DF83C4093429BE803000A908DF85F
:101370002C1002D01846F2F761FF109812AB984279
:101380003FF438AFF2F75AFF34E7029B002BC1D08D
:10139000059A711C169B12780892721C099218AA61
:1013A000934214BF189A0F22914200F2C180089A0A
:1013B00009999A5534E0079B002BABD0039B31462B
:1013C000002216A80093049BA9EB030316F02EFB42
:1013D0009FE7D8F80C309B059CD56FF04043D5E9CA
:1013E00005129B1B9A4291D903480BF037FB00BFB3
:1013F000104700202C470020D0350410079B002BFD
:10140000DCD1721C169B711C089218AA934214BF5F
:10141000189A0F22914200F29F80039A08999A55D8
:10142000169B002217915A54179E73E7AB691A4412
:10143000049232E75A1E6FF0404305999B1B01311D
:101440009A4200F2968016A816F022FC179EB1452B
:101450003FF669AFB14673E76A7C109B06920BF1C9
:101460000102049212AA0499934214BF129A0F2205
:10147000914267D8069A049903F80B200022109B2A
:10148000914511915A5441DB119A6FF0404306EB9C
:1014900009019B1AEA6A9A4268D810A816F0F8FB6C
:1014A000DDF844B0EDE63146002216A816F0BEFA8B
:1014B00046E74420F2F7BEFE002308F16C01054622
:1014C000C3600374A0F81130436380F84330C0E96F
:1014D0000133C0E90533C0E90733C0E90933C0E986
:1014E0000B33374B03600CF0E5FB29462246D8F856
:1014F0006C00F7F781FB56F824505CE6334610A8E1
:10150000CDF8009016F064FBEB6AB5E695F839105B
:10151000C9F1000310A80091119916F087FA6FF035
:101520004043119A9B1A9C422FD822463146B4E779
:101530000123314616A8009300231A4616F0D6F967
:10154000169B34E70123594610A8009300231A463E
:1015500016F0CCF9109B8DE70123314616A80093B5
:1015600000231A4616F0C2F9169B56E715480BF0F1
:1015700075FA14480BF072FA134914480BF09EFAEE
:1015800010480BF06BFA0BF041FA0E480BF066FABC
:1015900021F060F82B6828465B68984721F05CFCD6
:1015A00021F058F8FAE721F093F820F0E3FE16A8AE
:1015B00016F06EF910A816F06BF920F0DBFEF9E7D3
:1015C000D44D0410D03504108C360410343504107A
:1015D0002DE9F04F9DB007469F480DF1280ADDF830
:1015E0009880DDF8A0B08AE80C009DF89C30039349
:1015F000F7F77CFBD8F86C305B6853F82090B9F1B2
:10160000000F00F0F4819548F7F770FBD8F86C30C4
:101610000446DE6856F82050002D00F07E8195F8D3
:101620003830DBE9006132789A4200F090802B6B11
:101630000D93EB6905932B6A02933144B1420DD9A6
:10164000D9F81800334601E0994212D01C4613F82D
:10165000012B825C5207F7D4A41B0DD100239AE81A
:101660000300C8F8083087E8030038461DB0BDE81D
:10167000F08F0C46A41BF1D00023610010A8119339
:101680008DF8483012AB109316F0A4F9EB6AA4EB76
:101690000309B9F1000F23DDE96839EA230928BFFE
:1016A000A146119A002900F05D8100214FEA49030B
:1016B00010A8009116F0BAF906EB0900A97CD5E94B
:1016C00002230190009610980CF0BEFF109A119B17
:1016D000821A9A4200F28481002311920370EB6A0D
:1016E000002BDDF844B000F3EB80029B03EB0B0210
:1016F000D8F80C3003F0B00104920691990500F17E
:10170000C980002316A817938DF8603018AB169384
:10171000049B590016F05EF9069A0DACD8F80890B3
:101720000DF1380B049BA2F11002179EB2FA82F25F
:1017300099454FEA521298BF0022079214F8013BD4
:10174000042B1BD8DFE803F06B8E79550E006B6B12
:101750000D936B6A0593AB6A029300293FF47EAF49
:1017600001366AE76FF04043DDE910129B1B9A4295
:1017700000F23A8116A816F08BFA179E5C45DDD16F
:10178000029B012B00F28A80B14540F29780069AB5
:10179000A9EB0603202A039A009200F0B8800022E9
:1017A00016A8114616F042F99DF82C40169B0A9D8A
:1017B0004CB919462B684A4628461B6B9847814509
:1017C00018BF0124169B18AA0E958DF83C40934231
:1017D0009BE803000A908DF82C1002D01846F2F70F
:1017E0002DFD109812AB98423FF438AFF2F726FD6A
:1017F00034E7029B002BC1D0059A711C169B12780E
:101800000892721C099218AA934214BF189A0F22C8
:10181000914200F2C180089A09999A5534E0079BD9
:10182000002BABD0039B3146002216A80093049BEB
:10183000A9EB030316F0FAF89FE7D8F80C309B05E4
:101840009CD56FF04043D5E905129B1B9A4291D974
:1018500003480BF003F900BF104700202847002081
:10186000D0350410079B002BDCD1721C169B711C19
:10187000089218AA934214BF189A0F22914200F2BC
:101880009F80039A08999A55169B002217915A54E3
:10189000179E73E7AB691A44049232E75A1E6FF041
:1018A000404305999B1B01319A4200F2968016A88D
:1018B00016F0EEF9179EB1453FF669AFB14673E7F2
:1018C0006A7C109B06920BF10102049212AA049901
:1018D000934214BF129A0F22914267D8069A049934
:1018E00003F80B200022109B914511915A5441DBC3
:1018F000119A6FF0404306EB09019B1AEA6A9A427B
:1019000068D810A816F0C4F9DDF844B0EDE6314609
:10191000002216A816F08AF846E74420F2F78AFC5F
:10192000002308F16C010546C3600374A0F8113070
:10193000436380F84330C0E90133C0E90533C0E9AF
:101940000733C0E90933C0E90B33374B03600BF0B1
:10195000DDFF29462246D8F86C00F7F74DF956F816
:1019600024505CE6334610A8CDF8009016F030F90C
:10197000EB6AB5E695F83910C9F1000310A800919B
:10198000119916F053F86FF04043119A9B1A9C423C
:101990002FD822463146B4E70123314616A80093DA
:1019A00000231A4615F0A2FF169B34E7012359467F
:1019B00010A8009300231A4615F098FF109B8DE79E
:1019C0000123314616A8009300231A4615F08EFF16
:1019D000169B56E715480BF041F814480BF03EF8FB
:1019E000134914480BF06AF810480BF037F80BF065
:1019F0000DF80E480BF032F820F02CFE2B6828462C
:101A00005B68984721F028FA20F024FEFAE720F0DE
:101A10005FFE20F0AFFC16A815F03AFF10A815F0F5
:101A200037FF20F0A7FCF9E7E44D0410D03504108F
:101A30008C360410343504102DE9F04F93B08246F3
:101A400004AF07F1100BB96007F11C008BE80C0024
:101A500097F86030FB6097F868307B607B6E03F12D
:101A60006C01D7E91C89F6F799FE4C48F7F73EF967
:101A7000FB695B6853F82060002E00F0828090B014
:101A800004ADF6F799FE0023386240222946009300
:101A900007F12000424BCDE90289FDF77BFE3F288C
:101AA00004464BDC07F128080022214607F12000FC
:101AB000C7F8208015F0F4FE337F05EB04093A6A7D
:101AC000012B3A6008D0002B50D03368DB691A46EE
:101AD0009C46344B9A424DD1A94504D02246294612
:101AE000386831F0D5FAFB68D3B97B68504601936A
:101AF0007B6E009307F12003B96802939BE80C000A
:101B0000FFF766FD386A404501D0F2F797FB07F111
:101B10001C00F6F7CFFE50463C37BD46BDE8F08FBF
:101B20007B68504601937B6E009307F12003B968F0
:101B300002939BE80C00FFF717FBE3E700F10803B3
:101B4000013423F00703ADEB030D04ADF6F734FECB
:101B5000002322462946CDE90289386207F1200098
:101B600000930F4BFDF716FE04469BE73046FDF74A
:101B700043F8AAE73B684A46294630466446A047F0
:101B8000B1E70AF043FF03E007F1200015F080FE03
:101B900007F11C00F6F78EFE20F0ECFB104700204A
:101BA000A036041089EB001030B587B004460DF163
:101BB000100C9DF828508CE80C000B9B9DF83020F1
:101BC00055B10D9D0093CDE901259CE80C00FFF770
:101BD000CBFA204607B030BD0D9D0093CDE901251D
:101BE0009CE80C00FFF7F4FC204607B030BD00BFB6
:101BF0002DE9F04F85B005466248984604A9149C2B
:101C00001646DDF838A001E90C00F7F76FF8E36E2F
:101C10005B6853F82090B9F1000F00F0B1800F9B82
:101C200000240095A3F1FF3B2746BBFA8BFB4FEA4C
:101C30005B1BA8F1FF31B1FA81F14909002E0CBFFD
:101C4000002501F00105002D37D10D46BAF1000F36
:101C500002D0BBF1000F36D185EA0B05139B9F42E2
:101C600050D2002D4ED00EB100293ED15FFA88F13E
:101C70000D464D4495F81D3153B9D9F80030424A0C
:101C80001B6A934238D12A293CD00B4685F81D1196
:101C9000303BDAB2092A35D804EB840403EB440460
:101CA000129B9C4253DCD6E90232934242D201336A
:101CB000B36001374FF0FF38BBE7D6E902239A4201
:101CC00047D20025C2E7DAE902239A42C6D3DAF8FE
:101CD0000030504601915B6A984701300199BDD1AF
:101CE00085F001054FF0000AB8E7D6E902329342C9
:101CF00039D219780D46BCE72A2248469847014652
:101D00002A29C2D1003F119B009D18BF01279C4288
:101D1000B8BF002717B1129B9C4210DD159B2846C7
:101D2000159A1B6843F00403C5E90068136005B009
:101D3000BDE8F08F336830469B6A9847B9E7109B3F
:101D400028461C60C5E9006805B0BDE8F08F009D1D
:101D5000E4E73368304601915B6A984701300199A6
:101D6000AFD1002672E7336830465B6A9847431C60
:101D700002D0C1B20D467CE7FF250026294678E750
:101D80000AF044FE1047002025EB00102DE9F04F2B
:101D900093B04FF0000B0446AF480EAE0F46CDF89F
:101DA00044B0DDE91E9886E80C00DDE91CA5F6F7D5
:101DB0009DFFD9F86C305B6853F820300993002BF5
:101DC00000F09D8111AB0221A5F1FF35CDF81890EF
:101DD00007936323CDF80CB00DF13009B5FA85F502
:101DE000CDE9043110AB6D0902931CABDA450CBF91
:101DF0004FF0000B05F0010B93E803008DE80300A2
:101E00003946484696E80C00FFF7F2FE119A99E829
:101E1000030086E803000B46064622B3A1F1FF3714
:101E2000D8F80020B7FA87F742F004027F09C8F813
:101E3000002000280CBF4FF0000907F00109B9F19C
:101E4000000F2FD1BBF1000F35D1AF4205D1D8F82B
:101E5000002042F00202C8F800202046C4E90063D6
:101E600013B0BDE8F08FA1F1FF37B7FA87F77F090C
:101E700000280CBF4FF0000907F00109B9F1000F6D
:101E80007BD13946BBF1000F70D12A46914219D15E
:101E9000109A442A01DC6432109220994A61B9F107
:101EA000000FCFD0D6E90212914280F0BD8000270A
:101EB000BBF1000FC9D0DAE90212914280F0A7808D
:101EC0000025C2E7B9F1000F40F09280D9B20A466E
:101ED000099800EB020999F81D2162B90268126A9B
:101EE000104694465D4A904240F089802A292DD0C0
:101EF0000A4689F81D11A2F130095FFA89F2092A10
:101F000024D8D6E902218A4280F0AA80109B0132AF
:101F100003EB8303B26009EB430310938A421CD2A4
:101F20000027BBF1000F5DD12B469F4239D1B6F19E
:101F30000009109A18BF4FF00109A2F26C722099A3
:101F400001274FF0FF3310924A61A8E7002E0CBF23
:101F50004FF0000907F001099AE7336830465B6AE1
:101F600098470130DCD101270026DAE7DAE90202DE
:101F7000904280F08C80002288E7D0E902018842FC
:101F800001D211467EE731683046CDE90A32496A0E
:101F900088470130DDE90A32F3D1494616469146B9
:101FA00070E7002E69D0D6E90232934280F09C801F
:101FB00019784FF001090B460998C71897F81D21A9
:101FC0004AB90368254A1B6A93425CD12A2907D083
:101FD0000A4687F81D11A2F13007FBB2092B2FD951
:101FE000109AAAE7DAE902239A4261D200239CE719
:101FF000D6E902218A4267D211780A4668E70A9335
:102000002A226346099898470A9B01466EE7DAF848
:10201000002050460993526A9047A0F1FF35099B72
:10202000B5FA85F56D0910E7326830460993526AB2
:1020300090470130099B0ABF4F460027002601E761
:10204000D6E9023293424AD20133B360109B03EBCC
:10205000830307EB430270E71047002025EB0010D5
:10206000336830469B6A9847109B03EB830309EB68
:102070004303D6E90221109350E74FF00009FF23F4
:102080004E46194698E72A22984701469EE7DAF815
:1020900000205046CDE90A31526A90470130DDE90F
:1020A0000A317FF468AF5A464FF0000BDA46EDE68E
:1020B000DAF8003050465B6A9847013096D15B46AB
:1020C0004FF0000BDA4630E7326830460A93526A26
:1020D0009047421C0A9B14D0C1B20A46F8E6336806
:1020E00030469B6A9847B1E7336830465B6A984749
:1020F000431CC2D0C1B24FF001090B465CE70AF0A5
:1021000085FCFF2200261146E2E600BF2DE9F04FD4
:1021100091B000AF07F140013861A14801E90C001E
:10212000D7E91E84BB6EBD6BFA6BFB617D627A637F
:10213000F6F7DCFDE36E5B6853F82040002C00F0FE
:1021400090837A6B6B46A2F1FF36A3EBC803B6FA15
:1021500086F69D46DB087609EA467B61002D0CBFBA
:10216000002506F00105002D40F0BF823546FB6ECC
:10217000F969A3F1FF33B3FA83F35B093B620029EA
:102180000CBF002303F001039946002B40F0A58209
:10219000D7F82090A94510D1D7F88030D7F8801013
:1021A0001B6843F004030B603B69796A44371846A7
:1021B000C3E90012BD46BDE8F08F7B6A13B1002E63
:1021C00040F09A82D5B2236829467A6320461B697B
:1021D00098472368B86229469B68204698477A6BDF
:1021E000B8F1000FD8D04FEA88010023C146BA6188
:1021F000F9600AEB88011D46D7F82880F962796FEB
:102200000E1FC7E90C0AB346A2461E460DE0DBF8D6
:10221000002050461178DAF80020926890473B6B16
:1022200083420CD00136B14517D05BF8042F5046DD
:102230001178DAF80020126990478045E7D1DBF881
:102240000000AC002AF076FAFB6A43F8250001355D
:102250007B6B1E510136B145E7D1012D5446BA6959
:10226000D7F834A03E6040F2FE82FB684FF0000BCE
:102270007A6953F83220AB00BB62FB6AA3F1040910
:10228000C7F81890B9691646B86AFB6A081853F877
:10229000041F8E4228BF0E469842F8D1786A0BF18F
:1022A000010BD0E902318B4280F0EC8001335E45B6
:1022B000836000F0F2806FD97B6AD3E902239A42EF
:1022C00080F089810026D7E90731002B0CBF00215F
:1022D00001F00101002965D1396A8E426AD07A6A1B
:1022E000002A4AD0D2E90232934280F0E68119787E
:1022F000236820461B6998477A6A7863D2E90232DC
:10230000934280F0D1811978236820469B689847D2
:10231000002D41D00026386317E02368204618F8C6
:102320000B109B6898473B6B83421ED0013DFA6AB5
:102330005AF82530AE424AF809304FEA8503BB62AD
:1023400052F8253042F8093012D25AF82630204689
:102350007A6F4FEA860952F82380236818F80B1029
:102360001B6998477B6B9842D7D10136AE42ECD3BC
:10237000012D1FD9FB6A1A6884E72368FF212046D4
:102380001B69984700237863FF217B6220462368FE
:102390009B689847002DBDD14FF0FF32FCE600BF8F
:1023A00010470020D3E902239A4280F07181002176
:1023B0008E4294D14FF0FF32012D7FF4EDAE7A6A58
:1023C000D2E902318B4280F09F81013393600BF19F
:1023D000010BDAF80050FB687A6953F832807B6FA2
:1023E000C34553F8256080F021817B6A5E44002B51
:1023F0003FD14FF00109D7E90732002B0CBF002273
:1024000002F00102002A40F008813A6A914500F08A
:102410000D812368204631781B6998477B6A814685
:10242000002B40F008812368FF2120461B69984754
:10243000484500F0DB802368204631789B68984748
:102440000023FF2181467B62236820469B689847D2
:10245000484540F0EB807A6AD2E902318B4280F045
:10246000CD800BF1010B01330136D845936000F0AC
:10247000CF807B6AD3E90213994280F04A814FF002
:102480000009B8E7786A7A6303689B6A98475E45F3
:102490007A6B7FF410AF7B6AD9687B6A9B688B424A
:1024A00080F091814FF00008D7E90736002B0CBF70
:1024B000002606F00106002E40F008813E6A4645DF
:1024C00000F0D380796A002900F0D680D1E902318A
:1024D0008B4280F06C811978236820467A631B69EF
:1024E00098477A6A3863D2E902317A6B8B4280F07E
:1024F00050811978236820467A60AAF104099B6804
:1025000000269847C7F808A0D7F81880A246786335
:1025100059F8042F7B6F53F8224058F8042F5A457E
:1025200015D9DAF80020504614F80B1012699047BC
:102530003B6B984200F09B80DAF80020504614F87C
:102540000B10926890477B6B834200F090800136BD
:10255000AE42DDD154460026D7E9012A13460021B8
:10256000D7E90A0204E00131A94215D252F821301C
:10257000ABEB0303B3FA83F35B09B342F3D1013D41
:102580005AF82530A9424FEA85004AF8213052F81E
:10259000253042F82130E9D3B862002E00F0DA800D
:1025A000FB6A012D1A6809D90146B869081853F861
:1025B000041F8A4228BF0A468342F8D19345BFF4DC
:1025C000F9AE7B6A002B3FF47EAE7B6AD3E902232F
:1025D0009A42FFF477AE786A03685B6A98470130E5
:1025E0007FF470AE002301267B626CE600237B62E1
:1025F0007A6AD2E902318B42FFF433AF786A0BF189
:10260000010B013603689B6A9847D8457FF431AFC8
:102610003B6F4FF0FF321D60C6E5D3E902139942CC
:1026200080F08380002291457FF4F3AED845EFD04F
:102630004FF0FF32B0E5D3E902318B4280F0818068
:102640001978236820461B69984781453FF403AFFA
:102650002368204631789B6898477A6A8146D2E998
:1026600002318B427CD21978EEE6002676E754469A
:102670000126D7E9012A71E72368FF217A63204602
:102680001B6998470023FF217A6B38637B6231E72F
:10269000F869796303685B6A98470130796B7FF466
:1026A00086AE0023FB6118E6786A03685B6A984788
:1026B0000146481C77D0C9B226E6786A03685B6A8F
:1026C0009847461C3FF459AEC1B211E6D3E9021354
:1026D000994280F09D800026F1E6D1E902139942EB
:1026E00080F08A804FF0000954E57B6AD3E9021339
:1026F000994276D200253AE5796AD1E902318B42D6
:1027000080F096801D785EE5786A03689B6A98473A
:102710005DE6786A03685B6A984701307FF4AFAE84
:1027200000234FF001097B6265E6F8697A6303686C
:102730005B6A984701307A6B7FF474AF0023FB61CA
:1027400064E6786A03685B6A9847421C3FF46BAEA4
:10275000C1B276E7022D0BD0012D7FF41DAE38E615
:10276000786A03685B6A9847431C5DD0C1B26BE628
:102770003A68D3073FF510AEDAF800505308DAF89C
:102780000410B5EB520F5DD22B448B427FF404AEA4
:1027900021E6786A7A6303685B6A9847421C7A6B21
:1027A00064D0C1B2A6E60023FF217B62ACE5786A63
:1027B0007A6303685B6A984701467A6B481C3FF46A
:1027C0005BAFC9B288E6786A7A6303685B6A984748
:1027D00001307A6B7FF466AE00234FF001087B6214
:1027E00062E6786A7A6303685B6A984701307A6BBD
:1027F00080D100237B62BAE4F8697A6303685B6A7C
:10280000984701307A6B7FF46DAF0023FB61C1E420
:10281000F8697A6303685B6A984701307A6B7FF4E2
:102820005AAF0023FB614AE60023FF217B620BE6DF
:10283000786A7A6303685B6A9847461C7A6B19D09A
:10284000C5B2C0E4EB1A8B427FF4A6ADCAF80030E3
:10285000FB6AFA685B68796942F83130DAF800504F
:10286000B9E50AF0D3F84FF0000BA5E50023FF21EE
:102870007B623FE60023FF257B62A4E42DE9F04F55
:102880008BB000AF07F128017C6EB860AC4801E95D
:102890000C003B6D7D6A3B61D7F820A0FD61F6F727
:1028A00025FAE36E5B6853F82090B9F1000F00F051
:1028B0009581A5F1FF356A463B6EB5FA85F5A2EB29
:1028C000C3036D099D46BAF1000F0CBF002605F049
:1028D0000106E846002E40F015817B6DA3F1FF3321
:1028E000B3FA83F35B091C46BB613B69002B0CBF49
:1028F000002404F00104002C40F00A81BC69A542C8
:1029000040F0A6800024FB6D26467C61FA69A2F1A6
:10291000FF39B9FA89F94FEA5919BAF1000F0CBF1A
:10292000002109F0010100296FD14946BA693869CF
:1029300000280CBF002202F00102002A3FD1BA6930
:10294000914247D0BAF1000F02D0B9F1000F63D124
:1029500097F81CE0002C48D000227D69944604E0E2
:102960000CF1010C0132944218D955F822104FEAAB
:10297000820905EB8200B142F2D958F8221053F8CF
:102980002110895D714518D0013C58F824109442FB
:1029900048F8091055F824100160E6D864457D61B7
:1029A00018D0DAE902218A423ED20132CAF8082060
:1029B0004FF0FF320136FA61A8E70132D3E705464E
:1029C0008068F860E868FD68854280F0A780002292
:1029D0009142B7D1012C7D692ED0022C05D12B68F4
:1029E000B3422CD06B68B34229D0BB6EBA6E1B6861
:1029F00043F004031360BB68FA692C371846C3F828
:102A000000A05A60BD46BDE8F08FDAE9022082429C
:102A100080F09880002189E7DAE902218A4280F07B
:102A2000A08092F800E095E7DAF800205046FB65B8
:102A3000926A9047FB6DBBE72B68B342D5D13A6EE3
:102A4000D8F800309342A8BF9B1ABA6D1360D2E742
:102A5000002E40F0938097F81CB03B6E5A003FF474
:102A600051AF0025FB6DC7F814A0CA461E1F2C46A7
:102A7000914609E0DAF800205046926890475845A0
:102A800007D001354D450AD056F8042F1178594525
:102A9000F0D148F82450013501344D45F4D1D7F830
:102AA00014A0002C3FF42EAFDAE902239A4280F002
:102AB0008F800132CAF80820A600A8F10409FC6141
:102AC000F31DFC6D4E4423F00703ADEB030D6D4683
:102AD000A5F1040B5B46D346AA461D4659F8042FC0
:102AE00054F8220029F026FE4E4545F8040FF5D192
:102AF00055464FF0FF33FC69DA46FB610126FB6D5A
:102B00007D6103E7DAE902239A4247D20025E4E631
:102B1000D3E902239A4238D20024F0E6FB653B69F0
:102B20007A601868F960D0F824B01846D8470130A8
:102B3000F9687A68FB6D7FF44AAF00203861FFE6E0
:102B400010470020DAF800205046FB65F960526A11
:102B500090470130F968FB6D7FF45CAF4FF0000ADD
:102B6000E4E6DAF800205046FB65526A9047B0F17F
:102B7000FF3FFB6D1DD05FFA80FEEBE6DAE9022332
:102B80009A421BD292F800B067E7386903685B6A23
:102B900098470130C0D100233B61B0E6DAF800303D
:102BA00050465B6A98470130B0D135460026B246A0
:102BB00093E64FF0FF0E4FF0000ACBE6DAF8003054
:102BC00050465B6A9847421C0AD05FFA80FB44E794
:102BD000DAF8003050469B6A98476DE709F016FF17
:102BE0004FF0FF0B4FF0000A37E700BF2DE9F0412F
:102BF0009EB0054655480E460CACDDE9268784E8B4
:102C00000C00F6F773F8D8F86C30D3E90132904233
:102C100080F09A8053F82000002800F0958000236F
:102C20004B4A4C491FF02CFA002800F08D80836835
:102C300000220F92DA6A17921A6B18925A6B199245
:102C40009A6B1A92DA6B1B921A6C1C925A6C1D9238
:102C5000DA6C11921A6D12925A6D13929A6D149247
:102C6000DA6D15921A6E9B6C169210930FABCDF81D
:102C7000148006930723049310AB03930EAB0293C7
:102C800024AB93E803008DE8030031460AAE94E8D4
:102C90000C003046FFF7F2FD0F9B96E8030002465A
:102CA00084E803003BB33B6843F004033B600D9EA4
:102CB000A6F1FF36B6FA86F67609002A0CBF002385
:102CC00006F00103DBB9259B2498A3F1FF33B3FA87
:102CD00083F35B0900B1C3B99E4203D13B6843F063
:102CE00002033B600C9294E8030085E80300284649
:102CF0001EB0BDE8F0810E9B28998B61D7E7D2E921
:102D00000201884207D20026DDE7D0E9021399428A
:102D10000FD20023E0E71168104609930892496A30
:102D20008847099B0130089A0ABF1E4600260022E8
:102D3000C9E7036808925B6A9847A0F1FF33089AD5
:102D4000B3FA83F35B09C7E709F060FE5846002039
:102D5000306C0410C84504102DE9F04FB3B005469F
:102D600073488B4616ACDDE93E7884E80C00F5F735
:102D7000BDFFFB6ED3E90132904280F0D78053F85B
:102D80002000002800F0D28000236A4A6A491FF020
:102D900077F9002800F0CA8083680DF1640A4FF0CB
:102DA0000C0914AED3F89820596E1B92D3F89C20CE
:102DB000986E1C92D3F8A0200C911D92D3F8A420F9
:102DC000D96E1E92D3F8A8200E901F92D3F8AC2093
:102DD000186F2092D3F8942011911A92996FD3F81A
:102DE000B02010901292D86F5A6F0A91D3F88010C9
:102DF0000B9208900991D3F88400D3F890200D909D
:102E00000F92D3F8B420D3E92201D3E92EECD3F802
:102E1000C0301392129ACDF8109021920B9ACDE9FE
:102E200024C30C9B2A9226930E9B2793119B2893D5
:102E3000109BCDE9057A2993139F0A9BCDE9227E49
:102E40002B93089B30912C93099B2D930D9BCDE9DF
:102E50002E300F9B31931AAB039318AB02930023D0
:102E600019933CAB93E803008DE8030059463046C4
:102E700094E80C00FFF702FD199B96E80300024658
:102E800084E803005BB3D8F8003043F00403C8F8CB
:102E90000030179EA6F1FF36B6FA86F67609002AAC
:102EA0000CBF002706F00107EFB93D9B3C98A3F14A
:102EB000FF33B3FA83F35B0900B1D3B99E4205D166
:102EC000D8F8003043F00203C8F80030169294E8B6
:102ED000030085E80300284633B0BDE8F08F189B57
:102EE00040990B61D5E7D2E90213994207D2002637
:102EF000DBE7D0E9021399420DD20023DEE7136825
:102F0000104608925B6A98470130089A0ABF3E460D
:102F100000260022C9E7036808925B6A9847A0F17F
:102F2000FF33089AB3FA83F35B09C7E709F06EFD34
:102F300058460020306C0410C84504100039084B76
:102F400018BF012110B5C0E900310446F5F734FC83
:102F5000A060204610BD2046F5F718FC1FF00AFAC5
:102F6000545D041010B504464068421C236800D12B
:102F700003B910BDD3E902218A4201D2107810BDF5
:102F80001A681846536A9847431CF2D100232360FD
:102F900010BD00BF2DE9F04FBDB0064688480D9129
:102FA00020A9499FDDF818A181E80C00F5F79EFEE5
:102FB000489BDB6ED3E90132904281F0898153F85E
:102FC0002000002801F0848100237E4A7E491FF002
:102FD00057F80E90002801F07B817C48F5F786FEBB
:102FE000489BDB6E5B6853F82090B9F1000F01F04D
:102FF0006F814B9829F09EFB0023499757469B46CB
:103000002293479B209D0A93219B099008930C963D
:10301000089BA3F1FF33B3FA83F35B09002D0CBFC8
:10302000002403F00104002C40F0C8811C460A9AD9
:10303000A2F1FF36B6FA86F6760917B1002E40F0F7
:10304000C4817440E4B2099A93452CBF002404F073
:103050000104229A002C00F0CB81002A40F0158256
:103060004B9A12F80B1002EB0B0A09EB01020D460A
:1030700092F81D215AB9D9F80000D0F820805448A0
:1030800080453FD131B14D440A4685F81D11252AAE
:1030900000F0A0809AF80010D9F81820209D12F8AE
:1030A000018018F0080840D1D9F8002048460B9359
:1030B0001269904704461DB10B9B002B40F0C8815C
:1030C0009DF82010D9F8003048461B699847844283
:1030D0001FD0D9F8003048469AF800109B689847EE
:1030E0009DF820100446D9F8003048469B68984760
:1030F000A0420DD0229B43F004032293209D0BF1AC
:10310000010B85E70B934846C0470B9B0146B9E787
:10311000209DD5E90232934280F0D5810133AB6026
:103120004FF0FF3321930893E9E7002D0CBF4FF0D8
:10313000000C03F0010CBCF1000F1CD1002F0CBFE0
:10314000002206F001023ABB32469A42D7D0BCF1C7
:10315000000F28D10898C0B2D9F818301B5C1907A5
:10316000CDD5D5E90232934280F00E810133AB60B8
:103170004FF0FF332193D5E902239A4280F010816A
:103180004FF0FF33002F0CBF002206F00102A446CF
:1031900008930023002AD7D0D7E90210814280F09B
:1031A00082810022D1E7D5E90232934280F09081FA
:1031B0001978D9F81820525C1207D7D49FE700BFBE
:1031C00058460020306C0410C845041010470020F9
:1031D00025EB00104B9A0BF10105515D09EB010243
:1031E000884692F81D2172B9D9F80000D0F820A0C5
:1031F000C548824540F04E81002900F04981C8440D
:103200000A4688F81D110021452A239100F0048107
:103210004F2A00F00181AB46A2F12501002F0CBF1F
:10322000002506F0010554293FF664AF01A050F8CF
:1032300021F000BFE13C0110F5300110F530011024
:10324000F5300110F5300110F5300110F5300110A6
:10325000F5300110F5300110F5300110F530011096
:10326000F5300110F5300110F5300110F530011086
:10327000F5300110F5300110F5300110F530011076
:10328000F5300110F5300110F5300110F530011066
:10329000F5300110F5300110F5300110F530011056
:1032A000F5300110B53601100D3501100F3D01103C
:1032B0008F3F0110F5300110F5300110F53001108D
:1032C0006F3E0110D13E0110F5300110F5300110B4
:1032D000F53001103B3F0110F5300110F5300110C1
:1032E000F5300110F5300110093901107539011060
:1032F000C9390110F5390110F53001105D3A01109E
:10330000B53A0110C13A0110353B0110F5300110FA
:10331000F5300110F5300110F5300110F5300110D5
:10332000F5300110B53601100D3501105D38011072
:103330004536011045360110F5300110F530011009
:103340000D350110F5300110F9370110F53001107D
:10335000F5300110B538011075370110F530011046
:10336000693C0110F53001106D3D0110F530011080
:1033700075370110F5300110F5300110773D01105F
:10338000D73C0110D13D01102B6828469B6A984715
:103390004FF0FF332193D5E902239A42FFF4F0AEB8
:1033A0002B6828465B6A98470346089001337FF4F0
:1033B000E7AE00252346AC462095BFE6D5E90212CC
:1033C000914280F08F80002431E6D7E902129142C9
:1033D000FFF439AE3A6838460B93526A9047013091
:1033E0000B9B7FF430AE84F001040027E4B22AE6A0
:1033F0001346099A0C9E9345499F00D11BB13B6827
:1034000043F004033B6020AB93E8030086E803002D
:1034100030463DB0BDE8F08F4B9A0BF1020B12F82D
:103420000B1009EB01020D4692F81D21002A7FF4D2
:10343000F3AED9F80000D0F82080334880455DD144
:1034400000293FF457AE4D440A4685F81D11E3E6C6
:10345000D5E90232934280F0C5851978D9F8003059
:1034600048461B699847A0423FF453AED9F8003054
:1034700048469AF800109B6898470446D5E90232FE
:10348000934280F0B98519782DE60C9E499FB6E7E6
:10349000AB462FE60B934846D04701460B9B0029CD
:1034A0007FF4ADAEF4E738680B92D0F8248038464C
:1034B000CDE90F3CC04701300B9ADDE90F3C7FF4AA
:1034C00070AE002741E62B6828469B6A984727E69E
:1034D0002B6828465B6A9847431C7FF43CAE002566
:1034E000209538E62A6828460B93526A90470130A7
:1034F0000B9B7FF468AF0022209298E50B9348461F
:10350000C0470B9B01469BE725EB00100E9B22AAB0
:103510004FF0180C0DF178089B68D3E91C019E6FE1
:103520001D91D3F884101C961A91DE6FD3F880E0B9
:103530001B965E6ED3E922A1D3E91A541991D3F8F0
:1035400090101891D3F894101791D3F89810169101
:10355000D3F89C101591D3F8A0101491D3F8A410AF
:103560001391D3F8A8101291D3F8AC101191D3F89D
:10357000B0101091D3F8B4100F91D3F8B8100B918C
:10358000D3F8BC10D3F8C03008911D990692289149
:103590001A99CDF810C0CDE92C1A1999CDE92465F6
:1035A0002E911C9E189929962F911B9E1799CDE953
:1035B0002640CDE92A6E309116994697319115999A
:1035C000329114993391139934911299359111993B
:1035D0003691109937910F9938910B993991089933
:1035E000CDE93A13489B059324AB039323AB029395
:1035F00046AB93E8030020AB8DE803000D994046ED
:103600000CCBFEF783FD20AB98E8030083E80300B2
:10361000229B002B40F0AA81239AA44981FB02310E
:10362000D317C3EB610303EB4303A2EB83024A9B73
:103630001A614C9B1B8843F481634C9A1380219B35
:1036400008935BE5209810B1002B40F04E859DF863
:103650002030D9F81820D35C1B0700F1F184489B77
:103660004FF0020A1EAC4697069322AB07931F2326
:10367000CDE9043A0123039323AB029346AB93E8CD
:10368000030020AB8DE803000D9920460CCBFEF71C
:10369000AFFA20AB94E8030083E80300229B002BE1
:1036A00040F064814C9B239A1B884A9943F48263BF
:1036B000CA60C2E70E9B4FF00E0C46979B68D3E999
:1036C0001012D3E90E4011929A6C1092D3E915A210
:1036D000D3E913E80F92DA6D0B921A6ED3E90C65F9
:1036E0000892DB6A119A249322AB2A92109A2991AC
:1036F000CDE92740CDE92565CDE92B2E06931EACFB
:10370000489B0F9ACDE904C324AB2F920B9A0393E5
:1037100023AB3092029346AB089A93E8030020ABA8
:1037200031928DE80300CDE92D8A0D9920460CCB0E
:10373000FEF7ECFC20AB94E8030083E80300229B37
:10374000002B7FF47CAF239B0546594981FB032165
:10375000DA171944C2EBA102C2EBC2029B1A4A9AC1
:1037600093614C9B4C9A1B7843F002031370219B8E
:103770000893C4E4209D002D0CBF4FF0000C03F013
:10378000010CBCF1000F1FD1002F0CBF002206F06E
:10379000010252BB32469A423FF4B1ACBCF1000F79
:1037A00040F01384089BDBB2D9F81820D35C1B07C8
:1037B0007FF5A5ACD5E90232934280F0278401332E
:1037C000AB604FF0FF332193D5E902239A4280F09A
:1037D00076844FF0FF33002F0CBF002206F0010269
:1037E000A44608930023002AD4D0D7E902108142CE
:1037F00080F08F840022CEE7489B4FF0030C1EAC74
:103800004697069322AB07934FF4B773CDE9043C78
:103810000123039323AB029346AB93E8030020AB51
:103820008DE803000D9920460CCBFEF7E1F920ABA3
:1038300094E8030083E80300229B002B40F096806D
:10384000239B4A9A013BD3614C9B1B7843F00403B2
:103850004C9A209D1370219B089350E40E9B469731
:103860009B689B6905934C9B1EAC06934A9B0493F3
:10387000489B029322AB039346AB93E8030020AB33
:103880008DE803000D9920460CCBFFF783FB20AB9E
:1038900094E8030083E80300229B002B66D14C9B35
:1038A0005B7843F004034C9A5370C8E6ABAAAA2A8B
:1038B00093244992489B02251EAC4697069322AB5F
:1038C00007930C23CDE904350123039323AB029323
:1038D00046AB93E8030020AB8DE803000D9920462A
:1038E0000CCBFEF785F920AB94E8030083E80300D6
:1038F000229B002B3AD1239B4A9A013B13614C9B9C
:103900001B7843F00803A3E799F81C30012B09D07A
:10391000002B00F0AA83D9F80030DC69804B9C4270
:1039200040F0B0837F4B0DF1900893E803002490A2
:10393000ADF89410CDF8148046974C9B1EAC0693BE
:103940004A9B0493489B029322AB039346AB93E8B4
:10395000030020AB8DE803000D9920460CCBFFF748
:1039600019FB20AB94E8030083E8030005460891A7
:10397000FFF7C5BB489B4FF002081EAC4697069365
:1039800022AB07933D23CDE904380023039323ABF7
:10399000029346AB93E8030020AB8DE803000D993A
:1039A00020460CCBFEF724F920AB94E8030083E813
:1039B0000300229B002BD9D1239B4A9A1360219BA1
:1039C000209D0893FFF79BBB99F81C30012B09D071
:1039D000002B00F04283D9F80030DC69504B9C4248
:1039E00040F058830DF190084F4A434607CA03C37D
:1039F0001A709FE7489B4FF0020E1EAC4697069345
:103A000022AB07933523CDE9043E0023039323AB78
:103A1000029346AB93E8030020AB8DE803000D99B9
:103A200020460CCBFEF7E4F820AB94E8030083E8D3
:103A30000300229B002B99D1239B4C9A1B041168F5
:103A400003F47C13394A43F020030A4013434C9A91
:103A50001360219B209D0893FFF751BB489B0225D3
:103A60001EAC4697069322AB07933523CDE9043568
:103A70000023039323AB029346AB93E8030020ABF0
:103A80008DE803000D9920460CCBFEF7B1F820AB72
:103A900094E8030083E80300229B002B7FF466AFC9
:103AA000239B4C9A1B04116803F47C13204A43F0B7
:103AB0004003CAE70E9B46979B681B6905933CE74A
:103AC000489B04211EAC4697069322AB079342F213
:103AD0000F73CDE904310023039323AB029346AB6C
:103AE00093E8030020AB8DE803000D9920460CCB32
:103AF000FEF77EF820AB94E8030083E80300229BE6
:103B0000002B7FF433AF4C9B239A5B78A2F26C724C
:103B10004A9923F006034A6143F00403C3E600BF59
:103B200089EB0010B4360410BC360410DFFFC0FF70
:103B3000BFFFC0FF209810B1002B40F0CF829DF84E
:103B40002030D9F81820D35CD8077FF5D3AA489B3A
:103B50000DF190080DF1780A4697059322ABCDF848
:103B6000088006930E230493984B039346AB93E887
:103B7000030020AB8DE803000D9950460CCBFEF7F7
:103B8000C5FA20AB9AE80300A1F1FF340891B4FA1A
:103B900084F4640983E8030000280CBF002304F0C8
:103BA0000103002B40F00A82002D40F03483A6422E
:103BB0003FF4A4AA229B249A13437FF49FAA20A82F
:103BC000FFF7D0F999F81C30C4B2002B00F0DC8369
:103BD00099F84A309C420DD020A8FFF7C3F999F814
:103BE0001C30C4B2002B00F0048499F848309C4289
:103BF0007FF425AD22AB022400250D9E0793489B40
:103C0000CDF808800693172303954697CDE9043431
:103C100046AB93E8030020AB8DE8030031465046E5
:103C20000CCBFDF7E5FF22AB05940793489B069369
:103C30003B23CDE90285049320AB9AE8030083E897
:103C4000030046AB93E8030020AB8DE80300314648
:103C500050460CCBFDF7CCFF20AB9AE8030083E87D
:103C600003000891FFF74ABA0E9B9A68136A2493DF
:103C7000526A25921B78002B3FF440AA1378002B40
:103C80003FF43CAA489B1EAC4697059322AB069393
:103C90000223049324AB039323AB029346AB93E834
:103CA000030020AB8DE803000D9920460CCBFEF7F6
:103CB0002DFA20AB94E8030083E80300229B002B3D
:103CC0007FF454AE239B002B3FF4B9AC4C9B5B7844
:103CD00043F00103E7E50E9B46979B689B68EDE682
:103CE000209D15B1002B40F00D829DF8204099F8E1
:103CF0001C30002B00F0938199F84220A2423FF43F
:103D000008AA229B43F004032293FFF7F8B9489BCB
:103D100002211EAC4697069322AB07936323CDE99D
:103D200004310023039323AB029346AB93E80300D3
:103D300020AB8DE803000D9920460CCBFDF758FF12
:103D400020AB94E8030083E80300229B002B7FF460
:103D50000DAE4C9B4C9A1B88209D43F490631380BE
:103D6000239B5360219B0893FFF7C9B90E9B46978D
:103D70009B689B6AA2E6489B4FF0010C1EAC4697DD
:103D8000069322AB07930623CDE9043C002303935B
:103D900023AB029346AB93E8030020AB8DE803000E
:103DA0000D9920460CCBFDF723FF20AB94E80300D0
:103DB00083E80300229B002B7FF4D8AD239B4A9A13
:103DC00093614C9B1B7843F0020341E50C290020D2
:103DD000489B02201EAC4697069322AB07936323B1
:103DE000CDE904300023039323AB029346AB93E861
:103DF000030020AB8DE8030020460D990CCBFDF7A6
:103E0000F7FE20AB94E80300229C83E80300002C1B
:103E10007FF4ACAD4C9B4C9A5B78209823F0060362
:103E200043F006035370219BA3F1FF3A0893BAFABB
:103E30008AFA4FEA5A1A00280CBF4FF000080AF01D
:103E40000108B8F1000F40F0DE81D046002D40F0AF
:103E5000E8813346434540F07381239B2098442BEF
:103E6000D8BF64334A9A05465361FFF748B9489B67
:103E70004FF002081EAC4697069322AB0793172318
:103E8000CDE904380023039323AB029346AB93E8B8
:103E9000030020AB8DE803000D9920460CCBFDF705
:103EA000A7FE20AB94E8030083E80300229B002BCD
:103EB0007FF45CAD239A4A99209D8A604C9A1278CF
:103EC00063F300024C9B1A70219B0893FFF717B90C
:103ED000489B4FF0020E1EAC4697069322AB079309
:103EE0000C23CDE9043E0123039323AB029346AB9D
:103EF00093E8030020AB8DE803000D9920460CCB1E
:103F0000FDF776FE20AB94E8030083E80300229BD4
:103F1000002B7FF42BAD239AB04981FB0231D317DC
:103F2000C3EB610303EB4303A2EB83024A9B9A605A
:103F30004C9B1B7843F001038AE4489B02201EAC93
:103F40004697069322AB07933B23CDE90430002329
:103F5000039323AB029346AB93E8030020AB8DE8B9
:103F600003000D9920460CCBFDF742FE20AB94E8F0
:103F7000030083E80300229B002B7FF4F7AC239B14
:103F80004A9A209D5360219B0893FFF7B8B899F88F
:103F90001C30012B07D0002B63D0D9F80030DC692E
:103FA0008F4B9C4265D10DF190088E4A434607CA5B
:103FB00003C31A70CDF81480469754E4D0E9021276
:103FC000914280F0FA810024EEE5D5E90232934275
:103FD00069D21978D9F81820525C11073FF5EFAB78
:103FE000FFF78DB82B6828465B6A9847421C00F0A3
:103FF000A180C1B2FFF732BA2B6828465B6A9847A6
:10400000431C00F0FB80C1B2FFF76DB82B68284657
:104010009B6A98474FF0FF332193FFF7D5BB484683
:104020000B92FAF7E9FDD9F800306F499B690B9ABA
:104030008B423FF463AE25214846984702465DE631
:104040002098D0E90232934280F0288101338360C6
:104050004FF0FF332193FFF702BB4846FAF7CCFD40
:10406000B9E44846FAF7C8FD97E74846FAF7C4FDB1
:1040700051E40DF190085D4A48464346A2F109011A
:10408000A04797E70DF19008594A48464346911FCB
:10409000A0474FE40DF19008564A48464346A2F126
:1040A0000901A04746E42B6828465B6A9847421CF2
:1040B00003467FF478AB00252095FFF774BB2B688F
:1040C00028465B6A98470346089001337FF481AB2A
:1040D00000252346AC462095FFF756BBD0E90232B7
:1040E000934280F008811B782BE5D0E9023293429D
:1040F00080F0D8801A78D9F818108A5C12077FF5FA
:10410000AEAAA3E7D5E902318B4280F0D7801C78B4
:10411000EDE538680B93D0F824803846CDE90F2CB4
:10412000C04701300B9BDDE90F2C7FF463AB002708
:10413000FFF731BB4546FF21CDF88080FEF7C2BFB7
:10414000209810B1BAF1000F72D1089BDBB209EBD5
:10415000030494F81D1161B91946D9F80030264AB4
:104160001B6A934240F0CF802A293FF476AE84F850
:104170001D11A1F130085FFA88F3092B3FF66DAEEF
:10418000209CD4E902218A4280F0DB80239B01320B
:1041900003EB8303A26008EB430323934FF0FF3349
:1041A0002193914240F2C2801378A3F1FF34B4FA14
:1041B00084F46409002D40F08D80B44220983ED1F3
:1041C000239B4C9AA3F26C734C99527822F0020212
:1041D0004A704FF0FF32089244E600BFABAAAA2A09
:1041E00089EB0010A836041021EB0010B136041042
:1041F000BA360410C536041025EB00100023FF2149
:104200002093FEF770BFD0E902239A4280F0C78066
:104210004FF000081AE6D7E902239A4278D2002626
:10422000C5E4D7E902239A4280F0EF80002311E62B
:10423000D0E90232934280F0D2801B7886E70028D2
:1042400000F09880D0E90232934280F089801B7898
:10425000DBB209EB030494F81D1161B91946D9F8D2
:104260000030754A1B6A934240F089802A2900F089
:10427000848084F81D11A1F130042098E3B2092B49
:104280009ED8D0E90232934280F0A480013383604B
:10429000239B0A2202FB0343239392E703689B6A52
:1042A0009847D5E603685B6A984703460890013350
:1042B0007FF4CDA900232093FFF7C9B92B682846C6
:1042C0000B925B6A9847411C0B9A2BD0C4B20EE547
:1042D00008F09CFBD7E902239A4238BF0026FFF47E
:1042E0006CAF3B6838465B6A984701300ABF2E4680
:1042F0000026002761E703685B6A9847421C00F0CC
:104300008F80C3B21DE42A224846984701462BE716
:104310003B6838465B6A984701300ABF2E46002644
:10432000002744E40025FF242095E0E4236820468C
:104330005B6A9847421C03467FF437AF0022209205
:1043400033E7236820469B6A98470A22239B02FB97
:10435000038323934FF0FF33D4E90221219320E715
:1043600003685B6A98470346581C7FF471AF0022CC
:1043700020926DE74FF0FF336AE7209820E72A226A
:1043800048469847014671E74846FAF735FCD9F8A0
:1043900000302A4A9B6993420AD12D231AE403680C
:1043A0005B6A9847013008BF20947FF431AF4DE538
:1043B0002D214846984703460CE402680B93526A45
:1043C000904701300B9B7FF4FEAD1C4600232093E9
:1043D000FFF7EABB03689B6A9847209858E7036891
:1043E0005B6A9847411C03467FF4B0AE00222092DE
:1043F000ACE64846FAF700FCD9F800300F4A9B6952
:10440000934212D12B23FFF7F2BB3B6838465B6A1D
:10441000984701307FF40AAF2B4600252F4619E557
:1044200000232093FF23FFF78CBB2B21484698479E
:104430000346FFF7DCBB00BF25EB001021EB0010AB
:104440002DE9F04F93B00546454888460CACDDF8A1
:104450008090DDE91E6784E80C00F4F747FCF36EFA
:10446000D3E90132904279D253F82000002875D068
:1044700000233C4A3C491DF003FE00286ED08368AF
:104480004FF0000A0DF1280B1B6902960FAE03973F
:104490000696CDF844A0CDE904931CAB93E8030045
:1044A000CDE90FAA8DE803004146584694E80C0078
:1044B000FEF770FD9BE8030084E8030030464946A0
:1044C000DDF830801FF082FC0D9EA6F1FF36B6FAB3
:1044D00086F67609D0450CBF002306F0010303BB26
:1044E0001D9B1C98A3F1FF33B3FA83F35B0900B162
:1044F0007BB99E4203D13B6843F002033B60CDF899
:10450000308094E8030085E80300284613B0BDE836
:10451000F08FD0E902239A4209D200239E42EED1C5
:10452000E9E7D8E9021291420AD25646D8E7036871
:104530005B6A9847A0F1FF33B3FA83F35B09D8E7CE
:10454000D8F8002040460993526A9047099B0130F1
:104550000ABF1E4600264FF00008C1E708F056FAD1
:1045600058460020306C0410C84504102DE9F04F67
:1045700093B00546454888460CACDDF88090DDE9EF
:104580001E6784E80C00F4F7B1FBF36ED3E9013247
:10459000904279D253F82000002875D000233C4A7D
:1045A0003C491DF06DFD00286ED083684FF0000A75
:1045B0000DF1280B9B6802960FAE03970696CDF877
:1045C00044A0CDE904931CAB93E80300CDE90FAA06
:1045D0008DE803004146584694E80C00FEF7DAFCEB
:1045E0009BE8030084E8030030464946DDF830804C
:1045F0001FF0ECFB0D9EA6F1FF36B6FA86F67609A3
:10460000D0450CBF002306F0010303BB1D9B1C9883
:10461000A3F1FF33B3FA83F35B0900B17BB99E4288
:1046200003D13B6843F002033B60CDF8308094E84F
:10463000030085E80300284613B0BDE8F08FD0E9F9
:1046400002239A4209D200239E42EED1E9E7D8E93B
:10465000021291420AD25646D8E703685B6A98472D
:10466000A0F1FF33B3FA83F35B09D8E7D8F8002051
:1046700040460993526A9047099B01300ABF1E4683
:1046800000264FF00008C1E708F0C0F958460020A6
:10469000306C0410C84504102DE9F04F93B0054666
:1046A00057480E460CAC9DF884B09DF88870DDE943
:1046B0001E9884E80C00F4F719FBD9F86C305B689D
:1046C00053F820A0BAF1000F00F098800023C8F83A
:1046D00000309AF81C30002B5DD09AF842008DF81B
:1046E0003800002F50D1209BCDF808900DF13C09E7
:1046F0008DF83A700027CDF818908DF839B00DF18B
:10470000280B1197CDE903830EAB05931CAB93E8FF
:104710000300CDE90F778DE803003146584694E851
:104720000C00FEF737FC9BE8030084E803004846D2
:104730002099DDF830901FF049FB0D9EA6F1FF3661
:10474000B6FA86F67609B9450CBF002306F00103D8
:10475000A3BB1D9B1C98A3F1FF33B3FA83F35B0942
:1047600000B11BBB9E4205D1D8F8003043F00203D4
:10477000C8F80030CDF8309094E8030085E80300D5
:10478000284613B0BDE8F08F5B46BB461F460023AA
:104790008DF83B30A7E75046FAF72EFADAF80030EA
:1047A000184A9B6993420FD1252098E7D0E902234C
:1047B0009A420DD200239E42DCD1D5E7D9E90212FC
:1047C00091420ED23E46C4E750462521984786E7DF
:1047D00003685B6A9847A0F1FF33B3FA83F35B0980
:1047E000C0E7D9F8002048460993526A9047099BD0
:1047F00001300ABF1E463E46B946AAE708F006F950
:104800001047002021EB0010184B1A68D10701D483
:1048100001221A60164B1A68D20701D401221A60CD
:10482000144B1A68D00701D401221A60124B1A687F
:10483000D10701D401221A60104B1A68D20701D4A3
:1048400001221A600E4B1A68D00701D401221A60A7
:104850000C4B1A68D10701D401221A600A4B1A685E
:10486000D20701D401221A60704700BFF037002040
:10487000F8370020C0370020C4370020E037002080
:10488000E8370020D8370020D037002010B582B09C
:104890008C461C46C16804981346624600940190F9
:1048A0004FF00000F7F7DCFE02B010BD30B58BB062
:1048B00004460AA8129D00E90C00109B8A68039325
:1048C0000EAB93E80300119B05957925049301AB8A
:1048D000069583E80300DDE908304FF00001009001
:1048E0002046F8F7CFFC20460BB030BD30B58BB07A
:1048F00004460AA8129D00E90C00109B8A680393E5
:104900000EAB93E80300119B05956D25049301AB55
:10491000069583E80300DDE908304FF000010090C0
:104920002046F8F7AFFC20460BB030BD30B58BB059
:1049300004460AA8129D00E90C00109B8A680393A4
:104940000EAB93E80300119B05957725049301AB0B
:10495000069583E80300DDE908304FF00001009080
:104960002046F8F78FFC20460BB030BD30B58BB039
:1049700004460AA8129D00E90C00109B8A68039364
:104980000EAB93E80300119B05956425049301ABDE
:10499000069583E80300DDE908304FF00001009040
:1049A0002046F8F76FFC20460BB030BD30B58BB019
:1049B00004460AA8129D00E90C00109B8A68039324
:1049C0000EAB93E80300119B05957425049301AB8E
:1049D000069583E80300DDE908304FF00001009000
:1049E0002046F8F74FFC20460BB030BD03464FF091
:1049F00000009968F8F73EBC70B590B0896805462C
:104A00000AAC0DF1040C08AE84E80C009DF8583097
:104A10000A4614A90393179B0493002307930D934D
:104A20000EAB06930DAB05930A9B03C98CE80300FC
:104A30000B99304600914FF00001F8F767FD0D9B90
:104A400096E8030084E803005BB91999DDE90E23B9
:104A5000C1E9002394E8030085E80300284610B06C
:104A600070BD94E80300189A85E803002846136097
:104A700010B070BD30B58BB000250AAC04E90C0055
:104A80000F9B8A6802939DF840309DF8384003934D
:104A90000194044606959DED127BDDE908318DED0C
:104AA000047B00914FF00001F8F760FE20460BB048
:104AB00030BD00BF03460A464FF000001969F8F701
:104AC000CDBB00BF00B58C4683B003464FF000005D
:104AD00019690092DCE90023F8F72AFA03B05DF8BF
:104AE00004FB00BF10B582B08C461C46C168049818
:104AF00013466246009401904FF00000F7F7BEFDA8
:104B000002B010BD30B58BB004460AA8129D00E972
:104B10000C00109B8A6803930EAB93E80300119B73
:104B200005957925049301AB069583E80300DDE93B
:104B300008304FF0000100902046F8F745FC204671
:104B40000BB030BD30B58BB004460AA8129D00E909
:104B50000C00109B8A6803930EAB93E80300119B33
:104B600005956D25049301AB069583E80300DDE907
:104B700008304FF0000100902046F8F725FC204651
:104B80000BB030BD30B58BB004460AA8129D00E9C9
:104B90000C00109B8A6803930EAB93E80300119BF3
:104BA00005957725049301AB069583E80300DDE9BD
:104BB00008304FF0000100902046F8F705FC204631
:104BC0000BB030BD30B58BB004460AA8129D00E989
:104BD0000C00109B8A6803930EAB93E80300119BB3
:104BE00005956425049301AB069583E80300DDE990
:104BF00008304FF0000100902046F8F7E5FB204612
:104C00000BB030BD30B58BB004460AA8129D00E948
:104C10000C00109B8A6803930EAB93E80300119B72
:104C200005957425049301AB069583E80300DDE93F
:104C300008304FF0000100902046F8F7C5FB2046F1
:104C40000BB030BD03464FF000009968F8F716BB73
:104C500070B590B0896805460AAC0DF1040C08AE39
:104C600084E80C009DF858300A4614A90393179B5A
:104C70000493002307930D930EAB06930DAB05939E
:104C80000A9B03C98CE803000B99304600914FF052
:104C90000001F8F7D3FC0D9B96E8030084E80300BD
:104CA0005BB91999DDE90E23C1E9002394E80300FB
:104CB00085E80300284610B070BD94E80300189AF8
:104CC00085E803002846136010B070BD30B58BB086
:104CD00000250AAC04E90C000F9B8A680293109B24
:104CE0009DF8384003930194044606959DED127B90
:104CF000DDE908318DED047B00914FF00001F8F7FC
:104D0000A9FD20460BB030BD03460A464FF0000017
:104D10001969F8F7A9BA00BF00B58C4683B00346FD
:104D20004FF0000019690092DCE90023F8F73AF926
:104D300003B05DF804FB00BF70B5541A82B00E4694
:104D400005460F2C019411D8012C006808D10B786E
:104D500003700023019C28686C60035502B070BD8D
:104D60005CB900236C60035502B070BD002201A93C
:104D700012F066FD019B2860AB60224631462EF0A2
:104D800087F9019C286800236C60035502B070BD50
:104D9000521A70B50C2A82B04FEAA2060D4604469C
:104DA000019605D8012E006809D10B68036008E060
:104DB000002201A91CF028FE019B2060A3603EB9DF
:104DC0002068019B0022636040F8232002B070BD80
:104DD0003246294623F0F6FAF2E700BF30B51C460A
:104DE0008BB00025C9681346009403AA04464FF00F
:104DF00000000995F7F79CFC099BABB104F108038F
:104E0000DDE90312236001B95AB901EB82022046A1
:104E1000FFF7BEFF099B0BB103A8984720460BB0D4
:104E200030BD064807F002FE054807F0FFFD099B6C
:104E30000BB103A898471DF09DFA00BF5836041027
:104E4000BC34041070B51D468CB009690446009549
:104E50004FF00000109B119D019313466E6805AA48
:104E600003962D68029500250B95F8F755F90B9BD5
:104E7000ABB104F10803DDE90512236001B95AB9A9
:104E800001EB82022046FFF783FF0B9B0BB105A8C5
:104E9000984720460CB070BD054807F0C7FD05488F
:104EA00007F0C4FD0B9B0BB105A898471DF062FAF3
:104EB00058360410BC3404102DE9F04792B00E4669
:104EC000054608AC1D999DF868800BAF9DF8709061
:104ED00084E80C00D1E900A400220DAB0F2C0A9449
:104EE00011920B932BD8012C25D19AF800208DF824
:104EF000342000220C941C484FF000011A551B9BD3
:104F0000CDF80C904FF00009B2680293099B119004
:104F100028460697CDE900384FF00008089BCDE9F8
:104F20000489F8F723FC119B0BB1384698472846B3
:104F300012B0BDE8F087002CDBD0184606E00AA9C5
:104F4000384612F07DFC0A9B0B900D932246514689
:104F50002EF09EF8DDE90A43CBE7119B0BB13846F2
:104F600098471DF007FA00BF015801102DE9F043E2
:104F700093B00E46054608AC1D990DA89DF86880B3
:104F80000BAF0B9084E80C00D1E90093002243F3AF
:104F90001D049B0011920C2B0A9406D8012C0BD1F6
:104FA000D9F8003004210D930AE00AA938461CF014
:104FB0002BFD0A9B0B900D9324BBDDE90A40A10059
:104FC0000023B2680C944FF0000943504FF00001E9
:104FD0001C9B124803931B9B119028460293099B2C
:104FE0000697CDE900384FF00008089BCDE9048909
:104FF000F8F730FC119B0BB138469847284613B0A0
:10500000BDE8F0832246494623F0DCF9D5E7119B41
:105010000BB1384698471DF0ADF900BFF1570110AC
:1050200070B51C468AB00025C9681346009403AACF
:1050300004464FF000000995F7F72EFB099B63B378
:1050400004F10800DDE90365206006B915BB0F2DEA
:10505000029510D8012D0BD133782372002365609F
:105060004355099B0BB103A8984720460AB070BD71
:10507000002DF3D007E0002202A9204612F0E0FB49
:10508000029B2060A3602A4631462EF001F8029D63
:105090002068E3E7054807F0C9FC054807F0C6FCAF
:1050A000099B0BB103A898471DF064F9583604100A
:1050B000BC34041070B51D468CB0096904460095D7
:1050C0004FF00000109B119D019313466E6805AAD6
:1050D00003962D68029500250B95F7F79DFF0B9B16
:1050E00063B304F10800DDE90565206006B915BB6E
:1050F0000F2D049510D8012D0BD133782372002386
:10510000656043550B9B0BB105A8984720460CB032
:1051100070BD002DF3D007E0002204A9204612F054
:105120008FFB049B2060A3602A4631462DF0B0FF20
:10513000049D2068E3E7064807F078FC054807F07F
:1051400075FC0B9B0BB105A898471DF013F900BF28
:1051500058360410BC34041010B5084B04460069DE
:10516000236043685A1E012B426002D103685B68CA
:1051700098472046FAF7BAF8204610BD2C64041070
:1051800010B5084B04460069236043685A1E012B82
:10519000426002D103685B689847204602F0E6F857
:1051A000204610BD2065041010B5094B04468068E8
:1051B000236043685A1E012B426002D103685B687A
:1051C0009847044B20462360F3F7E0FA204610BDD1
:1051D000086504108868041010B5094B04468068FF
:1051E000236043685A1E012B426002D103685B684A
:1051F0009847044B20462360F3F7C8FA204610BDB9
:1052000014640410885D041010B5094B04468068CE
:10521000236043685A1E012B426002D103685B6819
:105220009847044B20462360F3F7B0FA204610BDA0
:105230003C650410A05D041010B5094B044680685D
:10524000236043685A1E012B426002D103685B68E9
:105250009847044B20462360F3F798FA204610BD88
:10526000F06404107068041010B50A4B044600691D
:10527000236043685A1E012B426002D103685B68B9
:105280009847204602F072F82046EEF7D7FF2046F6
:1052900010BD00BF2065041010B50A4B044600691C
:1052A000236043685A1E012B426002D103685B6889
:1052B00098472046FAF71AF82046EEF7BFFF204637
:1052C00010BD00BF2C64041010B5094B0446806863
:1052D000236043685A1E012B426002D103685B6859
:1052E0009847044B20462360F3F750FA204610BD40
:1052F000FC630410705D041010B5094B044680680F
:10530000236043685A1E012B426002D103685B6828
:105310009847044B20462360F3F738FA204610BD27
:1053200068650410A068041010B50B4B0446806833
:10533000236043685A1E012B426002D103685B68F8
:105340009847064B20462360F3F720FA2046EEF7F5
:1053500075FF204610BD00BFFC630410705D041093
:1053600010B50B4B04468068236043685A1E012B1E
:10537000426002D103685B689847064B2046236071
:10538000F3F704FA2046EEF759FF204610BD00BFA0
:10539000086504108868041010B500220446094905
:1053A000D0E903032160DA6043685A1E012B426092
:1053B00002D103685B6898472046F4F763FE2046F5
:1053C00010BD00BF4864041010B50B4B0446806844
:1053D000236043685A1E012B426002D103685B6858
:1053E0009847064B20462360F3F7D0F92046EEF7A6
:1053F00025FF204610BD00BFF06404107068041043
:1054000010B50B4B04468068236043685A1E012B7D
:10541000426002D103685B689847064B20462360D0
:10542000F3F7B4F92046EEF709FF204610BD00BFA0
:105430003C650410A05D041010B500220446094923
:10544000D0E903032160DA6043685A1E012B4260F1
:1054500002D103685B6898472046F4F78FFD204629
:1054600010BD00BF5463041010B50B4B0446806898
:10547000236043685A1E012B426002D103685B68B7
:105480009847064B20462360F3F780F92046EEF755
:10549000D5FE204610BD00BF14640410885D0410C2
:1054A00010B50B4B04468068236043685A1E012BDD
:1054B000426002D103685B689847064B2046236030
:1054C000F3F764F92046EEF7B9FE204610BD00BFA1
:1054D00068650410A068041010B50B4B0446C06842
:1054E000236043685A1E012B426002D103685B6847
:1054F00098472046054B40F8083B1EF069F92046C6
:10550000F3F744F9204610BD6C640410AC67041036
:1055100010B50B4B0446C068236043685A1E012B2C
:10552000426002D103685B6898472046054B40F80B
:10553000083B1EF04DF92046F3F728F9204610BD30
:1055400078630410AC5C041010B5002204460A49CC
:10555000D0E903032160DA6043685A1E012B4260E0
:1055600002D103685B6898472046F4F78BFD20461C
:10557000EEF764FE204610BD4864041010B500220A
:1055800004460A49D0E903032160DA6043685A1EE1
:10559000012B426002D103685B6898472046F4F70C
:1055A000EDFC2046EEF74AFE204610BD5463041081
:1055B00010B50D4B0446C068236043685A1E012B8A
:1055C000426002D103685B689847084B204640F868
:1055D000083B1EF0FDF82046F3F7D8F82046EEF71A
:1055E0002DFE204610BD00BF6C640410AC67041093
:1055F00010B50D4B0446C068236043685A1E012B4A
:10560000426002D103685B689847084B204640F827
:10561000083B1EF0DDF82046F3F7B8F82046EEF719
:105620000DFE204610BD00BF78630410AC5C041072
:1056300010B5002204460A49D0E903032160DA606C
:105640001A629A621A6343685A1E012B426002D1A1
:1056500003685B6898472046F4F73CF9204610BD84
:10566000BC64041010B5002204460A49D0E90303C3
:105670002160DA609A611A629A6243685A1E012BAD
:10568000426002D103685B6898472046F3F7F4FF55
:10569000204610BD9463041010B5002204460A4948
:1056A000D0E903032160DA601A629A621A634368E0
:1056B0005A1E012B426002D103685B68984720465E
:1056C000F4F7D6F8204610BD8864041010B5002207
:1056D00004460A49D0E903032160DA609A611A623C
:1056E0009A6243685A1E012B426002D103685B68CC
:1056F00098472046F3F7F2FF204610BDC863041018
:1057000010B5002204460C49D0E903032160DA6099
:105710009A611A629A6243685A1E012B426002D152
:1057200003685B6898472046F3F7A6FF2046EEF72C
:1057300085FD204610BD00BF9463041010B5002203
:1057400004460C49D0E903032160DA601A629A62C8
:105750001A6343685A1E012B426002D103685B68DA
:1057600098472046F4F7B6F82046EEF767FD204646
:1057700010BD00BFBC64041010B5002204460C49E3
:10578000D0E903032160DA609A611A629A62436881
:105790005A1E012B426002D103685B68984720467D
:1057A000F3F79CFF2046EEF749FD204610BD00BFF1
:1057B000C863041010B5002204460C49D0E9030365
:1057C0002160DA601A629A621A6343685A1E012BDA
:1057D000426002D103685B6898472046F4F748F8B6
:1057E0002046EEF72BFD204610BD00BF8864041054
:1057F000034653F8080B984201D0EEF71FBD7047DF
:10580000034653F8080B984201D0EEF717BD7047D6
:105810002DE9F0419AB0896805460AAC0DF1040CF7
:1058200013AFDDF8948008AE84E80C009DF8883052
:105830000A460393239B04930023069319930C9326
:1058400020AB93E803000CAB079705938CE80300AB
:105850000B9B4FF00001304600930A9BF7F7EEFEDA
:105860000C9A199B96E8030084E8030062B124991E
:105870000A6094E8030085E803000BB138469847B6
:1058800028461AB0BDE8F081002B48D00FAE13991E
:10589000149A0D9609B9002A3AD101EB82020DA89B
:1058A000FFF776FA434653F8080B9842DDE90D12EC
:1058B00014D0B14214D00F9BC8E90012D8F80820C8
:1058C000C8F8083040B10F920D900023B0420E93FB
:1058D000036001D0EEF7B2FC199BCAE7B14210D1C8
:1058E00042B1012A17D0314622F06CFD0E9AD8F849
:1058F00000000D990023C8F8042040F82230084623
:10590000E3E70F9BC8E90012C8F80830199BB0E71D
:10591000074807F08BF80F9B03600E9AEAE70548EB
:1059200007F084F8199B0BB1384698471CF022FD0C
:1059300058360410BC3404102DE9F0479CB0896837
:1059400005460AAC0DF1040C15AFDDF8A48008AED5
:1059500084E80C009DF898300A460393279B049333
:10596000002306931B930D9324AB93E803000DAB28
:10597000079705938CE803000B9B4FF0000130461E
:1059800000930A9BF7F7C2FD0D9A1B9B96E8030054
:1059900084E8030062B128990A6094E8030085E86E
:1059A00003000BB13846984728461CB0BDE8F08785
:1059B000002B74D00DF14409DDF854A0169ECDF8EB
:1059C0003C90BAF1000F01D1002E5ED10F2E0E9641
:1059D0002CD8012E26D19AF800308DF844304B4651
:1059E000002210969A55434653F8080B98420F9B95
:1059F0002BD04B4539D0C8F80030109BD8F8082080
:105A0000C8F80430119BC8F8083040B311920F90C9
:105A10000023109303700F98484501D0EEF70EFC59
:105A20001B9BBAE7002E3DD14B46D9E700220EA9B9
:105A30000FA811F005FF0E9B0F90119332465146AF
:105A40002DF026FBDDE90E63CAE74B450DD0C8F803
:105A50000030109BC8F80430119BC8F80830CDF80E
:105A60003C900DF144094846D2E7109A3AB1012A18
:105A70000ED049462DF00CFB109AD8F800000023F8
:105A8000C8F8042083540F98C2E70A4806F0CEFFF6
:105A90009DF844300370109AD8F80000EFE70648EC
:105AA00006F0C4FF4846C9E71B9B0BB13846984730
:105AB0001CF060FC58360410BC3404100B68084617
:105AC0002DE9F0419B6886B014460D469847034681
:105AD000284684F824302B68DB689847002384F834
:105AE00025000122A360684663612946E3612B68B3
:105AF00084F864201B699847019F781CEEF79CFB93
:105B0000064600233A466846314612F0E9F800237B
:105B10000098C4E90267F35502AFB84201D0EEF72E
:105B20008DFB2B68684629465B699847DDF8048041
:105B300008F10100EEF780FB064600234246684666
:105B4000314612F0CDF800980023B84206F808302C
:105B5000C4E9056801D0EEF771FB2B686846294659
:105B60009B699847019E701CEEF766FB0546002373
:105B700032466846294612F0B3F800980023B8422E
:105B8000AB55C4E9075601D0EEF758FB06B0BDE8A7
:105B9000F081684611F07CFE1CF0ECFBF9E7F8E7B9
:105BA0000B6808462DE9F0430D4687B09B68144604
:105BB00098472B6802462846DB68626298470023B4
:105BC0000122A062A360684663612946E3612B68F5
:105BD00084F824211B699847019F781CEEF72CFB61
:105BE000064600233A466846314612F079F800230B
:105BF0000098C4E90267F35502AFB84201D0EEF74E
:105C00001DFB2B68294668465B699847DDF80490C0
:105C10006FF0604309F101069E424AD2B600304659
:105C2000EEF70AFB804600234A46684641461CF0D0
:105C300027F9009846440023C4F81890B842C4F8E5
:105C4000148046F8043C01D0EEF7F8FA2B68294698
:105C500068469B699847DDF804806FF0604308F15F
:105C600001069E4222D2B6003046EEF7E5FA05461E
:105C700000234246684629461CF002F9009800239A
:105C8000C4E90758B842354445F8043C01D0EEF762
:105C9000D5FA07B0BDE8F083684611F0F9FD1CF0B5
:105CA00069FB68461BF0D6FE1CF064FB1CF02AFC66
:105CB000F7E71CF027FC00BF10B4084611461A464F
:105CC000DDE9013401940468A468A4465DF8044B3E
:105CD000604700BF10B4084611461A46DDE901349A
:105CE00001940468A468A4465DF8044B604700BFB3
:105CF00070B5086888B014461A46C56802A80C9B9F
:105D0000A847A3690BB12046984704F10800DDE9D4
:105D1000026520600F2D019513D8012D0ED1337827
:105D2000237200236560114A435504AB0298A261B7
:105D3000984201D0EEF782FA08B070BD002DF0D085
:105D400007E0002201A9204611F07AFD019B2060A6
:105D5000A3602A4631462DF09BF9019D2068E0E7BB
:105D600002A811F095FD1CF005FB00BF01580110C1
:105D700070B5086888B014461A46C56802A80C9B1E
:105D8000A847A3690BB120469847039B04F108007C
:105D9000029E43F31D059B0020600C2B019505D846
:105DA000012D0BD133680422A3600CE0002201A96D
:105DB00020461BF029FE019B2060A36085B9019D50
:105DC0002068029EAA0000236560835004AB094A44
:105DD0009E42A26102D03046EEF730FA08B070BDA4
:105DE0002A46314622F0EEFAE9E702A81BF032FE1D
:105DF0001CF0C0FAF15701100B6808462DE9F0417C
:105E00009B6888B014460D4698470346284663743D
:105E10002B68DB68984703462846A3742B681B6AE7
:105E2000984700230122E062A36002A8636129462B
:105E3000E36163622B6884F843201B699847039FE2
:105E4000781CEEF7F9F9064600233A4602A83146D7
:105E500011F046FF00230298C4E90267F35504AF2E
:105E6000B84201D0EEF7EAF92B6802A829465B692F
:105E70009847DDF80C8008F10100EEF7DDF90646E1
:105E80000023424602A8314611F02AFF029800235F
:105E9000B84206F80830C4E9056801D0EEF7CEF93B
:105EA0002B6802A829469B699847DDF80C8008F109
:105EB0000100EEF7C1F906460023424602A831462A
:105EC00011F00EFF02980023B84206F80830C4E92A
:105ED000076801D0EEF7B2F92B6802A82946DB6902
:105EE0009847DDF80C8008F10100EEF7A5F90646A9
:105EF0000023424602A8314611F0F2FE0298002328
:105F0000B84206F80830C4E9096801D0EEF796F9FE
:105F10002B6828465B6A98470346284623632A680D
:105F2000CDE90133936A9847606308B0BDE8F0811A
:105F300002A811F0ADFC1CF01DFAF9E7F8E7F7E74D
:105F40000B6808462DE9F0419B6888B014460D4661
:105F500098470346284663742B68DB6898470346D6
:105F60002846A3742B681B6A984700230122E0622D
:105F7000A36002A863612946E36163622B6884F829
:105F800043201B699847039F781CEEF755F9064696
:105F900000233A4602A8314611F0A2FE00230298DF
:105FA000C4E90267F35504AFB84201D0EEF746F9F1
:105FB0002B6802A829465B699847DDF80C8008F138
:105FC0000100EEF739F906460023424602A83146A1
:105FD00011F086FE02980023B84206F80830C4E9A2
:105FE000056801D0EEF72AF92B6802A829469B69BB
:105FF0009847DDF80C8008F10100EEF71DF9064620
:106000000023424602A8314611F06AFE029800239E
:10601000B84206F80830C4E9076801D0EEF70EF977
:106020002B6802A82946DB699847DDF80C8008F147
:106030000100EEF701F906460023424602A8314668
:1060400011F04EFE02980023B84206F80830C4E969
:10605000096801D0EEF7F2F82B6828465B6A98478A
:106060000346284623632A68CDE90133936A98479B
:10607000606308B0BDE8F08102A811F009FC1CF0D3
:1060800079F9F9E7F8E7F7E70B6808462DE9F043F7
:106090000D4689B09B68144698472B6802462846EF
:1060A000DB68626198472B68024628461B6AA2613A
:1060B0009847002301226063A36002A8E361294698
:1060C0006362E3622B6884F86C201B699847039F26
:1060D000781CEEF7B1F8064600233A4602A831468E
:1060E00011F0FEFD00230298C4E90267F35504AFE6
:1060F000B84201D0EEF7A2F82B68294602A85B69E6
:106100009847DDF80C906FF0604309F101069E425C
:1061100080F08280B6003046EEF78EF8804600238D
:106120004A4602A841461BF0ABFE029846440023B3
:10613000C4F82090B842C4F81C8046F8043C01D052
:10614000EEF77CF82B68294602A89B699847DDF892
:106150000C906FF0604309F101069E4259D2B600DF
:106160003046EEF769F8804600234A4602A84146C9
:106170001BF086FE029846440023C4F82890B842DB
:10618000C4F8248046F8043C01D0EEF757F82B6899
:10619000294602A8DB699847DDF80C906FF0604350
:1061A00009F101069E4231D2B6003046EEF744F8BE
:1061B000804600234A4602A841461BF061FE029831
:1061C00046440023C4F83090B842C4F82C8046F806
:1061D000043C01D0EEF732F82B6828465B6A9847FA
:1061E00003462846A3632A68CDE90133936A98479A
:1061F000E06309B0BDE8F08302A811F049FB1CF090
:10620000B9F802A81BF026FC1CF0B4F81CF07AF9CF
:10621000F7E71CF077F9F4E71CF074F90B6808460F
:106220002DE9F0430D4689B09B68144698472B68CA
:1062300002462846DB68626198472B68024628467A
:106240001B6AA2619847002301226063A36002A831
:10625000E36129466362E3622B6884F86C201B6962
:106260009847039F781CEDF7E7FF064600233A4660
:1062700002A8314611F034FD00230298C4E90267F8
:10628000F35504AFB84201D0EDF7D8FF2B6829468B
:1062900002A85B699847DDF80C906FF0604309F144
:1062A00001069E4280F08280B6003046EDF7C4FFC2
:1062B000804600234A4602A841461BF0E1FD0298B1
:1062C00046440023C4F82090B842C4F81C8046F825
:1062D000043C01D0EDF7B2FF2B68294602A89B6968
:1062E0009847DDF80C906FF0604309F101069E427B
:1062F00059D2B6003046EDF79FFF804600234A464C
:1063000002A841461BF0BCFD029846440023C4F895
:106310002890B842C4F8248046F8043C01D0EDF738
:106320008DFF2B68294602A8DB699847DDF80C90A1
:106330006FF0604309F101069E4231D2B60030464B
:10634000EDF77AFF804600234A4602A841461BF03B
:1063500097FD029846440023C4F83090B842C4F830
:106360002C8046F8043C01D0EDF768FF2B682846E6
:106370005B6A984703462846A3632A68CDE9013340
:10638000936A9847E06309B0BDE8F08302A811F072
:106390007FFA1BF0EFFF02A81BF05CFB1BF0EAFF8B
:1063A0001CF0B0F8F7E71CF0ADF8F4E71CF0AAF821
:1063B00030B587B00C46114602AD009502B993B9CD
:1063C000CA186846FEF7B8FC23680A9A20469B68FC
:1063D0006946984704460098A84201D0EDF72EFF81
:1063E000204607B030BD044806F020FB684611F097
:1063F0004FFA1BF0BFFF00BF5836041030B587B00E
:106400000C46114602AD009502B993B9CA18684608
:10641000FEF792FC23680A9A20469B6869469847D3
:1064200004460098A84201D0EDF708FF204607B0C7
:1064300030BD044806F0FAFA684611F029FA1BF05C
:1064400099FF00BF583604102DE9F04F91B00E4669
:1064500014469B4606AFDDF870A01D9D0497BAF167
:10646000000F01D1002D6AD10F2D0A9554D8012DAE
:1064700039D19AF8003039460DF128090DF110088C
:106480008DF81830002305955A4648464B5531463D
:106490001B9BCDF8048000933368DD681A9BA847E6
:1064A000A3690BB1204698470B9D04F108000A9E92
:1064B0000F2D2060039520D8012D1BD13378237236
:1064C00000236560274A43550CAB0A98A2619842A5
:1064D00001D0EDF7B3FE0498B84201D0EDF7AEFE5F
:1064E00011B0BDE8F08F6DBB39460DF128090DF1F3
:1064F0001008C7E7002DE3D007E0002203A92046DB
:1065000011F09EF9039B2060A3602A4631462CF0CF
:10651000BFFD039D2068D3E70DF128090DF1100898
:1065200000224946404611F08BF90A9B04900693DD
:106530002A4651462CF0ACFD0A9D0499A2E70A4870
:1065400006F074FA38460DF128090DF11008EFE74E
:1065500002E0484611F09CF9404611F099F91BF011
:1065600009FF00BF01580110583604102DE9F04111
:1065700090B014460D461E4606AF1898199A049717
:1065800008B9002A4CD10DF1100800EB8202014637
:106590004046FEF7FDFB179BCDF80480294600938B
:1065A00032462B680AA8DD68169BA847A3690BB181
:1065B0002046984704F10800DDE90A63206043F3B0
:1065C0001D059B000C2B039505D8012D0BD13368BD
:1065D0000422A3600CE0002203A920461BF014FA59
:1065E000039B2060A360B5B9039D2068AA000A9EA2
:1065F0000023656083500CAB0F4A9E42A26102D01B
:106600003046EDF71BFE0498B84201D0EDF716FEB8
:1066100010B0BDE8F0812A46314621F0D3FEE3E711
:10662000064806F003FA0AA81BF014FA40461BF0CD
:1066300011FA1BF09FFEF9E7F157011058360410CC
:106640000846114603681B69184700BF08461146F3
:1066500003681B69184700BF0B6808469B6818470A
:106660000B6808469B68184782B0944630B58BB0DB
:1066700004460F939DF85830159A643B1399049281
:10668000152B79D8DFE803F05E7878787878787819
:1066900078447878787878782A78780B7878149BAA
:1066A0000DF1440E08AACDE902130FABDCF800503F
:1066B00093E8030006AB83E803009EE8030082E84A
:1066C00003008DE8030061466D6920460CCBA847A6
:1066D00020460BB0BDE8304002B07047149B0DF16E
:1066E000440E08AACDE902130FABDCF8005093E882
:1066F000030006AB83E803009EE8030082E8030082
:106700008DE803006146ED6820460CCBA847DFE723
:10671000149B0DF1440E08AACDE902130FABDCF86F
:10672000005093E8030006AB83E803009EE80300F3
:1067300082E803008DE803006146AD6920460CCB7A
:10674000A847C5E7149B0DF1440E08AACDE9021332
:106750000FABDCF8005093E8030006AB83E80300BE
:106760009EE8030082E803008DE8030061462D697E
:1067700020460CCBA847ABE7149B0DF1440E08AAAA
:10678000CDE902130FABDCF8005093E8030006AB31
:1067900083E803009EE8030082E803008DE803001D
:1067A0006146ED6920460CCBA84791E782B094463C
:1067B00030B58BB004460F939DF85830159A643B62
:1067C00013990492152B79D8DFE803F05E78787876
:1067D0007878787878447878787878782A78780B28
:1067E0007878149B0DF1440E08AACDE902130FAB83
:1067F000DCF8005093E8030006AB83E803009EE852
:10680000030082E803008DE8030061466D692046BD
:106810000CCBA84720460BB0BDE8304002B0704713
:10682000149B0DF1440E08AACDE902130FABDCF85E
:10683000005093E8030006AB83E803009EE80300E2
:1068400082E803008DE803006146ED6820460CCB2A
:10685000A847DFE7149B0DF1440E08AACDE9021307
:106860000FABDCF8005093E8030006AB83E80300AD
:106870009EE8030082E803008DE803006146AD69ED
:1068800020460CCBA847C5E7149B0DF1440E08AA7F
:10689000CDE902130FABDCF8005093E8030006AB20
:1068A00083E803009EE8030082E803008DE803000C
:1068B00061462D6920460CCBA847ABE7149B0DF130
:1068C000440E08AACDE902130FABDCF8005093E8A0
:1068D000030006AB83E803009EE8030082E80300A0
:1068E0008DE803006146ED6920460CCBA84791E78F
:1068F00082B094462DE9F04F93B0044616681D937C
:106900009DF88410229FDDE92353E3B10DF1300E91
:10691000CDE904531DABCDE9021793E803000AABA0
:1069200083E803001FA903C90CCB8EE803008DE8A0
:1069300003006146B5682046A847204613B0BDE86D
:10694000F04F02B07047CDE902170DF1300A1DAFCC
:1069500004950DF17C0ECDF814A008AA8DF83830FE
:106960000DF138090D9306AB0DF12808CDF83090E4
:1069700097E8030083E803009EE8030082E8030031
:106980008DE803006146D6F80CB040460CCBD847E2
:106990002B6898E8030087E80300DBB9259B9B6917
:1069A0000BB125989847259B0D9D03F10800DDF854
:1069B00030B00F2D0A9518601AD8012D15D19BF80B
:1069C0000030259A1372259B259A5D60002343555C
:1069D000134B93610C9B97E803004B4584E803003D
:1069E000ABD01846EDF72AFCA7E7002DEBD009E065
:1069F00041460022184610F023FF259B259A186077
:106A00000A9B93602A4659462CF042FB259B0A9D1F
:106A10001868D8E7504610F03BFF1BF0ABFC00BFF6
:106A20000158011082B094462DE9F04F93B004460E
:106A300016681D939DF88410229FDDE92353E3B16E
:106A40000DF1300ECDE904531DABCDE9021793E8EB
:106A500003000AAB83E803001FA903C90CCB8EE82F
:106A600003008DE803006146B5682046A84720462C
:106A700013B0BDE8F04F02B07047CDE902170DF139
:106A8000300A1DAF04950DF17C0ECDF814A008AAB4
:106A90000DF138090DF1280897E80300CDE90D3311
:106AA00006ABCDF8309083E803009EE8030082E84F
:106AB00003008DE803006146D6F80CB040460CCBCD
:106AC000D8472B6898E8030087E803000BBB259B99
:106AD0009B690BB1259898470D9B259A43F31D0B95
:106AE0009B0002F108000C9D0C2BCDF828B0106023
:106AF0001AD8BBF1010F21D1259A2B68936004228B
:106B0000259BC3F804B000238350164B259A93614C
:106B100000E00C9D4D4597E8030084E80300A6D0F3
:106B20002846EDF78BFBA2E74146002225981AF094
:106B30006BFF259B259A18600A9B9360BBF1000FA1
:106B400003D05A46294621F03DFCDDF828B0259BAC
:106B50000C9D4FEA8B021868D2E750461AF07AFF74
:106B60001BF008FCF157011082B02DE9F04F91B0F5
:106B70000446154622999DF874709DF87C801B93FD
:106B800000293AD08B69002B6CD00DF13009D1E986
:106B900000A6CDF82890BAF1000F01D1002E5ED1E9
:106BA0000F2E08963FD8012E53D19AF8003049464F
:106BB0000DF1280B8DF8303008AB00220B968A556A
:106BC0001E9ACDF8088001921BAA0097CDF80CB050
:106BD0002968CE6892E8030083E80300294620462E
:106BE0000CCBB0470A98484501D0EDF727FB20466B
:106BF00011B0BDE8F04F02B070479DED207B1BAA9D
:106C00001E99CDF808800AAB009701918DED047BA9
:106C100092E8030083E80300286829460CCB8568C6
:106C20002046A847E3E708AB0DF1280B00221946E0
:106C30005846079310F004FE089A079B0A900C929E
:106C40003246514607932CF023FA089E0A99079B77
:106C5000B3E756B9494608AB0DF1280BADE7084834
:106C600005F0E4FE074805F0E1FE484608AB0DF1EB
:106C7000280BE5E7584610F00BFE1BF07BFB00BF2E
:106C800058360410BC34041082B02DE9F0418EB0A7
:106C9000044615461C9E9DF85C701593002E2ED060
:106CA000B369002B44D00DF12808D6E90012CDF8C5
:106CB000208009B9002A38D108AE01EB82023046A3
:106CC000FEF766F8199B009715AA0293189B039686
:106CD000019306AB2968CF6892E8030083E80300BC
:106CE000294620460CCBB8470898404501D0EDF71F
:106CF000A5FA20460EB0BDE8F04102B0704715AAD3
:106D0000009708AB2E6892E80300199A9DED1A7B54
:106D100083E8030002922946189A20468DED047BF1
:106D20000192B6680CCBB047E3E7054805F07EFE5C
:106D3000044805F07BFE30461AF08CFE1BF01AFB6F
:106D400058360410BC34041070B56FF00103B94A12
:106D50000D46B94906461BF093F9044610B1056883
:106D6000284670BDB54B9D4247D0B54B9D4200F0C3
:106D70008D80B44B9D426BD0B34B9D4200F092800E
:106D8000B24B9D4200F09480B14B9D4200F0968042
:106D9000B04B9D4200F0C480AF4B9D4200F0F280AA
:106DA000AE4B9D4200F0FC80AD4B9D425CD0AD4BA4
:106DB0009D4200F02281AC4B9D4200F02B81AB4BF9
:106DC0009D4200F02F81AA4B9D4200F08781A94B84
:106DD0009D4200F0B581A84B9D4240F0E381142014
:106DE000EDF728FA0021054605F0F6FB7368A34A83
:106DF00001332E612A607360B2E71420EDF71AFAAE
:106E000005466820EDF716FA00219D4B04460174F3
:106E1000818480F86410C0E900319A4BC5E9011003
:106E2000C0E90211C0E90511C0E907112B6028462D
:106E3000F3F746F87368224693494FF00000013398
:106E4000296031467360C5E90364F5F7BBFA87E74B
:106E50000C20EDF7EFF973688C4A01330546C0E961
:106E60000146736002607BE71020EDF7E3F9002232
:106E7000874B0546C0E90032F1F79EFC7368854AEE
:106E80000133EE60A8602A60736069E71020EDF7B7
:106E9000D1F9814B0546C0E90034F1F78DFC7368E8
:106EA0007E4AEDE70C20EDF7C5F973687C4AD4E71C
:106EB0000C20EDF7BFF973687A4ACEE71420EDF79E
:106EC000B9F905464420EDF7B5F90022764B0446A2
:106ED00002741146A0F81120426380F84320C0E9F3
:106EE0000032724BC5E90120C0E90222C0E9052247
:106EF000C0E90722C0E90922C0E90B222B6028461D
:106F0000F2F71EFB7368224669494FF00000013317
:106F1000296031467360C5E90364F5F755FC1FE746
:106F20001420EDF787F905464420EDF783F9002298
:106F3000604B044602741146A0F81120426380F8A9
:106F40004320C0E900325C4BC5E90120C0E90222C0
:106F5000C0E90522C0E90722C0E90922C0E90B22E5
:106F60002B602846F2F73AFB7368224653494FF0EC
:106F700000000133296031467360C5E90364F5F709
:106F8000FBFCEDE61420EDF755F921460546FBF72D
:106F9000D5FF73684A4A01332E612A607360DFE6C9
:106FA0001420EDF747F905464FF49470EDF742F9D8
:106FB0000021444B0446017480F82411C0E90031DB
:106FC000414BC5E90110C0E90211C0E90511C0E952
:106FD0000711C0E909112B602846F3F701F873681F
:106FE00022463A494FF00000013329603146736070
:106FF000C5E90364F5F780FAB2E60C20EDF71AF95B
:10700000736800210546324A0133C5E901167360F1
:107010002A60A5E60C20EDF70DF9736800210546FE
:107020002C4AF1E70C20EDF705F9736800210546BD
:10703000294AE9E784560410C8450410484700204F
:107040003847002050470020584700206047002064
:107050002C47002028470020404700204C470020B4
:107060003C470020544700205C4700206447002034
:10707000344700203047002044470020206504109A
:10708000144E0410C85C0410546304103C650410D2
:10709000AC6704106C640410AC5C041078630410DA
:1070A000FC63041014640410D44D0410EC5C041050
:1070B00094630410E44D0410205D0410C8630410B0
:1070C0002C640410244E0410C86704104864041093
:1070D00068650410F0640410086504101420EDF7CE
:1070E000A9F805467020EDF7A5F800224F4B04469D
:1070F00002741146C26380F86C20C0E900324C4B28
:10710000C5E90120C0E90222C0E90522C0E9072241
:10711000C0E90922C0E90B22C0E90D222B602846F4
:10712000F2F70EFB7368224642494FF0000001332C
:10713000296031467360C5E90364F5F7F5FC0FE695
:107140001420EDF777F805467020EDF773F800226C
:10715000394B044602741146C26380F86C20C0E9C2
:107160000032364BC5E90120C0E90222C0E9052200
:10717000C0E90722C0E90922C0E90B22C0E90D22BB
:107180002B602846F2F728FB736822462C494FF003
:1071900000000133296031467360C5E90364F5F7E7
:1071A000C5FDDDE5274805F041FC2846F1F7EEFA7C
:1071B0002846EDF743F81BF0DDF8F9E7F5E7F7E7C8
:1071C000F6E7F5E7F1E7F0E7E868F5F7F1F82846C4
:1071D000F2F7D4FEECE7E8E7E868F5F7E9F82846C7
:1071E000F2F74AFAE4E7E868F5F7E2F82846F2F73A
:1071F00075FADDE7D9E7DBE7DAE7E868F5F7D8F80D
:107200002846F2F73FFFD3E7CFE7D1E7E868F5F785
:10721000CFF82846F2F72CFBCAE7E868F5F7C8F87C
:107220002846F2F757FBC3E7BFE7C1E7F44D041068
:10723000EC67041088640410044E041020680410E5
:10724000BC6404100435041083685869704700BF9B
:1072500083689869704700BF8368586B704700BFA8
:10726000836882B0986B02B0704700BF836882B0B9
:10727000D86B02B0704700BF83685869704700BF81
:1072800083689869704700BF8368586B704700BF78
:10729000836882B0986B02B0704700BF836882B089
:1072A000D86B02B0704700BF8368586A704700BF50
:1072B0008368986A704700BF0020704700207047BD
:1072C000704700BF91424FF0000006D251F8043BD6
:1072D0008A4203EB7060F9D870477047034B10B5D2
:1072E00004460360F1F752FA204610BD706804109E
:1072F000054B10B504460360F1F748FA2046ECF759
:107300009DFF204610BD00BF70680410034B10B5F0
:1073100004460360F1F73AFA204610BD886804106D
:10732000054B10B504460360F1F730FA2046ECF740
:1073300085FF204610BD00BF88680410034B10B5C0
:1073400004460360F1F722FA204610BDA06804103D
:10735000054B10B504460360F1F718FA2046ECF728
:107360006DFF204610BD00BFA0680410054B10B58E
:10737000044640F8083B1CF02BFA2046F1F706FAC9
:10738000204610BD5468041010B50446FFF7EEFF08
:107390002046ECF753FF204610BD00BF054B10B54B
:1073A000044640F8083B1CF013FA2046F1F7EEF9CA
:1073B000204610BDAC670410521A70B50C2A82B07A
:1073C0004FEAA2060D460446019605D8012E006834
:1073D00009D10B68036008E0002201A91AF014FB30
:1073E000019B2060A3603EB92068019B002263607E
:1073F00040F8232002B070BD3246294620F0E2FF5B
:10740000F2E700BF70B5541A82B00E4605460F2C45
:10741000019411D8012C006808D10B780370002367
:10742000019C28686C60035502B070BD5CB90023F4
:107430006C60035502B070BD002201A910F000FA83
:10744000019B2860AB60224631462BF021FE019C57
:10745000286800236C60035502B070BD074B10B55F
:10746000044640F8083B1CF0B3F92046F1F78EF9CA
:107470002046ECF7E3FE204610BD00BFAC670410C9
:107480008A6838B500F10803956803605DB1044669
:10749000284625F04FF90246294620462A44FFF7A0
:1074A000B1FF204638BD014805F0C0FA5836041037
:1074B0008A6838B500F10803956803605DB1044639
:1074C000284625F037F90246294620462A44FFF788
:1074D00099FF204638BD014805F0A8FA5836041037
:1074E0008A6838B500F10803956803605DB1044609
:1074F000284625F01FF90246294620462A44FFF770
:1075000081FF204638BD014805F090FA5836041036
:107510008A6838B500F10803D56A036065B104468E
:10752000284622F0B9FD02462946204605EB820294
:10753000FFF742FF204638BD014805F077FA00BF4B
:10754000583604108A6838B500F10803556903609D
:1075500065B10446284622F09FFD02462946204692
:1075600005EB8202FFF728FF204638BD014805F0F1
:107570005DFA00BF583604108A6838B500F1080378
:10758000D569036065B10446284622F085FD0246B0
:107590002946204605EB8202FFF70EFF204638BD44
:1075A000014805F043FA00BF583604108A6838B520
:1075B00000F10803556A036065B10446284622F0CD
:1075C0006BFD02462946204605EB8202FFF7F4FEDA
:1075D000204638BD014805F029FA00BF583604108E
:1075E0008A6838B500F10803D56A036065B10446BE
:1075F000284622F051FD02462946204605EB82022C
:10760000FFF7DAFE204638BD014805F00FFA00BF4B
:10761000583604108A6838B500F10803D56903604C
:1076200065B10446284622F037FD02462946204629
:1076300005EB8202FFF7C0FE204638BD014805F089
:10764000F5F900BF583604108A6838B500F1080310
:10765000D569036065B10446284622F01DFD024647
:107660002946204605EB8202FFF7A6FE204638BDDC
:10767000014805F0DBF900BF583604108A6838B5B8
:1076800000F10803556A036065B10446284622F0FC
:1076900003FD02462946204605EB8202FFF78CFED9
:1076A000204638BD014805F0C1F900BF5836041026
:1076B0002DE9F04F8DB01C46002581460DF1080ADA
:1076C00068460DF1200B0195CDF800A0FFF774FE80
:1076D000169A214606A80795CDF818B0FFF76CFE5C
:1076E000DDE90047DDE9066304EB870706EB830865
:1076F00003E0804529D00434061D32462146484621
:107700001CF02CFA054690B9204622F0C5FC034631
:10771000304604EB830422F0BFFCA74206EB800056
:10772000E7D1804503D0A742E3D14FF0FF3506985B
:10773000584501D0ECF782FD0098504501D0ECF798
:107740007DFD28460DB0BDE8F08F0125EFE76846C6
:107750001AF080F91AF00EFE2DE9F04F1D468BB09D
:1077600000F10803164604468A4603602A4603933E
:10777000002331460593C0E9013306AB04A8049306
:10778000FFF71AFEAD1BDDE904736E1007EB8303F0
:107790000293424B9D4275D8B000ECF74DFD054673
:1077A0006FF0704B07E0002243F8282003EB8803BA
:1077B000C4F804905A603A463346294650461CF0B5
:1077C000D9F98642024613D8461C15B12846ECF773
:1077D00037FD6FF060439E4247D2B000ECF72CFDBE
:1077E00005463A463346504629461CF0C3F9024640
:1077F0006368ABEB03039A4230D8294620461AF05F
:1078000015FB384622F048FC029B07EB80008342C0
:1078100016D0039A071D2368D4F804809A4208F111
:10782000010914BFA26803229145BCD90123414636
:107830002046009300231A461AF036F92368B2E76F
:1078400015B12846ECF7FCFC049806AB984201D031
:10785000ECF7F4FC20460BB0BDE8F08F104805F0C3
:10786000FDF81AF0F7FE1BF0F7FA1AF04BFE1AF0CB
:107870002FFF04A81AF0EEF820461AF0EBF81AF0E1
:1078800079FDF6E71AF03EFEF6E71AF0E3FE002D6A
:10789000E9D02846ECF7D4FCE5E700BFFCFFFF3F4A
:1078A000D03504102DE9F04FA1B01D46144610A9A3
:1078B0000C90A74881E80C00DDE92A730393F1F7E7
:1078C00015FA2C9BDB6E5B6853F820300A93002B73
:1078D00000F094859F48F1F709FA2C9B0646DB6E71
:1078E000D3F80C8058F820B0BBF1000F00F02784CB
:1078F0000BF14002DBF82830089223B1DBF830307E
:10790000003B18BF01230F93002315938DF85830C7
:1079100016AB14939BF81030002B40F0A08200238C
:1079200020211AA81B938DF870301CAB1A9310F00D
:1079300051F8DBF83C30002213930BF1440306921C
:107940000593079204920D9209920E92069B13AA38
:10795000D35C042B00F27F83DFE813F0A500000165
:107960007D0166010500DFF8F0A1A5F1FF38B8FA46
:1079700088F84FEA5818002C0CBF002608F00106C2
:10798000002E40F03C824646039BA3F1FF33B3FA3E
:1079900083F35B09002F0CBF4FF0000903F00109CE
:1079A000B9F1000F40F0E081B34200F0EB8114B177
:1079B000B8F1000F2DD1A8460A220598414623F0C0
:1079C000C3FF002838D0089B1CAAC01ADAF8003080
:1079D000801013F80080DDE91A36934206F10105A4
:1079E00014BF1C9A0F22954200F2A78103F806806B
:1079F0004FF00002049B1B95013304931A9B5A55C8
:107A0000D4E90232934249D20433A3604FF0FF35E8
:107A1000ABE7D4E90232934280F08B83D3F8008045
:107A2000B8F1FF3F4FF00A024146059808BF002415
:107A300023F08AFF0028C6D1DBF81430434500F05C
:107A400086819BF81060002E00F09C81DBF81830D6
:107A5000434540F0EA81079B002B40F0E581049B01
:107A6000002B00F0BD8316AA5FFA83F8DDE9143617
:107A7000934206F1010514BF169A0F22954200F2B7
:107A8000C98103F806804FF00002149B15955A55E2
:107A900000230493D4E902329342B5D323682046ED
:107AA0009B6A9847B2E70126069B032B7CD1099B72
:107AB000012B94BF002306F00103002B00F0A484E7
:107AC0000E9B002B40F0DA81DBF824309A464FF011
:107AD0000109A5F1FF38B8FA88F84FEA5818002CC8
:107AE0000CBF002608F00106002E40F08C824646AE
:107AF000039BA3F1FF33B3FA83F35B09002F0CBFA1
:107B0000002203F001020592002A40F06482099AE3
:107B1000914580F06F825E40F6B2002E00F06A82DE
:107B20001CB1B8F1000F40F09F8128465AF8043F7D
:107B3000834240F03281D4E90232934280F0928253
:107B40000433A36009F101094FF0FF35C1E700BF1D
:107B50001447002034470020D0280020A5F1FF382A
:107B6000B8FA88F84FEA5818002C0CBF002608F025
:107B70000106002E40F029834646039BA3F1FF3304
:107B8000B3FA83F35B09002F0CBF4FF0000903F039
:107B90000109B9F1000F40F00C839E4240F0718161
:107BA000069B0026032B82D0A5F1FF39B9FA89F98B
:107BB0004FEA591914B1B9F1000F25D1CA46039BF8
:107BC000A3F1FF33B3FA83F35B09002F0CBF4FF02F
:107BD000000803F00108B8F1000F40F03481994526
:107BE0002FD01CB1BAF1000F40F023812A460A9829
:107BF000082103689B68984718B3D4E9023293427E
:107C000080F02B820433A360D4E90232934280F0E7
:107C1000EC821D68681C4FF0010A00F0B7824FF03B
:107C2000FF354FF00009CAE7DBF82830002B40F0A1
:107C30004181DBF83030002B40F020820F9B83F035
:107C40000106069B0133032B06933FF730AF002E4E
:107C50007FF47CAE2BE72C9BDB68980500F16581F7
:107C6000099B012B00F26181069B002B00F05D81D6
:107C7000012B00F04F81069B022B00F041821B9BE1
:107C8000012B00F228820E9B5BB11A9B1B78302BD4
:107C900007D02D2300221AA80093114601230FF0CC
:107CA000C5FE159E26B3079B002B00F09B829DF816
:107CB000349016AA149B06F10108934214BF169A39
:107CC0000F22904500F2F78203F806900022149BE1
:107CD000CDF8548003F8082014AADBE902011CF057
:107CE0008BFA28B92D9B2D9A1B6843F0040313606F
:107CF000A5F1FF38079BB8FA88F84FEA581823B166
:107D0000DBF83430049A934247D1002C0CBF002694
:107D100008F001061AA92E9810F008F8002E49D094
:107D2000D4E90232934280F01A83186801300ABF06
:107D3000B0464FF0000800243CE0012331461AA869
:107D4000009300231A460FF0D1FD1A9B4EE6079BC5
:107D5000002B69D1DBF83430002B13DD049B049039
:107D60000D93012307934BE6D7E90232934280F04B
:107D7000D681186801300ABF4B4600230027B34262
:107D80007FF415AE1B9B0126002B7FF45AAFA5F1A3
:107D9000FF38B8FA88F84FEA58182D9B002C0CBF12
:107DA000002608F001062D9A1B6843F004031360B7
:107DB000002EB5D1039BA3F1FF33B3FA83F35B0924
:107DC00017B1002B40F0E781434505D12D9B2D9A3B
:107DD0001B6843F0020313600C9B1A981C605D60E3
:107DE0001CAB984201D0ECF729FA149816AB9842D4
:107DF00001D0ECF723FA0C9821B0BDE8F08FD4E95C
:107E00000232934280F090811868013000F02F8197
:107E10000026B9E50123314614A8009300231A4631
:107E20000FF064FD149B2CE6079E1B9B002BAED02D
:107E300007E7D4E90232934280F028821A68511C85
:107E400008BF0024D3E6D7E90232934280F0D38101
:107E5000186801300ABF434600230027BFE62021EF
:107E600014A80FF0B7FD5AE5D4E90232934280F02E
:107E70001D821868421C08BF002457E6DBF82C302E
:107E800024E61CB1B8F1000F40F033822A460A986C
:107E9000082103689B689847064600283FF404AE13
:107EA000D4E90232934280F06F820433A3604FF032
:107EB000FF35F9E5A5F1FF39B9FA89F94FEA591902
:107EC000002C0CBF4FF0000809F00108B8F1000FBA
:107ED00040F00582C846039BA3F1FF33B3FA83F356
:107EE0005B09002F0CBF002603F00106002E40F0B6
:107EF0001E82984540F08481DBF83030002B40F042
:107F0000BD80DBF82830002B3FF498AE01231E46DD
:107F10000E9396E60F9B43B99DF84C30032B04D08B
:107F20009DF84E30012B40F0F680DBF82030002623
:107F30000B93A5F1FF39B9FA89F94FEA5919002CC9
:107F40000CBF4FF0000809F00108B8F1000F65D12F
:107F5000C846039BA3F1FF33B3FA83F35B09002FF9
:107F60000CBF4FF0000A03F0010ABAF1000F61D113
:107F70000B9A96426CD298456AD014B1B9F1000FB1
:107F800010D1DBF81C30284653F82630834218D134
:107F9000D4E9023293426CD20433A36001364FF02D
:107FA000FF35C6E7D4E90232934280F0BB811868FE
:107FB000DBF81C30411C53F8263008BF00248342F4
:107FC000E6D0002E7FF4E3AE2C9BDB6883F40073D5
:107FD000C3F3402635E6D7E90232934280F061814F
:107FE00018680130099A059B0CBF002700239145B2
:107FF000FFF491AD099B99457FF4CFAE1B9B012BFC
:108000007FF641AE67E0D4E90232934280F04481CA
:108010001868013000F0BD80002669E5D4E902321D
:10802000934280F057811868013000F0C0804FF013
:1080300000088EE7D7E90232934280F04681186843
:1080400001300B9A0ABF534600230027964292D371
:108050000B9B9E42B5D10126F3E5236820469B6A1F
:108060009847D1E5236820469B6A98476AE5002433
:108070008AE4236820469B6A98478FE7A5F1FF3979
:10808000B9FA89F94FEA5919002C0CBF4FF00008D2
:1080900009F00108B8F1000F40F03481C846039B95
:1080A000A3F1FF33B3FA83F35B09002F0CBF002663
:1080B00003F00106002E40F04581984540F0C28053
:1080C000DBF82830002B3FF4B9ADDBF83030002B63
:1080D0007FF4B4AD1AE7002230211AA80FF09EFEFB
:1080E00000283FF4D0AD431C1B9A00F0158182425A
:1080F0004FF0000128BF02461AA80FF04BFCC2E562
:108100009DF84F30042B3FF410AF032B03D10F9B8E
:10811000002B7FF40AAF069B0133069316E43B68FD
:1081200038465B6A984725E6236820465B6A98478D
:108130006BE6236820465B6A9847804670E47020AF
:10814000ECF778F800238146C0E90133C36003747B
:10815000C36380F86C30C0E90533C0E90733C0E978
:108160000933C0E90B33C0E90D339E4B03602C9BF0
:1081700003F16C0110F0A6FD2C9B49463246D86EE7
:10818000F0F73AFD58F826B0FFF7B2BB0024D1460D
:1081900015E50024ACE4D7E90232934280F0E48094
:1081A0001B68A3F1FF33B3FA83F35B090CE60024E9
:1081B000CFE6D7E90232934280F0DC8018680130C4
:1081C0000ABF4B4600230027E7E4D4E9023293427A
:1081D00080F0D5801868013000F0BF800026CCE424
:1081E000049E22E69DF8109063E5236820465B6AB2
:1081F000984705460EE53B6838465B6A984728E68F
:1082000064B1B9F1000F09D0D4E90232934280F091
:10821000E3801868421C08BF002400E02846DBF811
:108220002420126882427FF467AEDBF82810D4E97C
:1082300002320991934280F0D7800433A3604FF05B
:10824000FF3508E764B1B9F1000F09D0D4E9023273
:10825000934280F0BC801868431C08BF002400E0F3
:108260002846DBF82C20126882427FF429AFDBF825
:108270003010D4E902320991934280F0BA8004337D
:10828000A36001264FF0FF350E96DAE423682046FE
:108290005B6A98470246D2E5236820465B6A9847A6
:1082A000B7E63B6838465B6A98479AE623682046FB
:1082B0005B6A9847DEE50123314614A8009300234A
:1082C0001A460FF013FB149BFEE43B6838465B6ACA
:1082D0009847B5E6236820465B6A9847A4E6D4E948
:1082E0000232934259D21868013052D04FF0000840
:1082F000F1E5D4E90232934263D21A68561C08BFF2
:108300000024C4E5D4E9023293424BD2186801300C
:1083100041D04FF00008C2E6501E002A70D11A9BCF
:108320001A70B0E4236820465B6A984740E6D7E9B4
:10833000023293423BD2186801300ABF3346002311
:108340000027D6E5D7E90232934235D218680130CA
:108350000ABF334600230027AFE600240DE423685C
:1083600020465B6A9847E1E43B6838465B6A984779
:10837000034616E73B6838465B6A98471FE7236861
:1083800020465B6A984726E7236820469B6A984701
:108390008DE500249FE5002481E6236820465B6A82
:1083A0009847A1E7236820465B6A9847AFE73B6898
:1083B00038465B6A9847BFE73B6838465B6A984730
:1083C000C5E7236820465B6A9847024696E723681C
:1083D00020465B6A98473FE7236820465B6A9847D8
:1083E00018E700BFF44D0410236820469B6A9847A5
:1083F00025E7236820469B6A984742E704F006FB7E
:1084000000283FF440AC72E6002E3FF4C0AC36E4E6
:108410001AF020F91AF020FD14A80FF039FA19F01B
:10842000A9FF1AF055F919F0A5FF1AF013F9D9F8B8
:10843000003048465B689847ECE71AA80FF028FA26
:10844000EAE700BF2DE9F04FA1B01D46144610A980
:108450000C90A74881E80C00DDE92A730393F0F73C
:1084600045FC2C9BDB6E5B6853F820300A93002B95
:1084700000F094859F48F0F739FC2C9B0646DB6E94
:10848000D3F80C8058F820B0BBF1000F00F027841F
:108490000BF14002DBF82830089223B1DBF83030D2
:1084A000003B18BF01230F93002315938DF858301C
:1084B00016AB14939BF81030002B40F0A0820023E1
:1084C00020211AA81B938DF870301CAB1A930FF063
:1084D00081FADBF83C30002213930BF1440306923F
:1084E0000593079204920D9209920E92069B13AA8D
:1084F000D35C042B00F27F83DFE813F0A5000001BA
:108500007D0166010500DFF8F0A1A5F1FF38B8FA9A
:1085100088F84FEA5818002C0CBF002608F0010616
:10852000002E40F03C824646039BA3F1FF33B3FA92
:1085300083F35B09002F0CBF4FF0000903F0010922
:10854000B9F1000F40F0E081B34200F0EB8114B1CB
:10855000B8F1000F2DD1A8460A220598414623F014
:10856000F3F9002838D0089B1CAAC01ADAF80030AA
:10857000801013F80080DDE91A36934206F10105F8
:1085800014BF1C9A0F22954200F2A78103F80680BF
:108590004FF00002049B1B95013304931A9B5A551C
:1085A000D4E90232934249D20433A3604FF0FF353D
:1085B000ABE7D4E90232934280F08B83D3F800809A
:1085C000B8F1FF3F4FF00A024146059808BF00246A
:1085D00023F0BAF90028C6D1DBF81430434500F087
:1085E00086819BF81060002E00F09C81DBF818302B
:1085F000434540F0EA81079B002B40F0E581049B56
:10860000002B00F0BD8316AA5FFA83F8DDE914366B
:10861000934206F1010514BF169A0F22954200F20B
:10862000C98103F806804FF00002149B15955A5536
:1086300000230493D4E902329342B5D32368204641
:108640009B6A9847B2E70126069B032B7CD1099BC6
:10865000012B94BF002306F00103002B00F0A4843B
:108660000E9B002B40F0DA81DBF824309A464FF065
:108670000109A5F1FF38B8FA88F84FEA5818002C1C
:108680000CBF002608F00106002E40F08C82464602
:10869000039BA3F1FF33B3FA83F35B09002F0CBFF5
:1086A000002203F001020592002A40F06482099A38
:1086B000914580F06F825E40F6B2002E00F06A8233
:1086C0001CB1B8F1000F40F09F8128465AF8043FD2
:1086D000834240F03281D4E90232934280F09282A8
:1086E0000433A36009F101094FF0FF35C1E700BF72
:1086F0001447002030470020D0280020A5F1FF3883
:10870000B8FA88F84FEA5818002C0CBF002608F079
:108710000106002E40F029834646039BA3F1FF3358
:10872000B3FA83F35B09002F0CBF4FF0000903F08D
:108730000109B9F1000F40F00C839E4240F07181B5
:10874000069B0026032B82D0A5F1FF39B9FA89F9DF
:108750004FEA591914B1B9F1000F25D1CA46039B4C
:10876000A3F1FF33B3FA83F35B09002F0CBF4FF083
:10877000000803F00108B8F1000F40F0348199457A
:108780002FD01CB1BAF1000F40F023812A460A987D
:10879000082103689B68984718B3D4E902329342D2
:1087A00080F02B820433A360D4E90232934280F03C
:1087B000EC821D68681C4FF0010A00F0B7824FF090
:1087C000FF354FF00009CAE7DBF82830002B40F0F6
:1087D0004181DBF83030002B40F020820F9B83F08A
:1087E0000106069B0133032B06933FF730AF002EA3
:1087F0007FF47CAE2BE72C9BDB68980500F165814C
:10880000099B012B00F26181069B002B00F05D812A
:10881000012B00F04F81069B022B00F041821B9B35
:10882000012B00F228820E9B5BB11A9B1B78302B28
:1088300007D02D2300221AA80093114601230FF020
:10884000F5F8159E26B3079B002B00F09B829DF840
:10885000349016AA149B06F10108934214BF169A8D
:108860000F22904500F2F78203F806900022149B35
:10887000CDF8548003F8082014AADBE902011BF0AC
:10888000BBFC28B92D9B2D9A1B6843F00403136091
:10889000A5F1FF38079BB8FA88F84FEA581823B1BA
:1088A000DBF83430049A934247D1002C0CBF0026E9
:1088B00008F001061AA92E980FF038FA002E49D0B8
:1088C000D4E90232934280F01A83186801300ABF5B
:1088D000B0464FF0000800243CE0012331461AA8BE
:1088E000009300231A460FF001F81A9B4EE6079BEF
:1088F000002B69D1DBF83430002B13DD049B04908E
:108900000D93012307934BE6D7E90232934280F09F
:10891000D681186801300ABF4B4600230027B342B6
:108920007FF415AE1B9B0126002B7FF45AAFA5F1F7
:10893000FF38B8FA88F84FEA58182D9B002C0CBF66
:10894000002608F001062D9A1B6843F0040313600B
:10895000002EB5D1039BA3F1FF33B3FA83F35B0978
:1089600017B1002B40F0E781434505D12D9B2D9A8F
:108970001B6843F0020313600C9B1A981C605D6037
:108980001CAB984201D0EBF759FC149816AB9842F7
:1089900001D0EBF753FC0C9821B0BDE8F08FD4E97F
:1089A0000232934280F090811868013000F02F81EC
:1089B0000026B9E50123314614A8009300231A4686
:1089C0000EF094FF149B2CE6079E1B9B002BAED051
:1089D00007E7D4E90232934280F028821A68511CDA
:1089E00008BF0024D3E6D7E90232934280F0D38156
:1089F000186801300ABF434600230027BFE6202144
:108A000014A80EF0E7FF5AE5D4E90232934280F051
:108A10001D821868421C08BF002457E6DBF82C3082
:108A200024E61CB1B8F1000F40F033822A460A98C0
:108A3000082103689B689847064600283FF404AE67
:108A4000D4E90232934280F06F820433A3604FF086
:108A5000FF35F9E5A5F1FF39B9FA89F94FEA591956
:108A6000002C0CBF4FF0000809F00108B8F1000F0E
:108A700040F00582C846039BA3F1FF33B3FA83F3AA
:108A80005B09002F0CBF002603F00106002E40F00A
:108A90001E82984540F08481DBF83030002B40F096
:108AA000BD80DBF82830002B3FF498AE01231E4632
:108AB0000E9396E60F9B43B99DF84C30032B04D0E0
:108AC0009DF84E30012B40F0F680DBF82030002678
:108AD0000B93A5F1FF39B9FA89F94FEA5919002C1E
:108AE0000CBF4FF0000809F00108B8F1000F65D184
:108AF000C846039BA3F1FF33B3FA83F35B09002F4E
:108B00000CBF4FF0000A03F0010ABAF1000F61D167
:108B10000B9A96426CD298456AD014B1B9F1000F05
:108B200010D1DBF81C30284653F82630834218D188
:108B3000D4E9023293426CD20433A36001364FF081
:108B4000FF35C6E7D4E90232934280F0BB81186852
:108B5000DBF81C30411C53F8263008BF0024834248
:108B6000E6D0002E7FF4E3AE2C9BDB6883F4007329
:108B7000C3F3402635E6D7E90232934280F06181A3
:108B800018680130099A059B0CBF00270023914506
:108B9000FFF491AD099B99457FF4CFAE1B9B012B50
:108BA0007FF641AE67E0D4E90232934280F044811F
:108BB0001868013000F0BD80002669E5D4E9023272
:108BC000934280F057811868013000F0C0804FF068
:108BD00000088EE7D7E90232934280F04681186898
:108BE00001300B9A0ABF534600230027964292D3C6
:108BF0000B9B9E42B5D10126F3E5236820469B6A74
:108C00009847D1E5236820469B6A98476AE5002487
:108C10008AE4236820469B6A98478FE7A5F1FF39CD
:108C2000B9FA89F94FEA5919002C0CBF4FF0000826
:108C300009F00108B8F1000F40F03481C846039BE9
:108C4000A3F1FF33B3FA83F35B09002F0CBF0026B7
:108C500003F00106002E40F04581984540F0C280A7
:108C6000DBF82830002B3FF4B9ADDBF83030002BB7
:108C70007FF4B4AD1AE7002230211AA80FF0CEF825
:108C800000283FF4D0AD431C1B9A00F015818242AE
:108C90004FF0000128BF02461AA80EF07BFEC2E585
:108CA0009DF84F30042B3FF410AF032B03D10F9BE3
:108CB000002B7FF40AAF069B0133069316E43B6852
:108CC00038465B6A984725E6236820465B6A9847E2
:108CD0006BE6236820465B6A9847804670E4702004
:108CE000EBF7A8FA00238146C0E90133C36003749F
:108CF000C36380F86C30C0E90533C0E90733C0E9CD
:108D00000933C0E90B33C0E90D339E4B03602C9B44
:108D100003F16C010FF0BEFD2C9B49463246D86E24
:108D2000EFF76AFF58F826B0FFF7B2BB0024D14630
:108D300015E50024ACE4D7E90232934280F0E480E8
:108D40001B68A3F1FF33B3FA83F35B090CE600243D
:108D5000CFE6D7E90232934280F0DC801868013018
:108D60000ABF4B4600230027E7E4D4E902329342CE
:108D700080F0D5801868013000F0BF800026CCE478
:108D8000049E22E69DF8109063E5236820465B6A06
:108D9000984705460EE53B6838465B6A984728E6E3
:108DA00064B1B9F1000F09D0D4E90232934280F0E6
:108DB000E3801868421C08BF002400E02846DBF866
:108DC0002420126882427FF467AEDBF82810D4E9D1
:108DD00002320991934280F0D7800433A3604FF0B0
:108DE000FF3508E764B1B9F1000F09D0D4E90232C8
:108DF000934280F0BC801868431C08BF002400E048
:108E00002846DBF82C20126882427FF429AFDBF879
:108E10003010D4E902320991934280F0BA800433D1
:108E2000A36001264FF0FF350E96DAE42368204652
:108E30005B6A98470246D2E5236820465B6A9847FA
:108E4000B7E63B6838465B6A98479AE6236820464F
:108E50005B6A9847DEE50123314614A8009300239E
:108E60001A460EF043FD149BFEE43B6838465B6AED
:108E70009847B5E6236820465B6A9847A4E6D4E99C
:108E80000232934259D21868013052D04FF0000894
:108E9000F1E5D4E90232934263D21A68561C08BF46
:108EA0000024C4E5D4E9023293424BD21868013061
:108EB00041D04FF00008C2E6501E002A70D11A9B24
:108EC0001A70B0E4236820465B6A984740E6D7E909
:108ED000023293423BD2186801300ABF3346002366
:108EE0000027D6E5D7E90232934235D2186801301F
:108EF0000ABF334600230027AFE600240DE42368B1
:108F000020465B6A9847E1E43B6838465B6A9847CD
:108F1000034616E73B6838465B6A98471FE72368B5
:108F200020465B6A984726E7236820469B6A984755
:108F30008DE500249FE5002481E6236820465B6AD6
:108F40009847A1E7236820465B6A9847AFE73B68EC
:108F500038465B6A9847BFE73B6838465B6A984784
:108F6000C5E7236820465B6A9847024696E7236870
:108F700020465B6A98473FE7236820465B6A98472C
:108F800018E700BF044E0410236820469B6A9847E8
:108F900025E7236820469B6A984742E703F036FDA1
:108FA00000283FF440AC72E6002E3FF4C0AC36E43B
:108FB00019F050FB19F050FF14A80EF069FC19F0DD
:108FC000D9F919F085FB19F0D5F919F043FBD9F857
:108FD000003048465B689847ECE71AA80EF058FC4A
:108FE000EAE700BF2DE9F04790B08C46054606AC95
:108FF0000DF130081C9F0DF128099DF8681008AE8E
:10900000CDF8288084E80C0000231B9A0B938DF880
:10901000303018AB0292CDE9037931B393E8030005
:109020008DE803006146304694E80C00FEF73AFCF8
:10903000DDF828A096E8030084E80300EFF7BCFB06
:1090400033461D9908903A4650461AF067FB0A9B32
:1090500094E80300434585E8030002D01846EBF787
:10906000EDF8284610B0BDE8F08793E803008DE8DE
:1090700003006146304694E80C00FFF7E3F9D7E7B8
:1090800048460EF005FC19F075F900BF2DE9F047D0
:1090900090B0054633480E461B9F06AC9DF868A06D
:1090A00084E80C00EFF722FEFB6E5B6853F820802B
:1090B000B8F1000F4FD000230DF130090B938DF85C
:1090C0003030CDF82890BAF1000F32D10AAB0297B8
:1090D00008AF04931C9B039318AB93E803008DE83F
:1090E00003003146384694E80C00FFF7ABF90B9EBD
:1090F00097E8030084E803006EB1002231461D9812
:1091000018F0A6FDD8F8003040460A998A19DE6AA0
:109110001D9B1B68B0470A9B94E803004B4585E8FC
:10912000030002D01846EBF789F8284610B0BDE8D6
:10913000F0870AAB029708AF04931C9B039318AB0C
:1091400093E803008DE803003146384694E80C00AC
:10915000FEF7A8FBCBE703F059FC0AA80EF098FB3A
:1091600019F008F9144700202DE9F04F9DB0824610
:10917000A748269F0DF1280BDDF8A0808BE80C0096
:10918000EFF7B4FDFB6E5B6853F82050002D00F044
:10919000E681A048EFF7AAFDFB6E0646D3F80C90D7
:1091A00059F82040002C00F07F81226CD8E9006340
:1091B000316891421AD0A26B0D92626A0592A26A3E
:1091C00003922A68284606EB830304215569324638
:1091D000A847851BAD1013D100239BE80300BB609B
:1091E0008AE8030050461DB0BDE8F08FE26B0D9297
:1091F000E26A0592226B0392002BE2D00436E0E78C
:109200000023690010A8CDE9113312AB109318F0B8
:10921000A1FC636BA5EB0308B8F1000F29DDE16841
:1092200038EA230828BFA846119A002900F0608177
:1092300000214FEA480310A8009118F0B5FCDDF8B2
:10924000409006EB8800A169D4E9022301904846CA
:10925000009610F025FA119BA0EB0900B3EBA00FCC
:109260004FEAA002C0F08681109B119200221A5092
:10927000636B002BDDF8449000F3E680039B03EB67
:109280000902FB6803F0B00104920691990500F110
:10929000C580002316A8CDE9173318AB1693049B9D
:1092A000590018F057FC069A0DADD7F808900DF14B
:1092B0003808049BA2F11002179EB2FA82F2994577
:1092C0004FEA521298BF0022079215F8013B042B77
:1092D00010D8DFE803F06782754A03006FF070432F
:1092E000DDE910129B1B9A4200F23B8116A818F090
:1092F0009DFD179EA845E8D1039B012B00F29280AB
:10930000B14540F29F80069AA9EB0603202A00F09F
:10931000C380279A16A800920022114618F044FC38
:109320009DF82C40169B0A9D4CB919462B684A465D
:1093300028461B6B9847484518BF0124169B18AA5E
:109340000E958DF83C40934298E803000A908DF802
:109350002C1002D01846EAF771FF109812AB984211
:109360003FF43AAFEAF76AFF36E7039B002BC1D020
:10937000059A711C169B12680892721C099218AA11
:10938000934214BF189A0322914200F2CA80089AAD
:1093900043F8262003EB8603099A179200225A60AD
:1093A000179EA7E7079B002BA4D0279B31460022DE
:1093B00016A80093049BA9EB030318F0F5FB98E7AC
:1093C000FB689B0596D56FF07043D4E907129B1B91
:1093D0009A428BD9104803F041FB079B002BE4D144
:1093E000721C169B711C089218AA934214BF189AFB
:1093F0000322914200F2A980279A43F8262003EB2A
:109400008603089A179200225A60179E72E700BFDF
:109410001447002034470020D0350410236A1A4432
:10942000049236E75A1E6FF0704305999B1B043176
:109430009A4200F29C8016A818F0F8FC179EB145DD
:109440003FF661AFB1466BE76269109B069209F186
:109450000102049212AA0499934214BF129A0322A1
:10946000914268D8069A43F8292003EB8903049AAD
:109470001192002290455A6042DB119A6FF07043BE
:1094800006EB88019B1A626B9A426DD810A818F0FF
:10949000CDFCDDF84490F1E6279A314616A80092FB
:1094A000002218F081FB3BE77020EAF7C3FE00239F
:1094B00007F16C010446C3600374C36380F86C3029
:1094C000C0E90133C0E90533C0E90733C0E9093316
:1094D000C0E90B33C0E90D33364B03600FF0F2FBEC
:1094E00021463246F86EEFF787FB59F826405CE6D6
:1094F000334610A8CDF8008018F036FC636BB8E650
:10950000616CC8F1000310A80091119918F04CFB90
:109510006FF07043119A9B1A9D422FD82A4631460C
:10952000B4E70123314616A8009300231A4618F029
:10953000BBFA169B2BE70123494610A80093002392
:109540001A4618F0B1FA109B8CE70123314616A891
:10955000009300231A4618F0A7FA169B4CE703F075
:1095600055FA154803F07AFA134803F077FA1248CF
:1095700003F074FA1149124803F0A0FA0E4803F000
:109580006DFA19F067F8236820465B68984719F070
:1095900063FC19F05FF8FAE719F09AF818F0EAFEA0
:1095A00016A818F057FA10A818F054FA18F0E2FEAE
:1095B000F9E700BFF44D0410D03504108C360410C8
:1095C000343504102DE9F04F9DB08246A748269F00
:1095D0000DF1280BDDF8A0808BE80C00EFF786FB7F
:1095E000FB6E5B6853F82050002D00F0E681A04828
:1095F000EFF77CFBFB6E0646D3F80C9059F8204041
:10960000002C00F07F81226CD8E900633168914220
:109610001AD0A26B0D92626A0592A26A03922A681E
:10962000284606EB8303042155693246A847851B6B
:10963000AD1013D100239BE80300BB608AE8030050
:1096400050461DB0BDE8F08FE26B0D92E26A0592C4
:10965000226B0392002BE2D00436E0E7002369007E
:1096600010A8CDE9113312AB109318F073FA636BA5
:10967000A5EB0308B8F1000F29DDE16838EA2308FB
:1096800028BFA846119A002900F0608100214FEA06
:10969000480310A8009118F087FADDF8409006EB17
:1096A0008800A169D4E902230190484600960FF092
:1096B000F7FF119BA0EB0900B3EBA00F4FEAA0024C
:1096C000C0F08681109B119200221A50636B002B10
:1096D000DDF8449000F3E680039B03EB0902FB688E
:1096E00003F0B00104920691990500F1C5800023B2
:1096F00016A8CDE9173318AB1693049B590018F040
:1097000029FA069A0DADD7F808900DF13808049B98
:10971000A2F11002179EB2FA82F299454FEA521254
:1097200098BF0022079215F8013B042B10D8DFE800
:1097300003F06782754A03006FF07043DDE9101291
:109740009B1B9A4200F23B8116A818F06FFB179EF4
:10975000A845E8D1039B012B00F29280B14540F26D
:109760009F80069AA9EB0603202A00F0C380279A5F
:1097700016A800920022114618F016FA9DF82C4007
:10978000169B0A9D4CB919462B684A4628461B6B06
:109790009847484518BF0124169B18AA0E958DF8C6
:1097A0003C40934298E803000A908DF82C1002D0B8
:1097B0001846EAF743FD109812AB98423FF43AAFCF
:1097C000EAF73CFD36E7039B002BC1D0059A711CDC
:1097D000169B12680892721C099218AA934214BF31
:1097E000189A0322914200F2CA80089A43F8262070
:1097F00003EB8603099A179200225A60179EA7E787
:10980000079B002BA4D0279B3146002216A800936B
:10981000049BA9EB030318F0C7F998E7FB689B05C5
:1098200096D56FF07043D4E907129B1B9A428BD9EF
:10983000104803F013F9079B002BE4D1721C169B10
:10984000711C089218AA934214BF189A03229142DD
:1098500000F2A980279A43F8262003EB8603089A92
:10986000179200225A60179E72E700BF144700202B
:1098700030470020D0350410236A1A44049236E79A
:109880005A1E6FF0704305999B1B04319A4200F2F7
:109890009C8016A818F0CAFA179EB1453FF661AF32
:1098A000B1466BE76269109B069209F101020492CE
:1098B00012AA0499934214BF129A0322914268D8C3
:1098C000069A43F8292003EB8903049A1192002297
:1098D00090455A6042DB119A6FF0704306EB8801A5
:1098E0009B1A626B9A426DD810A818F09FFADDF8A7
:1098F0004490F1E6279A314616A80092002218F00B
:1099000053F93BE77020EAF795FC002307F16C015F
:109910000446C3600374C36380F86C30C0E901334C
:10992000C0E90533C0E90733C0E90933C0E90B33A7
:10993000C0E90D33364B03600EF0ACFF21463246D2
:10994000F86EEFF759F959F826405CE6334610A84F
:10995000CDF8008018F008FA636BB8E6616CC8F1C6
:10996000000310A80091119918F01EF96FF07043D0
:10997000119A9B1A9D422FD82A463146B4E70123FB
:10998000314616A8009300231A4618F08DF8169B4E
:109990002BE70123494610A8009300231A4618F02C
:1099A00083F8109B8CE70123314616A8009300230F
:1099B0001A4618F079F8169B4CE703F027F815487B
:1099C00003F04CF8134803F049F8124803F046F846
:1099D0001149124803F072F80E4803F03FF818F0EE
:1099E00039FE236820465B68984719F035FA18F06D
:1099F00031FEFAE718F06CFE18F0BCFC16A818F05F
:109A000029F810A818F026F818F0B4FCF9E700BF00
:109A1000044E0410D03504108C3604103435041074
:109A20002DE9F04F2DED028B91B0054604AF07F103
:109A30000806796007F1140097F8609086E80C003A
:109A40007B6E03F16C0197ED1C8BEEF7A7FE3C4893
:109A5000EFF74CF97B695B6853F820A0BAF1000F6F
:109A600061D090B00DF11008EEF7A6FE0023B861AA
:109A700040224146009307F11800324B8DED028BD6
:109A8000F5F788FE3F28044617DD00F1080301348E
:109A900023F00703ADEB030D0DF11008EEF78CFE7C
:109AA0000023224641468DED028BB86107F1180074
:109AB0000093244BF5F76EFE044607F1200B0022BD
:109AC000214607F11800C7F818B017F0CBFFDAF8F5
:109AD000003008EB040241465046DC6ABB69A047EF
:109AE0007B6E2846009307F1180379680293BB6EDA
:109AF000019396E80C00B9F1000F11D1FFF762FD58
:109B0000B869584501D0EAF799FB07F11400EEF760
:109B1000D1FE28463437BD46BDEC028BBDE8F08F40
:109B2000FFF722FBECE702F071FF07F1180017F0D6
:109B300091FF07F11400EEF7BDFE18F01BFCF8E7EB
:109B400014470020A036041030B587B004460DF14C
:109B5000100C9DF828508CE80C00DDE90B3255B153
:109B60000D9D0093CDE901259CE80C00FFF7FCFA60
:109B7000204607B030BD0D9D0093CDE901259CE83E
:109B80000C00FFF71FFD204607B030BD2DE9F04F58
:109B900087B007465B48994606A9169C1546DDF82E
:109BA00040B001E90C00EFF7A1F8E36E5B6853F8F1
:109BB0002060002E00F0A380119A0024CDF804B09C
:109BC000B346A2F1FF3AA0460297BAFA8AFA4FEAE0
:109BD0005A1AA9F1FF32B2FA82F25209002D0CBFD3
:109BE000002702F00107002F58D11746019B002BD8
:109BF0000CBF00260AF001066EBB5646BE4234D0AA
:109C0000159B984531D205B1E2B94946DBF80020F1
:109C10005846166B2A22B0473038C2B2092A24D8D7
:109C200004EB8404149B00EB44049C4251DCD5E912
:109C300002218A423BD20432AA6008F101084FF0A7
:109C4000FF39C6E7D5E902218A4252D211684B1C7E
:109C500008BF0025DAE7D3E90201884242D2006852
:109C6000013033D00026BE42CAD1B8F10003139AA6
:109C7000029F18BF01239442B8BF002313B1149B65
:109C80009C4219DD179B3846179A1B6843F0040362
:109C9000C7E90059136007B0BDE8F08FD5E90201AC
:109CA000884218D2006801300ED000279EE72A684B
:109CB0002846926A9047C0E7129B38461C60C7E965
:109CC000005907B0BDE8F08F00258FE7002301930E
:109CD00094E7029FD6E7296828460392496A884795
:109CE000039AE0E7019803920168496A8847039A5A
:109CF000B6E72A682846526A90470146A7E702F06D
:109D000085FE00BF144700202DE9F04F93B04FF0BF
:109D1000000A0446B0480EAE0F46CDF844A0DDE977
:109D20001EB886E80C00DDE91C95EEF7DFFFDBF8D6
:109D30006C20526852F820300993002B00F0798192
:109D400011AB0221A5F1FF35CDF818B007936323BD
:109D5000CDF80CA00DF1300BB5FA85F5CDE9043145
:109D600010AB6D0902931CABD1450CBF4FF0000A3C
:109D700005F0010A93E803008DE8030039465846D0
:109D800096E80C00FFF702FF119A9BE8030086E8B3
:109D900003000B46064622B3A1F1FF37D8F8002096
:109DA000B7FA87F742F004027F09C8F800200028BC
:109DB0000CBF4FF0000B07F0010BBBF1000F2FD1D0
:109DC000BAF1000F3AD1AF4205D1D8F8002042F0E5
:109DD0000202C8F800202046C4E9006313B0BDE8C1
:109DE000F08FA1F1FF37B7FA87F77F0900280CBF82
:109DF0004FF0000B07F0010BBBF1000F74D13A4696
:109E0000BAF1000F67D12946914223D1109A442A12
:109E100001DC6432109220994A61BBF1000FCFD06F
:109E2000D6E902218A4280F0A380106801300ABF7F
:109E30005F4600270026BAF1000FC4D0D9E90221FD
:109E40008A4280F08C801568A5F1FF35B5FA85F55A
:109E50006D09B8E7BBF1000F6FD1194609980A9355
:109E60000268D2F830B02A22D847A0F1300B0A9B02
:109E70005FFA8BF2092A40D8D6E902218A4280F0A3
:109E80008A80109B043203EB8303B2600BEB430325
:109E900010938A421AD21068013006BF00260127AB
:109EA0000027BAF1000F51D12B46BB422CD1B6F19D
:109EB000000B109A18BF4FF0010BA2F26C722099A0
:109EC00001274FF0FF3310924A61A6E7336830460E
:109ED0005B6A9847E0E7D9E9021081427ED20868C0
:109EE000013069D000218FE7D0E902218A426DD28A
:109EF0001068013065D0002282E7002E0CBF4FF0C1
:109F0000000B07F0010B81E7002E51D0D6E9023299
:109F1000934280F0888019684B1C00F081804FF0DC
:109F2000010B09982A2203681B6B9847A0F13007A0
:109F3000FBB2092B23D9109ABFE7D6E902218A4246
:109F400061D211684A1C08BF002687E7D9E90232AE
:109F5000934252D2186801304AD00023A5E7D9F8BD
:109F6000002048460993526A9047099B05466BE7D3
:109F7000326830460993526A9047099B56E7D6E902
:109F80000232934247D20433B360109B03EB830346
:109F900007EB430291E7336830469B6A9847109B72
:109FA00003EB83030BEB4303D6E90221109370E725
:109FB000B3464FF0FF31B4E751464FF0000AD146A7
:109FC00022E75A464FF0000B5E4619E702680A93F3
:109FD000526A90470A9B8CE714470020D9F800107A
:109FE0004846CDE90A32496A8847DDE90A3277E70F
:109FF00053464FF0000AD14657E7D9F8003048469B
:10A000005B6A9847A7E7326830460A93526A9047DE
:10A010000A9B014696E7336830469B6A9847B4E747
:10A020000026B3467DE7336830465B6A98470146B1
:10A0300072E702F0EBFC00BF2DE9F04F93B000AFE8
:10A0400007F14801D7F884407861AF4801E90C0076
:10A050003B6F3D6C7A6C7B62FD63BA63EEF746FE44
:10A06000E36E5B6853F82040002C00F0C9836A4619
:10A07000D7F88030A2EBC303BA6BA2F1FF369D463E
:10A08000DB08B6FA86F6E946BB617609002D0CBFFF
:10A090004FF0000806F00108B8F1000F40F003830C
:10A0A000B0467B6FA3F1FF33B3FA83F35B091D4620
:10A0B000BB627B6A002B0CBF002505F00105002D5B
:10A0C00040F00583BD6AA84510D1D7F88830D7F88D
:10A0D00088101B6843F004030B607B69F96B4C37F5
:10A0E0001846C3E90012BD46BDE8F08FFB6B13B103
:10A0F000002E40F0F882154623682946BA632046B0
:10A100001B6A98472368294680469B6920469847E2
:10A11000D7F88030BA6B002BD7D0D7F88010002347
:10A12000C7F838904FEA810A9B4609EB81013A63F0
:10A13000A146C7F82CA079630446F96F0D1FAA4603
:10A140001D4604E00135D7F88030AB4225D05AF8DF
:10A15000042F48461168D9F80020126A90478045BC
:10A1600009D0DAF8002048461168D9F80020926931
:10A1700090478442E6D1DAF800004FEA8B061FF0E0
:10A180008BFF7B6B43F82B000BF1010BBB6B9D51DD
:10A190000135D7F88030AB42D9D1BBF1010F4C4625
:10A1A0003A6BD7F83890D7F82CA07D6040F22A831C
:10A1B000BB695E46C7F810A05AF8332000233B6302
:10A1C0004FEA8B039346FB627B6B043BFB61FB6BAB
:10A1D000F9695D46F86A7A6B081852F8041F8D42D7
:10A1E00028BF0D469042F8D1386BD3E902210130E7
:10A1F0008A42386380F014810432A8429A6000F0E9
:10A200001A8180F0D581D3E902218A4280F0C6818B
:10A210001068013006BF00234FF001084FF000081E
:10A22000D7E90925002A0CBF002505F00105002DFE
:10A230006CD1BD6A454575D0002B59D0D3E90221B8
:10A240008A4280F02882116820684D1C026A50D032
:10A25000BB6320469047BB6BF863D3E902218A4277
:10A2600080F011821168481C08BF00232268204634
:10A27000BB6392699047BB6B002E00F0CD803A6BB8
:10A2800000253B624FEA820AB86317E02368204644
:10A2900058F80A109B699847BB6B83421ED0013E59
:10A2A0007A6B59F82630B54249F80B304FEA8603ED
:10A2B000FB6252F8263042F80B3012D259F82530A2
:10A2C0002046FA6F4FEA850B52F82380236858F82E
:10A2D0000A101B6A9847FB6B9842D7D10135B542EB
:10A2E000ECD3012E3B6A1DD97A6BD2F800B06FE730
:10A2F0002068036A4FF0FF312046984700234FF053
:10A30000FF31F863B2E700BF14470020D2E9021220
:10A31000914280F0B1810868013000F0468100254B
:10A32000454589D1B346D7F810A04FF0FF32FB6303
:10A33000BBF1010F7FF4C9AEFA6BD2E902318B4257
:10A3400080F0DC81043393603B6B01333B63D9F8CD
:10A350000050BB693A6B5AF83380FB6F424553F8A3
:10A36000253080F04D8103EB8206FB6B002B42D140
:10A370004FF00109D7E90923002A0CBF002303F09D
:10A380000103002B40F03081BB6A4B4500F038815F
:10A390002368204631681B6A9847FB6B8146002B77
:10A3A00040F0328123684FF0FF3120461B6A984706
:10A3B000814500F001812368204631689B699847F8
:10A3C000002381464FF0FF31FB63236820469B69E1
:10A3D0009847814540F01481FA6BD2E902318B42F3
:10A3E00080F0F280396B0433043601319360884584
:10A3F000396300F0F480FA6BD2E902318B4280F0CD
:10A400008F8118680130FB6B06BF00234FF00109F4
:10A410004FF00009FB63ADE74FF0FF32FB6354E6FA
:10A420001A681846FB63926A90473B6BAB42FB6B22
:10A430007FF4E7AED9689A688A4280F0C4811068D8
:10A440000130D7E9092506BF00234FF001084FF07E
:10A450000008002A0CBF002505F00105002D40F082
:10A460002D81BD6AA84500F0F080002B00F0F98036
:10A47000D3E902218A4280F09E81116820684D1C38
:10A48000026A00F0EF80FB6320469047FB6BB863E5
:10A49000D3E902218A4280F0758111684A1C08BF05
:10A4A000002322682046FB60A9F1040A9269002576
:10A4B00090473B6BC7F820B09A00C7F80890D7F8D0
:10A4C0001C80A1469346F8635AF8042FFB6F53F89B
:10A4D000224058F8042F3B6B9A4215D9D9F8002036
:10A4E000484654F80B10126A9047BB6B984200F034
:10A4F000AF80D9F80020484654F80B109269904775
:10A50000FB6B834200F0A4800135B542DCD14C46A0
:10A51000D7F820B0FB684FF00008D7F8089000216A
:10A520005A46D7F82CC0D7E90C5004E00131B142AB
:10A5300014D250F82120AA1AB2FA82F252094245E6
:10A54000F4D1013E59F82620B1424FEA860C49F871
:10A55000212050F8262040F82120EAD3C7F82CC04B
:10A56000B8F1000F00F0E1807A6B012E116809D973
:10A570006046FD69451952F8040F814228BF014623
:10A58000AA42F8D13A6B8A42BFF4CCAE002B3FF41A
:10A5900047AED3E902218A42FFF43AAE1A68184660
:10A5A000FB63526A9047FB6B33E600227A6241E616
:10A5B000FB634FF0FF3288E50023FB63FA6BD2E9BF
:10A5C00002318B42FFF40EAFF86B043603689B6ACE
:10A5D00098473B6B013398453B637FF40CAFBB6FEF
:10A5E0004FF0FF321D6078E5D2E90201884280F029
:10A5F00090800068013073D000234B457FF4C8AED3
:10A600003B6B9845D5D1EAE7D3E902318B427AD248
:10A6100019684A1C3FF4C6AE236820461B6A984757
:10A6200081453FF4D9AE2368204631689B6998473D
:10A63000FA6B8146D2E902318B427FD219684B1CFA
:10A64000FB6B08BF0023FB63BFE64FF0000866E723
:10A650004C46D7F820B0FB684FF00108D7F80890B7
:10A660005DE72068036A4FF0FF31204698470023DA
:10A670004FF0FF31B86314E7786AFB630268526AEF
:10A680009047FB6B48E61A681846BB63526A9047CE
:10A69000BB6B0146E7E51A681846FB63526A9047B0
:10A6A000FB6B0146D0E5FB6BD3E90213994262D202
:10A6B0000868013048D04FF00008F2E4D2E90212F5
:10A6C000914251D20868013044D00025CAE6D3E94E
:10A6D0000213994241D20868013038D00025F2E4D3
:10A6E00000227A6251E6D3E902318B4272D21D68B0
:10A6F0006E1CFB6B08BF0023FB63FDE4F86B036873
:10A700009B6A984720E6F86B03685B6A98470146A6
:10A710007FE7786ABB630168496A8847BB6B69E772
:10A72000F86B03685B6A98476CE6022ED7F810A0B6
:10A73000FB632FD0012E7FF43CAF08E6F86B036873
:10A740005B6A984701467AE70023FB63A9E400238C
:10A750007B62B8E400227A6284E6786ABA630368AE
:10A760005B6A9847BA6BB7E7786AFB630268526A1C
:10A770009047FB6BA7E7F86BBA6303685B6A98477F
:10A78000BA6B96E71A681846FB63526A9047FB6BF0
:10A79000014683E67A68D6073FF50BAFD9F800503B
:10A7A0005308D9F80410B5EB520F1BD22B448B423F
:10A7B0007FF4FFAECDE51A681846FB63526A9047F6
:10A7C000FB6B01465AE61A681846FB63526A9047CB
:10A7D000FB6B35E6F86BBA6303685B6A9847BA6B44
:10A7E000054685E7EB1A8B427FF4E3AEC9F80030EB
:10A7F0007B6BBA695B684AF83230D9F80050A8E53B
:10A8000002F004F900233B6392E500BF2DE9F04F0D
:10A810008BB000AF07F128017C6E3861B548D7F8DE
:10A820005CB001E90C003B6D7D6A7B61D7F820903C
:10A83000FD61EEF75BFAE36E5B6853F820A0BAF1B6
:10A84000000F00F09381A5F1FF356A463B6EB5FA23
:10A8500085F5A2EBC3036D099D46B9F1000F0CBF4E
:10A86000002605F00106E846002E40F024817B6DAD
:10A87000A3F1FF33B3FA83F35B091C46BB617B6929
:10A88000002B0CBF002404F00104002C40F01C81BC
:10A89000BC69A54240F0AA80002426462546FB69F3
:10A8A000A3F1FF31B1FA81F14909B9F1000F0CBFF1
:10A8B000002301F00103002B6FD10B46D7E90502FD
:10A8C00000280CBF002202F00102002A3ED1BA6922
:10A8D0009A4248D0B9F1000F01D0002967D1D7F8CA
:10A8E0001CE0002C49D000234FEA860A9C4604E075
:10A8F0000CF1010C0133A34218D255F82320980023
:10A9000005EB8301B242F3D958F823205BF82220EB
:10A9100052F80A20724517D0013C58F82420A3426F
:10A9200048F8002055F824200A60E6D364451AD080
:10A93000D9E902239A4247D20432C9F808204FF0DD
:10A94000FF330136FB61AAE70133D4E7D0E902C047
:10A95000844580F0C280DCF80000013000F0A8805F
:10A9600000229A42B6D1012C34D0022C05D12B689A
:10A97000B34232D06B68B3422FD0BB6EBA6E1B6845
:10A9800043F0040313603B69FA692C371846C3F897
:10A9900000905A60BD46BDE8F08FD9E902029042AE
:10A9A00080F0AA80006801307FD0002386E7D9E9D3
:10A9B00002239A4280F0AA80D2F800E0BEF1FF3F65
:10A9C00008BF4FF000098CE7D9F8003048469B6A71
:10A9D0009847B4E72B68B342CFD13A6ED8F800302D
:10A9E0009342A8BF9B1ABA6D1360CCE7002E40F0CB
:10A9F0009480FA693B6E5FEA430C3FF44DAF00244C
:10AA0000ABF10405C7F80C909146C7F85CB0264638
:10AA1000D346E24609E0DBF80020584692699047A9
:10AA2000484507D0013454450AD055F8042F116821
:10AA30004945F0D148F82640013401365445F4D157
:10AA4000D7F80C90D7F85CB0002E3FF425AFD9E9C9
:10AA500002239A4280F084800432C9F80820B300AF
:10AA6000C7F81C800024073323F00703ADEB030D68
:10AA7000A8F104036D46A5F1040AD046CA46A946CA
:10AA80001D4655F8042F01345BF822001FF004FB2B
:10AA9000A64248F8040FF4D14FF0FF33D7F81C80DA
:10AAA0004D460126D146FB61F9E64FF0000905E766
:10AAB000002078610CE7D9E902239A423ED210685F
:10AAC000013037D00025D2E6D3E902239A423BD2A7
:10AAD000106801302BD00024DBE6FB607B6918682E
:10AAE000C7E90121D0F824A01846D047FB68D7E970
:10AAF000012132E714470020D9F800204846C7E971
:10AB00000213526A9047D7E902134CE7D9F8003094
:10AB100048465B6A9847864650E7D9E902239A423D
:10AB200017D21268531C08BF4FF0000962E70023D8
:10AB30007B61AEE635460026B14698E6D9F800308E
:10AB400048465B6A9847BBE7786903685B6A984741
:10AB5000BFE7D9F8003048465B6A98470246E1E70C
:10AB6000D9F8003048469B6A984778E701F04EFFD5
:10AB70002DE9F0419EB0054656480E460CACDDE985
:10AB8000268784E80C00EEF7B1F8D8F86C30D3E9EA
:10AB90000132904280F09B8053F82000002800F0A2
:10ABA000968000234C4A4D4917F06AFA002800F0BD
:10ABB0008E80836800220F92DA6A17921A6B1892BD
:10ABC0005A6B19929A6B1A92DA6B1B921A6C1C923E
:10ABD0005A6C1D92DA6C11921A6D12925A6D139280
:10ABE0009A6D1492DA6D15921A6E9B6C16921093F0
:10ABF0000FABCDF8148006930723049310AB039397
:10AC00000EAB029324AB93E803008DE803003146BA
:10AC10000AAE94E80C003046FFF7F8FD0F9B96E86B
:10AC20000300024684E803003BB33B6843F004039F
:10AC30003B600D9EA6F1FF36B6FA86F67609002A2D
:10AC40000CBF002306F00103DBB9259B2498A3F178
:10AC5000FF33B3FA83F35B0900B1EBB99E4203D132
:10AC60003B6843F002033B600C9294E8030085E8E4
:10AC7000030028461EB0BDE8F0810E9B28998B6129
:10AC8000D7E7D2E90210814211D2086801300ABF29
:10AC90001E4600260022D8E7D0E902318B420FD2AF
:10ACA0001B68A3F1FF33B3FA83F35B09D6E711689E
:10ACB000104609930892496A8847DDE90823E5E7C9
:10ACC000036808925B6A9847089A0346E9E701F02F
:10ACD0009DFE00BF5C460020A8730410C845041008
:10ACE0002DE9F04FB3B0054673488B4616ACDDE94D
:10ACF0003E7884E80C00EDF7F9FFFB6ED3E90132F2
:10AD0000904280F0D68053F82000002800F0D180D7
:10AD100000236A4A6A4917F0B3F9002800F0C98095
:10AD200083680DF1640A4FF00C0914AED3F8982033
:10AD3000596E1B92D3F89C20986E1C92D3F8A020D9
:10AD40000E911D92D3F8A420D96E1E92D3F8A8209C
:10AD50000B901F92D3F8AC20186F2092D3F8942058
:10AD600009911A92996FD3F8B02008901292D86F77
:10AD70005A6F0D91D3F880100A920F901091D3F86A
:10AD80008400D3F8902011900C92D3F8B420D3E92A
:10AD90002201D3E92EECD3F8C0301392129ACDF8E9
:10ADA000109021920A9ACDE924C30E9B2A922693F1
:10ADB0000B9B2793099B2893089BCDE9057A299340
:10ADC000139F0D9BCDE9227E2B930F9B30912C93EB
:10ADD000109B2D93119BCDE92E300C9B31931AAB18
:10ADE000039318AB0293002319933CAB93E8030041
:10ADF0008DE803005946304694E80C00FFF706FD45
:10AE0000199B96E80300074684E803005BB3D8F873
:10AE1000003043F00403C8F80030179EA6F1FF3657
:10AE2000B6FA86F67609002F0CBF002306F0010360
:10AE3000EBB93D9B3C98A3F1FF33B3FA83F35B0975
:10AE400000B1FBB99E4205D1D8F8003043F00203AF
:10AE5000C8F80030169794E8030085E803002846F8
:10AE600033B0BDE8F08F189B409A1361D5E7D7E95E
:10AE700002218A4211D2106801300ABF1E46002604
:10AE80000027D6E7D0E9023293420DD21B68A3F126
:10AE9000FF33B3FA83F35B09D4E73A683846089383
:10AEA000526A9047089BE7E703685B6A9847034646
:10AEB000EDE701F0ABFD00BF5C460020A873041075
:10AEC000C84504102DE9F04FC1B00646C948924666
:10AED0000D9124A909934D9DDDF828B181E80C005E
:10AEE000EDF704FF4C9BDB6ED3E90132904281F019
:10AEF000298153F82000002801F024810023BE4A54
:10AF0000BE4917F0BDF80F90002801F01B81BC4826
:10AF1000EDF7ECFE4C9BDB6E5B6853F82070002F66
:10AF200001F010814F9854461FF0B6F8DDF82CC19F
:10AF30000023DA46ACF1FF38DDF824B099460B90D7
:10AF4000B8FA88F82693CDF840C04FEA58180E9604
:10AF50004D95ABF1FF36B6FA86F67609002C0CBF9C
:10AF6000002306F00103002B40F0A4813346BAF120
:10AF7000000F0CBF002508F00105002D40F08F8167
:10AF800045465D400B9B269A99452CBF002505F050
:10AF90000105002D00F09981002A40F0DC813B681A
:10AFA00038464F99D3F830C04FEA890309920A9383
:10AFB0004F9B51F8291003EB89030C93E047252898
:10AFC000099A36D03B6808214F9A38469B6852F858
:10AFD000292098470546002840F014813B683846F0
:10AFE0004F9A0A991B6A51589847054614B1002E8A
:10AFF00040F08F8159463B6838461B6A9847854226
:10B0000000F0ED804F9B38460A9A99583B689B693F
:10B010009847594605463B6838469B699847A84279
:10B0200000F0DD80269B43F00403269309F101091B
:10B030008FE73B6838460C9909921B6B4968984723
:10B04000099A4528279200F055814F2800F0528137
:10B0500009F10109BAF1000F0CBF002308F0010348
:10B06000253809935428DDD801A353F820F000BFF8
:10B07000C5B1011025B0011025B0011025B0011097
:10B0800025B0011025B0011025B0011025B0011028
:10B0900025B0011025B0011025B0011025B0011018
:10B0A00025B0011025B0011025B0011025B0011008
:10B0B00025B0011025B0011025B0011025B00110F8
:10B0C00025B0011025B0011025B0011025B00110E8
:10B0D00025B0011025B0011025B0011025B00110D8
:10B0E000BDB5011071B40110E9BB0110CBBB01105B
:10B0F00025B0011025B0011025B0011013BE0110BC
:10B1000099BD011025B0011025B0011025B0011026
:10B1100041BD011025B0011025B0011025B001106E
:10B1200025B0011025BD0110A1BE011077BE011090
:10B13000B9BC011025B001104BBC0110EBB90110D6
:10B140007DB9011035B8011025B0011025B00110EE
:10B1500025B0011025B0011025B0011025B0011057
:10B16000BDB5011071B4011001B7011085B6011011
:10B1700085B6011025B0011025B0011071B4011081
:10B1800025B00110C3B7011025B0011025B0011082
:10B190005DB7011063B3011025B00110F9BA0110B9
:10B1A00025B00110E1BA011025B0011063B3011000
:10B1B00025B0011025B0011077BB0110CFBA0110E6
:10B1C00035BA011014B1002E40F0B2865D463B68DE
:10B1D000252138469B6A9847A8427FF423AFD4E9DB
:10B1E0000232934280F01E810433A3604FF0FF3B94
:10B1F0001CE700BF5C460020A8730410C84504107B
:10B2000014470020002C0CBF002206F00102D2B926
:10B21000BAF1000F0CBF002308F0010353BB4346F3
:10B22000B3423FF403AF82BB5A463B68082138461D
:10B230009B68984700283FF4F9AED4E90232934264
:10B2400062D20433A360D4E90232934280F0DA8000
:10B25000D3F800B0BBF1FF3F00F0CB80BAF1000F94
:10B260000CBF002308F001032A464FF0FF3B0026E5
:10B27000002BD4D0DAE90201884280F0C98000684E
:10B28000013000F0B3800023CAE7D4E902329342D0
:10B2900080F0CD801A68511C08BF0024C5E7DAE9A8
:10B2A0000212914280F0C9800868013000F0A78046
:10B2B000002566E6D4E902218A4280F0C680106843
:10B2C000013000F09A80002351E60B9BA2460E9EAF
:10B2D00099454D9DCDF824B000D11AB12B6843F0AB
:10B2E00004032B60099B3046C6F800A0736041B090
:10B2F000BDE8F08F0C9B0022384609F102099968DD
:10B300003B681B6B9847A5E6236820469B6A9847D5
:10B3100099E7D4E90232934280F01B8619684A1CEF
:10B3200000F0A4803B6838461B6A984785423FF48A
:10B3300056AF4F9B38460A9A99583B689B69984785
:10B340000546D4E90232934280F0D68519684B1C39
:10B3500008BF00245FE6A2460E9E4D9DCDF824B0A6
:10B36000BCE7002C0CBF002206F00102E2B9BAF1E2
:10B37000000F0CBF002308F0010363BB43469E424D
:10B380003FF454AE002A67D15A463B68082138463C
:10B390009B68984700283FF449AED4E902329342B3
:10B3A00080F0D1850433A360D4E90232934280F067
:10B3B000F685D3F800B0BBF1FF3F00F0DC85BAF1B1
:10B3C000000F0CBF002308F001032A464FF0FF3B9B
:10B3D0000026002BD2D0DAE90201884280F0D48521
:10B3E0000068013000F0CC850023C8E74FF0000A68
:10B3F00016E700242E4622460AE70024B7E54FF060
:10B40000000ABEE5236820465B6A9847834621E729
:10B41000DAF800105046CDE90932496A8847DDE97B
:10B4200009322DE7236820469B6A9847DEE62368A9
:10B4300020465B6A984702462DE7DAF8002050461E
:10B440000993526A9047099B2FE722682046099387
:10B45000526A9047099B33E7D4E90232934280F065
:10B46000A5851A68501C08BF00248EE70024C2E599
:10B470000F9B26AA4FF0180C22AD9B68D86E996ED0
:10B480002090D3F8840021911C90D3F888001B9061
:10B49000D3F88C001A90D3F890001990D3F8940048
:10B4A0001890D3F89800D3E91C161790D3F89C0095
:10B4B0001F961690D3F8A000D3E91EE615901E96AD
:10B4C000D3F8A400D3F880601D965E6E1490D3F874
:10B4D000A8001390D3F8AC001290D3F8B0001190EC
:10B4E000D3F8B4000C90D3F8B8000A90D3F8BC009D
:10B4F000D3F8C0302896219E099029961F9E209847
:10B500000692CDF810C0CDE92C6E1E9ECDE92A0121
:10B510002E961C981D9E30902F96CDE9244B1B989B
:10B52000CDF828A131901A98329019983390189834
:10B53000349017983590169836901598379014983F
:10B5400038901398399012983A9011983B900C9833
:10B550003C900A983D900998CDE93E034C9B059399
:10B5600028AB039327AB02934AAB93E8030024ABC9
:10B570008DE803000D9928460CCBFEF75DFD24AB4A
:10B5800095E8030083E80300269B04468B46002BC6
:10B590007FF44CAD2799A54A82FB0132CB17C3EB50
:10B5A00062034E9A03EB4303A1EB83031361509BA9
:10B5B000509A1B8843F48163138037E50F9BCDF8C5
:10B5C00028A19B68D3E91212D3E90CEC13921A6DEF
:10B5D00012925A6D11929A6D0C92DA6DD3E90E6542
:10B5E000CDE9244B0A920DF1880B1A6ED3E9104075
:10B5F000DB6A0992289326ABCDE92D40CDE929ECF1
:10B60000CDE92B652F910693139A4C9B30920593AD
:10B610000E23129A049328AB3192119A039327AB0D
:10B6200032920C9A02934AAB33920A9A93E803003F
:10B63000349224AB099A8DE80300359258460D994F
:10B640000CCBFEF7F9FC24AB9BE8030083E8030076
:10B65000269B04468B46002B7FF4E8AC279B74495D
:10B6600081FB0321DA171944C2EBA102C2EBC2022B
:10B670009B1A4E9A9361509B509A1B7843F0020399
:10B680001370D3E414B1002E40F047845A463B684F
:10B69000082138469B689847002840F061844C9BFD
:10B6A0000221CDF828A1069326AB07931F23CDE9ED
:10B6B00004310123039327AB02934AABCDE9244B1A
:10B6C00093E8030022AC24AB8DE8030020460D99DB
:10B6D0000CCBFEF75BFA24AB94E8030083E803008D
:10B6E000269B04468B46002B7FF4A0AC509B279AE8
:10B6F0001B884E9943F48263CA60509A138095E484
:10B700000F9BCDF828A19B689B69CDE9244B05933D
:10B71000509B22AC06934E9B04934C9B029326AB0A
:10B7200003934AAB93E8030024AB8DE80300204663
:10B730000D990CCBFFF7C6FB24AB94E8030083E81C
:10B740000300269B04468B46002B7FF46FAC509B76
:10B75000509A5B7843F00403537067E44C9B4FF0BE
:10B76000020CCDF828A1069326AB07930C23CDE954
:10B77000043C0123039327AB02934AABCDE9244B4E
:10B7800093E8030022AC24AB8DE8030020460D991A
:10B790000CCBFEF7FBF924AB94E8030083E803002D
:10B7A000269B04468B46002B7FF440AC279B4E9A89
:10B7B000013B1361509B509A1B7843F008031370B0
:10B7C00034E44C9B4FF0030ECDF828A1069326AB32
:10B7D00007934FF4B773CDE9043E0123039327ABDE
:10B7E00002934AABCDE9244B93E8030022AC24AB8F
:10B7F0008DE8030020460D990CCBFEF7C7F924AB6A
:10B8000094E8030083E80300269B04468B46002B44
:10B810007FF40CAC279B4E9A013BD361509B509A0E
:10B820001B7843F00403137000E400BFABAAAA2AFC
:10B830009324499214B1002E40F065835A463B6828
:10B84000012138469B68984700283FF4EBAB4C9B9E
:10B8500022AECDF828A1059326AB06930E230493C0
:10B86000A44B039328AB02934AAB93E8030024ABA9
:10B87000CDE9244B8DE803000D9930460CCBFEF743
:10B88000DBFB24AB96E80300A1F1FF358B460446B1
:10B89000B5FA85F56D0983E8030000280CBF002187
:10B8A00005F00101002940F0DD832B46099A002AAA
:10B8B00040F0CD83CDF82480099A93423FF4B6AB93
:10B8C000269B289A13437FF4B1AB002940F054849F
:10B8D0005A463B682D21099238469B6A9847099A37
:10B8E00090420CD014B1002D40F037845D463B6887
:10B8F0002B2138469B6A9847A8427FF497AB26AB2A
:10B9000024940224002507934C9BDDF834B0069361
:10B9100028AB039502931723CDF828A1CDE9043471
:10B920004AAB93E8030024AB8DE803005946304648
:10B930000CCBFEF72BF926AB0594079328AB0395A8
:10B9400002934C9B06933B23049324AB96E803009D
:10B9500083E803004AAB93E8030024AB8DE80300BF
:10B96000594630460CCBFEF711F924AB96E803009C
:10B9700004468B4683E80300FFF758BB4C9B042525
:10B98000CDF828A1069326AB079342F20F73CDE9B9
:10B9900004350023039327AB02934AABCDE9244B34
:10B9A00093E8030022AC24AB8DE8030020460D99F8
:10B9B0000CCBFEF7EBF824AB94E8030083E803001C
:10B9C000269B04468B46002B7FF430AB509B279A76
:10B9D0005B78A2F26C724E9923F006034A6143F041
:10B9E0000403509A5370FFF721BB0F9BCDF828A199
:10B9F0009B681B69CDE9244B0593509B22AC0693B1
:10BA00004E9B04934C9B029326AB03934AAB93E863
:10BA1000030024AB8DE8030020460D990CCBFFF703
:10BA200051FA24AB94E8030004468B4683E80300F4
:10BA3000FFF7FCBA4C9B4FF0020CCDF828A10693FF
:10BA400026AB07936323CDE9043C0023039327AB84
:10BA500002934AABCDE9244B93E8030022AC24AB1C
:10BA60008DE8030020460D990CCBFEF78FF824AB30
:10BA700094E8030083E80300269B04468B46002BD2
:10BA80007FF4D4AA509B509A5B7823F0060343F0CE
:10BA900006035370A1F1FF32B2FA82F25209002874
:10BAA0000CBF002602F00106002E40F0C682099B62
:10BAB000002B40F0B8824346934240F07E82279BA1
:10BAC000442BD8BF64334E9A5361FFF7AFBA0F9B34
:10BAD000CDF828A19B689B68CDE9244B05938CE7A2
:10BAE0000F9BCDF828A19B689B6ACDE9244B059359
:10BAF00083E700BFD42800200F9B9B681A6A289216
:10BB000012685B6A2993002A3FF490AA1B68002BF5
:10BB10003FF48CAA4C9BCDF828A1059326AB069345
:10BB20000223049328AB039327AB02934AABCDE9DE
:10BB3000244B93E8030022AC24AB8DE8030020469D
:10BB40000D990CCBFEF778FA24AB94E8030083E858
:10BB50000300269B04468B46002B7FF467AA279B95
:10BB6000002B3FF463AA509B509A5B7843F001038B
:10BB70005370FFF75BBA4C9BCDF828A1069326AB18
:10BB8000CDE9244B07934FF0010B062322ACCDE9FE
:10BB9000043B0023039327AB02934AAB93E80300D3
:10BBA00024AB8DE8030020460D990CCBFDF7EEFF8A
:10BBB00024AB94E8030083E80300269B04468B46ED
:10BBC000002B7FF433AA279B53E53B6828AEAE4A8F
:10BBD0003846DD6A3346A2F10901A8470596CDF83B
:10BBE00028A1CDE9244B93E54C9B0225CDF828A153
:10BBF000069326AB07936323CDE904350023039313
:10BC000027AB02934AABCDE9244B93E8030022AC67
:10BC100024AB8DE8030020460D990CCBFDF7B6FF51
:10BC200024AB94E8030083E80300269B04468B467C
:10BC3000002B7FF4FBA9509B509A1B8843F4906320
:10BC40001380279B5360FFF7F1B94C9B4FF0020E16
:10BC5000CDF828A1069326AB07933523CDE9043E02
:10BC60000023039327AB02934AABCDE9244B93E81F
:10BC7000030022AC24AB8DE8030020460D990CCBC9
:10BC8000FDF784FF24AB94E8030083E80300269BC0
:10BC900004468B46002B7FF4C9A9279B509A1B04AE
:10BCA000116803F47C13794A43F040030A401343BC
:10BCB000509A1360FFF7BAB94C9B0222CDF828A125
:10BCC000069326AB07933523CDE904320023039373
:10BCD00027AB02934AABCDE9244B93E8030022AC97
:10BCE00024AB8DE8030020460D990CCBFDF74EFFE9
:10BCF00024AB94E8030083E80300269B04468B46AC
:10BD0000002B7FF493A9279B509A1B04116803F41E
:10BD10007C135F4A43F020030A401343509A136098
:10BD2000FFF784B93B6828AE5A4A3846DD6A334685
:10BD3000911FA8470596CDF828A1CDE9244B5CE6D4
:10BD40004C9B0225CDF828A1069326AB07933B23F5
:10BD5000CDE904350023039327AB02934AABCDE929
:10BD6000244B93E8030022AC24AB8DE8030020466B
:10BD70000D990CCBFDF70AFF24AB94E8030083E890
:10BD80000300269B04468B46002B7FF44FA9279B7C
:10BD90004E9A5360FFF74AB94C9BCDF828A1069301
:10BDA00026ABCDE9244B07934FF0020B0C2322ACBA
:10BDB000CDE9043B0123039327AB02934AAB93E8FD
:10BDC000030024AB8DE8030020460D990CCBFDF752
:10BDD000DDFE24AB94E8030083E80300269B0446C1
:10BDE0008B46002B7FF422A927992B4A82FB013234
:10BDF000CB17C3EB62034E9A03EB4303A1EB830320
:10BE00009360509B509A1B7843F001031370FFF727
:10BE10000DB94C9B0222CDF828A1069326AB0793BF
:10BE20001723CDE904320023039327AB02934AABD7
:10BE3000CDE9244B93E8030022AC24AB8DE803004A
:10BE400020460D990CCBFDF7A1FE24AB94E803002E
:10BE500083E80300269B04468B46002B7FF4E6A86C
:10BE6000279A4E998A60509A127863F30002509B89
:10BE70001A70FFF7DBB83B6828AE084A3846DD6A1F
:10BE80003346A2F1090154E7B1360410BFFFC0FFE9
:10BE9000DFFFC0FFBA360410ABAAAA2AC5360410C9
:10BEA0004C9B0221CDF828A1069326AB07933D2396
:10BEB000CDE904310023039327AB02934AABCDE9CC
:10BEC000244B93E8030022AC24AB8DE8030020460A
:10BED0000D990CCBFDF75AFE24AB94E8030083E8E0
:10BEE0000300269B04468B46002B7FF49FA8279BCC
:10BEF0004E9A1360FFF79AB8236820465B6A98470A
:10BF00000146FFF724BAD4E90232934280F00A8155
:10BF10001A68501C08BF002491E4D4E9023293420D
:10BF200080F0D8801A68501C08BF0024FFF7AFBB10
:10BF3000D4E90232934280F00A811D68681C08BF70
:10BF40000024FFF744B9236820469B6A9847FFF70F
:10BF50002BBA236820465B6A98470146FFF7DFB992
:10BF6000D4E90232934280F0A8800433A3604FF0FA
:10BF7000FF3BFFF794BB00242E462246FFF7F7B99C
:10BF80004FF0000AFFF7FBB9DAF800105046CDE990
:10BF90000923496A8847DDE90923FFF722BA2368A4
:10BFA00020465B6A98478346FFF705BA2368204618
:10BFB0005B6A98470246FFF755BA002E40F0A98009
:10BFC00059463B682A2238461B6B9847A0F1300639
:10BFD000F3B2092B3FF673ADD4E902218A4280F017
:10BFE0008C80279B043203EB8303A26006EB4303A0
:10BFF00027938A4280F0118111684A1C099B00F046
:10C000000581002B6CD14546099BAB4234D1279B5F
:10C01000509AA3F26C7350994FF0FF3B527822F084
:10C0200002024A704FE5DAE902318B4280F0D28099
:10C03000186801307CD000233EE5D0E902329342FB
:10C0400080F0D680186801303CD000222FE5DAE974
:10C050000220824280F0D0801068013036D0002269
:10C06000099229E4D0E90232934280F0BB8018683B
:10C07000013062D0002319E4002C65D0D4E90232EB
:10C08000934280F09B8019684B1C08BF00243B68DA
:10C090002A2238461B6B9847A0F13005EBB2092BDA
:10C0A000B5D8D4E90232934261D20433A360279B0E
:10C0B0000A2202FB03532793AAE7236820469B6AC0
:10C0C000984754E7324600263446F0E44FF0000A21
:10C0D000FFF7F2BB236820465B6A9847024622E7D7
:10C0E00000230993DAE90232934280F0A1801868B4
:10C0F000013000F09A80002586E7236820469B6A7D
:10C1000098470A22279B02FB0366D4E9022127965F
:10C110006FE7D4E90232934241D21968481C08BF44
:10C1200000244EE7236820465B6A98470246F0E603
:10C130000021099B8A460991BEE40B4600210C466A
:10C14000FFF7B4BB00F062FC4FF0FF319FE72368BC
:10C1500020465B6A98470546F0E6D4E902329342EE
:10C1600032D21D686B1C08BF0024FFF7C0BB2368D8
:10C1700020469B6A98479AE7D4E90232934217D245
:10C180001A68511C7FF4A5AB3B682D2138469B6A89
:10C190009847013009D05D460024FFF7A8BB23680B
:10C1A00020465B6A98470146B8E70024FFF7A7BB23
:10C1B000236820465B6A98470246E2E723682046E8
:10C1C0005B6A984701465FE7236820465B6A9847A9
:10C1D0000546C7E7DAF8003050460A925B6A98478E
:10C1E0000A9A26E703680A915B6A98470A993FE72B
:10C1F00003685B6A984726E7DAF8002050460C93FC
:10C200000A91526A90470C9B0A9926E75BB9109BEA
:10C21000099C01333FF4FBAE39E7236820465B6A93
:10C2200098470146E9E600245CE74FF0000AEBE698
:10C23000DAF8003050465B6A984759E72DE9F04735
:10C2400092B00546454888460CACDDF87890DDE9AB
:10C250001C6784E80C00ECF749FDF36ED3E901326A
:10C26000904279D253F82000002875D000233C4A30
:10C270003C4915F005FF00286ED083680DF1280AAF
:10C280001B6902960FAE03970696CDE9049300232F
:10C29000CDE90F3311931AAB93E803008DE8030047
:10C2A0004146504694E80C00FEF70CFE9AE8030065
:10C2B00084E8030030464946DDF8308017F086FDFB
:10C2C0000D9EA6F1FF36B6FA86F67609B8F1000F94
:10C2D0000CBF002306F001032BBB1B9B1A98A3F194
:10C2E000FF33B3FA83F35B0900B17BB99E4203D1FC
:10C2F0003B6843F002033B60CDF8308094E80300D4
:10C3000085E80300284612B0BDE8F087D0E9023284
:10C31000934214D21B68A3F1FF33B3FA83F35B0992
:10C320009E42E9D1E4E7D8E902218A420CD21068A2
:10C3300001300ABF1E4600264FF00008CDE7036813
:10C340005B6A98470346E6E7D8F800204046099321
:10C35000526A9047099BEBE700F058FB5C460020CF
:10C36000A8730410C84504102DE9F04792B00546A3
:10C37000454888460CACDDF87890DDE91C6784E818
:10C380000C00ECF7B3FCF36ED3E90132904279D2A2
:10C3900053F82000002875D000233C4A3C4915F092
:10C3A0006FFE00286ED083680DF1280A9B68029604
:10C3B0000FAE03970696CDE904930023CDE90F3322
:10C3C00011931AAB93E803008DE8030041465046F1
:10C3D00094E80C00FEF776FD9AE8030084E8030079
:10C3E00030464946DDF8308017F0F0FC0D9EA6F18E
:10C3F000FF36B6FA86F67609B8F1000F0CBF0023B7
:10C4000006F001032BBB1B9B1A98A3F1FF33B3FA71
:10C4100083F35B0900B17BB99E4203D13B6843F0D3
:10C4200002033B60CDF8308094E8030085E8030008
:10C43000284612B0BDE8F087D0E90232934214D208
:10C440001B68A3F1FF33B3FA83F35B099E42E9D182
:10C45000E4E7D8E902218A420CD2106801300ABF11
:10C460001E4600264FF00008CDE703685B6A984738
:10C470000346E6E7D8F8002040460993526A904701
:10C48000099BEBE700F0C2FA5C460020A873041099
:10C49000C84504102DE9F04F97B005464D480E46AB
:10C4A0000CAC9DF894B09DF898A0DDE9228784E853
:10C4B0000C00ECF71BFCD8F86C305B6853F82000DC
:10C4C000002800F0858003684FF0000925219B6A51
:10C4D000C7F8009098475B461290BAF1000F51D010
:10C4E0005A465346CDF85490CDF808800DF13C08DB
:10C4F0000DF1280ACDF81880CDE91332249BCDE93F
:10C50000037312AB05930023CDE90F33119320ABD6
:10C5100093E803008DE803003146504694E80C0090
:10C52000FEF7D0FC9AE8030084E803004046249913
:10C53000DDF8308017F04AFC0D9EA6F1FF36B6FA02
:10C5400086F67609B8F1000F0CBF002306F0010350
:10C55000D3B9219B2098A3F1FF33B3FA83F35B098E
:10C5600000B1EBB99E4203D13B6843F002033B604C
:10C57000CDF8308094E8030085E80300284617B022
:10C58000BDE8F08F5246AFE7D8E902218A4212D2C5
:10C59000106801300ABF1E4600264FF00008D8E799
:10C5A000D0E9023293420ED21B68A3F1FF33B3FAF3
:10C5B00083F35B09D6E7D8F8002040460993526A16
:10C5C0009047099BE5E703685B6A98470346ECE7F9
:10C5D00000F01CFA144700200039084B18BF012155
:10C5E00010B5C0E900310446ECF7E6F8A06020463B
:10C5F00010BD2046ECF7CAF815F0BCFE54680410D4
:10C60000184B1A68D10701D401221A60164B1A6818
:10C61000D20701D401221A60144B1A68D00701D442
:10C6200001221A60124B1A68D10701D401221A6044
:10C63000104B1A68D20701D401221A600E4B1A68F7
:10C64000D00701D401221A600C4B1A68D10701D41B
:10C6500001221A600A4B1A68D20701D401221A601B
:10C66000704700BFF4370020FC370020C837002097
:10C67000CC370020E4370020EC370020DC370020E6
:10C68000D4370020044B10B5044640F81C3BECF7AF
:10C6900011F9204610BD00BFEC710410054B10B518
:10C6A000044640F81C3BECF705F92046E7F7C6FDC9
:10C6B000204610BDEC710410044B10B5044640F840
:10C6C0001C3BECF7F7F8204610BD00BF2C7204109D
:10C6D000054B10B5044640F81C3BECF7EBF8204640
:10C6E000E7F7ACFD204610BD2C72041010B50446CF
:10C6F000006A18F089FE606210BD00BF10B50446E4
:10C70000006A18F081FE216ABDE8104021F0D4BA19
:10C710004A1C10B5044609D1406A431C02D0216A64
:10C7200021F0CAFA4FF0FF33636210BD0B46016A75
:10C73000184621F0C1FA4FF0FF33636210BD00BF0D
:10C74000006A1AF0B1BE00BF006A1AF0ADBE00BFA9
:10C7500038B59FED137B0D46049B1146002204461D
:10C76000C0E9022280ED007B4BB1012B286A14BF87
:10C77000022201221DF062FB38B1204638BD1A4664
:10C78000286A1DF05BFB0028F7D1286A18F0B2FE7A
:10C79000C317C4E90003204638BD00BFAFF30080D3
:10C7A000FFFFFFFFFFFFFFFF38B59FED137B0D4637
:10C7B000049B114600220446C0E9022280ED007B62
:10C7C0004BB1012B286A14BF022201221DF036FB57
:10C7D00038B1204638BD1A46286A1DF02FFB0028C4
:10C7E000F7D1286A18F086FEC317C4E90003204673
:10C7F00038BD00BFAFF30080FFFFFFFFFFFFFFFF6B
:10C8000010B50446006A1AF005FF606210BD00BF53
:10C810002DE9F04106467AB1884617460D1F0024DF
:10C8200004E0013445F8040FA7420CD0306A1AF036
:10C83000F1FE431CF5D134B900244FF0FF332046FC
:10C840007362BDE8F0816FF040432046234458F8FE
:10C8500023307362BDE8F08110B50446006A1AF017
:10C86000D9FE216ABDE8104018F024BE4A1C10B55C
:10C87000044609D1406A431C02D0216A18F01AFE0E
:10C880004FF0FF33636210BD0B46016A184618F083
:10C8900011FE4FF0FF33636210BD00BFF8B51646BE
:10C8A0007AB107460D46002402E00134A64206D0C4
:10C8B000396A55F8040B1AF001FC0130F5D1204615
:10C8C000F8BD1446FBE700BF0346084601211B6A7A
:10C8D0001EF0F4BC38B50C46036A0121054620461B
:10C8E00018F066FD002804DD044414F8013C6B6276
:10C8F00038BD4FF0FF336B6238BD00BF08B50B4643
:10C90000016A5A1C04D01846BDE808401AF0D6BB8C
:10C9100008461AF0C9FD003818BF0120404208BD82
:10C9200008B50B46016A5A1C04D01846BDE80840F9
:10C930001DF054BD08461AF0B7FD003818BF01209D
:10C94000404208BD82B0F0B583B0164F08AC84E811
:10C950000C000B6804461E69099BBE421CD194461C
:10C960004FF0FF334FF0FF320D466146C0E9002320
:10C970000022C0E90222286A1DF060FA28B1204690
:10C9800003B0BDE8F04002B07047286A18F0B2FD6D
:10C99000C317C4E90003F2E70C9D0195002500953B
:10C9A000B047ECE7A9C7011082B0F0B583B0164FCD
:10C9B00008AC84E80C000B6804461E69099BBE4263
:10C9C0001CD194464FF0FF334FF0FF320D466146C5
:10C9D000C0E900230022C0E90222286A1DF02EFAD5
:10C9E00028B1204603B0BDE8F04002B07047286A85
:10C9F00018F080FDC317C4E90003F2E70C9D019510
:10CA000000250095B047ECE751C7011008B5042098
:10CA100015F008FC024B034A0349036016F000FAC4
:10CA200004790410511F0310F078041010B5044667
:10CA3000082015F0F7FB2146044617F04BFF054A86
:10CA40002046054916F0ECF9204615F003FC15F0D8
:10CA500091FC00BF55420310D87B041010B504466A
:10CA6000082015F0DFFB2146044617F073FF054A46
:10CA70002046054916F0D4F9204615F0EBFB15F0D9
:10CA800079FC00BFDD420310F87B041010B50446AA
:10CA9000082015F0C7FB2146044617F065FF054A3C
:10CAA0002046054916F0BCF9204615F0D3FB15F0D9
:10CAB00061FC00BF1D430310187C04100FB408B5BF
:10CAC0000298FFF7E3FF000010B50446082015F0B8
:10CAD000A9FB2146044617F051FF054A20460549A7
:10CAE00016F09EF9204615F0B5FB15F043FC00BF8B
:10CAF00015420310387C0410034B10B50446036044
:10CB000000F014F9204610BD346A0410034B10B530
:10CB10000446036000F00AF9204610BD446A041080
:10CB2000054B10B50446036000F000F92046E7F716
:10CB300085FB204610BD00BF346A0410054B10B5BC
:10CB40000446036000F0F2F82046E7F777FB204642
:10CB500010BD00BF446A041008B5836F23B1036998
:10CB60004161194203D108BD41F00101F7E70148D5
:10CB700018F06EF8C836041008B5D0E904230B434A
:10CB80001142436100D108BD16F066F938B50D4673
:10CB900004460E48ECF7AAF82B6802460C485B687E
:10CBA00053F82230E367ECF7A1F82B6802460948F6
:10CBB0005B6853F82230C4F88030ECF797F82B68A4
:10CBC0005B6853F82030C4F8843038BD104700202B
:10CBD000904700208847002038B504460D4616F0DF
:10CBE000F3FF04F16C012046FFF7D0FFB5FA85F39F
:10CBF0000022A5675B092267A4F87420C4E9042316
:10CC000038BD00BF08B5C36F23B103694161194244
:10CC100003D108BD41F00101F7E7014818F018F809
:10CC2000C836041008B5D0E904230B431142436110
:10CC300000D108BD16F010F938B50D4604460F486E
:10CC4000ECF754F82B6802460D485B6853F8223025
:10CC5000C4F88030ECF74AF82B68024609485B6854
:10CC600053F82230C4F88430ECF740F82B685B6846
:10CC700053F82030C4F8883038BD00BF1447002076
:10CC8000944700208C47002038B504460D4616F026
:10CC90009BFF04F16C012046FFF7CEFFB5FA85F249
:10CCA0000023E5675209636784F878302367C4E995
:10CCB000043238BD38B500220E4B00F1240504467D
:10CCC00000F164018260C0E900322B46C0E9032212
:10CCD000C0E90522C0E90722C3E9002208338B42DC
:10CCE000FAD1082304F16C00C4E91935ECF7EEFB26
:10CCF000204638BD686A041070B584694CB1054699
:10CD00000E4629463046D4E9013298472468002C63
:10CD1000F7D170BD15F09EFC15F0DAFCF6E7013195
:10CD200001D115F02DFC15F025FB00BF38B5134BD4
:10CD3000054600210360FFF7DFFFAB692BB90AE06E
:10CD40001C68E7F77BFA23462CB1DA681846511EB7
:10CD5000D960002AF4D0A86E05F12403002298427D
:10CD6000AA6104D008B1E7F76BFA0023AB6605F1BE
:10CD70006C00EBF79FFD284638BD00BF686A0410C1
:10CD800010B50446FFF7D2FF2046E7F757FA2046D2
:10CD900010BD00BF06490022064B10B50446C0E98D
:10CDA000001240F8083FFFF7C1FF204610BD00BF4A
:10CDB000E06A0410346A041003680021074A53F83B
:10CDC0000C3C10B5064CC450C4182046616040F8B5
:10CDD000082FFFF7ABFF204610BD00BF346A0410D8
:10CDE000E06A041007490022074B10B50446C0E969
:10CDF000001240F8083FFFF799FF2046E7F71EFAB8
:10CE0000204610BDE06A0410346A04100368002153
:10CE1000084A53F80C3C10B5074CC450C4182046BF
:10CE2000616040F8082FFFF781FF2046E7F706FA18
:10CE3000204610BD346A0410E06A0410064900223E
:10CE4000064B10B50446C0E9001240F8083FFFF752
:10CE50006DFF204610BD00BF106B0410446A041023
:10CE600003680021074A53F80C3C10B5064CC45027
:10CE7000C4182046616040F8082FFFF757FF20468E
:10CE800010BD00BF446A0410106B04100749002253
:10CE9000074B10B50446C0E9001240F8083FFFF701
:10CEA00045FF2046E7F7CAF9204610BD106B041075
:10CEB000446A041003680021084A53F80C3C10B57A
:10CEC000074CC450C4182046616040F8082FFFF793
:10CED0002DFF2046E7F7B2F9204610BD446A041042
:10CEE000106B04108368587C704700BF8368987C7F
:10CEF000704700BF8368D86A704700BF836882B0FC
:10CF0000186B02B0704700BF836882B0586B02B0E4
:10CF1000704700BF8368587C704700BF8368987C67
:10CF2000704700BF8368D86A704700BF836882B0CB
:10CF3000186B02B0704700BF836882B0586B02B0B4
:10CF4000704700BF836893F824007047836893F8A4
:10CF5000250070470020704700207047704700BFD1
:10CF600091424FF0000006D211F8013B8A4203EBD8
:10CF70007060F9D170477047034B10B504460360E9
:10CF8000EBF704FC204610BD206F0410034B10B5D6
:10CF900004460360EBF7FAFB204610BD5C6F0410FB
:10CFA000034B10B504460360EBF7F0FB204610BDC1
:10CFB0005C700410034B10B504460360EBF7E6FB0E
:10CFC000204610BD74700410034B10B50446036076
:10CFD000EBF7DCFB204610BD8C6F0410034B10B543
:10CFE00004460360EBF7D2FB204610BD8C700410A2
:10CFF000034B10B504460360EBF7C8FB204610BD99
:10D00000A0700410054B10B504460360EBF7BEFB9F
:10D010002046E7F713F9204610BD00BF206F04102B
:10D02000054B10B504460360EBF7B0FB2046E7F76D
:10D0300005F9204610BD00BF5C6F0410054B10B50C
:10D0400004460360EBF7A2FB2046E7F7F7F820461B
:10D0500010BD00BF5C700410054B10B504460360A2
:10D06000EBF794FB2046E7F7E9F8204610BD00BF38
:10D070007470041010B50446FFF7A6FF2046E7F7CA
:10D08000DDF8204610BD00BF054B10B50446036017
:10D09000EBF77CFB2046E7F7D1F8204610BD00BF38
:10D0A0008C700410054B10B504460360EBF76EFB63
:10D0B0002046E7F7C3F8204610BD00BFA07004105B
:10D0C000054B10B5044640F8083B16F081FB20469E
:10D0D000EBF75CFB204610BD1470041010B504463D
:10D0E000FFF7EEFF2046E7F7A9F8204610BD00BF86
:10D0F000054B10B5044640F8083B16F069FB204686
:10D10000EBF744FB204610BDE06E041038B50D4B24
:10D11000044605690360EBF75FFB25B1854202D049
:10D120002846E7F78DF8A06810B103685B68984758
:10D1300004F10C0016F04CFB2046EBF727FB2046D1
:10D1400038BD00BF9C6F041010B50446FFF7DEFF2A
:10D150002046E7F773F8204610BD00BF38B50379C5
:10D160003BB904460068154603681B6B9847854227
:10D1700000D138BD0123237138BD00BFD0E90221A1
:10D180008A4202D201328260704703689B6A184764
:10D1900070B504460D46F1F72FFD064A23689B69DA
:10D1A000934201D1284670BD29462046BDE8704013
:10D1B000184700BF21EB0010E0B51E46037F82B088
:10D1C0001546012B07D0074673B13B68D3F81CE026
:10D1D0000F4B9E4512D1A94218D06A1A304602B0B0
:10D1E000BDE8E04025F054BF0191F1F705FD3B6833
:10D1F0000199D3F81CE0064B9E45ECD033462A46F5
:10D200003846F44602B0BDE8E040604702B0E0BDF9
:10D2100089EB001070B50D46064600212D1A2846F0
:10D22000F0F78AFE012D044600F10C030AD02A46CD
:10D230001846314625F02CFF084A0346944206D191
:10D24000184670BD32780273044A9442F8D0002226
:10D25000611925601846A2600A7370BD3846002027
:10D2600003680A4AA3F10C00904200D1704753F8BA
:10D27000042C511E002A43F8041CF7DC00B583B0CF
:10D2800001A9F0F7A9FE03B05DF804FB38460020C1
:10D29000074B10B5044640F8083B16F099FA2046B3
:10D2A000EBF774FA2046E6F7C9FF204610BD00BF31
:10D2B000E06E041088421AD070B5054600B30C1A0F
:10D2C00000212046F0F738FE012C064600F10C0341
:10D2D0000AD018462246294625F0DAFE03460A4AB5
:10D2E000964207D1184670BD2A780273F7E7074BBC
:10D2F00018467047002231193460B2600A73F1E7B2
:10D300000348FFF793FB00BF384600204446002047
:10D31000D83404108B6830B59D6883B09DB1044645
:10D3200028461FF007FA29188D4204D107482060CB
:10D33000204603B030BD01AA2846FFF76BFF2060EE
:10D34000204603B030BD0248FFF770FB4446002082
:10D35000D83404108B6830B5DD6983B09DB10446C4
:10D3600028461FF0E7F929188D4204D107482060AC
:10D37000204603B030BD01AA2846FFF74BFF2060CE
:10D38000204603B030BD0248FFF750FB4446002062
:10D39000D83404108B6830B55D6A83B09DB1044603
:10D3A00028461FF0C7F929188D4204D1074820608C
:10D3B000204603B030BD01AA2846FFF72BFF2060AE
:10D3C000204603B030BD0248FFF730FB4446002042
:10D3D000D83404108B6830B55D6983B09DB10446C4
:10D3E00028461FF0A7F929188D4204D1074820606C
:10D3F000204603B030BD01AA2846FFF70BFF20608E
:10D40000204603B030BD0248FFF710FB4446002021
:10D41000D83404108B6830B59D6883B09DB1044644
:10D4200028461FF087F929188D4204D1074820604B
:10D43000204603B030BD01AA2846FFF7EBFE20606E
:10D44000204603B030BD0248FFF7F0FA4446002002
:10D45000D83404108B6830B55D6983B09DB1044643
:10D4600028461FF067F929188D4204D1074820602B
:10D47000204603B030BD01AA2846FFF7CBFE20604E
:10D48000204603B030BD0248FFF7D0FA44460020E2
:10D49000D83404108B6830B5DD6983B09DB1044683
:10D4A00028461FF047F929188D4204D1074820600B
:10D4B000204603B030BD01AA2846FFF7ABFE20602E
:10D4C000204603B030BD0248FFF7B0FA44460020C2
:10D4D000D83404108B6830B5DD6983B09DB1044643
:10D4E00028461FF027F929188D4204D107482060EB
:10D4F000204603B030BD01AA2846FFF78BFE20600E
:10D50000204603B030BD0248FFF790FA44460020A1
:10D51000D83404108B6830B59D6883B09DB1044643
:10D5200028461FF007F929188D4204D107482060CA
:10D53000204603B030BD01AA2846FFF76BFE2060ED
:10D54000204603B030BD0248FFF770FA4446002081
:10D55000D83404108B6830B55D6A83B09DB1044641
:10D5600028461FF0E7F829188D4204D107482060AB
:10D57000204603B030BD01AA2846FFF74BFE2060CD
:10D58000204603B030BD0248FFF750FA4446002061
:10D59000D83404108B6830B55D6983B09DB1044602
:10D5A00028461FF0C7F829188D4204D1074820608B
:10D5B000204603B030BD01AA2846FFF72BFE2060AD
:10D5C000204603B030BD0248FFF730FA4446002041
:10D5D000D83404102DE9F041A6B00446324802A91F
:10D5E0002C9E9DF8BC809DF8C07081E80C00EBF784
:10D5F0007DFBF36E5B6853F82050002D52D02B4812
:10D60000EBF774FBF36ED3E9013290424AD253F840
:10D610002000002846D00023254A264914F030FD7A
:10D62000064600283ED02B7F73B395F842008DF854
:10D63000140017BB2E9B3046802206A9009305AB31
:10D640008DF816708DF8158016F0F4FE06A81FF000
:10D6500071F89DF80C50029F064645B93B6802469A
:10D6600006A938461B6B9847864218BF01252046FD
:10D670002760257126B0BDE8F08142460023B846F8
:10D680008DF817301746D5E72846F1F7B5FA2B681D
:10D69000094A9B69934201D12520C8E728462521E4
:10D6A0009847C4E7FFF7B2F910470020584600201A
:10D6B000306C0410C845041021EB00102DE9F04F28
:10D6C0000C4685B01146804602AA20461C46FFF74C
:10D6D000F1FD814602AA20460E99CDF80C90FFF785
:10D6E000E9FD59F80C6C054650F80C7CCB464E44CD
:10D6F0000190074404E0874228D00BF1010B451C40
:10D700002A465946404616F03BFA824680B95846AA
:10D710001FF010F804462846A3441FF00BF82844D5
:10D720005E45E8D1874203D05E45E4D14FF0FF3A31
:10D73000019B184CA3F10C00A0420FD1A9F10C00E1
:10D74000A04216D1504605B0BDE8F08F019B4FF0C6
:10D75000010A104CA3F10C00A042EFD053F8042CA6
:10D76000511E002A43F8041CE8DC02A9F0F734FC3F
:10D77000E4E759F8042C511E002A49F8041CE1DCA6
:10D7800002A9F0F729FCDDE703A8FFF769FD14F013
:10D79000F1FD00BF384600202DE9F04F144685B05A
:10D7A0004A4E07468A4602AA0660194620461D468A
:10D7B000FFF780FD2D1B50F80C3C064601906D00D4
:10D7C000C318039028460093E6F736FD04464FF051
:10D7D000000B0EE041463846F0F754FD3B6853F825
:10D7E0000C2C03F802B03A683949A2F10C038B42C1
:10D7F00041D132462B462146504616F0CDF985429E
:10D8000002460FD8451C14B12046E6F719FD2846FC
:10D81000E6F712FD044632462B465046214616F0E6
:10D82000BBF9024621463846F0F78EFD30461EF021
:10D8300081FF009B304483420FD03B68461C53F865
:10D840000C9C53F8082C09F101089045C2D853F8F4
:10D85000042C002ABEDC4A46C3E714B12046E6F792
:10D86000EFFC019BA3F10C00194B98420BD13846F9
:10D8700005B0BDE8F08F4B4442F80C8C42F804BC74
:10D8800083F80DB0B5E7019951F8043C5A1E002BFE
:10D8900041F8042CEBDC02A9F0F79EFBE7E714F05B
:10D8A000D9FE2CB12046E6F7CBFC01E014F0D2FE05
:10D8B00015F0D2FA14F00CFF03A8FFF7D1FC38469C
:10D8C000FFF7CEFC14F056FDF6E7F8E744460020DB
:10D8D00038460020F8B5451895F81D517DB9056802
:10D8E0000446DFF824C00B462D6A16460F466545F0
:10D8F00007D19E4202D03C4484F81D311D46284683
:10D90000F8BDA8470346F4E725EB00102DE9F04FDA
:10D9100088468DB00546A748EBF7E8F9D8F80030FF
:10D920005B6853F82040002C00F084812368A24AF1
:10D930005B69934240F00E81A3685E69002E00F09F
:10D94000838130461EF0F6FE31188E4201D19B488D
:10D9500003E030460AAAFFF75DFC0BAE0B9050F8CF
:10D960000CAC5046E6F768FC014601900023524695
:10D970003046F0F787FA0B9BDFF86C92A3F10C00AE
:10D98000484540F00A8123688D4A9B69934240F0E4
:10D99000DC80A368DF69002F00F0538138461EF059
:10D9A000C9FE39188F4200F0CC80384607AAFFF72D
:10D9B00031FC0B9050F80CBC5846E6F73DFC014694
:10D9C000029000235A463046F0F75CFA0B9BA3F115
:10D9D0000C00484540F00A8123687A4ADB6993428B
:10D9E00040F0BE80A3685F6A002F00F027813846B0
:10D9F0001EF0A0FE39188F4200F0A180384608AA18
:10DA0000FFF708FC0B9050F80C3C18461F46049397
:10DA1000E6F712FC0146039000233A463046F0F741
:10DA200031FA0B9BA3F10C00484540F0EB802368D2
:10DA3000654A1B69934240F09880A3689E68002E57
:10DA400000F0058130461EF075FE31188E427AD006
:10DA5000304609AAFFF7DEFB06AB0690059350F8A7
:10DA60000C6C3046E6F7E8FB074600233246059883
:10DA70003946F0F707FAC5E90276002E58D1236837
:10DA8000524A9B682E7493427DD1A368587C687477
:10DA900023684F4ADB68934278D1A368987C019B46
:10DAA000A8744C49C5E9053A029BC5E9073B039BAD
:10DAB0006B62049BAB6223681A6A8A4269D1A268CE
:10DAC000D06A5B6A444AE862934254D1A3681B6BF4
:10DAD0000A930793079B414A0B932B6323689B6A26
:10DAE00093424CD1A3685B6B0B930993099B3C4811
:10DAF0006B630893EBF7FAF8D8F800305B6853F8DB
:10DB00002040002C00F09880364B2046196805F123
:10DB1000380301F10B02FFF74FFB069B0122A3F133
:10DB20000C0085F84320484578D10DB0BDE8F08F52
:10DB300097F90060002ED4BF002601269FE71F48FA
:10DB400060E71E4835E71D4886E72146304698477E
:10DB50000B982FE70BAE2146304698470B98FEE610
:10DB60002146304698470B984DE706A82146059078
:10DB70009847069873E7204698470790AAE72046FB
:10DB800098470990B2E72046984780E72046984793
:10DB900085E720469047236893E753F8042C511EED
:10DBA000002A43F8041C3FF7EEAE0AA9F0F714FA76
:10DBB000E9E600BF48460020D5D3011044460020C6
:10DBC00055D3011055D5011015D40110E5CE011023
:10DBD000EDCE0110F5CE0110FDCE011009CF0110E0
:10DBE00010470020D02800203846002053F8042C8D
:10DBF000511E002A43F8041C3FF7EEAE0AA9F0F7C5
:10DC0000EBF9E9E653F8042C511E002A43F8041CF2
:10DC10003FF70DAF0AA9F0F7DFF908E753F8042C36
:10DC2000511E002A43F8041C3FF77FAF08A9F0F704
:10DC3000D3F97AE7FEF7EAFEFEF7E8FE1C48FEF7A6
:10DC4000F5FE1B48FEF7F2FE1948FEF7EFFE1848F6
:10DC5000FEF7ECFE0023CDE9023301930598FFF7B0
:10DC6000FFFA039B13B10398E6F7EAFA029BBBB9EC
:10DC700019E0EFE7F7E7EDE7ECE7EBE702E0304626
:10DC8000FFF7EEFA0198E6F7DBFA14F073FBE5E72D
:10DC90003046FFF7E5FA14F06DFB3046FFF7E0FA87
:10DCA0000298E6F7CDFA019B002BEBD1EDE7F7E701
:10DCB000D83404102DE9F04F88468DB00546A748AA
:10DCC000EBF714F8D8F800305B6853F82040002CCC
:10DCD00000F084812368A24A5B69934240F00E8180
:10DCE000A3685E69002E00F0838130461EF022FD9D
:10DCF00031188E4201D19B4803E030460AAAFFF753
:10DD000089FA0BAE0B9050F80CAC5046E6F794FA3B
:10DD100001460190002352463046F0F7B3F80B9BC2
:10DD2000DFF86C92A3F10C00484540F00A812368AB
:10DD30008D4A9B69934240F0DC80A368DF69002F25
:10DD400000F0538138461EF0F5FC39188F4200F080
:10DD5000CC80384607AAFFF75DFA0B9050F80CBC50
:10DD60005846E6F769FA0146029000235A463046C3
:10DD7000F0F788F80B9BA3F10C00484540F00A81AE
:10DD800023687A4ADB69934240F0BE80A3685F6AE9
:10DD9000002F00F0278138461EF0CCFC39188F4246
:10DDA00000F0A180384608AAFFF734FA0B9050F82B
:10DDB0000C3C18461F460493E6F73EFA01460390D2
:10DDC00000233A463046F0F75DF80B9BA3F10C00B8
:10DDD000484540F0EB802368654A1B69934240F058
:10DDE0009880A3689E68002E00F0058130461EF0E2
:10DDF000A1FC31188E427AD0304609AAFFF70AFA00
:10DE000006AB0690059350F80C6C3046E6F714FA12
:10DE100007460023324605983946F0F733F8C5E93E
:10DE20000276002E58D12368524A9B682E74934282
:10DE30007DD1A368587C687423684F4ADB6893429D
:10DE400078D1A368987C019BA8744C49C5E9053A30
:10DE5000029BC5E9073B039B6B62049BAB62236893
:10DE60001A6A8A4269D1A268D06A5B6A444AE86247
:10DE7000934254D1A3681B6B0A930793079B414AB3
:10DE80000B932B6323689B6A93424CD1A3685B6B13
:10DE90000B930993099B3C486B630893EAF726FFB1
:10DEA000D8F800305B6853F82040002C00F09880D0
:10DEB000364B2046196805F1380301F10B02FFF7D4
:10DEC0007BF9069B0122A3F10C0085F8432048450D
:10DED00078D10DB0BDE8F08F97F90060002ED4BF67
:10DEE000002601269FE71F4860E71E4835E71D48CA
:10DEF00086E72146304698470B982FE70BAE214620
:10DF0000304698470B98FEE62146304698470B98D6
:10DF10004DE706A8214605909847069873E72046E6
:10DF200098470790AAE7204698470990B2E720460D
:10DF3000984780E72046984785E720469047236822
:10DF400093E753F8042C511E002A43F8041C3FF7B2
:10DF5000EEAE0AA9F0F740F8E9E600BF4C46002013
:10DF600055D4011044460020D5D4011095D301109A
:10DF700015D3011015CF01101DCF011025CF0110B1
:10DF80002DCF011039CF011010470020D0280020DC
:10DF90003846002053F8042C511E002A43F8041C74
:10DFA0003FF7EEAE0AA9F0F717F8E9E653F8042CAC
:10DFB000511E002A43F8041C3FF70DAF0AA9F0F7E1
:10DFC0000BF808E753F8042C511E002A43F8041CF0
:10DFD0003FF77FAF08A9EFF7FFFF7AE7FEF716FDDF
:10DFE000FEF714FD1C48FEF721FD1B48FEF71EFD41
:10DFF0001948FEF71BFD1848FEF718FD0023CDE970
:10E00000023301930598FFF72BF9039B13B1039893
:10E01000E6F716F9029BBBB919E0EFE7F7E7EDE782
:10E02000ECE7EBE702E03046FFF71AF90198E6F774
:10E0300007F914F09FF9E5E73046FFF711F914F0FE
:10E0400099F93046FFF70CF90298E6F7F9F8019BC9
:10E05000002BEBD1EDE7F7E7D83404102DE9F04FB2
:10E06000894689B00446AD48EAF740FED9F8003049
:10E070005B6853F82060002E00F007813368A84ADF
:10E080001B69934240F0CA80B3689D68002D00F080
:10E09000018128461EF04EFB29188D4201D1A1486E
:10E0A00003E0284607AAFFF7B5F805AB05900193F2
:10E0B00050F80C0CE060E6F7BFF807460023E26872
:10E0C00001983946EFF7DEFEE368002B40F09480BC
:10E0D00023743368944A5B69934240F09880B36834
:10E0E0005D69002D00F0D98028461EF023FB291819
:10E0F0008D4200F08A80284603AAFFF78BF80DF1C5
:10E10000180B069050F80C0CA061E6F795F88046C5
:10E110000023A26958464146EFF7B4FE3368834AAC
:10E120009B69934240F08480B368DD69002D00F064
:10E13000AE8028461EF0FEFA29188D4263D028468C
:10E1400004AAFFF767F80DF11C0A079050F80C0CB1
:10E150002062E6F771F805460023226A50462946F8
:10E16000EFF790FE3368724A9B68934267D1B368B9
:10E1700093F8240084F8240033686E4ADB689342E5
:10E1800053D1B36893F8250084F825006A48EAF76C
:10E19000ADFDD9F800305B6853F82060002E72D0D6
:10E1A000664B3046196804F1260301F12402FFF79B
:10E1B00003F8634B3046196804F14A0301F11A026F
:10E1C000FEF7FAFF079B0122A760A3F10C0084F879
:10E1D0006420C4F81480E5615A4CA0423DD1069BEE
:10E1E000A3F10C00A04243D1059BA3F10C00A04277
:10E1F00028D109B0BDE8F08F97F90030002BD4BFCB
:10E200000023012364E747489DE7464877E70DF17F
:10E21000180B314658469847069873E705AA3146C9
:10E22000104601929847059842E730469847ABE779
:10E230000DF11C0A314650469847079886E730464C
:10E24000984797E753F8042C511E002A43F8041C02
:10E25000CFDC5146EFF7C0FECBE753F8042C511E3C
:10E26000002A43F8041CBADC04A9EFF7B5FEB6E7B0
:10E2700053F8042C511E002A43F8041CB4DC514608
:10E28000EFF7AAFEB0E7FEF7C1FBFEF7BFFB2E4893
:10E29000FEF7CCFB2C48FEF7C9FB2B48FEF7C6FB6C
:10E2A00004465846FEF7DCFF0198FEF7D9FF2046EA
:10E2B00014F0D0F917B13846E5F7C2FFB8F1000FF6
:10E2C00002D04046E5F7BCFF15B12846E5F7B8FF98
:10E2D00014F0C2FD044600255046FEF7C1FFE0E7FA
:10E2E00000250446A846DFE704460025D9E7F8E7FD
:10E2F00014F0EEF914F03EF8F6E7F1E714F0AAF99D
:10E30000E6E7F1E700250446A846CAE70446E3E746
:10E31000E6E700250446A8462F46C5E7A4470020A7
:10E3200015D501104446002095D5011095D4011053
:10E3300045CF01104DCF011010470020C828002004
:10E34000CC28002038460020D8340410F8B5074601
:10E350001A48EAF7CBFC04463B68DE6856F8200012
:10E3600000B1F8BD6820E5F765FF00233946054692
:10E37000C3600374838480F86430C0E90133C0E96A
:10E380000533C0E907330E4B0360FFF767FE3868BB
:10E3900022462946EAF730FC56F82400F8BD14F06E
:10E3A00059F914F059FD14F055F92B6828465B68AB
:10E3B0009847F6E714F08CF913F0DCFFA44700202F
:10E3C000144E0410003A0B4B18BF012210B5C0E9DF
:10E3D000003281600446EAF7FFF903460021204637
:10E3E000236116F05BF8204610BD2046EAF7CEF90F
:10E3F00013F0C0FF9C6F041083685A6E0A609A6E17
:10E400004A60DA6E8A601A6FCA605A6F0A619A6F40
:10E410004A61DA6F8A61D3F88020CA61D3F8842018
:10E420000A62D3F888204A62D3F88C208A62D3F833
:10E430009030CB62704700BF8368D3F894200A60A5
:10E44000D3F898204A60D3F89C208A60D3F8A020A3
:10E45000CA60D3F8A4200A61D3F8A8204A61D3F88F
:10E46000AC208A61D3F8B020CA61D3F8B4200A6224
:10E47000D3F8B8204A62D3F8BC208A62D3F8C030FF
:10E48000CB6270472DE9F04F85B00546624898464B
:10E4900004A9149C1646DDF838A001E90C00EAF73F
:10E4A00025FCE36E5B6853F82090B9F1000F00F093
:10E4B000B1800F9B00240095A3F1FF3B2746BBFAD8
:10E4C0008BFB4FEA5B1BA8F1FF31B1FA81F14909DF
:10E4D000002E0CBF002501F00105002D37D10D469F
:10E4E000BAF1000F02D0BBF1000F36D185EA0B055F
:10E4F000139B9F4250D2002D4ED00EB100293ED129
:10E500005FFA88F10D464D4495F81D3153B9D9F89D
:10E510000030424A1B6A934238D12A293CD00B462C
:10E5200085F81D11303BDAB2092A35D804EB840492
:10E5300003EB4404129B9C4253DCD6E90232934223
:10E5400042D20133B36001374FF0FF38BBE7D6E961
:10E5500002239A4247D20025C2E7DAE902239A420F
:10E56000C6D3DAF80030504601915B6A9847013013
:10E570000199BDD185F001054FF0000AB8E7D6E951
:10E580000232934239D219780D46BCE72A22484616
:10E59000984701462A29C2D1003F119B009D18BF10
:10E5A00001279C42B8BF002717B1129B9C4210DD87
:10E5B000159B2846159A1B6843F00403C5E90068BB
:10E5C000136005B0BDE8F08F336830469B6A98470A
:10E5D000B9E7109B28461C60C5E9006805B0BDE896
:10E5E000F08F009DE4E73368304601915B6A9847FD
:10E5F00001300199AFD1002672E7336830465B6A7B
:10E600009847431C02D0C1B20D467CE7FF25002687
:10E61000294678E7FEF7FAF91047002025EB0010AD
:10E620000039084B18BF012110B5C0E9003104467C
:10E63000EAF7C2F8A060204610BD2046EAF7A6F827
:10E6400013F098FE147004102DE9F047DDF820E077
:10E650001446099A0D4694F800C0A2EB0E016145DC
:10E660005ADD4FF0000A5F1EA04656460FE0B74243
:10E67000A2EB0C0288BF0136A2EB0E0198BF0AF193
:10E68000010A14F806C004EB0608614503DD4FFAE1
:10E690008CF3002BEBDC96450AF1FF3906F1FF37CE
:10E6A00009D0734600F1FF3C13F801EB93420CF8DC
:10E6B00001EFF9D10844BAF1000F12D086460EF8E6
:10E6C000015B98F8001029B302EB010C12F8013B32
:10E6D000624500F8013FF9D10EEB0100B9F10109E3
:10E6E000ECD29EB17E1C264486460EF8015B16F8DD
:10E6F000011D69B102EB010C12F8013B624500F803
:10E70000013FF9D10EEB0100A642EDD1BDE8F08743
:10E710007046F9E77046E1E77245F7D04FF0FF37F2
:10E720004FF0000AA046B9465646BAE7F0B583B0A6
:10E7300018468C461346089D01460B9C6246DDE94F
:10E7400009679DB13046CDE90075FFF77DFFEF1BEE
:10E750002268861BD21B03D11644266003B0F0BD8D
:10E76000294624F095FC2268D21BF5E7009725681E
:10E77000781901903046FFF767FF861B266003B0CB
:10E78000F0BD00BF70B582B08C4619461346079D98
:10E790006246DDE90804009026683044019028466E
:10E7A000FFF752FF401B206002B070BD2DE9F04F13
:10E7B00091B00546AB4808AF1A9E87E80C009DF85B
:10E7C0006C300493EAF792FAF36E5B6853F820809A
:10E7D000B8F1000F00F09681A348EAF787FAF36ECC
:10E7E0008146D3F80CA05AF82040002C00F040815C
:10E7F0001C9BD3F800A094F838309AF800209A4275
:10E8000000F0A180236B5AF80C1C0B93E36905936D
:10E81000236A0393514451450ED9D8F81800534642
:10E8200001E0994212D0984613F8012B825C5207FE
:10E83000F7D4B8EB0A080DD1002397E80300B360C2
:10E8400085E80300284611B0BDE8F08F8846B8EB94
:10E850000A08F1D04FEA48030DF13009834A1946FE
:10E86000484606930C92EFF70DFDE36AA8EB030B05
:10E87000BBF1000F5A4637DD002BE168C0F21C8166
:10E88000002900F01C814FEA4B0306930C9A0021EB
:10E89000069B484652F80C2C0091EFF73DFC0C9873
:10E8A00050F8043C002B80F223810AEB0B0CA17C76
:10E8B000D4E90223CDF800A0CDF804C0FFF7C4FED0
:10E8C0000C9B069053F8042C002A80F20C81069AC7
:10E8D000D11A53F80C3C8B42C0F00F815A1A4846AB
:10E8E0000023EFF77BFBE36A002B00F3A880F368BB
:10E8F000039903F0B00206920C9A52F80C2C01EB2B
:10E90000020A9A0500F18B80584B4FEA4A010DA884
:10E910000D93EFF7B7FC069B0DF12C08D6F808B065
:10E92000A3F11003D345B3FA83F34FEA531398BF0F
:10E930000023079318F8013B042B16D8DFE803F0F7
:10E9400054675E4B1100636B5AF80C1C0B93636A9F
:10E950000593A36A039300293FF46EAF0AF1010AFD
:10E9600058E749460DA8EFF7BDFCC145E2D1039B2E
:10E97000012B57D80D9951F80C3C9B455DD9069A4F
:10E98000ABEB0303202A049A67D0009200220DA863
:10E990001146EFF7C1FB0D999DF82440DDF820806A
:10E9A00044B9D8F800305A4640461B6B9847584542
:10E9B00018BF012410ABCDF838808DF83C4013E926
:10E9C000030008900DA88DF82410FEF749FC484676
:10E9D000FEF746FC30E7039B002BC6D0059B0DA835
:10E9E0001978EFF757FDC0E7079B002BBDD0049ABD
:10E9F000ABEB0A010DA8EFF7F5FCB6E7F3689B0552
:10EA0000B3D50DA8D4E90512EFF79EFCADE7079B3F
:10EA1000002BECD104990DA8EFF73CFDA5E7A36905
:10EA20009A4471E705995A1E0DA80131EFF78CFC45
:10EA30000D9951F80C3C9B45A1D89B46ACE7617CF5
:10EA40004846EFF727FDBBF1000F3DDB0AEB0B015A
:10EA5000E26A4846EFF778FC49E719460DA8EFF758
:10EA6000C1FC98E7104700204C4600204446002097
:10EA70004420E5F7DFFB002306F16C010446C36088
:10EA80000374A0F81130436380F84330C0E90133C8
:10EA9000C0E90533C0E90733C0E90933C0E90B33E6
:10EAA000254B0360FFF706F921464A46F06EEAF768
:10EAB000A3F85AF829409BE699B94246C346514605
:10EAC0004846EFF76BFB0EE7CBF1000194F83920D5
:10EAD0004846EFF787FC424651464846EFF734FC7C
:10EAE00005E7C346D2E64846EFF7FAFA0C9BEEE696
:10EAF0004846EFF7F5FA0C98D7E60A460F48104952
:10EB0000FDF7DCFFFDF782FF02E00DA8FEF7A8FB92
:10EB10004846FEF7A5FB13F02DFC13F09BFD236880
:10EB200020465B68984714F097F913F093FDFAE7D5
:10EB300013F0CEFD13F01EFCD44D04103435041038
:10EB40008C3604102DE9F04F91B00546AB4808AF64
:10EB50001A9E87E80C009DF86C300493EAF7C6F81B
:10EB6000F36E5B6853F82080B8F1000F00F09681D7
:10EB7000A348EAF7BBF8F36E8146D3F80CA05AF825
:10EB80002040002C00F040811C9BD3F800A094F89A
:10EB900038309AF800209A4200F0A180236B5AF88E
:10EBA0000C1C0B93E3690593236A0393514451456D
:10EBB0000ED9D8F81800534601E0994212D0984671
:10EBC00013F8012B825C5207F7D4B8EB0A080DD179
:10EBD000002397E80300B36085E80300284611B0DE
:10EBE000BDE8F08F8846B8EB0A08F1D04FEA480339
:10EBF0000DF13009834A1946484606930C92EFF707
:10EC000041FBE36AA8EB030BBBF1000F5A4637DD6B
:10EC1000002BE168C0F21C81002900F01C814FEA42
:10EC20004B0306930C9A0021069B484652F80C2C85
:10EC30000091EFF771FA0C9850F8043C002B80F229
:10EC400023810AEB0B0CA17CD4E90223CDF800A0B0
:10EC5000CDF804C0FFF7F8FC0C9B069053F8042C89
:10EC6000002A80F20C81069AD11A53F80C3C8B4290
:10EC7000C0F00F815A1A48460023EFF7AFF9E36A54
:10EC8000002B00F3A880F368039903F0B00206920A
:10EC90000C9A52F80C2C01EB020A9A0500F18B80B9
:10ECA000584B4FEA4A010DA80D93EFF7EBFA069B7C
:10ECB0000DF12C08D6F808B0A3F11003D345B3FA30
:10ECC00083F34FEA531398BF0023079318F8013BCF
:10ECD000042B16D8DFE803F054675E4B1100636B1A
:10ECE0005AF80C1C0B93636A0593A36A03930029DB
:10ECF0003FF46EAF0AF1010A58E749460DA8EFF755
:10ED0000F1FAC145E2D1039B012B57D80D9951F877
:10ED10000C3C9B455DD9069AABEB0303202A049A71
:10ED200067D0009200220DA81146EFF7F5F90D9972
:10ED30009DF82440DDF8208044B9D8F800305A46C8
:10ED400040461B6B9847584518BF012410ABCDF8BF
:10ED500038808DF83C4013E9030008900DA88DF829
:10ED60002410FEF77DFA4846FEF77AFA30E7039B57
:10ED7000002BC6D0059B0DA81978EFF78BFBC0E7D9
:10ED8000079B002BBDD0049AABEB0A010DA8EFF74F
:10ED900029FBB6E7F3689B05B3D50DA8D4E90512A6
:10EDA000EFF7D2FAADE7079B002BECD104990DA841
:10EDB000EFF770FBA5E7A3699A4471E705995A1E1E
:10EDC0000DA80131EFF7C0FA0D9951F80C3C9B45A5
:10EDD000A1D89B46ACE7617C4846EFF75BFBBBF1F3
:10EDE000000F3DDB0AEB0B01E26A4846EFF7ACFA95
:10EDF00049E719460DA8EFF7F5FA98E71047002004
:10EE000048460020444600204420E5F713FA00233A
:10EE100006F16C010446C3600374A0F8113043632B
:10EE200080F84330C0E90133C0E90533C0E9073356
:10EE3000C0E90933C0E90B33254B0360FEF766FDDB
:10EE400021464A46F06EE9F7D7FE5AF829409BE67C
:10EE500099B94246C34651464846EFF79FF90EE737
:10EE6000CBF1000194F839204846EFF7BBFA42464F
:10EE700051464846EFF768FA05E7C346D2E64846EA
:10EE8000EFF72EF90C9BEEE64846EFF729F90C98C0
:10EE9000D7E60A460F481049FDF710FEFDF7B6FD0C
:10EEA00002E00DA8FEF7DCF94846FEF7D9F913F0A9
:10EEB00061FA13F0CFFB236820465B68984713F094
:10EEC000CBFF13F0C7FBFAE713F002FC13F052FA82
:10EED000E44D0410343504108C3604102DE9F04F45
:10EEE0002DED028B8FB0804604AF07F1100BB96097
:10EEF00007F120008BE80C0097F85830FB6097F87A
:10EF000060307B60FB6D03F16C0197ED1A8BE9F7C4
:10EF100045FC5848E9F7EAFE3B6A5B6853F82090E5
:10EF2000B9F1000F00F0998090B004AEE9F744FC0D
:10EF30000023786240223146009307F124004E4BB3
:10EF40008DED028BF0F726FC3F28044650DC0021B3
:10EF5000204607F11C02EFF719F850F8043C05466B
:10EF600006EB040A7862002B5ADA99F81C30012B60
:10EF700009D0002B5AD0D9F80030DB691A469C46DC
:10EF80003E4B9A4256D1B24504D0224631462846DD
:10EF900024F07EF8FB68EBB97B6840460193FB6D7B
:10EFA000009307F12403B96802939BE80C00FFF774
:10EFB000C9FD7B6A324AA3F10C00904241D107F1AE
:10EFC0002000E9F777FC40462C37BD46BDEC028BAC
:10EFD000BDE8F08F7B6840460193FB6D009307F11D
:10EFE0002403B96802939BE80C00FFF7DFFBE0E71E
:10EFF00000F10803013423F00703ADEB030D04AE69
:10F00000E9F7DAFB0023224631468DED028B786268
:10F0100007F124000093184BF0F7BCFB044696E779
:10F0200007F12400EFF75CF87D6A9EE74846EFF7AA
:10F03000E3FDA0E72B465246314648466446A047CA
:10F04000A8E753F8042C511E002A43F8041CB6DC30
:10F0500007F11C01EEF7C0FFB1E7FDF7D7FC03E0B5
:10F0600007F12400FEF7FCF807F12000E9F722FC85
:10F0700013F080F910470020A036041089EB00102F
:10F080003846002030B587B004460DF1100C9DF8CD
:10F0900028508CE80C000B9B9DF8302055B10D9D3D
:10F0A0000093CDE901259CE80C00FFF77FFB20468B
:10F0B00007B030BD0D9D0093CDE901259CE80C0003
:10F0C000FFF740FD204607B030BD00BF2DE9F047F7
:10F0D000C4688946089F154604F0B00C099C984600
:10F0E000BCF1200FA7EB040717D0BCF1100F26D0FE
:10F0F000002627B9A21B09D1BDE8F08700263A46B1
:10F100004946284623F0FCFFA21BF5D03D4441466A
:10F110002846BDE8F04723F0BBBF44B9002FEBD031
:10F120003A4649462819BDE8F04723F0E9BF194699
:10F130002246284623F0ACFF002FDDD0F0E706463C
:10F140004B48E9F7D3FDF36E5B6853F82060002E5F
:10F1500000F08A80337F0BB398F8003096F84A208D
:10F1600018469A4212D096F848209A420ED096F845
:10F170004D209A42BCD1012CBADD98F8012096F8B6
:10F18000951091425FD096F875004BE008F10108A8
:10F19000012605F8010B002FACD0B0E73046DFF8B0
:10F1A000D4A0EFF729FD33689B69534545D12D2045
:10F1B00098F800308342E9D0327F002A56D1304699
:10F1C000EFF71AFD33689B69534532D12B2098F82D
:10F1D00000308342DAD0327F002AC8D13046EFF7C0
:10F1E0000BFD33689B6953453AD1302098F80030C5
:10F1F00083427FF47DAF012C7FF77AAF327F002A04
:10F20000BBD178213046FDF7C3FF98F80120824238
:10F2100017D0337F002BB6D130465821FDF7B8FF09
:10F2200098F8012090420CD0002F7FF467AF22465F
:10F230006DE72B2130469847C9E72D213046984786
:10F24000B6E798F800302B7008F1020818F8013C76
:10F250000235022605F8013C002F3FF44BAF4EE784
:10F26000302130469847C1E7FDF7D0FB18467AE7D2
:10F270001047002021EB001030B583B0144618462B
:10F28000089D079B2A6800940192069AFFF71EFFCB
:10F290002C6003B030BD00BF2DE9F04F2DED028B87
:10F2A00093B0804604AF07F11804BD6E796105F193
:10F2B0006C0084E80C0097F86C3097F87040BB60E5
:10F2C00097ED1E8BFFF742F822466C68814607F1E6
:10F2D00028012846002CB8BF062414F0E3FCEB6894
:10F2E0008CB003F4827304AEB3F5827F00F0DC804F
:10F2F000E9F762FA07F1280378622D22314607F117
:10F30000240000948DED028BF0F744FA2C2838622B
:10F310006EDC9F48E9F7EAFCEB6E5B6853F820006F
:10F32000002800F032813A6A90F81CC0D31D924642
:10F33000BCF1010F934623F0070306EB0201ADEB8E
:10F34000030D0DF117044FEAD40324F00704FB600A
:10F3500000F01281BCF1000F00F0CE800368D3F8FA
:10F360001CA08C4B9A4540F0D680B14203D0314668
:10F37000204623F08DFE3A6A93469246002A00F01A
:10F38000D4802E2130463A6123F0C6FE3A69002827
:10F3900000F0D280801B99F82420FB6800F833200D
:10F3A000204499F81020002A3FD13E6AAA68B24250
:10F3B00068DC002397F81C90D7F818A0AB60B9F16F
:10F3C000000F0AD1DAF800302146324650461B6B56
:10F3D0009847B04218BF4FF0010940463C37C8F883
:10F3E00000A088F80490BD46BDEC028BBDE8F08F0C
:10F3F00000F1080300F1010A23F00703ADEB030D50
:10F40000E9F7DAF907F1280304AE009452463146D1
:10F410008DED028B786207F12400F0F7BBF93862BA
:10F4200077E74FF0000AD34650464FEA4A0296F873
:10F4300000A00732BAF12D0F22F00702ADEB020D4A
:10F4400004AE00F08E80AAF12B02B2FA82F25209C9
:10F45000002A40F086809246B44699F82530D9E9D2
:10F460000212009007F120000390CDE901C47869F1
:10F470003446FFF75BF93A6A0AEB0206AA68B24221
:10F480003E6296DDD31DB968786907F1200623F046
:10F490000703ADEB030D2B46019404AC02960094D8
:10F4A000FFF7EAFE3E6A84E7E9F786F907F12803E9
:10F4B00078622D22314607F124008DED008BF0F7A4
:10F4C00069F92C2838627FF724AF00F10803441C47
:10F4D00023F00703ADEB030DE9F76EF907F12803FD
:10F4E00004AE22468DED008B3146786207F1240090
:10F4F000F0F750F938620CE7C7E900213861EFF7FF
:10F500007BFB38690368D3F81CA0224B9A45D7E9E6
:10F5100000213FF42AAF0A4623463146D0473A6AD3
:10F5200093469246002A7FF42CAF99F81030002BB6
:10F530007FF477AF164639E799F8101000293FF4A9
:10F5400034AF022A7FF771AF7278392A3FF62DAFB8
:10F55000B178303909293FF628AF2F2A7FF625AF39
:10F5600063E70BF1FF33B4464FF0010A3B6214F836
:10F57000013B0CF8013B70E7B142D6D03146204642
:10F580003A6123F085FD3A69FBE6FDF73FFA00BFDB
:10F590001047002089EB001030B589B004460DF10A
:10F5A000180C9DF834508CE80C000C9B9DED0E7BE4
:10F5B00000939CE80C00019500258DED047B0295DD
:10F5C000FFF76AFE204609B030BD00BF2DE9F04FBD
:10F5D0002DED028B93B0804604AF07F11804BD6E89
:10F5E000796105F16C0084E80C0097F86C3097F8AD
:10F5F0007040BB6097ED1E8BFEF7A8FE22466C683C
:10F60000814607F128012846002CB8BF062414F0D3
:10F6100049FBEB688CB003F4827304AEB3F5827FD0
:10F6200000F0DC80E9F7C8F807F1280378622D22A2
:10F63000314607F1240000948DED028BF0F7AAF813
:10F640002C2838626EDC9F48E9F750FBEB6E5B6854
:10F6500053F82000002800F032813A6A90F81CC06C
:10F66000D31D9246BCF1010F934623F0070306EB2E
:10F670000201ADEB030D0DF117044FEAD40324F0A2
:10F680000704FB6000F01281BCF1000F00F0CE8097
:10F690000368D3F81CA08C4B9A4540F0D680B14249
:10F6A00003D03146204623F0F3FC3A6A9346924653
:10F6B000002A00F0D4802E2130463A6123F02CFD40
:10F6C0003A69002800F0D280801B99F82420FB685A
:10F6D00000F83320204499F81020002A3FD13E6AD8
:10F6E000AA68B24268DC002397F81C90D7F818A0EB
:10F6F000AB60B9F1000F0AD1DAF80030214632468A
:10F7000050461B6B9847B04218BF4FF00109404666
:10F710003C37C8F800A088F80490BD46BDEC028BC9
:10F72000BDE8F08F00F1080300F1010A23F00703A0
:10F73000ADEB030DE9F740F807F1280304AE0094A0
:10F74000524631468DED028B786207F12400F0F7C6
:10F7500021F8386277E74FF0000AD34650464FEA67
:10F760004A0296F800A00732BAF12D0F22F00702E4
:10F77000ADEB020D04AE00F08E80AAF12B02B2FABE
:10F7800082F25209002A40F086809246B44699F8E7
:10F790002530D9E90212009007F120000390CDE94D
:10F7A00001C478693446FEF7C1FF3A6A0AEB0206E3
:10F7B000AA68B2423E6296DDD31DB968786907F146
:10F7C000200623F00703ADEB030D2B46019404AC98
:10F7D00002960094FFF750FD3E6A84E7E8F7ECFFDD
:10F7E00007F1280378622D22314607F124008DEDC0
:10F7F000008BEFF7CFFF2C2838627FF724AF00F1A2
:10F800000803441C23F00703ADEB030DE8F7D4FF16
:10F8100007F1280304AE22468DED008B3146786255
:10F8200007F12400EFF7B6FF38620CE7C7E90021C3
:10F830003861EFF7E1F938690368D3F81CA0224B6F
:10F840009A45D7E900213FF42AAF0A4623463146BC
:10F85000D0473A6A93469246002A7FF42CAF99F833
:10F860001030002B7FF477AF164639E799F8101067
:10F8700000293FF434AF022A7FF771AF7278392A3A
:10F880003FF62DAFB178303909293FF628AF2F2A3E
:10F890007FF625AF63E70BF1FF33B4464FF0010A63
:10F8A0003B6214F8013B0CF8013B70E7B142D6D043
:10F8B000314620463A6123F0EBFB3A69FBE6FDF75F
:10F8C000A5F800BF1047002089EB001030B589B0C3
:10F8D00004460DF1180C9DF834508CE80C000C9B7C
:10F8E0009DED0E7B00939CE80C0001954C258DED61
:10F8F000047B0295FFF76AFE204609B030BD00BFC9
:10F9000030B59DF80C40A4B18646184DA5FB013CCE
:10F910000C464FEADC0C092C0CEB8C03A1EB4303E7
:10F92000614613441B790EF8013DEFD8A0EB0E00A1
:10F9300030BD03F04A04402C0ED013F4804F8646AD
:10F940000CBF042314231A4401F00F030909D35CEC
:10F950000EF8013DF8D1E9E7864601F00703C90832
:10F9600013441B790EF8013DF7D1DFE7CDCCCCCCA9
:10F970002DE9F04F8DB0064604AF07F11004D7F81B
:10F980004880B96008F16C0084E80C0097F84C30AE
:10F990007B60FEF7DBFCD8F80CA086B0396D00F177
:10F9A00026030AF04A0B054604ACFB60BBF1400F8E
:10F9B00018BFBBF1080F14BF4FF001094FF0000949
:10F9C000002903DCB9F1000F00D04942CDF80090C6
:10F9D0005346FA6804F11400FFF792FFC0F11403D4
:10F9E0000246F8611C442B7C33BBB9F1000F3DD0BB
:10F9F0003B6D002B6DDB1AF4006F4DD1D8F8083049
:10FA0000934253DC00233D7DD7F81090C8F80830AE
:10FA100055B9D9F800302146FA6048461B6B984723
:10FA2000FA68904218BF012530462437C6F8009086
:10FA30003571BD46BDE8F08F420095F8253007F1DD
:10FA40001C00093222F00702ADEB020DD5E90212CB
:10FA500002940DF11204CDF8008001940390B8686F
:10FA6000FEF790FEFA69B9F1000FC1D11AF4007FD8
:10FA7000C4D03B6D002BC1D0BBF1400F30D0CAF3D6
:10FA8000803AFB680232023C53449B78FA6163700F
:10FA900095F82A302370B1E795F827300132013C00
:10FAA0002370D8F80830FA619342ABDDDD1D1A46A9
:10FAB000434625F00705ADEB050D07F11C05D7E919
:10FAC0000110019404AC02950094FFF7D5FBFA698C
:10FAD00098E795F826300132013C2370FA618DE7F2
:10FAE00095F82A300132013C2370FA6186E700BFA5
:10FAF00030B587B004460DF1100C9DF82C508CE801
:10FB00000C000A9B00939CE80C0001950C9D02954B
:10FB1000FFF72EFF204607B030BD00BF2DE9F04FA4
:10FB20008DB0054604AFBE6C07F1080497F84CB0E1
:10FB3000D6F80C8097F8509018F0010F84E80C006C
:10FB400016D1CDE901B994E80C00009607F118062A
:10FB50003046FFF70DFF96E80300B860397324378D
:10FB600094E8030085E803002846BD46BDE8F08F11
:10FB700006F16C00FEF7EAFBB9F1000F41D0B26864
:10FB8000D0E9053A924541DAA2EB0A09594608F054
:10FB9000B0087B6009F1070222F00702ADEB020D0D
:10FBA0004A460DF1100B584623F0AAFA0022B8F18C
:10FBB000200F7B68B26043D097F80C80BE687B60F2
:10FBC000B8F1000F13D1326859463046D2F830B040
:10FBD0004A46D84781457B6855D119463368524615
:10FBE00030461B6B9847824518BF4FF0010807F15C
:10FBF0002003BE6187F81C8013E90300B8603973E5
:10FC0000ADE7D0E9073AB2689245BDDB0022D7F8EC
:10FC10000880B2603E7B4EB91946D8F80030524693
:10FC200040461B6B9847824518BF012607F1200309
:10FC3000C7F818803E7713E90300B86039738EE780
:10FC400007F11806524607F1100894E8030086E809
:10FC5000030019463046FDF781FA4A4696E803004C
:10FC600088E80300B860397394E8030086E803006D
:10FC700059463046FDF772FA96E8030088E803001B
:10FC8000B86039736BE74FF00108B0E72DE9F04F2A
:10FC90008DB0064604AF07F11004D7F84880F9602C
:10FCA00008F16C0084E80C0097F84C30BB60FEF75C
:10FCB0004DFBD8F80C9086B000F12603054609F0FC
:10FCC0004A0A396D1A467B60BAF1400F18BFBAF183
:10FCD000080F4B4609A804AC14BF4FF0010B4FF0BE
:10FCE000000BCDF800B0FFF70BFEC0F11403024685
:10FCF000F8611C442B7C03BBBBF1000F37D0D8F854
:10FD00000830934249DC00233D7DD7F81090C8F8B5
:10FD1000083055B9D9F800302146FA6048461B6BC7
:10FD20009847FA68824218BF012530462437C6F842
:10FD300000903571BD46BDE8F08F420095F8253042
:10FD400007F11C00093222F00702ADEB020DD5E9E4
:10FD5000021202940DF11204CDF800800194039078
:10FD6000F868FEF70FFDFA69BBF1000FC7D119F46F
:10FD7000007FC4D03B6D002BC1D0BAF1400F1FD023
:10FD8000C9F380397B680232023C4B449B78FA61AC
:10FD9000637095F82A302370B1E7DD1D1A4643469B
:10FDA00025F00705ADEB050D07F11C05D7E902109D
:10FDB000019404AC02950094FFF75EFAFA69A2E799
:10FDC00095F82A300132013C2370FA6197E700BFB1
:10FDD00030B587B004460DF1100C9DF82C508CE81E
:10FDE0000C000A9B00939CE80C0001950C9D029569
:10FDF000FFF74CFF204607B030BD00BF2DE9F041B2
:10FE000088B0054604AC0E9E06AF84E80C009DF851
:10FE10003C303846CDE900630E4BD6F80C8008EA3A
:10FE2000030343F40273F360109B029394E80C0005
:10FE3000FFF72CFFC6F80C8097E8030004908DF8BC
:10FE4000141094E8030085E80300284608B0BDE8D4
:10FE5000F08100BFB5BFFFFF2DE9F04F9DF82C10DA
:10FE60008146099899B34D462D4C4FF0CC38052664
:10FE7000D1189E4641F10001A4FB017C2CF0030740
:10FE800007EB9C07C91B1746B2EB010C63F1000B93
:10FE900008FB0CFAACFB042C04FB0BAA02F00103D8
:10FEA0005208E244A3FB06C342EACA721CEB010CEF
:10FEB0000A2F4FEA5A0384447EF1000E9CF8041086
:10FEC00005F8011DD4D2A9EB0500BDE8F08F0A9911
:10FED00001F04A01402914D00A994D4611F4804F8F
:10FEE0000CBF04211421084402F00F011209415CE7
:10FEF00042EA03721B0905F8011D52EA0301F3D11E
:10FF0000E1E74D4602F00701D208014442EA43729C
:10FF1000DB08097905F8011D52EA0301F2D1D2E7A5
:10FF2000CDCCCCCC2DE9F04F8FB0064604AF07F115
:10FF30001804D7F85080B96008F16C0084E80C0010
:10FF400097F85430D7E916A97B60FEF7FFF9D8F887
:10FF50000CB005468AB052460BF04A0005F1260364
:10FF600004A9402818BF082838603B614B4614BFDD
:10FF700001240024BAF1010F7C6179F1000004DA58
:10FF80001CB1DAF1000269EB49037869CDE901B0EF
:10FF90003869009001F12800F960FFF75DFFF9680A
:10FFA000C0F1280C2B7C044678628C44002B4ED187
:10FFB0007B69002B67D0B9F1000F3FDB1BF4006FAA
:10FFC0001CD1D8F80820A24224DC00233D7FD7F8BA
:10FFD0001890C8F808304DB9D9F80030614622466B
:10FFE00048461B6B9847A04218BF012530462C3766
:10FFF000C6F800903571BD46BDE8F08F0134D8F8E1
:020000041002E8
:10000000082095F827300CF1FF3CA2427C628CF866
:100010000030DADDD31D07F1240423F00703ADEB34
:10002000030D434604ADD7E90110CDF804C0029496
:100030000095FFF721F97C6AAC46C6E795F82630B3
:1000400001340CF1FF3C8CF800307C62B9E74400CD
:1000500007F1240095F82530093424F00704ADEBAE
:10006000040D0DF11204D5E90212CDF808C0019477
:10007000CDF800800390B868FEF784FB7B69A44646
:100080007C6A002B97D11BF4007F9AD05AEA0909A9
:1000900097D03B68402B0FD0CBF3803B3B690234B9
:1000A000ACF1020C5B449B787C628CF8013095F8D3
:1000B0002A308CF8003084E795F82A3001340CF1AE
:1000C000FF3C8CF800307C627BE700BF30B587B026
:1000D00004460DF1100C9DF82C509DED0C7B8CE826
:1000E0000C000A9B00939CE80C0001958DED027BAF
:1000F000FFF718FF204607B030BD00BF2DE9F04FD5
:100100008FB0064604AF07F11804D7F85080F960A5
:1001100008F16C0084E80C0097F85430BC6DBB60AB
:10012000FB6D7C607B61FEF711F9D8F80C908AB00A
:1001300000F12602054609F04A0A04A9CDF8049008
:100140000EA8BAF1400F18BFBAF1080F3A6000923A
:10015000224614BF4FF0010B4FF0000BCDF808B052
:100160007B693961FFF778FE3969C0F128030446DD
:10017000786201EB030C2B7CFBB9BBF1000F38D08C
:10018000D8F80820A2424EDC00233D7FD7F8189013
:10019000C8F808304DB9D9F80030614622464846C3
:1001A0001B6B9847844218BF012530462C37C6F890
:1001B00000903571BD46BDE8F08F440007F1240082
:1001C00095F82530093424F00704ADEB040D0DF14A
:1001D0001204D5E90212CDF808C00194CDF80080D0
:1001E0000390F868FEF7CEFAA4467C6ABBF1000FD4
:1001F000C6D119F4007FC3D07B687A691343BFD09E
:10020000BAF1400F23D0C9F380393B680234ACF116
:10021000020C4B449B787C628CF8013095F82A30B4
:100220008CF80030ACE7D31D07F1240423F007035A
:10023000ADEB030D434604ADD7E90210CDF804C081
:1002400002940095FFF718F87C6AAC469CE795F895
:100250002A3001340CF1FF3C8CF800307C628FE7CF
:1002600030B587B004460DF1100C9DF82C509DED73
:100270000C7B8CE80C000A9B00939CE80C00019519
:100280008DED027BFFF73AFF204607B030BD00BF7F
:1002900070B5054682B0D0E90004A4F1FF34B4FA89
:1002A00084F4640900280CBF002604F0010696B906
:1002B000D1E90030A0F1FF30B0FA80F04009002B06
:1002C0000CBF002500F001055DB9201AB0FA80F0DE
:1002D000400902B070BDD0E902239A4207D200243F
:1002E000E6E7D3E9020290420CD20020EDE7036872
:1002F00001915B6A984701300199F0D1002334469F
:100300002B60D5E71A6818460191536A9847013067
:100310000199EAD1002328460B60D6E72DE9F04F7A
:1003200089B00146149C029104A904F16C00169E48
:1003300081E80C00FEF70AF812A9054604A8FFF7A9
:10034000A7FF8346002800F06C8200242B7CA24685
:100350002746A54A03920792002B40F05B8295F84E
:100360006480B8F1000F40F0B580BBF1000F40F0A1
:1003700022835B46CDF800B0DFF870B20193A4F1A0
:100380003003092B47D8336853F80C8C53F8082CEA
:1003900008F10107974204D853F8042C002A40F3CF
:1003A0001081394630460DF11C09EDF76BFF3368BB
:1003B00053F80C2C9C543268A2F10C035B4540F0BE
:1003C00008810127049CD4E90232934266D20133AA
:1003D0004FF0FF319A42A36005916CD90024DDE90A
:1003E0001203A3F1FF33B3FA83F35B0910B1002BBF
:1003F00040F09B81A34200F0B3800498002800F0F5
:10040000BC81D0E90232934280F0AC811C78A4F127
:100410003003092BB7D995F82430A34200F0B381FB
:1004200095F85C30A34204D095F86230A34240F0C6
:100430009780009B83F001031F4000F091806521AD
:1004400030460DF11C09EEF725F80498FCF796FEEE
:100450004FF0FF3312A904A80593FFF719FF0028F6
:1004600040F0A78004A80DF11C09F2F77BFDC4B28F
:1004700095F84B30A34200F0A58295F84A30A3428C
:1004800040F061822D2130460DF11C09EEF702F893
:10049000049C0097D4E90232934298D32368204603
:1004A0000DF11C099B6A98474FF0FF330593D4E97F
:1004B00002329A4292D8236820460DF11C095B6AE9
:1004C0009847431C00F0D782A0F1FF34B4FA84F4BB
:1004D000640984E7BBF1000F40F06D825A46CDF805
:1004E00000B02B7C05F14E0B019223B195F825202D
:1004F000A24200F0218195F82430A34278D00A224C
:100500002146584622F008FE002800F0B880A0EBF3
:100510000B000DF11C0900F130013046C9B2EDF7B6
:10052000B9FF0AF1010A4746049CD4E9023293421A
:100530007CD201334FF0FF319342A360059180F0EC
:1005400083800024139B1298A3F1FF33B3FA83F343
:100550005B0910B1002B40F02881A34240F083805A
:10056000079C54F80C3CA3B1019B3BBB009B2BBBED
:100570000DF11C095FFA8AF14846EDF78BFF079CE5
:100580004A46D5E9020113F01BFC10B90423159A61
:10059000136004AB029A93E80300A4F10C0382E811
:1005A0000300124A934240F03682029809B0BDE837
:1005B000F08F079C54F80C3C002BEAD00DF11C097D
:1005C000DEE742469C543268A2F10C035B453FF4DF
:1005D000F8AE002142F80C7C4344012742F8041C89
:1005E0004FF000025A73EDE64446002038460020E2
:1005F000DDE90023079C134354F80C1C13F0FF03A0
:100600000093D7D129B107A85FFA8AF18146EDF7A7
:1006100041FF2E2130460DF11C09EDF73BFF049CF4
:10062000CDF80480D4E90232934282D32368204675
:100630000DF11C099B6A98474FF0FF330593D4E9ED
:1006400002329342FFF47DAF236820460DF11C096E
:100650005B6A9847421C00F01B82A0F1FF34B4FA99
:1006600084F464096EE70498002800F0A580D0E9BE
:100670000232934280F0E4811C782B7C35E795F8B8
:100680005C30A34204D095F86230A3427FF468AF97
:10069000009B83F00103DBB2002B3FF461AF002F1E
:1006A0003FF45EAF079B53F80C3C1BB1019B002B42
:1006B00000F09F80652130460DF11C09EDF7EAFE40
:1006C0000498D0E90232934280F02981013383609B
:1006D0004FF0FF3312A904A80DF11C090593FFF791
:1006E000D7FD00287FF465AFDDE9040410B1611C7B
:1006F00000F08680E4B295F84B102B7CA1425DD0CF
:1007000095F84A20A24270D1002B5FD195F8243091
:10071000A34200F059812D2130460DF11C09EDF75F
:10072000B9FE4746CDF80080FEE6D0E902239A42A2
:1007300080F0FB8000235DE6DDE90032134313F017
:10074000FF0301937FF435AFBAF1000F00F027816A
:1007500007A85FFA8AF18146EDF79CFE00239A46CE
:100760000093E1E603680DF11C095B6A9847C4B287
:1007700001307FF404AE00230493FF2495F8243065
:10078000A3427FF44DAEDDE900321343DBB2002B10
:100790007FF446AE01232E2130460DF11C09019352
:1007A000EDF778FE002300930CE6D0E902239A428D
:1007B00080F019810023D0E6FF245EE733B995F875
:1007C0002430A34200F000812B21A5E795F82520D5
:1007D000A24200F0A08095F82430A34200F09B8054
:1007E000A1420CBF2B212D2196E74746CDF8008072
:1007F0007BE607A85FFA8AF18146EDF74BFE59E7E1
:10080000D0E90232934280F024811C7873E7A34B35
:10081000039307930DF11C0920214846EDF732FDA3
:100820009DE504A8F2F79EFB95F84B10C4B2287C16
:10083000A14200F0E68095F84A200346A24200F06B
:10084000848000274FF0FF38BA461BB195F8252069
:10085000A242DCD095F82420A2423FF47AAD95F86C
:100860004E20A2427FF475AD0FB3049F0AF1010A36
:10087000D7E90232934225D20133CDF814809A424F
:10088000BB6029D90027DDE91203A3F1FF33B3FAD6
:1008900083F35B0900280CBF002103F0010181BB39
:1008A0009F4223D14FF0010B2B7C5F4651E5302155
:1008B0003046EDF7EFFD049F0AF1010AD7E9023255
:1008C0009342D9D33B6838469B6A9847CDF8148049
:1008D000D7E902329A42D5D83B6838465B6A9847D6
:1008E0000130CFD1002301270493CCE7049880B1D5
:1008F000D0E90232934280F09B801C782B7C012748
:10090000A3E7D0E902239A4262D20023C8E700237A
:100910000493FF24F2E74746CDF80080E8E503683A
:100920000DF11C099B6A9847D2E603680DF11C097A
:100930005B6A984701300CBF012300237FF45AAD56
:100940000022129256E5009719E530B995F8242057
:1009500094423FF476AF2D210BE095F82520A2427A
:100960001BD095F82430A34217D0A1420CBF2B21F5
:100970002D213046EDF78EFD0498FCF7FFFB4FF07C
:10098000FF3312A904A80593FFF782FC00286CD05E
:10099000002783462B7CBA46DBE4034651E73368E5
:1009A00053F8042CA3F10C01002A67DD3C48814276
:1009B00078D1039B3360079C54F80C3C002B7FF4E8
:1009C000D7ADE6E52B215EE54746CDF8008094E5FE
:1009D000036800915B6A98470130009995D1002225
:1009E0000B4612925CE703680DF11C095B6A98479D
:1009F00001300CBF012300237FF4AFAD002212921F
:100A0000ABE503460028A8D195F8242094423FF492
:100A100018AF2B21ADE754F8042C511E002A44F8DE
:100A2000041C3FF7C2AD06A91846EDF7D5FABCE5A0
:100A300003685B6A9847421C3FF469AFC4B25DE744
:100A400003680DF11C095B6A9847431C23D0C4B2AC
:100A500013E603680DF11C095B6A9847C4B20130C4
:100A60007FF449AE0023049345E604A8F2F77AFA2E
:100A70002B7CC4B2E5E60023049325E5084A9142A5
:100A800099D043F804AC43F80CAC83F800A092E78B
:100A900000230493E1E500230493D8E744460020B3
:100AA00038460020013A43F8042C82E74846FCF718
:100AB000D7FB11F05FFC00BF2DE9F0478CB0054675
:100AC0008946202108AC0DF1280884E80C00424B2F
:100AD0004046DDE916670A93EDF7D4FB14AB0296A6
:100AE00006AECDE9037893E803008DE8030049469C
:100AF000304694E80C00FFF711FC96E803000A9ECC
:100B0000814684E80300E7F757FE0B903A463046EB
:100B100018990BAB12F074FD099EA6F1FF36B6FAD8
:100B200086F67609B9F1000F0CBF4FF0000A06F007
:100B3000010ABAF1000F24D1159B1498A3F1FF33D9
:100B4000B3FA83F35B0900B1ABB9B34203D13B689D
:100B500043F002033B600A9BCDF820901F4A94E8C3
:100B6000030085E80300A3F10C0090420FD1284652
:100B70000CB0BDE8F087D0E902239A421ED20023D0
:100B8000E3E7D9E902239A420CD20026D4E753F8CE
:100B9000042C511E002A43F8041CE8DC0BA9EDF7D5
:100BA0001BFAE4E7D9F8003048465B6A9847013001
:100BB0000ABF564600264FF00009BDE703685B6A8E
:100BC0009847A0F1FF33B3FA83F35B09BDE74046D2
:100BD000FCF746FB11F0CEFB4446002038460020CF
:100BE0002DE9F0478CB005468946202108AC0DF16F
:100BF000280884E80C00424B4046DDE916670A935A
:100C0000EDF740FB14AB029606AECDE9037893E80E
:100C100003008DE803004946304694E80C00FFF7D6
:100C20007DFB96E803000A9E814684E80300E7F70F
:100C3000C3FD0B903A46304618990BAB12F022FDDB
:100C4000099EA6F1FF36B6FA86F67609B9F1000FCD
:100C50000CBF4FF0000A06F0010ABAF1000F24D1D0
:100C6000159B1498A3F1FF33B3FA83F35B0900B12A
:100C7000ABB9B34203D13B6843F002033B600A9B2C
:100C8000CDF820901F4A94E8030085E80300A3F103
:100C90000C0090420FD128460CB0BDE8F087D0E997
:100CA00002239A421ED20023E3E7D9E902239A42A3
:100CB0000CD20026D4E753F8042C511E002A43F826
:100CC000041CE8DC0BA9EDF787F9E4E7D9F800305C
:100CD00048465B6A984701300ABF564600264FF0E7
:100CE0000009BDE703685B6A9847A0F1FF33B3FAD8
:100CF00083F35B09BDE74046FCF7B2FA11F03AFB1B
:100D000044460020384600202DE9F0478CB00546C7
:100D10008946202108AC0DF1280884E80C00424BDC
:100D20004046DDE916670A93EDF7ACFA14AB02967C
:100D300006AECDE9037893E803008DE80300494649
:100D4000304694E80C00FFF7E9FA96E803000A9EA3
:100D5000814684E80300E7F72FFD0B903A463046C2
:100D600018990BAB12F0DAFC099EA6F1FF36B6FA21
:100D700086F67609B9F1000F0CBF4FF0000A06F0B5
:100D8000010ABAF1000F24D1159B1498A3F1FF3387
:100D9000B3FA83F35B0900B1ABB9B34203D13B684B
:100DA00043F002033B600A9BCDF820901F4A94E871
:100DB000030085E80300A3F10C0090420FD1284600
:100DC0000CB0BDE8F087D0E902239A421ED200237E
:100DD000E3E7D9E902239A420CD20026D4E753F87C
:100DE000042C511E002A43F8041CE8DC0BA9EDF783
:100DF000F3F8E4E7D9F8003048465B6A98470130D9
:100E00000ABF564600264FF00009BDE703685B6A3B
:100E10009847A0F1FF33B3FA83F35B09BDE740467F
:100E2000FCF71EFA11F0A6FA4446002038460020CE
:100E30002DE9F04F8FB01A9C0AA9069004F16C00BE
:100E400081E80C00FDF782FAE368054603F04A09E1
:100E5000B9F1400F00F06482B9F1080F18A90AA88F
:100E600014BF4FF00A084FF01008FFF711FA82463E
:100E7000002840F05F820AA8F2F774F895F84A302B
:100E8000C4B2A3420CBF01230023079304D095F8FA
:100E90004B30A34240F067822B7C002B40F0EF8068
:100EA00095F82420A24211D00A98FCF767F94FF078
:100EB000FF3318A90AA80B93FFF7EAF9002840F0BE
:100EC00058820AA8F2F74EF82B7CC4B200263746A7
:100ED00023B195F82520A24200F05E8295F82420E7
:100EE000A24243D095F84E20A24200F0CE80002EC0
:100EF00000F00E8195F84C20A24204D095F84D20C8
:100F0000A24240F04782B8F1100F18BFB9F1000FAC
:100F10000CBF0122002240F05B8200274FF0100836
:100F20003E460A9AD2E902318B4280F0CB800133EF
:100F30004FF0FF308B4293600B9080F0D1804FF0E8
:100F4000000B199B1898A3F1FF33B3FA83F35B09E5
:100F500000280CBF002103F00101002940F011819D
:100F60009B4540F0C9802B7C4FF0010AB8F1100F6F
:100F700000F0D380AD4ACDF80480CDF80C800D92FE
:100F8000002B40F0D580079A6FF000430399D318E7
:100F900095F8642005930992B3FBF1F30293002ABC
:100FA00040F04881BAF1000F40F0478208F1300864
:100FB000D346D146019B0A2B00F2D5802F2C40F25C
:100FC000FA80444580F0F780A4F13003029A4A4544
:100FD000C0F0B580039A01370A9C09FB02F9059A13
:100FE000D21A4A4538BF4BF0010B9944D4E902327A
:100FF000934280F0AC8001334FF0FF31A3600B913E
:10100000934280F0E8810024199B1898A3F1FF33E4
:10101000B3FA83F35B0910B1002B40F00081A342C7
:1010200040F0B6804FF001080D9B53F80C2C002ABD
:1010300040F0C980012E00F0DE80002F40F0DB8000
:101040001C9900220A6004221B990A60B8F1000F63
:1010500005D01B9A1B99126842F002020A600AAA84
:10106000069C92E80300A3F10C0284E80300704997
:101070008A4240F09E8106980FB0BDE8F08F95F847
:101080002520A2427FF40CAF20E786F00102B8F1E0
:101090000A0F08BF42F00102002A3FF42BAFB9F15A
:1010A000000F18BFB8F1080F0CBF0126002640F052
:1010B000B3800A9A00274FF00808D2E902318B4228
:1010C000FFF435AF1368104601929B6A98474FF0C2
:1010D000FF33019A0B93D2E902318B42FFF42FAF19
:1010E000136810465B6A984701307FF428AF0023ED
:1010F0004FF0010B0A9324E70A98002859D0D0E951
:1011000002239A424DD214782B7C002E7FF4E0AE5D
:10111000B8F1100FB2467FF42DAF444ACDF80C80E1
:101120004FF016080D92CDF80480002B3FF42BAF42
:101130000DAB202118460493EDF7A4F823E70A9C91
:101140004FF0010BD4E902329342FFF454AF23680D
:101150000DAA20469B6A049298474FF0FF330B93E9
:10116000D4E902324CE7A4F13003DAB2092A7FF65F
:101170002DAFA4F16103052B00F2CA80A4F157033F
:1011800024E7D0E902239A4280F0F8800023E7E6C2
:101190000A9880B1D0E90232934280F03A811C78FB
:1011A00008E703685B6A9847421C40F030810023DF
:1011B0000A93FF24A8E70D9B4FF0000853F80C2C6E
:1011C000002A3FF437AF0DABF9B218461C46049322
:1011D000EDF760F92246D5E9020112F0F1FD002891
:1011E00000F0BD800D9B37B9012E04D053F80C2CB4
:1011F000002A3FF425AFBAF1000F7FF421AFBBF115
:10120000000F40F09E80079A002A00F0DF80C9F1AD
:1012100000021C990A6019E70137164681E6D0E9F9
:1012200002239A4280F0E5800023F8E6444600203D
:1012300038460020BAF1000F40F0058105F14E0359
:10124000D346D14608932B7C1BB195F82520A242AA
:1012500046D095F82480019A002A18BFA0450CBFFB
:101260004FF001084FF00008A5D02146089C204609
:1012700021F052FF002800F0DE80001B029B0F28A7
:10128000C8BF06384B4540D3039B013709FB03F920
:10129000059B1B1A4B4538BF4BF0010B81440A9844
:1012A000D0E9023293422AD2013383604FF0FF33F8
:1012B00018A90AA80B930DAB0493FEF7E9FF80462B
:1012C00000287FF4B1AE0DAB0AA80493F1F74AFEF3
:1012D0002B7CC4B2002BBCD095F82520A242B8D1FB
:1012E000002F00F0B6800DABF9B218460493EDF76D
:1012F000D1F80A980027D0E902329342D4D3036888
:101300000DAA9B6A04929847D0E7DDF824B0C6E79F
:10131000A4F14103052B3FF64EAFA4F1370355E688
:1013200018A90AA8FEF7B4FF4FF008088246002863
:101330003FF4A1AD00231E4607932B7C344637466D
:1013400014E6079A1C98002A4FF004020CBF6FF0B5
:1013500000414FF0004101601B990A6076E60423CA
:101360001B9A13603EE700262B7CCDF81CA0374665
:10137000AEE5002682462B7C3746F7E503680191EF
:101380005B6A9847013001997FF400AF00220B4659
:101390001892E5E50126E9E5B8F1100F7FF4EAAD12
:1013A000314BCDF80C804FF016080D93CDF804802A
:1013B000BEE653F8041C481E002943F8040C3FF70E
:1013C0005AAE0CA91046ECF707FE54E64A4620E751
:1013D00092460126CEE523680DAA20465B6A049258
:1013E0009847431C38D0A0F1FF34B4FA84F4640960
:1013F0000AE603680DAA5B6A0492984701300CBFA5
:10140000012300237FF40BAE0022189207E6C4B23A
:101410007AE603680DAA5B6A049298470346C4B251
:1014200001337FF4C7AD0023FF240A93019B0A2BED
:101430007FF6C7AD9DE6C246F6E5DDF824B0D0469E
:10144000D946DA46F0E54FF00009D046CB46CA4609
:10145000EAE59A46B846E7E500230A93C3E704980D
:10146000FBF7FEFE10F086FF444600202DE9F04F0A
:1014700091B00C4606900CA91C9881E80C00C3683A
:10148000DA072AD41D9B029003931AAB93E803005A
:101490000FAB04934FF0FF338DE803000F93214609
:1014A0000CAB0AAC0CCB2046FFF7C2FC0CAB94E8AB
:1014B000030083E803000F9B012B00F2AD8003F0D3
:1014C00001031E9A13700CAB93E80300069B83E89C
:1014D0000300184611B0BDE8F08F6C30FCF736FF02
:1014E000036A82698346B3FA83F4B2FA82FA134339
:1014F0004FEA54144FEA5A1A00F026811B9B01262A
:101500004FF00008A3F1FF313546B1FA81F1DDE972
:101510000C724909B94694468E46ACF1FF33B3FAD2
:1015200083F35B09B9F1000F0CBF002703F001073B
:10153000002F40F09E801F461A9800280CBF4FF0E5
:1015400000090EF00109B9F1000F40F08680F14664
:101550004F4500F08B800C9810B1002B40F08F802D
:101560005FFA8CF33CB9DBF81C2012F80850ED1A36
:10157000B5FA85F56D0985F001021AEA020F40F00F
:10158000A780BAF1000F07D1DBF8142012F8086029
:10159000F61AB6FA86F6760986F00107274040F07B
:1015A0009C8055EA060A00F08C80DDF8309008F146
:1015B0000108D9E902239A4267D20132C9F808200A
:1015C0004FF0FF330D93002D3AD0DBF82040444517
:1015D0008CBF00240124002E33D12346AA464FF0AD
:1015E000FF3C002B99D0B9461DB1DBF820304345B4
:1015F00057D03EB1DBF81830434503D1B8F1000FA6
:1016000040F0A58000231E9A1370B9F1000F5BD043
:1016100006231D9A136056E701221E9904230CA885
:101620000A701AA91D9A1360FEF732FE00283FF4D3
:101630004AAF1D9B1D9A1B6843F00203136042E7EB
:101640005446DBF81830564643458CBF4FF0000A2D
:101650004FF0010A0AEA0403C1E7D0E902129142FD
:1016600044D24FF000094F457FF475AF4FF00109A8
:10167000BAE7D9E90210814249D200275CE7D0E9F4
:1016800002239A4255D213786CE7D9F800304846C5
:10169000CDF81CE09B6A9847DDF81CE090E7002637
:1016A000B146B8F1000FADD000231E9A13701EB1E1
:1016B000DBF81830434507D04FEA49031D9A136001
:1016C00001E71E9B83F800A004231D9A1360FAE62D
:1016D000002E47D04FF000098CE7002D3FD0DBF8FB
:1016E00020304345DBD04FF000098BE7CDE908EC13
:1016F000D0F800C00793DCF8243098470130DDF8BB
:1017000024C0DDE9073EACD100201A9020E7CDE9E6
:1017100008ECD9F800C048460793DCF82490C84785
:101720000130DDF824C0DDE9073EA6D100200C9091
:1017300002E70368CDF81CE05B6A9847431CDDF8BC
:101740001CE012D0C3B20DE71E9A1370BCE7012251
:101750001E9909FA02F30A701D9A1360B3E61E9BE4
:101760001D70B1E71E9B1E70AEE700230C93FF2394
:10177000F8E600BF10B588B08E4604460DF1180C8F
:101780008CE80C000C9B02930AAB93E803000D9BC2
:101790008DE803000E98714603939CE80C000490BA
:1017A0002046FFF745FB204608B010BD2DE9F04F5D
:1017B0008DB0189C08A9049004F16C0081E80C001D
:1017C000FCF7C4FDE368054603F04A09B9F1400F90
:1017D00000F06582B9F1080F16A908A814BF0A27FE
:1017E0001027FEF755FD8246002840F0618208A8C8
:1017F000F1F7B8FB95F84A30C4B2A3420CBF0123FD
:101800000023079304D095F84B30A34240F05E824A
:101810002B7C002B40F0EE8095F82420A24211D0C2
:101820000898FBF7ABFC4FF0FF3316A908A8099303
:10183000FEF72EFD002840F04F8208A8F1F792FB3A
:101840002B7CC4B20026B04623B195F82520A242D5
:1018500000F0558295F82420A24242D095F84E20FF
:10186000A24200F0CD80002E00F00B8195F84C20B4
:10187000A24204D095F84D20A24240F03E82102FA3
:1018800018BFB9F1000F0CBF0122002240F04D82B9
:101890004FF0000810274646089AD2E902318B42E1
:1018A00080F0C98001334FF0FF308B429360099084
:1018B00080F0CF804FF0000B179B1698A3F1FF33F9
:1018C000B3FA83F35B0900280CBF002103F0010188
:1018D000002940F00B819B4540F0C7802B7C4FF0E6
:1018E000010A102F00F0D180AC4A009702970B92AA
:1018F000002B40F0D2804FF6FF71029B95F86420D8
:1019000091FBF3F39BB206920193002A40F04A81C7
:10191000BAF1000F40F03E8207F13009D346574636
:10192000009B0A2B00F2D4802F2C40F2F980A145B5
:1019300040F2F680A4F13003019ABA42C0F0B480BC
:10194000029A08F10108089C02FB07F74FF6FF72A4
:10195000BFB2D21A9742C8BF4BF0010B1F44D4E963
:101960000232BFB2934280F0A78001334FF0FF31C3
:10197000A3600991934280F0DB810024179B1698A5
:10198000A3F1FF33B3FA83F35B0910B1002B40F0EE
:10199000FD80A34240F0B1804FF001090B9B53F84A
:1019A0000C2C002A40F0C480012E00F0DC80B8F13D
:1019B000000F40F0D88000221A990A800422199959
:1019C0000A60B9F1000F05D0199A1999126842F00E
:1019D00002020A6008AA049C92E80300A3F10C0228
:1019E00084E803006E498A4240F0928104980DB069
:1019F000BDE8F08F95F82520A2427FF40DAF21E7D6
:101A000086F001020A2F08BF42F00102002A3FF4CB
:101A10002DAFB9F1000F18BF082F0CBF012600260B
:101A200040F0B080089A4FF000080827D2E9023150
:101A30008B42FFF437AF1368104600929B6A9847B9
:101A40004FF0FF33009A0993D2E902318B42FFF441
:101A500031AF136810465B6A984701307FF42AAFB4
:101A600000234FF0010B089326E70898002855D073
:101A7000D0E902239A4249D214782B7C002E7FF4BD
:101A8000E3AE102FB2467FF42FAF444A02971627D9
:101A90000B920097002B3FF42EAF0BAB2021184682
:101AA0000393ECF7EFFB26E7089C4FF0010BD4E91A
:101AB00002329342FFF459AF23680BAA20469B6A77
:101AC000039298474FF0FF330993D4E9023251E76C
:101AD000A4F13003DAB2092A7FF62EAFA4F1610334
:101AE000052B00F2D480A4F1570325E7D0E90223A7
:101AF0009A4280F0F6800023EDE6089880B1D0E9A4
:101B00000232934280F032811C7809E703685B6AF5
:101B10009847421C40F0288100230893FF24ACE73B
:101B20000B9B4FF0000953F80C2C002A3FF43CAFFC
:101B30000BAB5FFA88F118461C460393ECF7AAFC3E
:101B40002246D5E9020112F03BF9002800F0BA80E4
:101B50000B9BB8F1000F06D1012E04D053F80C2CCA
:101B6000002A3FF428AFBAF1000F7FF424AFBBF195
:101B7000000F40F0A480079A0AB17F42BFB21A9AC0
:101B800017801EE708F10108164685E6D0E9022312
:101B90009A4280F0DB800023FBE600BF4446002031
:101BA00038460020BAF1000F40F0FA8005F14E03EC
:101BB000D346574605932B7C1BB195F82520A242AE
:101BC0004AD095F82490009A002A18BFA1450CBF6E
:101BD0004FF001094FF00009A2D02146059C204694
:101BE00021F09AFA002800F0D380001B019B0F28F7
:101BF000C8BF0638BB4247D3029B08F1010803FB6C
:101C000007F74FF6FF73BFB21B1A9F42C8BF4BF0D6
:101C1000010B0744BFB20898D0E9023293422DD29B
:101C2000013383604FF0FF3316A908A809930BAB6B
:101C30000393FEF72DFB814600287FF4AFAE0BAB7C
:101C400008A80393F1F78EF92B7CC4B2002BB8D00F
:101C500095F82520A242B4D1B8F1000F00F0A5807C
:101C60000BAB5FFA88F118460393ECF713FC089866
:101C70004FF00008D0E902329342D1D303680BAA97
:101C80009B6A03929847CDE7DDF818B0C3E7A4F14B
:101C90004103052B3FF644AFA4F137034CE616A9E8
:101CA00008A8FEF7F5FA0827824600283FF49FAD02
:101CB00000231E4607932B7C3446B04611E64FF6B0
:101CC000FF7279E60423199A136041E700262B7C02
:101CD000CDF81CA0B046B7E5002682462B7CB04666
:101CE000FFE5036800915B6A9847013000997FF433
:101CF00002AF00220B461692EDE50126F1E5102F0A
:101D00007FF4F2AD2E4B029716270B930097C4E693
:101D100053F8041C481E002943F8040C3FF766AE34
:101D20000AA91046ECF758F960E692460126DBE571
:101D300023680BAA20465B6A03929847431C37D05E
:101D4000A0F1FF34B4FA84F4640917E603680BAA1F
:101D50005B6A0392984701300CBF012300237FF494
:101D600018AE0022169214E6C4B286E603680BAAE7
:101D70005B6A039298470346C4B201337FF4D0AD47
:101D80000023FF240893009B0A2B7FF6D0ADA5E625
:101D9000CA4603E6DDF818B0D1465F46DA46FDE5EF
:101DA0000027D146BB46BA46F8E59A46C146F5E556
:101DB00000230893C4E70398FBF752FA10F0DAFA0D
:101DC0004446002010B588B08E4604460DF1180C2C
:101DD0008CE80C000C9B02930AAB93E803000D9B6C
:101DE0008DE803000E98714603939CE80C00049064
:101DF0002046FFF7DBFC204608B010BD2DE9F04F70
:101E00008DB0189C08A9049004F16C0081E80C00C6
:101E1000FCF79CFAE368054603F04A09B9F1400F64
:101E200000F05F82B9F1080F16A908A814BF4FF09F
:101E30000A084FF01008FEF72BFA8246002840F0FF
:101E40005A8208A8F1F78EF895F84A30C4B2A34236
:101E50000CBF01230023079304D095F84B30A34215
:101E600040F057822B7C002B40F0EB8095F824202B
:101E7000A24211D00898FBF781F94FF0FF3316A961
:101E800008A80993FEF704FA002840F0488208A841
:101E9000F1F768F82B7CC4B20026374623B195F8D9
:101EA0002520A24200F04E8295F82420A24243D081
:101EB00095F84E20A24200F0CA80002E00F00A8160
:101EC00095F84C20A24204D095F84D20A24240F053
:101ED0003782B8F1100F18BFB9F1000F0CBF012203
:101EE000002240F0498200274FF010083E46089A31
:101EF000D2E902318B4280F0C78001334FF0FF30CE
:101F00008B429360099080F0CD804FF0000B179BBF
:101F10001698A3F1FF33B3FA83F35B0900280CBFD3
:101F2000002103F00101002940F00D819B4540F0A4
:101F3000C5802B7C4FF0010AB8F1100F00F0CF8064
:101F4000AB4ACDF80080CDF808800B92002B40F012
:101F5000D1804FF0FF31029A95F86430B1FBF2F274
:101F600006930192002B40F04781BAF1000F40F038
:101F7000388208F13008D346D146009B0A2B00F284
:101F8000D4802F2C40F2F980A04540F2F680A4F1D5
:101F90003003019A4A45C0F0B480029A0137089C88
:101FA00009FB02F913EB0903994628BF4BF0010B1B
:101FB000D4E90232934280F0AC8001334FF0FF311C
:101FC000A3600991934280F0DA810024179B169850
:101FD000A3F1FF33B3FA83F35B0910B1002B40F098
:101FE000FF80A34240F0B6804FF001080B9B53F8EE
:101FF0000C2C002A40F0C980012E00F0DE80002F5A
:1020000040F0DB8000221A990A60042219990A60C4
:10201000B8F1000F05D0199A1999126842F002021E
:102020000A6008AA049C92E80300A3F10C0284E869
:10203000030070498A4240F0928104980DB0BDE8D7
:10204000F08F95F82520A2427FF410AF24E786F0A8
:102050000102B8F10A0F08BF42F00102002A3FF462
:102060002FAFB9F1000F18BFB8F1080F0CBF012650
:10207000002640F0B280089A00274FF00808D2E905
:1020800002318B42FFF439AF1368104600929B6A0D
:1020900098474FF0FF33009A0993D2E902318B42FF
:1020A000FFF433AF136810465B6A984701307FF442
:1020B0002CAF00234FF0010B089328E70898002865
:1020C00059D0D0E902239A424DD214782B7C002EAD
:1020D0007FF4E4AEB8F1100FB2467FF431AF444A5A
:1020E000CDF808804FF016080B92CDF80080002B39
:1020F0003FF42FAF0BAB202118460393ECF7C2F847
:1021000027E7089C4FF0010BD4E902329342FFF419
:1021100054AF23680BAA20469B6A039298474FF05E
:10212000FF330993D4E902324CE7A4F13003DAB269
:10213000092A7FF62EAFA4F16103052B00F2C980B6
:10214000A4F1570325E7D0E902239A4280F0EC80FE
:102150000023EBE6089880B1D0E90232934280F088
:102160002C811C7809E703685B6A9847421C40F0A1
:10217000228100230893FF24A8E70B9B4FF000085F
:1021800053F80C2C002A3FF437AF0BABF9B21846CA
:102190001C460393ECF77EF92246D5E9020111F0C3
:1021A0000FFE002800F0B1800B9B37B9012E04D040
:1021B00053F80C2C002A3FF425AFBAF1000F7FF43E
:1021C00021AFBBF1000F40F09D80079A0AB1C9F121
:1021D00000091A9AC2F800901AE70137164686E6F7
:1021E000D0E902239A4280F0D8800023F9E600BFAC
:1021F0004446002038460020BAF1000F40F0F78036
:1022000005F14E03D346D14605932B7C1BB195F8BF
:102210002520A24245D095F82480009A002A18BFB4
:10222000A0450CBF4FF001084FF00008A5D0214693
:10223000059C204620F070FF002800F0D080001B95
:10224000019B0F28C8BF06384B453FD3029B01377F
:1022500009FB03F910EB090028BF4BF0010B814685
:102260000898D0E9023293422AD2013383604FF0BA
:10227000FF3316A908A809930BAB0393FEF708F8E0
:10228000804600287FF4B2AE0BAB08A80393F0F7AA
:1022900069FE2B7CC4B2002BBDD095F82520A2424C
:1022A000B9D1002F00F0A9800BABF9B21846039307
:1022B000ECF7F0F808980027D0E902329342D4D323
:1022C00003680BAA9B6A03929847D0E7DDF818B021
:1022D000C6E7A4F14103052B3FF64FAFA4F1370346
:1022E00057E616A908A8FDF7D3FF4FF00808824665
:1022F00000283FF4A6AD00231E4607932B7C3446EE
:10230000374619E64FF0FF327DE60423199A136031
:102310004AE700262B7CCDF81CA03746BEE50026F8
:1023200082462B7C374607E6036800915B6A984734
:10233000013000997FF40CAF00220B461692F5E5B0
:102340000126F9E5B8F1100F7FF4FAAD304BCDF866
:1023500008804FF016080B93CDF80080CAE653F8BA
:10236000041C481E002943F8040C3FF766AE0AA976
:102370001046EBF731FE60E692460126E0E5236861
:102380000BAA20465B6A03929847431C38D0A0F101
:10239000FF34B4FA84F4640918E603680BAA5B6A94
:1023A0000392984701300CBF012300237FF419AE3C
:1023B0000022169215E6C4B288E603680BAA5B6A8F
:1023C000039298470346C4B201337FF4D6AD00238D
:1023D000FF240893009B0A2B7FF6D6ADABE6C246DE
:1023E00004E6DDF818B0D046D946DA46FEE54FF0EF
:1023F0000009D046CB46CA46F8E59A46B846F5E508
:1024000000230893C3E70398FAF72AFF0FF0B2FFFF
:102410004446002010B588B08E4604460DF1180CD5
:102420008CE80C000C9B02930AAB93E803000D9B15
:102430008DE803000E98714603939CE80C0004900D
:102440002046FFF7DBFC204608B010BD2DE9F04F19
:102450008DB0189C08A9049004F16C0081E80C0070
:10246000FBF774FFE368054603F04A09B9F1400F32
:1024700000F05F82B9F1080F16A908A814BF4FF049
:102480000A084FF01008FDF703FF8246002840F0CD
:102490005A8208A8F0F766FD95F84A30C4B2A34204
:1024A0000CBF01230023079304D095F84B30A342BF
:1024B00040F057822B7C002B40F0EB8095F82420D5
:1024C000A24211D00898FAF759FE4FF0FF3316A92F
:1024D00008A80993FDF7DCFE002840F0488208A810
:1024E000F0F740FD2B7CC4B20026374623B195F8A7
:1024F0002520A24200F04E8295F82420A24243D02B
:1025000095F84E20A24200F0CA80002E00F00A8109
:1025100095F84C20A24204D095F84D20A24240F0FC
:102520003782B8F1100F18BFB9F1000F0CBF0122AC
:10253000002240F0498200274FF010083E46089ADA
:10254000D2E902318B4280F0C78001334FF0FF3077
:102550008B429360099080F0CD804FF0000B179B69
:102560001698A3F1FF33B3FA83F35B0900280CBF7D
:10257000002103F00101002940F00D819B4540F04E
:10258000C5802B7C4FF0010AB8F1100F00F0CF800E
:10259000AB4ACDF80080CDF808800B92002B40F0BC
:1025A000D1804FF0FF31029A95F86430B1FBF2F21E
:1025B00006930192002B40F04781BAF1000F40F0E2
:1025C000388208F13008D346D146009B0A2B00F22E
:1025D000D4802F2C40F2F980A04540F2F680A4F17F
:1025E0003003019A4A45C0F0B480029A0137089C32
:1025F00009FB02F913EB0903994628BF4BF0010BC5
:10260000D4E90232934280F0AC8001334FF0FF31C5
:10261000A3600991934280F0DA810024179B1698F9
:10262000A3F1FF33B3FA83F35B0910B1002B40F041
:10263000FF80A34240F0B6804FF001080B9B53F897
:102640000C2C002A40F0C980012E00F0DE80002F03
:1026500040F0DB8000221A990A60042219990A606E
:10266000B8F1000F05D0199A1999126842F00202C8
:102670000A6008AA049C92E80300A3F10C0284E813
:10268000030070498A4240F0928104980DB0BDE881
:10269000F08F95F82520A2427FF410AF24E786F052
:1026A0000102B8F10A0F08BF42F00102002A3FF40C
:1026B0002FAFB9F1000F18BFB8F1080F0CBF0126FA
:1026C000002640F0B280089A00274FF00808D2E9AF
:1026D00002318B42FFF439AF1368104600929B6AB7
:1026E00098474FF0FF33009A0993D2E902318B42A9
:1026F000FFF433AF136810465B6A984701307FF4EC
:102700002CAF00234FF0010B089328E7089800280E
:1027100059D0D0E902239A424DD214782B7C002E56
:102720007FF4E4AEB8F1100FB2467FF431AF444A03
:10273000CDF808804FF016080B92CDF80080002BE2
:102740003FF42FAF0BAB202118460393EBF79AFD14
:1027500027E7089C4FF0010BD4E902329342FFF4C3
:1027600054AF23680BAA20469B6A039298474FF008
:10277000FF330993D4E902324CE7A4F13003DAB213
:10278000092A7FF62EAFA4F16103052B00F2C98060
:10279000A4F1570325E7D0E902239A4280F0EC80A8
:1027A0000023EBE6089880B1D0E90232934280F032
:1027B0002C811C7809E703685B6A9847421C40F04B
:1027C000228100230893FF24A8E70B9B4FF0000809
:1027D00053F80C2C002A3FF437AF0BABF9B2184674
:1027E0001C460393EBF756FE2246D5E9020111F091
:1027F000E7FA002800F0B1800B9B37B9012E04D016
:1028000053F80C2C002A3FF425AFBAF1000F7FF4E7
:1028100021AFBBF1000F40F09D80079A0AB1C9F1CA
:1028200000091A9AC2F800901AE70137164686E6A0
:10283000D0E902239A4280F0D8800023F9E600BF55
:102840004446002038460020BAF1000F40F0F780DF
:1028500005F14E03D346D14605932B7C1BB195F869
:102860002520A24245D095F82480009A002A18BF5E
:10287000A0450CBF4FF001084FF00008A5D021463D
:10288000059C204620F048FC002800F0D080001B6A
:10289000019B0F28C8BF06384B453FD3029B013729
:1028A00009FB03F910EB090028BF4BF0010B81462F
:1028B0000898D0E9023293422AD2013383604FF064
:1028C000FF3316A908A809930BAB0393FDF7E0FCAF
:1028D000804600287FF4B2AE0BAB08A80393F0F754
:1028E00041FB2B7CC4B2002BBDD095F82520A24221
:1028F000B9D1002F00F0A9800BABF9B218460393B1
:10290000EBF7C8FD08980027D0E902329342D4D3F0
:1029100003680BAA9B6A03929847D0E7DDF818B0CA
:10292000C6E7A4F14103052B3FF64FAFA4F13703EF
:1029300057E616A908A8FDF7ABFC4FF00808824639
:1029400000283FF4A6AD00231E4607932B7C344697
:10295000374619E64FF0FF327DE60423199A1360DB
:102960004AE700262B7CCDF81CA03746BEE50026A2
:1029700082462B7C374607E6036800915B6A9847DE
:10298000013000997FF40CAF00220B461692F5E55A
:102990000126F9E5B8F1100F7FF4FAAD304BCDF810
:1029A00008804FF016080B93CDF80080CAE653F864
:1029B000041C481E002943F8040C3FF766AE0AA920
:1029C0001046EBF709FB60E692460126E0E5236836
:1029D0000BAA20465B6A03929847431C38D0A0F1AB
:1029E000FF34B4FA84F4640918E603680BAA5B6A3E
:1029F0000392984701300CBF012300237FF419AEE6
:102A00000022169215E6C4B288E603680BAA5B6A38
:102A1000039298470346C4B201337FF4D6AD002336
:102A2000FF240893009B0A2B7FF6D6ADABE6C24687
:102A300004E6DDF818B0D046D946DA46FEE54FF098
:102A40000009D046CB46CA46F8E59A46B846F5E5B1
:102A500000230893C3E70398FAF702FC0FF08AFCFF
:102A60004446002010B588B08E4604460DF1180C7F
:102A70008CE80C000C9B02930AAB93E803000D9BBF
:102A80008DE803000E98714603939CE80C000490B7
:102A90002046FFF7DBFC204608B010BD2DE9F041D1
:102AA0008CB08C46054608AC06AF84E80C00DDE926
:102AB0001463CDE902630BABD6F80C80049328F0C5
:102AC0004A0343F00803F36012AB93E803008DE878
:102AD00003006146384694E80C00FFF7B7FC0B9BF7
:102AE000169AC6F80C80136097E8030084E8030088
:102AF00085E8030028460CB0BDE8F0812DE9F04FD1
:102B000093B01E9C0EA90A9004F16C0081E80C00A1
:102B1000FBF71CFCE368054603F04A08B8F1400FD8
:102B200000F09582B8F1080F1CA90EA814BF0A275F
:102B30001027FDF7ADFB8346002840F091820EA8D8
:102B4000F0F710FA95F84A30C4B2A3420CBF012343
:102B500000230B9304D095F84B30A34240F09582AC
:102B60002B7C002B40F0088195F82420A24211D044
:102B70000E98FAF703FB4FF0FF331CA90EA80F9332
:102B8000FDF786FB002840F086820EA8F0F7EAF9F0
:102B90002B7CC4B20026B14623B195F82520A24271
:102BA00000F08C8295F82420A24242D095F84E2065
:102BB000A24200F0E780002E00F0258195F84C201D
:102BC000A24204D095F84D20A24240F07582102F09
:102BD00018BFB8F1000F0CBF0122002240F089821B
:102BE0004FF0000910274E460E9AD2E902318B426F
:102BF00080F0E38001334FF0FF308B4293600F9001
:102C000080F0E9804FF0000A1D9B1C98A3F1FF3370
:102C1000B3FA83F35B0900280CBF002103F0010124
:102C2000002940F025819A4540F0E1802B7C4FF04F
:102C3000010B102F00F0EB809A4A02970597119232
:102C4000002B40F0EC806FF000431A460B9B991864
:102C5000059A581ED31709910890079320F01CFA83
:102C600095F86430CDE903010D93002B40F06281AB
:102C7000BBF1000F40F0728207F1300AD8465F4680
:102C8000CDF804B0029B0A2B00F2E4802F2C40F216
:102C90000D81544580F00A81A4F13003039A424526
:102CA000049ABA41C0F0C280059A09F10109079956
:102CB00002FB07F70E9C08FB0177A2FB0882174472
:102CC000089AD11A099A62EBE3724145BA41019A16
:102CD00038BF42F0010213EB0808019247EBE3779B
:102CE000D4E90232934280F0A98001334FF0FF31E2
:102CF000A3600F91934280F0FF8100241D9B1C98DC
:102D0000A3F1FF33B3FA83F35B0910B1002B40F05A
:102D10000A81A34240F0B3804FF0010A119B53F89F
:102D20000C2C002A40F0CA80012E00F0E280B9F19C
:102D3000000F40F0DE8000210020209C0422C4E926
:102D400000011F990A60BAF1000F05D01F9A1F9960
:102D5000126842F002020A600EAA0A9C92E803007E
:102D6000A3F10C0284E803004F498A4240F0AF818E
:102D70000A9813B0BDE8F08F95F82520A2427FF4A1
:102D8000F3AE07E786F001020A2F08BF42F0010206
:102D9000002A3FF413AFB8F1000F18BF082F0CBF83
:102DA0000126002640F0BB800E9A4FF0000908274C
:102DB000D2E902318B42FFF41DAF13681046019235
:102DC0009B6A98474FF0FF33019A0F93D2E9023183
:102DD0008B42FFF417AF136810465B6A98470130C7
:102DE0007FF410AF00234FF0010A0E930CE70E980A
:102DF000002855D0D0E902239A4249D214782B7C7E
:102E0000002E7FF4C9AE102FB3467FF415AF254ACC
:102E10000597162711920297002B3FF414AF11ABC0
:102E2000202118460693EBF72DFA0CE701230E9CA0
:102E30000193D4E902329342FFF457AF236811AAF9
:102E400020469B6A069298474FF0FF330F93D4E9D0
:102E500002324FE7A4F13003DAB2092A7FF61EAF3F
:102E6000A4F16103052B00F2EA80A4F1570315E7F2
:102E7000D0E902239A4280F013810023D3E60E9812
:102E8000A0B1D0E90232934280F054811C78F9E677
:102E900003685B6A9847421C40F04A8100230E9306
:102EA000FF24ACE74446002038460020119B4FF039
:102EB000000A53F80C2C002A3FF436AF11AB5FFA2E
:102EC00089F118461C460693EBF7E4FA2246D5E949
:102ED000020110F075FF002800F0D380119BB9F1BA
:102EE000000F06D1012E04D053F80C2C002A3FF419
:102EF00022AFBBF1000F7FF41EAF019A002A00F051
:102F0000B6800B9A002A00F0EF8000204FF00041BD
:102F1000209AC2E9000104221F990A6013E709F10F
:102F20000109164660E6D0E902239A4280F0F28059
:102F30000023EEE6BBF1000F40F0178105F14E03D0
:102F4000D8465F46CDF804B00C932B7C1BB195F8A6
:102F50002520A24258D095F824A0029A002A18BF32
:102F6000A2450CBF4FF0010A4FF0000A9ED0214647
:102F70000C9C204620F0D0F8002800F0ED80031BC8
:102F8000039A0F2BC8BF063B4245049ABA4153D35C
:102F9000059A09F10109079902FB07F708FB017778
:102FA000A2FB08821744089AD11A099A62EBE372CD
:102FB0004145BA41019A38BF42F0010213EB0808BB
:102FC00047EBE37701920E98D0E9023293422DD27B
:102FD000013383604FF0FF331CA90EA80F9311AB90
:102FE0000693FDF755F9824600287FF497AE11ABA2
:102FF0000EA80693EFF7B6FF2B7CC4B2002BAAD025
:1030000095F82520A242A6D1B9F1000F00F0B580B5
:1030100011AB5FFA89F118460693EBF73BFA0E986D
:103020004FF00009D0E902329342D1D3036811AACC
:103030009B6A06929847CDE70D9B0193C3E7A4F1E5
:103040004103052B3FF632AFA4F1370326E61CA956
:103050000EA8FDF71DF90827834600283FF46FAD41
:1030600000231E460B932B7C3446B146E1E50B9AB8
:103070001AB1D8F1000867EB4707209AC2E9008728
:1030800061E604231F9A136028E700262B7CCDF805
:103090002CB0B14680E5002683462B7CB146C8E5BE
:1030A000036801915B6A9847013001997FF4E5AEAE
:1030B00000220B461C92B6E50126BAE5102F7FF4DC
:1030C000BBAD334B0597162711930297A7E653F82C
:1030D000041C481E002943F8040C3FF749AE10A910
:1030E0001046EAF779FF43E64FF0FF306FF00041FA
:1030F0000EE7934601269FE5236811AA20465B6AE6
:1031000006929847431C3BD0A0F1FF34B4FA84F4F4
:103110006409F3E5036811AA5B6A069298470130D7
:103120000CBF012300237FF4F4AD00221C92F0E5D4
:10313000C4B264E6036811AA5B6A06929847034624
:10314000C4B201337FF49EAD0023FF240E93029B93
:103150000A2B7FF69EAD83E6D346DFE50D9BDA466C
:1031600098469B461F460193D8E54FF00008DA4683
:103170004746C346CDF80480D0E59B46CA46CDE518
:1031800000230E93C0E70698FAF76AF80FF0F2F8FA
:103190004446002010B588B08E4604460DF1180C48
:1031A0008CE80C000C9B02930AAB93E803000D9B88
:1031B0008DE803000E98714603939CE80C00049080
:1031C0002046FFF79BFC204608B010BD2DE9F04FCC
:1031D00091B01C9C0CA9089004F16C0081E80C00D3
:1031E000FBF7B4F8E368054603F04A08B8F1400F6E
:1031F00000F08E82B8F1080F1AA90CA814BF0A2794
:103200001027FDF745F88346002840F08A820CA875
:10321000EFF7A8FE95F84A30C4B2A3420CBF0123D1
:1032200000230B9304D095F84B30A34240F08F82DB
:103230002B7C002B40F0048195F82420A24211D071
:103240000C98F9F79BFF4FF0FF331AA90CA80D93C8
:10325000FDF71EF8002840F080820CA8EFF782FEF0
:103260002B7CC4B20026B14623B195F82520A2429A
:1032700000F0868295F82420A24242D095F84E2094
:10328000A24200F0E380002E00F0218195F84C204E
:10329000A24204D095F84D20A24240F06F82102F38
:1032A00018BFB8F1000F0CBF0122002240F07E824F
:1032B0004FF0000910274E460C9AD2E902318B429A
:1032C00080F0DF8001334FF0FF308B4293600D9030
:1032D00080F0E5804FF0000A1B9B1A98A3F1FF33A2
:1032E000B3FA83F35B0900280CBF002103F001014E
:1032F000002940F021819A4540F0DD802B7C4FF081
:10330000010B102F00F0E780B54A029705970F9246
:10331000002B40F0E880059A4FF0FF304FF0FF316E
:10332000D31707931FF0B8FE95F86430CDE9030179
:103330000A93002B40F05F81BBF1000F40F06B82DD
:1033400007F1300AD8465F46CDF804B0029B0A2B3D
:1033500000F2E4802F2C40F20981A24540F2068160
:10336000A4F13003039A4245049ABA41C0F0C280E6
:10337000059A09F10109079902FB07F70C9C08FB64
:1033800001770021A2FB08823A4413EB08004FEAC0
:10339000E37757EB020028BF012113EB0808019BDC
:1033A00047EB02070B430193D4E90232934280F0CA
:1033B000A98001334FF0FF31A3600D91934280F05B
:1033C000F88100241B9B1A98A3F1FF33B3FA83F30F
:1033D0005B0910B1002B40F00781A34240F0B3809D
:1033E0004FF0010A0F9B53F80C2C002A40F0C680C6
:1033F000012E00F0DE80B9F1000F40F0DA800021EC
:1034000000201E9C0422C4E900011D990A60BAF143
:10341000000F05D01D9A1D99126842F002020A6041
:103420000CAA089C92E80300A3F10C0284E80300B4
:103430006C498A4240F0AD81089811B0BDE8F08F28
:1034400095F82520A2427FF4F7AE0BE786F0010243
:103450000A2F08BF42F00102002A3FF417AFB8F16B
:10346000000F18BF082F0CBF0126002640F0B380C4
:103470000C9A4FF000090827D2E902318B42FFF481
:1034800021AF1368104601929B6A98474FF0FF33B3
:10349000019A0D93D2E902318B42FFF41BAF1368FE
:1034A00010465B6A984701307FF414AF00234FF059
:1034B000010A0C9310E70C98002855D0D0E902239C
:1034C0009A4249D214782B7C002E7FF4CDAE102F77
:1034D000B3467FF419AF424A059716270F92029719
:1034E000002B3FF418AF0FAB202118460693EAF7E4
:1034F000C9FE10E701230C9C0193D4E902329342E8
:10350000FFF457AF23680FAA20469B6A069298479C
:103510004FF0FF330D93D4E902324FE7A4F13003AB
:10352000DAB2092A7FF61EAFA4F16103052B00F27F
:10353000E780A4F1570315E7D0E902239A4280F00F
:1035400011810023D7E60C9880B1D0E90232934272
:1035500080F04D811C78F9E603685B6A9847421C4D
:1035600040F0438100230C93FF24ACE70F9B4FF006
:10357000000A53F80C2C002A3FF43AAF0FAB5FFA65
:1035800089F118461C460693EAF784FF2246D5E9DE
:10359000020110F015FC002800F0D5800F9BB9F156
:1035A000000F06D1012E04D053F80C2C002A3FF452
:1035B00026AFBBF1000F7FF422AF019A002A40F042
:1035C000B7800B9A1AB1D8F1000867EB47071E9A2B
:1035D000C2E900871BE709F1010916466CE600BF46
:1035E0004446002038460020D0E902239A4280F069
:1035F000EE800023F1E6BBF1000F40F0138105F1EE
:103600004E03D8465F46CDF804B009932B7C1BB11E
:1036100095F82520A24258D095F824A0029A002AB5
:1036200018BFA2450CBF4FF0010A4FF0000A9DD011
:103630002146099C20461FF06FFD002800F0E9801C
:10364000031B039A0F2BC8BF063B4245049ABA419D
:1036500053D3059A09F10109079902FB07F708FB03
:1036600001770021A2FB08823A4413EB08004FEADD
:10367000E37757EB020028BF012113EB0808019BF9
:1036800047EB02070B4301930C98D0E902329342B7
:103690002DD2013383604FF0FF331AA90CA80D938C
:1036A0000FAB0693FCF7F4FD824600287FF49AAE38
:1036B0000FAB0CA80693EFF755FC2B7CC4B2002B84
:1036C000AAD095F82520A242A6D1B9F1000F00F0AA
:1036D000B1800FAB5FFA89F118460693EAF7DAFE7C
:1036E0000C984FF00009D0E902329342D1D303681D
:1036F0000FAA9B6A06929847CDE70A9B0193C3E7FE
:10370000A4F14103052B3FF631AFA4F1370329E6BD
:103710001AA90CA8FCF7BCFD0827834600283FF433
:1037200076AD00231E460B932B7C3446B146E8E56C
:103730004FF0FF314FF0FF301E9C0422C4E900011E
:103740001D990A6063E604231D9A136026E700268C
:103750002B7CCDF82CB0B14686E5002683462B7C29
:10376000B146CEE5036801915B6A98470130019943
:103770007FF4E7AE00220B461A92BCE50126C0E5B5
:10378000102F7FF4C1AD314B059716270F93029789
:10379000A9E653F8041C481E002943F8040C3FF71F
:1037A0004BAE0EA91046EAF717FC45E693460126F4
:1037B000AAE523680FAA20465B6A06929847431C35
:1037C0003BD0A0F1FF34B4FA84F46409FAE503684D
:1037D0000FAA5B6A0692984701300CBF01230023B1
:1037E0007FF4FBAD00221A92F7E5C4B26BE60368E2
:1037F0000FAA5B6A069298470346C4B201337FF46E
:10380000A5AD0023FF240C93029B0A2B7FF6A5ADE8
:103810008AE6D346E6E50A9BDA4698469B461F466B
:103820000193DFE54FF00008DA464746C346CDF87E
:103830000480D7E59B46CA46D4E500230C93C0E735
:103840000698F9F70DFD0EF095FD00BF44460020E7
:1038500010B588B08E4604460DF1180C8CE80C00AB
:103860000C9B02930AAB93E803000D9B8DE80300C9
:103870000E98714603939CE80C0004902046FFF7D5
:10388000A5FC204608B010BD2DE9F04790B04FF0E0
:103890000008054670480CAC0E46CDF83C80DDE9CA
:1038A0001A9784E80C00E5F721FAD9F86C305B68C8
:1038B00053F820A0BAF1000F00F0CB800FAB02222A
:1038C000CDF80C800DF1280807936323CDF81890EC
:1038D000CDE904320EAB029318AB93E803008DE8F8
:1038E00003003146404694E80C00FAF7CBFD0F9BED
:1038F00098E8030084E8030023B33B68DDE90C0685
:1039000043F00403A6F1FF363B60B6FA86F676096B
:1039100008B1002E50D1DDE91803A3F1FF33B3FA4B
:1039200083F35B0900B103BB9E4203D13B6843F0C4
:1039300002033B6094E8030085E80300284610B0CA
:10394000BDE8F08718A92046FCF7A2FC002843D068
:103950000E9B442B36DDDDE90C06A6F1FF36B6FAE8
:1039600086F676091C9A5361D2E7D0E902239A427F
:1039700066D200239E42DDD1D8E72046EFF7F2FA67
:1039800001462A225046C9B2F9F7A4FFA0F1300837
:103990005FFA88F3092B3ED80C980990F9F7EEFBF3
:1039A0000E9B1C9A03EB830309980D9608EB4303C7
:1039B000A3F26C730E935361D0E902239A4236D27C
:1039C0000026A8E70D9E64330C98A6F1FF360E93EF
:1039D000B6FA86F67609C5E72046EFF7C3FA2A223B
:1039E000C1B25046F9F776FFA0F13006F3B2092BC9
:1039F000AED80C98F9F7C2FB0E9B18A9204603EB32
:103A0000830306EB43060E964FF0FF360D96FCF748
:103A10003FFC0028B1D00E9BDDE90C06A3F26C73CD
:103A2000A6F1FF360E93B6FA86F676099AE7036892
:103A30005B6A98470130C3D1002301260C936AE7E3
:103A400003685B6A9847A0F1FF33B3FA83F35B091D
:103A50006AE7F8F7DBFF00BF104700202DE9F04FC1
:103A600091B000AF07F13801FC6F78619F48BD6FDE
:103A700081E80C00E5F73AF9E36E5B6853F820B093
:103A8000BBF1000F00F0C5826B4607F1680107F13A
:103A90003800A3EBC5039D46DB08C7F820D0BB6107
:103AA000FCF7F6FB804698B1D7F88030D7F8802035
:103AB0001B6843F00403136007F1380393E8030025
:103AC0007B69443783E803001846BD46BDE8F08FA4
:103AD00007F13800EFF746FADBF80030C6B2584677
:103AE0001B6931469847DBF80030824631469B68B7
:103AF00058469847002DD7D0AB00464678633B61C7
:103B00003B6A03EB8503FB627B6F1C1F2346444625
:103B100098460DE0D8F8002058461178DBF80020D0
:103B2000926890477B6B83420CD00134A54219D038
:103B300058F8042F58461178DBF800201269904796
:103B40008245E7D1D8F800004FEA860918F0F2FD67
:103B5000FB6A43F8260001363B6A43F8094001340A
:103B6000A542E5D1012E40F236823B694FF0000AB2
:103B7000BA693D6A53F83220B300FC60BB62FB6A4D
:103B8000043B7B621346FA6A1C46D7E90910081801
:103B900052F8041F8C4228BF0C469042F8D1B86BF3
:103BA0000AF1010AD0E902218A4280F01A81013229
:103BB000A24582604FF0FF32FA6300F01D81A245FA
:103BC00077D2D7E90E0CACF1FF31B1FA81F1490996
:103BD00000280CBF002401F00104002C40F0E78015
:103BE0000C46FB6EB86EA3F1FF33B3FA83F35B09A7
:103BF00000280CBF4FF0000803F00108B8F1000FD7
:103C00004FD19C4255D0BC6B14B1002940F0D680F6
:103C10005FFA8CF42146DBF8003058461B69984760
:103C200021467863DBF8003058469B689847002EA1
:103C30003FF43AAF0024A946386318E0DBF80030BF
:103C4000584615F80A109B6898473B6B83421FD073
:103C5000013EFA6A59F82630B44249F808304FEA72
:103C60008603BB6252F8263042F8083013D259F866
:103C7000243058467A6F4FEA840852F82350DBF814
:103C8000003015F80A101B6998477B6B9842D5D114
:103C90000134B442EBD3012E4D460AD9FB6A1B68AE
:103CA00071E7D0E902239A4280F0438100239C42CD
:103CB000A9D1012E7FF4F8AEB86B0AF10104F9F72F
:103CC0005DFA3B6A1D684FF0FF33FB633B69BA69DD
:103CD00053F832207B6F944253F8253080F02381D3
:103CE00003EB0409C7E90C522DE000BF1047002088
:103CF000F1B2DBF80020584612699047804511D098
:103D0000DBF80030584699F800109B6898478046C9
:103D1000F1B2DBF8003058469B689847404540F0C8
:103D20000081BD6BD5E902218A4280F0F580013225
:103D3000AA604FF0FF33013409F10109FB637B6B8B
:103D4000A34200F0268107F1680107F13800FCF773
:103D50009FFA8246002840F0E480DBF800305846A5
:103D600099F800101B699847BD6BFE6B8046002DCB
:103D7000BED0711CBCD1D5E90210814280F00D810A
:103D80000978DBF800205846126990478045C9D071
:103D9000DBF80020584699F800109268904780465A
:103DA000D5E902218A4280F000811178B1E7D0E99B
:103DB00002239A4280F0E080002412E7D4E9023125
:103DC0008B4280F0CD801978DBF8003058461B69B3
:103DD00098477863D4E90232934280F0B88019782A
:103DE00020E702687B63926A90474FF0FF32A2455A
:103DF0007B6BFA637FF4E3AE07F1680107F13800EB
:103E00007B63FCF745FA7B6BF861002878D107F1FA
:103E100038007B60EFF7A6F8DBF80020C1B2584607
:103E200012699047786307F13800EFF79BF8DBF8E9
:103E30000020C1B25846926890472A1FC7F808A0D0
:103E4000DA463D60B346D7F824901546D7F81C8073
:103E5000386355F8042F7B6F53F8226059F8042F0C
:103E6000A24211D9DAF800205046315D126990471C
:103E70007B6B834247D0DAF800205046315D926870
:103E800090473B6B83423ED008F10108D845E0D112
:103E90005E46D346D7F808A0D7E900530022F86958
:103EA000D7E90AC104E00132B24214D251F82230FB
:103EB0001B1BB3FA83F35B098342F4D1013E55F82F
:103EC0002630B2424FEA860C45F8223051F82630AF
:103ED00041F82230EAD3FB69C7F828C0002B7DD017
:103EE000FB6A012E1C687FF66AAE6246796A511839
:103EF00053F8042F944228BF14469942F8D15EE645
:103F00000022FA61CAE701225E46D346D7F808A02C
:103F1000FA61D7E90053C1E72A682846936A9847AF
:103F200007E7D7E90C52A2427FF4BEAD3B6F1D609C
:103F3000C2E50368C7E90C1C5B6A98470130D7E902
:103F40000C1C7FF4B3AE00204346B86659E62368E4
:103F500020465B6A98470146481C34D0C9B261E6E6
:103F600023682046C7F834C05B6A9847431CD7F8DB
:103F700034C022D0C1B227E70368C7E90C1C5B6AD2
:103F800098470130D7E90C1C7FF416AF0023BB63C0
:103F900027E63D6B3B6F1D608EE529682846496A20
:103FA0008847421C37D0C1B2EBE62A682846536ADC
:103FB0009847431C0BD0C1B2ABE600235FFA8CF4E8
:103FC000FF21BB6327E60023FF21BB632AE6002312
:103FD000FF21BB639DE64FF0000A6AE6022ED7F888
:103FE0000C8005D0012E7FF45FAD3B6A1D686DE645
:103FF00018F0010F7FF458AD3A6A4FEA580315687C
:104000005168B5EB580F0BD22B448B427FF44CAD6B
:104010005CE6F8F7FBFC5546FF21C7F838A068E6D8
:10402000EB1A8B427FF440AD3A6A39691360FB6A40
:10403000B8695B6841F83030156847E62DE9F04F04
:104040008BB000AF07F120017C6E3861AE48D7F825
:104050005CA081E80C00E4F749FEE36E5B6853F86E
:1040600020B0BBF1000F00F04D816A463B6E07F1B6
:10407000500107F12000A2EBC3039D46FCF708F9AD
:104080000546E846002800F0B28000247B6AD7F895
:1040900020B01A46264625467B6DFE61A3F1FF310E
:1040A000B1FA81F14909C7E905511146A1F1FF397A
:1040B000B9FA89F94FEA5919BBF1000F0CBF002377
:1040C00009F00103002B6CD14B46386DBA6900280A
:1040D0000CBF002202F00102002A5CD1BA699342AF
:1040E00040D0386A10B1B9F1000F61D15FFA81FE9A
:1040F000002C3ED00022FE697D69944604E00CF15C
:10410000010C0132944217D955F82230900005EB8A
:104110008201B342F3D958F822305AF823309B5D1C
:1041200073451DD0013C58F82430944248F80030C3
:1041300055F824300B60E7D86445FE617D6111D0ED
:10414000D7F820B0DBE902239A4239D20132CBF80A
:104150000820FB694FF0FF3101337962FB61A5E76D
:104160000132CFE7012CFE697D692FD12B68B34264
:1041700034D0BB6EBA6E1B6843F00403136007F1C2
:10418000200393E803003B692C3783E803001846BB
:10419000BD46BDE8F08FD0E90256B5427DD200227F
:1041A0009DE7DBE90202904280F0888000238CE7E3
:1041B000D0E902239A4280F0908092F800E097E7DD
:1041C000DBF8003058469B6A9847C2E7022CD0D1F2
:1041D0002B68B34202D06B68B342CAD13A6ED8F8AA
:1041E00000309342A8BF9B1ABA6D1360C7E707F16E
:1041F0002000EEF7B7FE3B6EC2B25E0076D0AAF1A9
:104200000409C7F85CA02C46DA46934609E0DAF8C0
:104210000020504692689047834507D00135B5424B
:104220000AD059F8042F11785945F0D148F8245094
:1042300001350134B542F4D1D7F85CA0D7F820B0ED
:1042400024B97B6A264625461A4625E75846A60025
:10425000F8F794FF4FF0FF33A8F104097B62F31DD8
:1042600009EB060223F00703ADEB030D6D462E1F8D
:10427000FD6135462646144659F8042F5AF82200A7
:1042800018F058FA4C4545F8040FF5D14FF0FF33BC
:104290003446FD6901261A46FEE6D0F800C0FA60F1
:1042A000DCF824B0C7E90113D84701307968D7E9B1
:1042B00002327FF474AF0020386510E7DBF800208D
:1042C0005846C7E90213526A90470130D7E90213F2
:1042D0007FF46CAF00223A62F7E603685B6A9847A6
:1042E000B0F1FF3F09D05FFA80FE01E77B6A3446F8
:1042F000D7F820B035461A46CEE600234FF0FF0E21
:104300003B62F5E6F8F782FB104700202DE9F0410B
:104310009EB0054655480E460CACDDE9268784E87C
:104320000C00E4F7E3FCD8F86C30D3E9013290429A
:1043300080F09A8053F82000002800F09580002338
:104340004B4A4C490DF09CFE002800F08D8083689C
:1043500000220F92DA6A17921A6B18925A6B19920E
:104360009A6B1A92DA6B1B921A6C1C925A6C1D9201
:10437000DA6C11921A6D12925A6D13929A6D149210
:10438000DA6D15921A6E9B6C169210930FABCDF8E6
:10439000148006930723049310AB03930EAB029390
:1043A00024AB93E803008DE8030031460AAE94E89D
:1043B0000C003046FFF742FE0F9B96E803000246D2
:1043C00084E803003BB33B6843F004033B600D9E6D
:1043D000A6F1FF36B6FA86F67609002A0CBF00234E
:1043E00006F00103DBB9259B2498A3F1FF33B3FA50
:1043F00083F35B0900B1C3B99E4203D13B6843F02C
:1044000002033B600C9294E8030085E80300284611
:104410001EB0BDE8F0810E9B28998B61D7E7D2E9E9
:104420000201884207D20026DDE7D0E90213994253
:104430000FD20023E0E71168104609930892496AF9
:104440008847099B0130089A0ABF1E4600260022B1
:10445000C9E7036808925B6A9847A0F1FF33089A9E
:10446000B3FA83F35B09C7E7F8F7D0FA58460020A0
:10447000306C0410C84504102DE9F04FB3B0054668
:1044800073488B4616ACDDE93E7884E80C00E4F70F
:104490002DFCFB6ED3E90132904280F0D78053F8B7
:1044A0002000002800F0D28000236A4A6A490DF0FB
:1044B000E7FD002800F0CA8083680DF1640A4FF020
:1044C0000C0914AED3F89820596E1B92D3F89C2097
:1044D000986E1C92D3F8A0200D911D92D3F8A420C1
:1044E000D96E1E92D3F8A8200F901F92D3F8AC205B
:1044F000186F2092D3F8942011911A92996FD3F8E3
:10450000B02010901292D86F5A6F0991D3F8801092
:104510000B9208900E91D3F88400D3F890200C9061
:104520000A92D3F8B420D3E92201D3E92EECD3F8D0
:10453000C0301392129ACDF8109021920B9ACDE9C7
:1045400024C30D9B2A9226930F9B2793119B28939C
:10455000109BCDE9057A2993139F099BCDE9227E13
:104560002B93089B30912C930E9B2D930C9BCDE9A4
:104570002E300A9B31931AAB039318AB029300239E
:1045800019933CAB93E803008DE80300594630468D
:1045900094E80C00FFF752FD199B96E803000246D1
:1045A00084E803005BB3D8F8003043F00403C8F894
:1045B0000030179EA6F1FF36B6FA86F67609002A75
:1045C0000CBF002706F00107EFB93D9B3C98A3F113
:1045D000FF33B3FA83F35B0900B1D3B99E4205D12F
:1045E000D8F8003043F00203C8F80030169294E87F
:1045F000030085E80300284633B0BDE8F08F189B20
:1046000040990B61D5E7D2E90213994207D20026FF
:10461000DBE7D0E9021399420DD20023DEE71368ED
:10462000104608925B6A98470130089A0ABF3E46D6
:1046300000260022C9E7036808925B6A9847A0F148
:10464000FF33089AB3FA83F35B09C7E7F8F7DEF99B
:1046500058460020306C0410C84504102DE9F04F76
:10466000B3B0814671480DF1580B3F9E0B918BE81A
:104670000C00E4F73BFB3E9BDB6ED3E9013290423A
:1046800080F02F8653F82000002800F02A860023AF
:10469000674A68490DF0F4FC0C90002800F0218670
:1046A0006548E4F723FB3E9BDB6E5B6853F82040D4
:1046B000002C00F016860027419818F03BF8CDF842
:1046C0002890099018973F963CA95846FBF7E0FDC3
:1046D000099B80F001069F422CBF002606F00106D0
:1046E000002E00F03181189B002B40F04181419B4E
:1046F000D95D03EB070863180D4693F81D214AB9ED
:1047000023684E481B6A834233D131B125440A469F
:1047100085F81D11252A00F0938098F80010A369F0
:104720005B5C180730D4236820461B699847054610
:104730005846EEF717FC2368C1B220461B6998471C
:1047400085421AD02368204698F800109B68984745
:1047500005465846EEF706FC2368C1B220469B6822
:104760009847854209D0189B43F0040318930137FA
:10477000AAE7204698470146C7E71698F8F7FEFCD7
:104780004FF0FF331793F2E7DDF85C803D9BA8F113
:10479000FF3A169DA3F1FF39BAFA8AFAB9FA89F9F4
:1047A0004FEA5A1A4FEA591915B1BAF1000F1FD141
:1047B00051463C9800280CBF002509F0010515BBA7
:1047C0004D46AA45D3D0169D05B119BB5FFA88F8AE
:1047D000A36913F808301B07C9D5169DD5E9022334
:1047E0009A4280F0978001324FF0FF33AA6017930E
:1047F000D5E902239A4280F0998031464FF0FF3884
:104800004FF0000AD5E7D0E902239A4280F0C28037
:104810000025D6E7D5E902239A4280F0C6801178B8
:10482000A3695B5C1907DED4A1E700BF58460020EE
:10483000306C0410C84504101047002025EB001010
:10484000419B7D1C00222046595DF9F743F8002367
:104850004528199300F090804F2800F08D8025386E
:10486000542800F29180DFE810F079028F008F0069
:104870008F008F008F008F008F008F008F008F00C0
:104880008F008F008F008F008F008F008F008F00B0
:104890008F008F008F008F008F008F008F008F00A0
:1048A0008F001A01AC004F027C038F008F008F0035
:1048B00051031B038F008F008F008E028F008F002B
:1048C0008F008F00AE0388039401CE048F009D04F7
:1048D000FE04EB0211048F008F008F008F008F0009
:1048E0008F001A01AC00BE01E700E7008F008F00C7
:1048F000AC008F00E2038F008F00B4037C018F00B7
:10490000E6018F0048028F007C018F008F00250296
:10491000B701B3022B6828469B6A98474FF0FF33D4
:104920001793D5E902239A42FFF467AF2B68284614
:104930005B6A9847B0F1FF3F80467FF45EAF00238B
:104940003146B246169334E7189BDDF828903F9E17
:1049500013B9099B9F4203D0336843F004033360CB
:104960009BE8030089E80300484633B0BDE8F08FB8
:10497000DDF828903F9EEFE7BD1C419B00222046BA
:10498000595DF8F7A7FF6AE7189B43F004031893F3
:104990002F46ECE603680D915B6A984701300D994C
:1049A0007FF436AF00233C930BE72B6828465B6A05
:1049B0009847B0F1FF3F80467FF408AF002316937D
:1049C00004E71AAE0C9F31463846F9F715FD26A9C3
:1049D0003846F9F731FD3E9B039614AE059318ABAC
:1049E00006931823049319AB02933CAB93E803009E
:1049F0008DE803000B9930469BE80C00FFF72EF87A
:104A0000189B96E803008BE80300002BC0D1199A8D
:104A10002F46A54981FB0231D317C3EB610303EB9A
:104A20004303A2EB8302409B1A61429B429A1B887C
:104A300043F4816313809AE65846EEF793FAA2692D
:104A4000C3B2D35C180700F11B843E9B022114AE55
:104A5000069318AB07931F23CDE904310123039379
:104A600019AB02933CAB93E803008DE803000B996C
:104A700030469BE80C00F9F705FD189B96E803000B
:104A80008BE80300002B83D1429B2F46199A1B8889
:104A9000409943F48263CA60429A138067E60C9B94
:104AA00018A94FF00E0C1AAA9B68186B1390D86BBC
:104AB0001290186D1190586D1090986D0F90D86DE0
:104AC000D3E90D76D3E910E8D3E9129A0E90186E67
:104AD000DB6A0D901A931398129B1D9614AECDE9C4
:104AE0001E3ECDE91B07CDE9208911983E9B2390FE
:104AF0001098059319AB24900F9802933CAB259026
:104B00000E98069126900D98CDF810C0039227902C
:104B1000CDF888A093E803008DE803000B99304698
:104B20009BE80C00FEF79AFF189B96E803008BE8C1
:104B30000300002B7FF42CAF199B5C4981FB032100
:104B4000DA171944C2EBA102C2EBC2029B1A409AC7
:104B50002F469361429B429A1B7843F002031370E5
:104B600005E64FF0FF360CE05846EEF7FBF9A36977
:104B7000C0B21B5C18077FF50BAF1698F8F7FEFA6A
:104B800017963CA95846FBF783FB0028ECD02F462C
:104B9000EDE51AAE464A20463346A2F10901F8F780
:104BA0000BFB429B05960693409B14AE2F46049345
:104BB0003E9B029318AB03933CAB93E803008DE854
:104BC00003000B9930469BE80C00FFF747FD96E881
:104BD00003008BE80300CAE5429B06930C9B9B688D
:104BE0009B680593E0E7429B06930C9B9B689B693F
:104BF0000593409B14AE04933E9B029318AB039322
:104C00003CAB93E803008DE803000B9930469BE82A
:104C10000C00FFF723FD189B96E803008BE80300C8
:104C2000002B7FF4B5AE429B2F46429A5B7843F04F
:104C3000040353709BE50C9B9A68136A1A93526A9B
:104C40001B921B78002B3FF4A3AE1378002B3FF48C
:104C50009FAE3E9B14AE059318AB069302230493BC
:104C60001AAB039319AB02933CAB93E803008DE8B6
:104C700003000B9930469BE80C00FEF7EFFE189BF3
:104C800096E803008BE80300002B7FF481AE199BAC
:104C9000002B3FF47DAE429B2F46429A5B7843F057
:104CA0000103537063E500BFABAAAA2A932449927B
:104CB000C53604103E9B4FF0010814AE069318ABA6
:104CC00007930623CDE904380023039319AB02931D
:104CD0003CAB93E803008DE803000B9930469BE85A
:104CE0000C00F9F7CFFB189B96E803008BE8030054
:104CF000002B7FF44DAE199B29E7429B06930C9B3A
:104D00009B689B6A05934FE73E9B022714AE069370
:104D100018AB07936323CDE904370023039319AB42
:104D200002933CAB93E803008DE803000B993046F7
:104D30009BE80C00F9F7A6FB189B96E803008BE8AC
:104D40000300002B7FF424AE429B2F46429A1B881F
:104D500043F490631380199B536008E55846EEF7BF
:104D600001F9237FC6B2002B00F0848294F8423010
:104D70009E427FF409AE16982F46F8F7FFF94FF0E0
:104D8000FF331793F3E43E9B022714AE069318AB50
:104D900007933B23CDE904370023039319AB029318
:104DA0003CAB93E803008DE803000B9930469BE889
:104DB0000C00F9F767FB189B96E803008BE80300EB
:104DC000002B7FF4E5AD199B2F46409A5360CEE44B
:104DD0003E9B4FF0020C14AE069318AB079363236F
:104DE000CDE9043C0023039319AB02933CAB93E859
:104DF00003008DE803000B9930469BE80C00F9F79F
:104E000041FB189B96E803008BE80300002B7FF41E
:104E1000BFAD429B3CA9429A58465B7823F00603FB
:104E200043F006035370FBF733FA002800F030829A
:104E3000199B442BD8BF6433409A2F46536196E4A4
:104E40003E9B042714AE069318AB079342F20F73F0
:104E5000CDE904370023039319AB02933CAB93E8ED
:104E600003008DE803000B9930469BE80C00F9F72E
:104E700009FB189B96E803008BE80300002B7FF4E6
:104E800087AD429B2F46199A5B78A2F26C724099CB
:104E900023F006034A6143F00403429A537066E428
:104EA0003E9B4FF0020814AE069318AB07930C23F9
:104EB000CDE904380123039319AB02933CAB93E88B
:104EC00003008DE803000B9930469BE80C00F9F7CE
:104ED000D9FA189B96E803008BE80300002B7FF4B7
:104EE00057AD199A2F46AB4981FB0231D317C3EB5B
:104EF000610303EB4303A2EB8302409B9A60429B56
:104F0000429A1B7843F00103137030E43E9B022267
:104F100014AE069318AB07931723CDE90432002390
:104F2000039319AB02933CAB93E803008DE80300B5
:104F30000B9930469BE80C00F9F7A4FA189B96E809
:104F400003008BE80300002B7FF422AD199A2F4653
:104F500040998A60429A127863F30002429B1A7069
:104F600005E41AAE8C4A20463346A2F10901F8F74F
:104F700023F9429B059606933BE63E9B022114AE25
:104F8000069318AB07933D23CDE904310023039327
:104F900019AB02933CAB93E803008DE803000B9937
:104FA00030469BE80C00F9F76DFA189B96E8030071
:104FB0008BE80300002B7FF4EBAC199B2F46409A43
:104FC0001360FFF7D4BB1AAE744A20463346911FD4
:104FD000E5E53E9B4FF0020C14AE069318AB079329
:104FE0000C23CDE9043C0123039319AB02933CABA2
:104FF00093E803008DE803000B9930469BE80C0012
:10500000F9F740FA189B96E803008BE80300002BA1
:105010007FF4BEAC199B2F46409A013B1361429B23
:10502000429A1B7843F008031370FFF7A0BB3E9B26
:105030004FF0030E14AE069318AB07934FF4B773FB
:10504000CDE9043E0123039319AB02933CAB93E8F3
:1050500003008DE803000B9930469BE80C00F9F73C
:1050600011FA189B96E803008BE80300002B7FF4ED
:105070008FAC199B2F46409A013BD361429B429AC9
:105080001B7843F004031370FFF771BB5846EDF72C
:1050900069FFA269C3B2D35CDE077FF575AC3E9BA6
:1050A0000DF1600A0DF168090DF1500805930E230A
:1050B000CDF818A004933A4BCDF8089003933CAB7D
:1050C00093E803008DE803000B9940469BE80C0031
:1050D000FEF7C4FC98E803008BE803003CA958469F
:1050E000FBF7D6F800287FF453AC189B1A9A1343A9
:1050F0007FF44EAC5846EDF735FF237FC6B2002B48
:1051000000F0088194F84A309E420CD05846EDF7E2
:1051100029FF237FC6B2002B00F0028194F84830AB
:105120009E427FF435AC3E9B02260027CDF81CA0A2
:10513000069317230397CDF80890CDE904363CABCE
:1051400093E803008DE803000B9940469BE80C00B0
:10515000F9F798F93E9BCDF81CA006933B230596E2
:1051600004933CABCDE9029798E803002F468BE807
:10517000030093E803008DE803000B9940469BE889
:105180000C00F9F77FF998E803008BE80300FFF7BC
:10519000EEBA00BFABAAAA2AB1360410BA36041080
:1051A0000C2900203E9B4FF0020E14AE069318AB64
:1051B00007933523CDE9043E0023039319AB0293F3
:1051C0003CAB93E803008DE803000B9930469BE865
:1051D0000C00F9F757F9189B96E803008BE80300D9
:1051E000002B7FF4D5AB199B2F46429A1B04116804
:1051F00003F47C134D4A43F040030A401343429AA0
:105200001360FFF7B4BA3E9B022214AE069318ABAC
:1052100007933523CDE904320023039319AB02939E
:105220003CAB93E803008DE803000B9930469BE804
:105230000C00F9F727F9189B96E803008BE80300A8
:10524000002B7FF4A5AB199B2F46429A1B041168D3
:1052500003F47C13364A43F020030A401343429A76
:105260001360FFF784BA429B06930C9B9B681B69F3
:10527000059399E425212046F7F78AFF034677E551
:105280001698F7F77BFF4FF0FF331793FFF7DDBB5F
:105290005846EDF767FE2A22C1B22046F8F71AFBFE
:1052A000A0F13006F3B2092B3FF6C2AD1698F7F71E
:1052B00065FF199B3CA9584603EB830306EB4306A5
:1052C00019964FF0FF361796FAF7E2FF58B1199B7F
:1052D000429AA3F26C734299527822F002024A7009
:1052E000AAE5F7F793FB5846EDF73CFE2A22C1B238
:1052F0002046F8F7EFFAA0F13007FBB2092BE6D809
:105300001698F7F73BFF199B0A22179602FB0373C7
:105310001993DDE72D212046F7F73AFF0346F3E620
:105320002B212046F7F734FF0346F9E6BFFFC0FF05
:10533000DFFFC0FF2DE9F04F93B005464548884692
:105340000CACDDF88090DDE91E6784E80C00E3F723
:10535000CDFCF36ED3E90132904279D253F82000AC
:10536000002875D000233C4A3C490CF089FE0028F7
:105370006ED083684FF0000A0DF1280B1B6902966E
:105380000FAE03970696CDF844A0CDE904931CAB6D
:1053900093E80300CDE90FAA8DE803004146584683
:1053A00094E80C00FFF75AF99BE8030084E8030037
:1053B00030464946DDF830800EF008FD0D9EA6F11E
:1053C000FF36B6FA86F67609D0450CBF002306F004
:1053D000010303BB1D9B1C98A3F1FF33B3FA83F3B6
:1053E0005B0900B17BB99E4203D13B6843F00203E5
:1053F0003B60CDF8308094E8030085E80300284640
:1054000013B0BDE8F08FD0E902239A4209D20023FD
:105410009E42EED1E9E7D8E9021291420AD25646FD
:10542000D8E703685B6A9847A0F1FF33B3FA83F3C8
:105430005B09D8E7D8F8002040460993526A9047A4
:10544000099B01300ABF1E4600264FF00008C1E745
:10545000F7F7DCFA58460020306C0410C8450410F9
:105460002DE9F04F93B00546454888460CACDDF871
:105470008090DDE91E6784E80C00E3F737FCF36EEB
:10548000D3E90132904279D253F82000002875D038
:1054900000233C4A3C490CF0F3FD00286ED08368A1
:1054A0004FF0000A0DF1280B9B6802960FAE039790
:1054B0000696CDF844A0CDE904931CAB93E8030015
:1054C000CDE90FAA8DE803004146584694E80C0048
:1054D000FFF7C4F89BE8030084E803003046494620
:1054E000DDF830800EF072FC0D9EA6F1FF36B6FAA4
:1054F00086F67609D0450CBF002306F0010303BBF6
:105500001D9B1C98A3F1FF33B3FA83F35B0900B131
:105510007BB99E4203D13B6843F002033B60CDF868
:10552000308094E8030085E80300284613B0BDE806
:10553000F08FD0E902239A4209D200239E42EED195
:10554000E9E7D8E9021291420AD25646D8E7036841
:105550005B6A9847A0F1FF33B3FA83F35B09D8E79E
:10556000D8F8002040460993526A9047099B0130C1
:105570000ABF1E4600264FF00008C1E7F7F746FABB
:1055800058460020306C0410C84504102DE9F04F37
:10559000014693B0944808910CA981E80C00E3F708
:1055A000A5FB1E9BDB6E5B6853F820300693002B37
:1055B00000F03A848D48E3F799FB1E9B0446DB6EAE
:1055C000DD6855F82080B8F1000F00F0818308F104
:1055D0003802D8F82030049223B1D8F82830003BA4
:1055E00018BF0123824C0B9398F810300F94002BB6
:1055F00040F067810FAB0793202110A81094E8F7C3
:1056000041FE4FF00009D8F834304F46119308F1AD
:105610003903CDF82490CDF81490CDF82890CDE939
:10562000023911AB13F80930042B00F2A382DFE832
:1056300013F0B602E500780063000500DDE90C54C4
:10564000DFF8B0B1DFF8B0A1A4F1FF36B6FA86F604
:1056500076090DB1002E48D135461D9B1C98A3F14B
:10566000FF33B3FA83F35B0910B1002B40F0918153
:105670009D4200F097810C9810B1002E40F02881D7
:10568000E4B20A22029821461DF046FD002800F0EF
:105690002D81049BC01ADBF800301E5C109B53E97F
:1056A00003526C1C944204D853F8042C002A40F393
:1056B0005E81214610A8E8F7E5FD109B53F80C2CFD
:1056C0009E54109AA2F10C03534540F058810137C3
:1056D0000C9DD5E90232934280F039810133AB60F1
:1056E0004FF0FF331C460D93AEE7D5E902239A42F3
:1056F00080F0D9820025B0E7D8F82030002B40F0A8
:105700005082D8F82830002B40F05C820B9B83F04D
:10571000010609F10109B9F1030F7BDC002E80D1EC
:1057200078E01E9BDB68980500F1D981059B012B71
:1057300000F2D581B9F1000F00F0D181B9F1010F6C
:1057400000F0C281B9F1020F00F06582109B53F89E
:105750000C3C012B00F247820A9B002B40F0DE82BA
:105760000F9B53F80C3CABB1039B002B00F0EF8276
:105770009DF82410079C2046E8F78CFE2246D8E9C5
:1057800002010EF01DFB28B91F9B1F9A1B6843F0F6
:1057900004031360039B002B00F04B82D8F82C30DD
:1057A000BB4200F046821F9B1F9A1B6843F0040314
:1057B00013601CA90CA8FAF76BFD28B11F9B1F9A58
:1057C0001B6843F0020313600CAB93E80300089BD3
:1057D00083E8030010A8F7F743FD0798F7F740FDAB
:1057E000089813B0BDE8F08F104700204C46002009
:1057F00044460020D0280020384600201CA90CA8D0
:10580000FAF746FD002800F0BA810026B9F1030F2F
:1058100040F0FF80059B012B94BF002306F001039D
:105820000293029B002B00F0FB820A9B002B00F0EE
:10583000A381D8F824600136DDE90C4AAAF1FF35CE
:10584000B5FA85F56D0914B1002D40F0DD82AB4647
:105850004FF001091D9B1C98A3F1FF33B3FA83F3AA
:105860005B0910B1002B40F0B6805D40059B994567
:1058700080F06F81002D00F06C810C9C1CB1BBF19D
:10588000000F40F0BB805FFA8AFA337853458AD123
:105890000C9CD4E90232934280F011810133A36061
:1058A0004FF0FF3309F1010901360D93D4E90223CA
:1058B0009A4280F07582DDF808B04FF0FF3A00257B
:1058C000C8E70FAB202118460793E8F7DBFC93E607
:1058D000D0E90232934280F0F3811C780A222146FB
:1058E00002981DF019FC00287FF4D3AE98F811300F
:1058F000A34231D098F81030002B53D098F81230D2
:10590000A3424FD1039B002B5DD1002F00F01D82DD
:105910000F9BFFB253E903526C1C944203D853F817
:10592000042C002A40DD21460798E8F7ABFC0F9BCA
:1059300053F80C2C9F540F9AA2F10C0353453AD103
:105940000C9D0027D5E902329342FFF4C7AE2B68C5
:1059500028469B6A9847C3E6039BA3BBD8F82C3024
:10596000002B1FDD0123099700270393B0E62A4689
:105970009E54109AA2F10C0353453FF4A8AE0021A7
:1059800042F80C4C2B4442F8041C4FF000025A73AE
:105990009DE6D0E902239A4280F0798100239D425E
:1059A0007FF469AE01260FE02A469F540F9AA2F1B8
:1059B0000C035345C4D000212B4442F80C4C42F850
:1059C000041C5973BCE7039E109B53F80C3C002B3E
:1059D0003FF4E9AE9DE6D0E902239A42FFF446AFD8
:1059E00003685B6A984701300CBF0123002385EAF6
:1059F00003057FF43BAF00231C9337E7D4E9023261
:105A0000934280F0DB811978327891423FF446AFBF
:105A1000C9E6DDE90C45A5F1FF3ABAFA8AFA4FEA80
:105A20005A1A14B1BAF1000F22D1D3461D9B1C980B
:105A3000A3F1FF33B3FA83F35B0900B123BB9A45AB
:105A40003FF467AE0C9C14B1BBF1000F23D1069B51
:105A5000EDB29B695B5D19077FF55BAE0C9CD4E9E9
:105A60000232934223D20133A3604FF0FF330D93F0
:105A7000D4E902239A4280F078814FF0010B4FF075
:105A8000FF354FF0000AD1E7D0E902239A4280F0B7
:105A900060810023D3E7D4E90232934280F075811C
:105AA00006991A7889698A5C1207DCD431E6236882
:105AB00020469B6A98474FF0FF330D93D8E7236841
:105AC00020469B6A9847EBE60B9B43B99DF8443010
:105AD000032B04D09DF84630012B40F0A780D8F866
:105AE000185000244FF0FF360EE0D8F81420DBB237
:105AF000125D9A4223D10C98D0E90232934233D2FC
:105B00000133836001340D961CA90CA8FAF7C0FB81
:105B1000AC422DD280F00100C0B248B3DDE90C03E5
:105B2000591CE2D10028E0D0D0E90232934280F043
:105B30005181D8F814201978125D9142E0D0002CE0
:105B40007FF431AE1E9BDB6883F40073C3F3402601
:105B5000DFE5059B99457FF426AE109B53F80C3C7E
:105B6000012B7FF6F9AD3EE003689B6A9847C9E7D1
:105B7000AC42E4D10126CCE5D8F81C605BE60CA869
:105B8000EDF7F0F9069BC0B29B691B5C19077FF526
:105B90003CAE0C98F7F7F2FA4FF0FF330D93012665
:105BA00034E61CA90CA8FAF773FB002846D0D8F8F5
:105BB00028303BB9D8F82030002B3FF4A7AD0126A0
:105BC0000A96A6E51CA90CA8FAF762FB002849D0A2
:105BD000D8F82030002B3FF499ADD8F82830002BAE
:105BE0007FF494ADEBE70022302110A8E8F784F9A8
:105BF00000283FF4B1AD109B421C53F80C3C00D17F
:105C0000581E9842024610A828BF1A46002319467B
:105C1000E8F7E4F9A0E59DF84730042B3FF45FAFC7
:105C2000032B03D10B9B002B7FF459AF09F1010922
:105C3000F7E410A92098E8F749F9BAE50CA8EDF7C0
:105C400091F9D8F81C20C3B212789A42AFD1D8F893
:105C500020300C980593F7F791FA4FF0FF330126A7
:105C60000D9356E50CA8EDF77DF9D8F82420C3B2C2
:105C700012789A42ACD1D8F828300C980593F7F7EF
:105C80007DFA4FF0FF3301260D930A9641E5036834
:105C90005B6A984701300CBF012300237FF4E8AC16
:105CA00000221C92E4E42B6828465B6A9847013086
:105CB0000CBF012500257FF4D0AC00230C93CCE46D
:105CC00003685B6A9847441C00F0A180C4B205E6F3
:105CD0004420DEF7AFFA00230646C0E90133C36073
:105CE0000374A0F81130436380F84330C0E90533F2
:105CF000C0E90733C0E90933C0E90B33574B0360F0
:105D00001E9B03F16C01F7F7D5FF1E9B314622461F
:105D1000D86EE2F771FF55F8248058E4109B53F8D1
:105D2000042C002A60DA1B78302B3FF419AD2D23A8
:105D3000002210A8009311460123E8F7EDF9109B0B
:105D40004FF0FF3243F8042C0AE53E463CE6F9B238
:105D500010E503685B6A984701300CBF01230023FC
:105D60007FF46DAE00221C9269E6236820465B6AD0
:105D7000984701300CBF4FF0010A4FF0000A49D09C
:105D80004FF0010B4FF0FF3550E6236820465B6A69
:105D900098470546681C7FF45AAE00230C9356E6DC
:105DA000236820465B6A984701300CBF0125002517
:105DB00033D0DDF808B04FF0FF3A4BE523682046BA
:105DC0005B6A9847B0F1FF3F82467FF45CAD0023E9
:105DD0000C9358E503685B6A9847421C03467FF4BE
:105DE00084AE00220C9280E610A8E8F779F9109BA7
:105DF0001A78302A3FF4B4AC53F8043C002B96DBFD
:105E000010A8E8F76DF992E74FF001094EE500237D
:105E10000C935BE700230C93B2E700230C93C8E7D5
:105E2000002E3FF4C0AC91E4F6F7F0FD0CF012FC4C
:105E3000336830465B6898470DF00EF80CF00AFCAA
:105E4000FAE70CF045FC0CF095FA02E010A8F7F721
:105E500007FA0798F7F704FA0CF08CFAD44D0410FF
:105E60002DE9F04F014693B0964808910CA981E8BE
:105E70000C00E2F73BFF1E9BDB6E5B6853F82030A3
:105E80000693002B00F04A848F48E2F72FFF1E9BF9
:105E90000446DB6EDD6855F82080B8F1000F00F095
:105EA000858308F13802D8F82030049223B1D8F85D
:105EB0002830003B18BF0123844C0B9398F8103016
:105EC0000F94002B40F06B810FAB0793202110A89B
:105ED0001094E8F7D7F94FF00009D8F834304F465E
:105EE000119308F13903CDF82490CDF81490CDF832
:105EF0002890CDE9023911AB13F80930042B00F2D8
:105F0000A782DFE813F0BA02E90078006300050019
:105F1000DDE90C54DFF8BCB1DFF8B4A1A4F1FF3621
:105F2000B6FA86F676090DB1002E48D135461D9B8E
:105F30001C98A3F1FF33B3FA83F35B0910B1002B74
:105F400040F09581AB4200F09B810C9810B1002E7F
:105F500040F02C81E4B20A22029821461DF0DCF8C0
:105F6000002800F03181049BC01ADBF800301E5C71
:105F7000109B53E903526C1C944204D853F8042C30
:105F8000002A40F36281214610A8E8F77BF9109BB4
:105F900053F80C2C9E54109AA2F10C03534540F078
:105FA0005C8101370C9DD5E90232934280F03D813E
:105FB0000133AB604FF0FF331C460D93AEE7D5E9DC
:105FC00002239A4280F0D1820025B0E7D8F8203031
:105FD000002B40F05482D8F82830002B40F060822B
:105FE0000B9B83F0010609F10109B9F1030F7FDC76
:105FF000002E80D17CE01E9BDB68980500F1DD81DE
:10600000059B012B00F2D981B9F1000F00F0D58179
:10601000B9F1010F00F0C681B9F1020F00F06982F9
:10602000109B53F80C3C012B00F24B820A9B002B77
:1060300040F0E2820F9B53F80C3CABB1039B002B6A
:1060400000F0FF829DF82410079C2046E8F722FA12
:106050002246D8E902010DF0B3FE28B91F9B1F9A12
:106060001B6843F004031360039B002B00F04F8276
:10607000D8F82C30BB4200F04A821F9B1F9A1B6845
:1060800043F0040313601CA90CA8FAF701F928B126
:106090001F9B1F9A1B6843F0020313600CAA109BFE
:1060A00092E80300089A82E80300A3F10C00084A72
:1060B000904240F0B8820798F7F7D2F8089813B0EA
:1060C000BDE8F08F104700204846002044460020DD
:1060D00038460020D02800201CA90CA8FAF7D8F8D0
:1060E000002800F0BA810026B9F1030F40F0FF80CC
:1060F000059B012B94BF002306F001030293029B32
:10610000002B00F007830A9B002B00F0A381D8F836
:1061100024600136DDE90C4AAAF1FF35B5FA85F5B0
:106120006D0914B1002D40F0E982AB464FF0010932
:106130001D9B1C98A3F1FF33B3FA83F35B0910B1E5
:10614000002B40F0B6805D40059B4B4540F26F81CF
:10615000002D00F06C810C9C1CB1BBF1000F40F0D5
:10616000BB805FFA8AFA3378534586D10C9CD4E918
:106170000232934280F011810133A3604FF0FF336C
:1061800009F1010901360D93D4E902239A4280F006
:106190008182DDF808B04FF0FF3A0025C8E70FAB69
:1061A000202118460793E8F76DF88FE6D0E9023210
:1061B000934280F0F3811C780A22214602981CF059
:1061C000ABFF00287FF4CFAE98F81130A34231D056
:1061D00098F81030002B53D098F81230A3424FD1CA
:1061E000039B002B5DD1002F00F029820F9BFFB293
:1061F00053E903526C1C944203D853F8042C002A30
:1062000040DD21460798E8F73DF80F9B53F80C2C2A
:106210009F540F9AA2F10C0353453AD10C9D0027CD
:10622000D5E902329342FFF4C3AE2B6828469B6A3D
:106230009847BFE6039BA3BBD8F82C30002B1FDD8B
:106240000123099700270393ACE62A469E54109A2F
:10625000A2F10C0353453FF4A4AE002142F80C4CCC
:106260002B4442F8041C4FF000025A7399E6D0E91F
:1062700002239A4280F086810023AB427FF465AE10
:1062800001260FE02A469F540F9AA2F10C035345B2
:10629000C4D000212B4442F80C4C42F8041C597322
:1062A000BCE7039E109B53F80C3C002B3FF4E5AE7B
:1062B00099E6D0E902239A42FFF446AF03685B6A8D
:1062C000984701300CBF0123002385EA03057FF4C2
:1062D0003BAF00231C9337E7D4E90232934280F0AE
:1062E000E7811978327891423FF446AFC5E6DDE99F
:1062F0000C45A5F1FF3ABAFA8AFA4FEA5A1A14B1D4
:10630000BAF1000F22D1D3461D9B1C98A3F1FF3395
:10631000B3FA83F35B0900B123BB53453FF463AE8B
:106320000C9C14B1BBF1000F23D1069BEDB29B690D
:106330005B5D19077FF557AE0C9CD4E9023293429E
:1063400023D20133A3604FF0FF330D93D4E902232E
:106350009A4280F084814FF0010B4FF0FF354FF0EF
:10636000000AD1E7D0E902239A4280F06C81002331
:10637000D3E7D4E90232934280F0818106991A78FA
:1063800089698A5C1207DCD42DE6236820469B6A63
:1063900098474FF0FF330D93D8E7236820469B6A58
:1063A0009847EBE60B9B43B99DF84430032B04D090
:1063B0009DF84630012B40F0A780D8F818500024F3
:1063C0004FF0FF360EE0D8F81420DBB2125D9A428F
:1063D00023D10C98D0E90232934233D20133836047
:1063E00001340D961CA90CA8F9F752FFAC422DD22E
:1063F00080F00100C0B248B3DDE90C03591CE2D1C2
:106400000028E0D0D0E90232934280F05D81D8F8D4
:1064100014201978125D9142E0D0002C7FF42DAE4B
:106420001E9BDB6883F40073C3F34026DBE5059B0A
:106430004B457FF422AE109B53F80C3C012B7FF6AA
:10644000F5AD3EE003689B6A9847C9E7AC42E4D1EA
:106450000126C8E5D8F81C605BE60CA8ECF782FDC5
:10646000069BC0B29B691B5C19077FF53CAE0C987C
:10647000F6F784FE4FF0FF330D93012634E61CA996
:106480000CA8F9F705FF002846D0D8F828303BB90A
:10649000D8F82030002B3FF4A3AD01260A96A2E5E0
:1064A0001CA90CA8F9F7F4FE002849D0D8F8203030
:1064B000002B3FF495ADD8F82830002B7FF490AD39
:1064C000EBE70022302110A8E7F716FD00283FF483
:1064D000ADAD109B421C53F80C3C00D1581E9842A5
:1064E000024610A828BF1A4600231946E7F776FD92
:1064F0009CE59DF84730042B3FF45FAF032B03D19D
:106500000B9B002B7FF459AF09F10109F3E410A9AB
:106510002098E7F7DBFCB6E50CA8ECF723FDD8F8EC
:106520001C20C3B212789A42AFD1D8F820300C9810
:106530000593F6F723FE4FF0FF3301260D9352E546
:106540000CA8ECF70FFDD8F82420C3B212789A42B9
:10655000ACD1D8F828300C980593F6F70FFE4FF021
:10656000FF3301260D930A963DE52B6828465B6AAA
:10657000984701300CBF012500257FF4D8AC0023DB
:106580000C93D4E403685B6A984701300CBF012385
:1065900000237FF4D7AC00221C92D3E403685B6A2B
:1065A0009847441C00F0AD80C4B205E64420DDF7F6
:1065B00041FE00230646C0E90133C3600374A0F81E
:1065C0001130436380F84330C0E90533C0E9073335
:1065D000C0E90933C0E90B335D4B03601E9B03F137
:1065E0006C01F7F793F91E9B31462246D86EE2F70D
:1065F00003FB55F8248054E4109B53F8042C002A24
:106600006CDA1B78302B3FF415AD2D23002210A837
:10661000009311460123E7F77FFD109B4FF0FF32F7
:1066200043F8042C06E553F8042C511E002A43F8C5
:10663000041C3FF740AD0EA9E7F7CEFC3BE53E4614
:1066400030E6F9B200E503685B6A984701300CBF99
:10665000012300237FF461AE00221C925DE62368D3
:1066600020465B6A984701300CBF4FF0010A4FF09B
:10667000000A49D04FF0010B4FF0FF3544E6236884
:1066800020465B6A98470546681C7FF44EAE00239F
:106690000C934AE6236820465B6A984701300CBF9A
:1066A0000125002533D0DDF808B04FF0FF3A3FE573
:1066B000236820465B6A9847B0F1FF3F82467FF42B
:1066C00050AD00230C934CE503685B6A9847421C6D
:1066D00003467FF478AE00220C9274E610A8E7F728
:1066E000FFFC109B1A78302A3FF4A4AC53F8043C0A
:1066F000002B8ADB10A8E7F7F3FC86E74FF00109CF
:1067000042E500230C934FE700230C93B2E70023EC
:106710000C93C8E7002E3FF4B0AC81E4F6F776F9AD
:1067200010A8F6F79DFD0798F6F79AFD0BF022FEEC
:10673000F9E70BF08FFF336830465B6898470CF041
:106740008BFB0BF087FFFAE70BF0C2FF0BF012FE9A
:10675000E44D04102DE9F0438DB00E46274905465F
:1067600006AC189F09910DF1240884E80C00179BD2
:106770009DF85820CDE9023714AB93E80300CDF81B
:1067800010808DE8030031460AAE304602B394E82B
:106790000C00FEF7FBFEDDF8249096E8030084E889
:1067A0000300E2F709F83A46334619990A90484639
:1067B0000CF0B4FF099B124A94E8030085E803003B
:1067C000A3F10C00904208D128460DB0BDE8F0833B
:1067D00094E80C00FFF744FBDDE753F8042C511E4E
:1067E000002A43F8041CEFDC3146E7F7F5FBEBE742
:1067F0004046F6F735FD0BF0BDFD00BF44460020D6
:10680000384600202DE9F04F8FB005464F480F461F
:106810001B9E08AC9DF8689084E80C00E2F766FACD
:10682000F36E5B6853F82080B8F1000F00F08780AA
:10683000474B0B93B9F1000F4FD11C9B0DF12C0965
:1068400002960CAE039318ABCDF8109093E80300BA
:106850008DE803003946304694E80C00FFF700FB52
:106860000B9B96E8030053F80C7C84E803003FB3CD
:10687000002239461D98E7F7F1FD1D9BDDF82CB08D
:10688000D3F800A00BEB07025AF8043C0792002B48
:1068900037DA98F81C30012B09D0002B38D0D8F803
:1068A0000030DB691A469C462A4B9A4234D1079B3A
:1068B0005B4537D03A46594650461CF0E9FB0B9BE6
:1068C000254A94E8030085E80300A3F10C009042F8
:1068D0002AD128460FB0BDE8F08F1C9B0DF12C0982
:1068E00002960CAE039318ABCDF8109093E803001A
:1068F0008DE803003946304694E80C00FEF746FE6A
:10690000AEE71D98E7F7ECFB1D9BD3F800A0C0E7AE
:106910004046E8F771F9C2E75346079A59464046A0
:106920006746B8470B9BCBE753F8042C511E002A4F
:1069300043F8041CCDDC3146E7F74EFBC9E7F6F718
:1069400065F84846F6F78CFC0BF014FD1047002064
:106950004446002089EB001038460020244B1A687A
:10696000D00701D401221A60224B1A68D10701D442
:1069700001221A60204B1A68D20701D401221A6042
:106980001E4B1A68D00701D401221A601C4B1A68EA
:10699000D10701D401221A601A4B1A68D20701D418
:1069A00001221A60184B1A68D00701D401221A601C
:1069B000164B1A68D10701D401221A60144B1A68C9
:1069C000D20701D401221A60124B1A68D00701D4F1
:1069D00001221A60104B1A68D10701D401221A60F3
:1069E0000E4B1A68D20701D401221A60704700BF0B
:1069F00008380020103800203838002040380020A7
:106A0000A8370020AC37002020380020B8370020FD
:106A100030380020283800201838002000380020A6
:106A2000054A064B10B50446026040F8043FF6F7ED
:106A30007DF9204610BD00BF30710410346A041087
:106A40000368074953F80C3C064A10B5C418C150F6
:106A5000204640F8042FF6F769F9204610BD00BF24
:106A600030710410346A0410064A074B10B504460E
:106A7000026040F8043FF6F759F92046DDF7DEFBE7
:106A8000204610BD30710410346A041003680849B0
:106A900053F80C3C074A10B5C418C150204640F8C2
:106AA000042FF6F743F92046DDF7C8FB204610BD5A
:106AB00030710410346A0410054A064B10B50446C0
:106AC000026040F8043FF6F731F9204610BD00BFE0
:106AD00060710410446A04100368074953F80C3CC1
:106AE000064A10B5C418C150204640F8042FF6F7E6
:106AF0001DF9204610BD00BF60710410446A0410E7
:106B0000064A074B10B50446026040F8043FF6F70A
:106B10000DF92046DDF792FB204610BD6071041090
:106B2000446A04100368084953F80C3C074A10B53E
:106B3000C418C150204640F8042FF6F7F7F8204655
:106B4000DDF77CFB204610BD60710410446A041020
:106B500038B5436805461A6852F80C4C1C44E36883
:106B60009B0409D50BF0F8FD30B9A06F20B1036884
:106B70009B699847013001D0284638BD6868036892
:106B800053F80C3C1844416941F00101F5F7E4FF6A
:106B9000F2E700BF036853F80C3C03449B6F30B529
:106BA000044683B013B30146684600F05DF89DF8D3
:106BB00000304BB1236853F80C3C2344986F0368B2
:106BC0009B699847013014D0019B1A6852F80C5CFD
:106BD0001D44EB689B0409D50BF0BEFD30B9A86FCE
:106BE00020B103689B69984701300CD0204603B060
:106BF00030BD236853F80C0C2044416941F0010179
:106C0000F5F7AAFFE0E70198036853F80C3C184435
:106C1000416941F00101F5F79FFFE7E701290D46C2
:106C20000FD10BF017FD2368294653F80C0C2044B4
:106C3000F5F7A2FF0CF010F96846FFF789FF0BF09B
:106C400099FB0BF007FD2368012153F80C0C20443D
:106C5000F5F792FF0BF03CFDB6E70BF039FDEBE7E3
:106C60000BF036FDE8E700BF38B50B680022416045
:106C7000044653F80C3C0D4602700B44186F5969DA
:106C800050B119B1CA070ED4204638BDFFF782FFB4
:106C90002B6853F80C3C2B4459690029F2D101238D
:106CA0002046237038BD184641F00401F5F754FF23
:106CB000204638BD2DE9F04F83B004460F4601460B
:106CC00068461546FFF7D0FF9DF80030002B42D0F4
:106CD000236853F80C0C2318D3F808A09B4655459D
:106CE0004FDADA6802F0B009B9F1200F63D093F8F7
:106CF0007530AAEB0506002B00F0A5809BF8748088
:106D00000BE083F800804369013343612368013E4F
:106D100053F80C0C4ED004EB000BDBF87800D0E9F4
:106D200005329342EDD3036841465B6B98470130CF
:106D3000ECD1236853F80C0C2044416941F0010167
:106D4000F5F70AFF236853F80C3C23445A69002ADC
:106D500034D000229A60019B1A6852F80C5C1D44E2
:106D6000EB689B0409D50BF0F7FC30B9A86F20B194
:106D700003689B69984701307AD0204603B0BDE88C
:106D8000F08F986F39462A4603681B6B9847236833
:106D9000854253F80C3C2344DBD05969184641F036
:106DA0000101F5F7D9FE236853F80C3C2344002277
:106DB0009A60D0E723185A69002ACAD1986F3946D9
:106DC0002A4603681B6B98472368854253F80C2CAE
:106DD00006D0A018416941F00101F5F7BDFE236816
:106DE00053F80C3CB9F1200F04EB03063346B0D145
:106DF0007269002AADD196F87530AAEB0505002B13
:106E00004DD096F8747009E01F70436901334361F7
:106E10002368013D53F80C3CC8D0E618B06FD0E9A8
:106E200005329342F0D3036839465B6B98470130D3
:106E3000EED1236853F80C0C2044416941F0010164
:106E4000F5F78AFEAFE7DBF87C80B8F1000F4CD095
:106E500098F81C30BBB198F83D808BF8748023689B
:106E600053F80C0C01238BF8753004EB000B54E73E
:106E70000198036853F80C3C1844416941F0010142
:106E8000F5F76AFE79E74046E7F7B6FED8F8003036
:106E9000294A9B6993421CD14FF02008DDE7F76F28
:106EA0000FB33B7F5BB197F83D7086F87470012299
:106EB000236853F80C3C86F87520E618AEE7384690
:106EC000E7F79AFE3B681C4A9B69934206D120274C
:106ED000EBE74046202198478046BEE73846202110
:106EE00098470746E1E7F5F791FDF5F78FFD012992
:106EF0000D460AD10BF0AEFB2368294653F80C0C63
:106F00002044F5F739FE0BF0A7FF0BF0A3FB236835
:106F1000012153F80C0C2044F5F72EFE0BF0D8FBA2
:106F200019E70BF0D5FB6846FFF712FE0BF022FACB
:106F3000F9E70BF0CDFBF6E721EB00102DE9F04768
:106F400004468AB0894604A82146FFF78DFE9DF8C5
:106F500010306BB3236853F80C5C2544D5F880607F
:106F6000002E65D0D5F8788095F87530B8FA88F796
:106F70007F09002B32D095F87400336831460095B4
:106F8000CDF820808DF82470CDE90109DD680AABC9
:106F900006A813E90C00A8479DF81C3043B12368EC
:106FA00053F80C0C2044416941F00101F5F7D4FD80
:106FB000059B1A6852F80C5C1D44EB689B0409D5CC
:106FC0000BF0CAFB30B9A86F20B103689B699847E2
:106FD00001301ED020460AB0BDE8F087D5F87CA06D
:106FE000BAF1000F26D09AF81C303BB19AF83D0058
:106FF000012385F8740085F87530BEE75046E7F741
:10700000FBFDDAF800301F4A9B6993420CD1202027
:10701000EEE70598036853F80C3C1844416941F0C9
:107020000101F5F799FDD5E7504620219847DFE7A4
:10703000F5F7ECFCF5F7EAFC01290D460FD10BF052
:1070400009FB2368294653F80C0C2044F5F794FDFE
:107050000BF002FF04A8FFF77BFD0BF08BF90BF0A0
:10706000F9FA2368012153F80C0C2044F5F784FD4C
:107070000BF02EFB9CE70BF02BFBEBE70BF028FB58
:10708000E8E700BF21EB001008B5FFF757FF08BD88
:107090002DE9F04704468AB0894604A82146FFF747
:1070A000E3FD9DF810306BB3236853F80C5C254466
:1070B000D5F88060002E65D0D5F8788095F87530C9
:1070C000B8FA88F77F09002B32D095F8740033683E
:1070D00031460095CDF820808DF82470CDE9010966
:1070E0001D690AAB06A813E90C00A8479DF81C30DF
:1070F00043B1236853F80C0C2044416941F001016D
:10710000F5F72AFD059B1A6852F80C5C1D44EB68E4
:107110009B0409D50BF020FB30B9A86F20B10368A0
:107120009B69984701301ED020460AB0BDE8F08721
:10713000D5F87CA0BAF1000F26D09AF81C303BB1EC
:107140009AF83D00012385F8740085F87530BEE794
:107150005046E7F751FDDAF800301F4A9B69934229
:107160000CD12020EEE70598036853F80C3C184436
:10717000416941F00101F5F7EFFCD5E750462021C8
:107180009847DFE7F5F742FCF5F740FC01290D468B
:107190000FD10BF05FFA2368294653F80C0C2044FA
:1071A000F5F7EAFC0BF058FE04A8FFF7D1FC0BF052
:1071B000E1F80BF04FFA2368012153F80C0C20443E
:1071C000F5F7DAFC0BF084FA9CE70BF081FAEBE7B9
:1071D0000BF07EFAE8E700BF21EB00102DE9F04F3D
:1071E0008BB0014604461F4604A81646FFF73CFD37
:1071F0009DF810308BB3236853F80C5C2544D5F808
:107200008080B8F1000F68D0D5F878A095F8753077
:10721000BAFA8AF94FEA5919002B34D095F874005C
:10722000D8F800304146CDF820A08DF82490CDE963
:107230000050CDE90267DD690AAB06A813E90C002E
:10724000A8479DF81C3043B1236853F80C0C204428
:10725000416941F00101F5F77FFC059B1A6852F87E
:107260000C5C1D44EB689B0409D50BF075FA30B932
:10727000A86F20B103689B69984701301ED0204653
:107280000BB0BDE8F08FD5F87CB0BBF1000F26D075
:107290009BF81C303BB19BF83D00012385F874003E
:1072A00085F87530BCE75846E7F7A6FCDBF80030F8
:1072B0001E4A9B6993420CD12020EEE70598036893
:1072C00053F80C3C1844416941F00101F5F744FCC6
:1072D000D5E7584620219847DFE7F5F797FBF5F704
:1072E00095FB01290D460FD10BF0B4F9236829460F
:1072F00053F80C0C2044F5F73FFC0BF0ADFD04A84F
:10730000FFF726FC0BF036F80BF0A4F923680121F7
:1073100053F80C0C2044F5F72FFC0BF0D9F99CE73F
:107320000BF0D6F9EBE70BF0D3F9E8E721EB00100F
:1073300038B5436805461A6852F80C4C1C44E3689B
:107340009B0409D50BF008FA30B9E06F20B103684F
:107350009B699847013001D0284638BD68680368AA
:1073600053F80C3C1844416941F00101F5F74AFC1F
:10737000F2E700BF036853F80C3C0344DB6F30B501
:10738000044683B013B30146684600F05DF89DF8EB
:1073900000304BB1236853F80C3C2344D86F03688A
:1073A0009B699847013014D0019B1A6852F80C5C15
:1073B0001D44EB689B0409D50BF0CEF930B9E86F9A
:1073C00020B103689B69984701300CD0204603B078
:1073D00030BD236853F80C0C2044416941F0010191
:1073E000F5F710FCE0E70198036853F80C3C1844EB
:1073F000416941F00101F5F705FCE7E701290D4678
:107400000FD10BF027F92368294653F80C0C2044C0
:10741000F5F708FC0BF020FD6846FFF789FF0AF03E
:10742000A9FF0BF017F92368012153F80C0C204435
:10743000F5F7F8FB0BF04CF9B6E70BF049F9EBE781
:107440000BF046F9E8E700BF38B50B680022416051
:10745000044653F80C3C0D4602700B44186F5969F2
:1074600050B119B1CA070ED4204638BDFFF782FFCC
:107470002B6853F80C3C2B4459690029F2D10123A5
:107480002046237038BD184641F00401F5F7BAFBD9
:10749000204638BD704700BF704700BF00000000A5
:1074A0009FED037B002280ED007BC0E90222704744
:1074B000FFFFFFFFFFFFFFFF9FED057B82B0002175
:1074C0008DE80C0080ED007B02B0C0E9021170472E
:1074D000FFFFFFFFFFFFFFFF002070470020704706
:1074E0004FF0FF30704700BF4FF0FF30704700BFD4
:1074F0004FF0FF30704700BF704700BF704700BFBC
:107500009FED037B002280ED007BC0E902227047E3
:10751000FFFFFFFFFFFFFFFF9FED057B82B0002114
:107520008DE80C0080ED007B02B0C0E902117047CD
:10753000FFFFFFFFFFFFFFFF0020704700207047A5
:107540004FF0FF30704700BF4FF0FF30704700BF73
:107550004FF0FF30704700BF044B10B5044640F8B1
:107560001C3BE1F7A7F9204610BD00BFEC710410E9
:10757000044B10B5044640F81C3BE1F79BF920464C
:1075800010BD00BF2C720410054B10B5044640F826
:107590001C3BE1F78FF92046DCF750FE204610BD7A
:1075A000EC710410054B10B5044640F81C3BE1F7A4
:1075B00081F92046DCF742FE204610BD2C720410F3
:1075C0002DE9F843171E30DD064689460025DFF811
:1075D00060807A1BD6E905031C1A83424FEAA40493
:1075E0000ED094424946A8BF1446224614B110F06A
:1075F000E9FE706900EB8400254409EB84097061A1
:10760000BD4202DB2846BDE8F8833368D9F8001094
:107610005B6B4345F6D0304609F1040998470130C9
:10762000F0D00135AF42D4DCECE70025EAE700BF3B
:10763000517502102DE9F047171E34DD06468A46C3
:107640000025DFF86890A7EB0508D6E90502141AB3
:107650000FD0A0452246514625441ADB1BF018FDE9
:107660007369AF422344736102DC2846BDE8F087AA
:10767000A24433689AF800105B6B4B45F5D0304656
:107680000AF1010A98470130EFD00135AF42DADC48
:10769000EBE742463D461BF0FBFC7369284643443A
:1076A0007361BDE8F0870025DFE700BFF1740210C9
:1076B00003680A4A5B6A934202D14FF0FF30704779
:1076C00010B504469847013004D0A36853F8040B62
:1076D000A36010BD4FF0FF3010BD00BF4175021018
:1076E00003680A4A5B6A934202D14FF0FF30704749
:1076F00010B504469847013004D0A36813F8010B75
:10770000A36010BD4FF0FF3010BD00BFE174021048
:107710002DE9F047B2F1000944DD05460B4600268D
:10772000214FDFF88880D5E90212541A10D0A9EB56
:10773000060AA24523DB224618461BF0A9FC264474
:10774000AA684E452244AA602ADB3046BDE8F0878D
:107750001C462B689A6ABA421CD15B6A4345F4D036
:10776000284698470130F0D0AB6813F8010BAB60A6
:1077700001362346B14503F8010BD4DCE5E7524658
:1077800018461BF085FCAB684E4653443046AB6050
:10779000BDE8F08728469047431CD6D0C0B2E7E743
:1077A0000444D6E70026D0E7E1760210E174021027
:1077B0002DE9F047B2F100093BDD06468A46002577
:1077C0001D4FDFF87880D6E902148C4212D0641A7B
:1077D000A9EB0503A4109C42A8BF1C4624B1224675
:1077E000504610F0EFFDB16801EB840125440AEB2F
:1077F000840AB1604D4502DB2846BDE8F087336856
:107800009A6ABA4212D15B6A4345F5D0304698472E
:107810000130F1D0B36853F8040BB360431CEBD0D4
:1078200001354AF8040BA945CDDCE5E73046904721
:10783000F4E70025E0E700BFB176021041750210C1
:107840000868B0F1804F08B51DD2904210D9B0EB56
:10785000420F4FEA42030BD2B3F1804F0DD36FF0CA
:1078600040434FF080400B60BDE80840DCF7E2BCCD
:107870000130BDE80840DCF7DDBC581C0B60BDE8FA
:107880000840DCF7D7BC0148F5F7E8F8DC3604100F
:10789000034653F8080B984201D0DCF7CFBC704781
:1078A00030B50F2983B00446154601910ED8006803
:1078B00039B1012912D00A4629461BF021FC019951
:1078C000206800236160435403B030BD01A9002249
:1078D000FFF7B6FF01992060A160E9E7057000237A
:1078E000019920686160435403B030BD2DE9F04F29
:1078F00083B047689A468146DDF830B08E180D4651
:1079000001A9ABEB020304463B44BF1B019359F8AA
:10791000083B994514BF82680F22FFF791FF80460C
:107920002DB1012D216829D02A461BF0B1FBBAF1F7
:10793000000F0BD0BBF1000F08D0BBF1010F08EB1B
:10794000050022D051465A461BF0A2FB57B15D44B8
:107950002368012F08EB050003EB060111D03A461E
:107960001BF096FB2068814501D0DCF767FC019B8A
:10797000C4F80080A36003B0BDE8F08F0B780370FB
:10798000D5E79B5D08F80530ECE79AF8003008F879
:107990000530DBE738B501EB020C436815460446B9
:1079A000B3EB0C020BD055B10368012A03EB0100C5
:1079B00003EB0C0E09D071461BF066FB63685B1B82
:1079C000226800216360D15438BD13F80C205A544A
:1079D0006368F4E770B5054682B0044655F8083B85
:1079E00001919D42019B14BF82680F22934201D8EE
:1079F00002B070BD01A9FFF723FF63682168064646
:107A00005A1C73B14AB98D4202D00846DCF716FC05
:107A1000019B2660A36002B070BD1BF039FB21689A
:107A2000F1E70B7803702168EDE700BF2DE9F04125
:107A30001D466FF040430E464168134482B05B1A06
:107A40009DF820709D4243D8044650F8083BA5EBB2
:107A500002088342884414BFA0680F20804524D8C0
:107A60009019B1EB000C0DD0AA420BD03344BCF1FD
:107A7000010F03EB050003EB020123D062461BF06C
:107A800003FB236845B1012D03EB060017D02A46FE
:107A900039461BF035FB236800222046C4F80480D9
:107AA00003F8082002B0BDE8F081002331462046EB
:107AB0000095FFF71BFF2368002DEDD0E3E79F55EE
:107AC0002368E9E79A5C5A552368002DE4D0DAE789
:107AD0000148F4F7C3FF00BF983504100B46416816
:107AE000994206D304D9026800214360D1547047FB
:107AF000704710B5144682B05B1A00220094FFF75D
:107B000095FF02B010BD00BF2DE9F041069F1D4654
:107B10009046079E7B1E0C469A4209D9012F02D13E
:107B20002B780B7004E03A46294620461BF0ACFA4D
:107B300076B147454AD0012E04EB070004EB08015B
:107B400003D114F80830E35502E032461BF09CFAEA
:107B500047453BD904EB0806EB199E420BD3012F96
:107B600002D12B78237031E03A4629462046BDE801
:107B7000F0411BF089BAAE4210D82D1BA7EB0802CA
:107B8000012F154404EB050102D1635D23701DE054
:107B90003A462046BDE8F0411BF07ABA761B012E2A
:107BA00002D12B78237004E03246294620461BF090
:107BB0006BFABA1BA019E119012A02D1E35DA355A2
:107BC00004E01AB1BDE8F0411BF062BABDE8F081F3
:107BD0002DE9F04704466FF0404082B00F46104454
:107BE00061680A9E401A86424CD898462346B51AC8
:107BF00053F808AB0D449A4514BFA3680F239D4268
:107C00002DD8D319C2450AEB0709A1EB03031BD9F1
:107C100053B1B24208D0012B09EB060009EB020177
:107C200029D01A461BF030FA36B1012E1ED032464A
:107C3000414648461BF02CFA236800222046656026
:107C40005A5502B0BDE8F08751448845E0D849460E
:107C50002046CDE900634346FFF756FFECE7434675
:107C6000394620460096FFF741FEE5E798F80030D8
:107C70000AF80730E0E719F8023009F80630002E5C
:107C8000DAD0D2E70148F4F7E9FE00BFF436041079
:107C9000F0B50446476850F8085B83B0D6198542B2
:107CA00014BFA3680F23B3420DD332B1012A05EBF1
:107CB000070011D01BF0ECF9256800232046666010
:107CC000AB5503B0F0BD0B4600923946002220466A
:107CD000FFF70CFE2568F0E70B78EB552568ECE71D
:107CE00010B5446886469C46A34215D8E41A9442CF
:107CF00028BF14464CB1DEF80030012C084603EBD7
:107D00000C0104D022461BF0C3F9204610BD13F825
:107D10000C300370204610BD2346624601490248DC
:107D2000F4F7CCFE6C3504103435041088421FD0B3
:107D30002DE9F043054687B080460C4655F8087B90
:107D40000E68BD4215D001F10803D0F808909E429C
:107D500023D006608B680F608360C4F80890666863
:107D6000D8F80430C8F80460636007B0BDE8F08359
:107D7000704701F108074368B74218D02946A56843
:107D80005A1C38461BF084F9C8F80060D8F8043053
:107D90002760C8F808506668E4E7626831462846FC
:107DA00001321BF075F92760C8F80050D5E74E681E
:107DB00073B103F10109E6B94A46294638461BF07A
:107DC00067F9D8E900326260C8F804601E70CCE739
:107DD0006EB1721C3946284601931BF059F9019B7C
:107DE000D4E90021C8F8041063601370BDE733467E
:107DF000B8E70136394602A832461BF049F94A462F
:107E0000294638461BF044F9324602A928461BF0A1
:107E10003FF96668D8F80430A4E700BF43689A4287
:107E200017D2006803F1FF3C013A8444831800B57F
:107E300001E0634509D09E4613F8012F8A42F8D02D
:107E4000C0F1010070445DF804FB4FF0FF305DF8B5
:107E500004FB4FF0FF30704783685869704700BFDC
:107E600083689869704700BF8368586B704700BF8C
:107E7000836882B0986B02B0704700BF836882B09D
:107E8000D86B02B0704700BF83685869704700BF65
:107E900083689869704700BF8368586B704700BF5C
:107EA000836882B0986B02B0704700BF836882B06D
:107EB000D86B02B0704700BF8368586A704700BF34
:107EC0008368986A704700BF0020704700207047A1
:107ED000704700BF91424FF0000006D251F8043BBA
:107EE0008A4203EB7060F9D870477047034B10B5B6
:107EF00004460360E0F74AFC204610BDD876041023
:107F0000034B10B504460360E0F740FC204610BD6B
:107F100014770410034B10B504460360E0F736FCF9
:107F2000204610BD14780410034B10B504460360BE
:107F3000E0F72CFC204610BD2C780410034B10B544
:107F400004460360E0F722FC204610BD447704108D
:107F5000034B10B504460360E0F718FC204610BD43
:107F600044780410034B10B504460360E0F70EFCA0
:107F7000204610BD58780410054B10B50446036028
:107F8000E0F704FC2046DCF759F9204610BD00BF9D
:107F9000D8760410054B10B504460360E0F7F6FBF5
:107FA0002046DCF74BF9204610BD00BF14770410C3
:107FB000054B10B504460360E0F7E8FB2046DCF70C
:107FC0003DF9204610BD00BF14780410054B10B5D4
:107FD00004460360E0F7DAFB2046DCF72FF9204681
:107FE00010BD00BF2C78041010B50446FFF7A6FFA3
:107FF0002046DCF723F9204610BD00BF054B10B525
:1080000004460360E0F7C2FB2046DCF717F9204680
:1080100010BD00BF44780410054B10B50446036042
:10802000E0F7B4FB2046DCF709F9204610BD00BF9D
:1080300058780410054B10B5044640F8083B0BF087
:10804000C7FB2046E0F7A2FB204610BDCC7704100A
:1080500010B50446FFF7EEFF2046DCF7EFF82046A8
:1080600010BD00BF054B10B5044640F8083B0BF0AF
:10807000AFFB2046E0F78AFB204610BD587604107F
:1080800038B50D4B044605690360E0F7A5FB25B143
:10809000854202D02846DCF7D3F8A06810B1036807
:1080A0005B68984704F10C000BF092FB2046E0F768
:1080B0006DFB204638BD00BF5477041010B5044650
:1080C000FFF7DEFF2046DCF7B9F8204610BD00BF01
:1080D000D0E902218A4202D20432826070470368EA
:1080E0009B6A184703680A4AA3F10C0090420ED01D
:1080F00053F8042C511E002A43F8041C07DC00B579
:1081000083B001A9E6F77EFA03B05DF804FB70477F
:10811000284600202DE9F0410E4605460021361A7A
:10812000B7103846E6F71CFA012F044600F10C0898
:1081300016D02FB90C4B9C420AD14046BDE8F081C5
:1081400029463A46404610F03DF9074B9C42F4D090
:108150000023264427604046A360F360BDE8F08119
:108160002B68C360E6E700BF2846002003680A4A80
:10817000A3F10C0090420ED053F8042C511E002A9B
:1081800043F8041C07DC00B583B001A9E5F724FF20
:1081900003B05DF804FB704738460020074B10B56C
:1081A000044640F8083B0BF013FB2046E0F7EEFADC
:1081B0002046DCF743F8204610BD00BF5876041077
:1081C00088422DE9F0411BD0044620B30D1A00214E
:1081D000AF103846E6F7C4F9012F064600F10C0847
:1081E0000BD027B121463A46404610F0EBF80B4B36
:1081F0009E420AD14046BDE8F0812368C360F6E79D
:10820000DFF820804046BDE8F08100237119376017
:10821000B360CB60EEE70248F4F708FC2846002084
:10822000D8340410344600208B68F0B59F6883B0C2
:108230004FB30446384614F07DFA054620B9134B77
:108240002046236003B0F0BD01AA0021E5F774FECB
:10825000012D064600F10C030CD0184639462A467B
:108260001AF016FF03460A4A964206D120462360BA
:1082700003B0F0BD3A780273F5E70022356035446B
:10828000B2602A73F2E70348F4F7D0FB44460020BB
:1082900038460020D83404108B68F0B59F6883B04E
:1082A0004FB30446384614F045FA054620B9134B3F
:1082B0002046236003B0F0BD01AA0021E5F73CFE93
:1082C000012D064600F10C030CD0184639462A460B
:1082D0001AF0DEFE03460A4A964206D12046236083
:1082E00003B0F0BD3A780273F5E7002235603544FB
:1082F000B2602A73F2E70348F4F798FB4446002083
:1083000038460020D83404108B68F0B59F6883B0DD
:108310004FB30446384614F00DFA054620B9134B06
:108320002046236003B0F0BD01AA0021E5F704FE5A
:10833000012D064600F10C030CD0184639462A469A
:108340001AF0A6FE03460A4A964206D1204623604A
:1083500003B0F0BD3A780273F5E70022356035448A
:10836000B2602A73F2E70348F4F760FB444600204A
:1083700038460020D83404108B6830B5DD6983B0EE
:10838000A5B10446284611F087FE05EB80018D4219
:1083900004D108482060204603B030BD01AA284619
:1083A000FFF7B8FE2060204603B030BD0248F4F766
:1083B0003DFB00BF34460020D83404108B6830B534
:1083C000DD6A83B0A5B10446284611F065FE05EBD1
:1083D00080018D4204D108482060204603B030BDA2
:1083E00001AA2846FFF796FE2060204603B030BD64
:1083F0000248F4F71BFB00BF34460020D8340410B9
:108400008B6830B55D6A83B0A5B10446284611F08B
:1084100043FE05EB80018D4204D1084820602046D0
:1084200003B030BD01AA2846FFF774FE2060204645
:1084300003B030BD0248F4F7F9FA00BF344600201B
:10844000D83404108B6830B55D6A83B0A5B104469A
:10845000284611F021FE05EB80018D4204D1084829
:108460002060204603B030BD01AA2846FFF752FE27
:108470002060204603B030BD0248F4F7D7FA00BFB1
:1084800034460020D83404108B6830B5DD6A83B0E0
:10849000A5B10446284611F0FFFD05EB80018D4291
:1084A00004D108482060204603B030BD01AA284608
:1084B000FFF730FE2060204603B030BD0248F4F7DD
:1084C000B5FA00BF34460020D83404108B6830B5AC
:1084D000DD6983B0A5B10446284611F0DDFD05EB4A
:1084E00080018D4204D108482060204603B030BD91
:1084F00001AA2846FFF70EFE2060204603B030BDDB
:108500000248F4F793FA00BF34460020D834041030
:108510008B6830B55D6983B0A5B10446284611F07B
:10852000BBFD05EB80018D4204D108482060204648
:1085300003B030BD01AA2846FFF7ECFD20602046BD
:1085400003B030BD0248F4F771FA00BF3446002092
:10855000D83404108B6830B5DD6983B0A5B104460A
:10856000284611F099FD05EB80018D4204D10848A1
:108570002060204603B030BD01AA2846FFF7CAFD9F
:108580002060204603B030BD0248F4F74FFA00BF28
:1085900034460020D83404102DE9F04F0C4685B045
:1085A0001146804602AA20461C46FFF709FE814676
:1085B00002AA20460E99CDF80C90FFF701FE59F85B
:1085C0000C6C054650F80C7CCB4609EB86060190F6
:1085D00000EB870704E087422AD00BF1040B051D4E
:1085E0002A46594640460BF0DDFA824690B9584675
:1085F00011F052FD044628460BEB840B11F04CFDA4
:108600005E4505EB8000E6D1874203D05E45E2D1AE
:108610004FF0FF3A019B184CA3F10C00A0420FD180
:10862000A9F10C00A04216D1504605B0BDE8F08F6C
:10863000019B4FF0010A104CA3F10C00A042EFD0B7
:1086400053F8042C511E002A43F8041CE8DC02A94C
:10865000E5F7D8FFE4E759F8042C511E002A49F841
:10866000041CE1DC02A9E5F7CDFFDDE703A8FFF775
:1086700039FD09F07FFE00BF284600202DE9F043B8
:10868000ADF5097D04462C48909F02AD9DF84C62E3
:108690009DF8508285E80C00E0F728FBFB6E5B68D4
:1086A00053F82090B9F1000F44D02448E0F71EFBA6
:1086B000FB6ED3E9013290423CD253F820000028EF
:1086C00038D000231E4A1F4909F0DAFC074600286B
:1086D00030D0D9F80030484625219B6A984704904D
:1086E000B8F1000F24D03246002146460791929BF4
:1086F000384608A906920093802204AB05960BF039
:10870000C1FF08A811F0C8FC2F682D79064645B9AD
:108710003B68024608A938461B6B9847864218BF3B
:1087200001252046276025710DF5097DBDE8F08300
:108730004246DCE7F4F76AF9144700205C46002063
:10874000A8730410C84504102DE9F04F154685B0F4
:108750004D4E0746894602AA0660194628461C4621
:10876000FFF72EFD50F80C3C641B0646019000EB11
:10877000830A464B651003909C4200F28280A80059
:10878000DBF75AFD0446DFF808B119E03B68061D27
:1087900053E9032102F10108884503D853F8041C6A
:1087A000002906DD41463846E6F786F83B6853F86F
:1087B0000C2C002143F82210A3F10C025A4535D1AC
:1087C00032462B46214648460BF0F8F985420246D0
:1087D00013D8451C14B12046DBF732FD6FF060431F
:1087E0009D424BD2A800DBF727FD044632462B46BC
:1087F000484621460BF0E2F9024621463846E6F7A4
:10880000BFF8304611F048FC06EB80008245BDD130
:1088100014B12046DBF714FD019BA3F10C001C4BA7
:1088200098420AD1384605B0BDE8F08F43F8041CE1
:1088300043F80C8C43F82810C2E7019951F8043C26
:108840005A1E002B41F8042CECDC02A9E5F7DAFEF5
:10885000E8E709F0FFFE2CB12046DBF7F1FC01E070
:1088600009F0F8FE0AF0F8FA09F032FF03A8FFF762
:1088700039FC3846FFF736FC09F07CFD09F042FE72
:10888000F4E709F03FFEF4E734460020FCFFFF3F29
:10889000284600202DE9F04F8B468BB00446B348A4
:1088A000E0F724FADBF800305B6853F82050002D25
:1088B00000F0C9812B68AE4A5B69934240F03C816D
:1088C000AB68DE69002E00F02481304611F0E4FB35
:1088D00006EB80018E4240F01F81A64809AE099048
:1088E00050F80C9C6FF06043994580F0D5814FEAB9
:1088F0008900DBF7A1FC0146019000234A4630467F
:10890000E5F7F2FD099B9C4FA3F10C00B84240F043
:1089100062812B68994A9B69934240F00881AB6859
:10892000D3F82480B8F1000F00F0FB80404611F02E
:10893000B3FB08EB8001884500F04B81404605AA57
:10894000FFF7E8FB099050F80C8C6FF060439845F6
:1089500080F094814FEA8800DBF76EFC01460090BE
:10896000002342463046E5F7BFFD099BA3F10C000A
:10897000B84240F048812B68814ADB69934240F05D
:10898000E780AB68D3F82CA0BAF1000F00F0CC80E0
:10899000504611F081FB0AEB80018A4500F01781F7
:1089A000504606AAFFF7B6FB099050F80CAC6FF0E2
:1089B00060439A4580F079814FEA8A00DBF73CFCFE
:1089C00001460290002352463046E5F78DFD099B93
:1089D000A3F10C00B84240F00A812B68694A1B6978
:1089E000934240F0AF80AB689F68002F00F02D816C
:1089F000384613F09FFE0646002800F0E68007AADE
:108A00000021E5F799FA0346012E039003F10C03C8
:108A100000F0D8801846394632461AF039FB034632
:108A2000594A0399914240F0068104AA04930392A3
:108A300053F80C6C3046DBF7FFFB07460023324649
:108A400003983946E5F71EFAC4E902762EB197F984
:108A50000060002ED4BF002601262B684B499A687F
:108A600026748A4240F0AA80AA685069DA684849A8
:108A700060618A4240F09E80AA689069019A4549E7
:108A8000A061C4E90729009AC4E90928029AC4E947
:108A90000B2A1A6A8A4240F08980AA68506B5B6A86
:108AA0003D4A606393425CD1AB689B6B089305932E
:108AB000059B3A4A0993A3632B689B6A93424CD166
:108AC000AB68DB6B09930793079B3548E363069319
:108AD000E0F70CF9DBF800305B6853F82050002D0C
:108AE00000F0AF802F4A28462B681168DD6A04F138
:108AF000400301F10B02A847049B0121224AA3F184
:108B00000C0084F86C10904240F089800BB0BDE8F6
:108B1000F08F2548F3F78AFF304608AAFFF7FAFAE4
:108B2000DCE62148F3F782FF1F48F3F77FFF294671
:108B300030469847099806E709AE294630469847D7
:108B40000998CDE604A8294603909847049B6FE74F
:108B5000294630469847099827E7284698470790BE
:108B6000B2E7284698470590A2E700BF504600208C
:108B70007983021034460020284600200184021028
:108B8000898402109982021038460020597E021012
:108B9000617E0210697E0210717E02107D7E0210DD
:108BA00014470020D0280020D834041028469047CD
:108BB0002B6874E7284690472B685FE72846904764
:108BC0002B6853E73A7802732AE73B4B2DE73B4883
:108BD000EAE63A48B6E653F8042C511E002A43F858
:108BE000041C3FF796AE08A9E5F70CFD91E653F893
:108BF000042C511E002A43F8041C3FF7EEAE08A9CE
:108C0000E5F700FDE9E653F8042C511E002A43F86D
:108C1000041C3FF7B0AE08A9E5F7F4FCABE653F847
:108C2000042C511E002A43F8041C3FF76FAF06A91D
:108C3000E5F7D2F96AE700220E600E448A603273CB
:108C4000F3E6F3F7E3FEF3F7E1FE1D48F3F7EEFE7C
:108C500000230293CDE900330398FFF787FA029BC4
:108C600013B10298DBF7ECFA009B13B10098DBF725
:108C7000E7FA019B4BB90BE0EAE7E9E709F042FCB0
:108C8000EAE702E03046FFF72DFA0198DBF7D8FA61
:108C900009F070FBDCE7DBE709F034FC3046FFF756
:108CA00021FA09F067FBE1E7DBE709F02BFC30462E
:108CB000FFF718FADAE700BF4446002034460020E8
:108CC000D83404102DE9F04F8B468BB00446B348DE
:108CD000E0F70CF8DBF800305B6853F82050002D0B
:108CE00000F0C9812B68AE4A5B69934240F03C8139
:108CF000AB68DE69002E00F02481304611F0CCF91B
:108D000006EB80018E4240F01F81A64809AE099013
:108D100050F80C9C6FF06043994580F0D5814FEA84
:108D20008900DBF789FA0146019000234A46304664
:108D3000E5F7DAFB099B9C4FA3F10C00B84240F029
:108D400062812B68994A9B69934240F00881AB6825
:108D5000D3F82480B8F1000F00F0FB80404611F0FA
:108D60009BF908EB8001884500F04B81404605AA3D
:108D7000FFF7D0F9099050F80C8C6FF060439845DC
:108D800080F094814FEA8800DBF756FA01460090A4
:108D9000002342463046E5F7A7FB099BA3F10C00F0
:108DA000B84240F048812B68814ADB69934240F029
:108DB000E780AB68D3F82CA0BAF1000F00F0CC80AC
:108DC000504611F069F90AEB80018A4500F01781DD
:108DD000504606AAFFF79EF9099050F80CAC6FF0C8
:108DE00060439A4580F079814FEA8A00DBF724FAE4
:108DF00001460290002352463046E5F775FB099B79
:108E0000A3F10C00B84240F00A812B68694A1B6943
:108E1000934240F0AF80AB689F68002F00F02D8137
:108E2000384613F087FC0646002800F0E68007AAC3
:108E30000021E5F781F80346012E039003F10C03AE
:108E400000F0D8801846394632461AF021F9034618
:108E5000594A0399914240F0068104AA049303926F
:108E600053F80C6C3046DBF7E7F90746002332462F
:108E700003983946E5F706F8C4E902762EB197F96A
:108E80000060002ED4BF002601262B684B499A684B
:108E900026748A4240F0AA80AA685069DA68484974
:108EA00060618A4240F09E80AA689069019A4549B3
:108EB000A061C4E90729009AC4E90928029AC4E913
:108EC0000B2A1A6A8A4240F08980AA68506B5B6A52
:108ED0003D4A606393425CD1AB689B6B08930593FA
:108EE000059B3A4A0993A3632B689B6A93424CD132
:108EF000AB68DB6B09930793079B3548E3630693E5
:108F0000DFF7F4FEDBF800305B6853F82050002DEB
:108F100000F0AF802F4A28462B681168DD6A04F103
:108F2000400301F10B02A847049B0121224AA3F14F
:108F30000C0084F86C10904240F089800BB0BDE8C2
:108F4000F08F2548F3F772FD304608AAFFF7E2F8E4
:108F5000DCE62148F3F76AFD1F48F3F767FD294671
:108F600030469847099806E709AE294630469847A3
:108F70000998CDE604A8294603909847049B6FE71B
:108F8000294630469847099827E72846984707908A
:108F9000B2E7284698470590A2E700BF5446002054
:108FA000CD8402103446002028460020458402105B
:108FB000BD8302100983021038460020897E02100A
:108FC000917E0210997E0210A17E0210AD7E0210E9
:108FD00014470020D0280020D83404102846904799
:108FE0002B6874E7284690472B685FE72846904730
:108FF0002B6853E73A7802732AE73B4B2DE73B484F
:10900000EAE63A48B6E653F8042C511E002A43F823
:10901000041C3FF796AE08A9E5F7F4FA91E653F879
:10902000042C511E002A43F8041C3FF7EEAE08A999
:10903000E5F7E8FAE9E653F8042C511E002A43F854
:10904000041C3FF7B0AE08A9E5F7DCFAABE653F82D
:10905000042C511E002A43F8041C3FF76FAF06A9E9
:10906000E4F7BAFF6AE700220E600E448A603273AA
:10907000F3E6F3F7CBFCF3F7C9FC1D48F3F7D6FC96
:1090800000230293CDE900330398FFF76FF8029BAA
:1090900013B10298DBF7D4F8009B13B10098DBF70B
:1090A000CFF8019B4BB90BE0EAE7E9E709F02AFAB0
:1090B000EAE702E03046FFF715F80198DBF7C0F861
:1090C00009F058F9DCE7DBE709F01CFA3046FFF756
:1090D00009F809F04FF9E1E7DBE709F013FA304648
:1090E000FFF700F8DAE700BF4446002034460020CE
:1090F000D83404102DE9F04F8B4689B00446B648A9
:10910000DFF7F4FDDBF800305B6853F82060002ED9
:1091100000F035813368B14A1B69934240F0ED801D
:10912000B368D3F80890B9F1000F00F02C814846DD
:1091300013F000FB0546002840F0BD80DFF8CC822C
:1091400005ABCDF81480019358F80C0CE060DBF708
:1091500073F807460023E26801983946E4F792FE67
:10916000E3682BB197F90030002BD4BF0023012313
:10917000237433689A4A5B69934240F0C680B368AF
:109180005D69002D00F0AF80284610F085FF05EBEB
:1091900080018D4200F0D080284603AAFEF7BAFF76
:1091A0000DF1180A069050F80C0C6FF060439842CD
:1091B000A06180F037818000DBF73EF88046002315
:1091C000A26950464146E5F78FF93368854A9B69A5
:1091D000934240F0A880B368DD69002D00F08680DE
:1091E000284610F059FF05EB80018D4200F0A28067
:1091F000284604AAFEF78EFF0DF11C09079050F8CF
:109200000C0C6FF060439842206280F01481800063
:10921000DBF712F805460023226A48462946E5F79F
:1092200063F9336870499A688A4278D1B268506AA3
:10923000DB686E4A606293426ED1B368986AA0623E
:109240006B48DFF753FDDBF800305B6853F82060B4
:10925000002E00F09680674B30461968336801F1A4
:109260002402D3F82CB004F12C03D847624B3046CB
:109270001968336801F11A02DE6A04F1BC03B047D1
:10928000079B0122A760A3F10C0084F82421C4F8F5
:109290001480E561594CA04266D1069BA3F10C00F5
:1092A000A04256D1059B564AA3F10C00904245D1ED
:1092B00009B0BDE8F08F07AA0021E4F73DFE012DBB
:1092C000074600F10C0814D049462A46404619F0DA
:1092D000DFFE4B4B9F423FF433AF00233D603D44E4
:1092E000BB602B732CE74748F3F7A0FB4548F3F727
:1092F0009DFB99F800300373EBE705AA3146104651
:1093000001929847DDF814801EE70DF1180A3146E6
:1093100050469847069846E7304698478FE73046CC
:109320009047336884E70DF11C0931464846984759
:10933000079864E734485FE7334831E753F8042C73
:10934000511E002A43F8041CB2DC4946E4F744FEEF
:10935000AEE753F8042C511E002A43F8041CA1DC8C
:109360004946E5F74FF99DE753F8042C511E002AB2
:1093700043F8041C91DC04A9E5F744F98DE7F3F701
:1093800045FBF3F743FB1F48F3F750FB04465046F9
:10939000FEF7A8FE0198FEF7E9FE204609F05AF90B
:1093A00017B13846DAF74CFFB8F1000F02D040464B
:1093B000DAF746FF15B12846DAF742FF09F04CFD0F
:1093C00004460025E3E700250446A846E2E709F045
:1093D0007FF908F0CFFFF7E7A847002029820210A5
:1093E0001185021055850210B97E0210C17E02104F
:1093F00014470020C8280020CC2800202846002040
:1094000038460020D834041034460020444600205A
:1094100009F020F9D2E700250446A8462F46B9E70F
:10942000D1E7D0E709F06EF800250446A846AEE77C
:10943000C6E7F9E7C4E709F065F8044600254846A1
:10944000FEF750FEA3E70446F9E7F6E7F8B5054650
:109450001B48DFF74BFC04462B68DF6857F82000F9
:1094600000B1F8BD4FF49470DAF7E4FE002329460A
:109470000646C360037480F82431C0E90133C0E9B3
:109480000533C0E90733C0E909330E4B0360FFF72A
:1094900031FE286822463146DFF7AEFB57F824003C
:1094A000F8BD09F0D7F809F0D7FC09F0D3F8336814
:1094B00030465B689847F6E709F00AF908F05AFF6A
:1094C000A8470020244E0410003A0B4B18BF01227D
:1094D00010B5C0E9003281600446DFF77DF903462C
:1094E0000021204623610BF001F9204610BD2046E3
:1094F000DFF74CF908F03EFF547704102DE9F04FE8
:1095000087B007465B48994606A9169C1546DDF8C4
:1095100040B001E90C00DFF7E9FBE36E5B6853F84C
:109520002060002E00F0A380119A0024CDF804B032
:10953000B346A2F1FF3AA0460297BAFA8AFA4FEA76
:109540005A1AA9F1FF32B2FA82F25209002D0CBF69
:10955000002702F00107002F58D11746019B002B6E
:109560000CBF00260AF001066EBB5646BE4234D040
:10957000159B984531D205B1E2B94946DBF8002088
:109580005846166B2A22B0473038C2B2092A24D86E
:1095900004EB8404149B00EB44049C4251DCD5E9A9
:1095A00002218A423BD20432AA6008F101084FF03E
:1095B000FF39C6E7D5E902218A4252D211684B1C15
:1095C00008BF0025DAE7D3E90201884242D20068E9
:1095D000013033D00026BE42CAD1B8F10003139A3D
:1095E000029F18BF01239442B8BF002313B1149BFC
:1095F0009C4219DD179B3846179A1B6843F00403F9
:10960000C7E90059136007B0BDE8F08FD5E9020142
:10961000884218D2006801300ED000279EE72A68E1
:109620002846926A9047C0E7129B38461C60C7E9FB
:10963000005907B0BDE8F08F00258FE700230193A4
:1096400094E7029FD6E7296828460392496A88472B
:10965000039AE0E7019803920168496A8847039AF0
:10966000B6E72A682846526A90470146A7E7F3F70B
:10967000CDF900BF144700200039084B18BF012165
:1096800010B5C0E900310446DFF796F8A060204627
:1096900010BD2046DFF77AF808F06CFECC77041096
:1096A0002DE9F04FDDF824E014460A9A94F800C042
:1096B000A2EB0E09BCEBA90F5DDA4FF0000A5E1EAB
:1096C000274655460FE0AE42A2EB8C0288BF01351B
:1096D000A2EB0E0998BF0AF1010A14F805C0671938
:1096E000BCEBA90F03DA4FFA8CF3002BEBDC9645A9
:1096F0000AF1FF3805F1FF3B09D07346A0F1040CD5
:1097000053F8046B93424CF8046FF9D14844BAF112
:10971000000F13D086464EF8041B3B784BB34FEA3C
:10972000830902EB830C52F8043B624540F8043F86
:10973000F9D10EEB0900B8F10108EBD2ADB10BF194
:109740000105254486464EF8041B15F8013D73B10A
:109750009E0002EB830C52F8043B624540F8043F44
:10976000F9D10EEB0600A542ECD1BDE8F08F7046B2
:10977000F9E77046DFE77245F7D04FF0FF3B4FF057
:10978000000A2746D8465546B7E700BFF0B583B074
:1097900018460D461346089F01460B9C2A46DDE9F4
:1097A0000960B7B1CDE90007381A85103046FFF7D8
:1097B00077FF2268861B521B4FEAA60603D132446C
:1097C000226003B0F0BD39460EF0FCFD2268521B4A
:1097D000F5E70090256800EB850001903046FFF723
:1097E0005FFF821B9210226003B0F0BD70B582B0A3
:1097F0008C4619461346079D6246DDE90804009031
:10980000266800EB860001902846FFF749FF401BC1
:109810008010206002B070BD2DE9F04F8FB0074678
:10982000AB48DDF860800DF1180989E80C00DFF71E
:109830005DFAD8F86C305B6853F82050002D00F0CA
:10984000A181A448DFF752FAD8F86C300646D3F865
:109850000CA05AF82040002C00F042811A9B1E6890
:10986000236C32689A421DD0A36B0993636A0393F9
:10987000A36A029356F80C3C2A68284606EB830339
:10988000042155693246A847851BAD1016D1002327
:1098900099E80300C8F8083087E8030038460FB09D
:1098A000BDE8F08FE36B0993E36A0393236B0293A4
:1098B00056F80C3C002BDFD00436DDE76B000DF1D1
:1098C000280A854A1946504604930A92E4F7F4FFA1
:1098D000636BA5EB030BBBF1000F5A4637DD002B82
:1098E000E168C0F22281002900F022814FEA4B0397
:1098F00004930A9A0021049B504652F80C2C0091C4
:10990000E4F724FF0A9850F8043C002B80F22881E9
:1099100006EB8B0CA169D4E902230096CDF804C0B4
:10992000FFF7BEFE0A9B049053F8042C002A80F235
:109930001281049AD21A911053F80C2C914200F221
:109940002381521A00235046E4F75EFE636B002B1E
:1099500000F3A980D8F80C3003F0B00204920A9A00
:1099600052F80C6C029A16449A0500F18C805A4BFE
:1099700071000BA80B93E4F79FFF049B09ADD8F887
:1099800008B0A3F11003B345B3FA83F34FEA5313BE
:1099900098BF0023059315F8013B042B08D8DFE896
:1099A00003F0566A604D030051460BA8E4F7B4FF7C
:1099B000AA45F0D1029B012B68D80B9A52F80C3CB7
:1099C0009B456ED9049AABEB0303202A79D0199AF0
:1099D0000BA8009200221146E4F7B8FE0B9A9DF8FE
:1099E0001C40069D4CB92B68114628465A461B6BF5
:1099F0009847584518BF01240B9A0C95A2F10C0307
:109A00008DF834400CAC354D94E80300AB42069021
:109A10008DF81C1040F0A9800A9BA3F10C00A8420D
:109A20003FF435AF53F8042C511E002A43F8041CB0
:109A30003FF72DAF2146E4F7E5FD28E7029B002B19
:109A4000B6D0039B0BA81968E5F744F8B0E7059B6F
:109A5000002BADD0199AABEB06010BA8E4F7E2FF9F
:109A6000A6E7D8F80C309B05A2D50BA8D4E90712BD
:109A7000E4F786FF9CE7059B002BEBD119990BA817
:109A8000E5F728F894E7236A1E4470E703995A1E05
:109A90000BA80431E4F774FF0B9A52F80C3C9B4579
:109AA00090D89B469BE761695046E5F713F8BBF1F8
:109AB000000F42DB06EB8B01626B5046E4F760FF60
:109AC00048E71946199A0BA8E4F7ACFF86E700BFF0
:109AD0001447002054460020344600202846002029
:109AE0007020DAF7A7FB002308F16C010446C3607D
:109AF0000374C36380F86C30C0E90133C0E90533F7
:109B0000C0E90733C0E90933C0E90B33C0E90D33BD
:109B10002C4B0360FFF7D6F821463246D8F86C008C
:109B2000DFF76AF85AF8264098E691B92A46AB461C
:109B300031465046E4F74AFE08E7CBF10001626C7B
:109B40005046E4F76FFF2A4631465046E4F718FFC7
:109B500000E7AB46CDE65046E4F7DCFD0A9BE8E6BD
:109B60005046E4F7D7FD0A98D2E652F8041C481E86
:109B7000002942F8040C3FF74FAF18462146E4F79E
:109B800041FD49E7F2F742FF13460F480A460F49E5
:109B9000F2F794FF0BA8FEF7A5FA5046FEF7A2FADB
:109BA00008F0E8FBF9E708F055FD236820465B68FC
:109BB000984709F051F908F04DFDFAE708F088FDE3
:109BC00008F0D8FBF44D0410343504108C36041022
:109BD0002DE9F04F8FB00746AB48DDF860800DF1FE
:109BE000180989E80C00DFF781F8D8F86C305B6859
:109BF00053F82050002D00F0A181A448DFF776F83B
:109C0000D8F86C300646D3F80CA05AF82040002C47
:109C100000F042811A9B1E68236C32689A421DD064
:109C2000A36B0993636A0393A36A029356F80C3CEF
:109C30002A68284606EB8303042155693246A84763
:109C4000851BAD1016D1002399E80300C8F8083031
:109C500087E8030038460FB0BDE8F08FE36B099347
:109C6000E36A0393236B029356F80C3C002BDFD07E
:109C70000436DDE76B000DF1280A854A1946504687
:109C800004930A92E4F718FE636BA5EB030BBBF198
:109C9000000F5A4637DD002BE168C0F2228100290F
:109CA00000F022814FEA4B0304930A9A0021049B9F
:109CB000504652F80C2C0091E4F748FD0A9850F8F1
:109CC000043C002B80F2288106EB8B0CA169D4E9BF
:109CD00002230096CDF804C0FFF7E2FC0A9B049033
:109CE00053F8042C002A80F21281049AD21A91109F
:109CF00053F80C2C914200F22381521A0023504653
:109D0000E4F782FC636B002B00F3A980D8F80C30D9
:109D100003F0B00204920A9A52F80C6C029A1644AC
:109D20009A0500F18C805A4B71000BA80B93E4F755
:109D3000C3FD049B09ADD8F808B0A3F11003B345E7
:109D4000B3FA83F34FEA531398BF0023059315F832
:109D5000013B042B08D8DFE803F0566A604D03008E
:109D600051460BA8E4F7D8FDAA45F0D1029B012B80
:109D700068D80B9A52F80C3C9B456ED9049AABEB11
:109D80000303202A79D0199A0BA8009200221146C9
:109D9000E4F7DCFC0B9A9DF81C40069D4CB92B683F
:109DA000114628465A461B6B9847584518BF012450
:109DB0000B9A0C95A2F10C038DF834400CAC354D88
:109DC00094E80300AB4206908DF81C1040F0A98087
:109DD0000A9BA3F10C00A8423FF435AF53F8042CC2
:109DE000511E002A43F8041C3FF72DAF2146E4F72B
:109DF00009FC28E7029B002BB6D0039B0BA819682F
:109E0000E4F768FEB0E7059B002BADD0199AABEBE9
:109E100006010BA8E4F706FEA6E7D8F80C309B0570
:109E2000A2D50BA8D4E90712E4F7AAFD9CE7059B8D
:109E3000002BEBD119990BA8E4F74CFE94E7236AA9
:109E40001E4470E703995A1E0BA80431E4F798FDED
:109E50000B9A52F80C3C9B4590D89B469BE7616956
:109E60005046E4F737FEBBF1000F42DB06EB8B01F7
:109E7000626B5046E4F784FD48E71946199A0BA82F
:109E8000E4F7D0FD86E700BF1447002050460020CD
:109E900034460020284600207020DAF7CBF9002352
:109EA00008F16C010446C3600374C36380F86C302E
:109EB000C0E90133C0E90533C0E90733C0E909331C
:109EC000C0E90B33C0E90D332C4B0360FEF7E2FC15
:109ED00021463246D8F86C00DEF78EFE5AF826404E
:109EE00098E691B92A46AB4631465046E4F76EFCF7
:109EF00008E7CBF10001626C5046E4F793FD2A4677
:109F000031465046E4F73CFD00E7AB46CDE650460F
:109F1000E4F700FC0A9BE8E65046E4F7FBFB0A98EE
:109F2000D2E652F8041C481E002942F8040C3FF700
:109F30004FAF18462146E4F765FB49E7F2F766FDA7
:109F400013460F480A460F49F2F7B8FD0BA8FEF773
:109F5000C9F85046FEF7C6F808F00CFAF9E708F021
:109F600079FB236820465B68984708F075FF08F086
:109F700071FBFAE708F0ACFB08F0FCF9044E0410A2
:109F8000343504108C3604102DE9F04F2DED028B82
:109F90008BB00546894604AFC7E90023FB6C07F187
:109FA000100097F848B003F16C0197ED168BDEF7BF
:109FB000F5FB4748DEF79AFE3B695B6853F820A043
:109FC000BAF1000F77D090B00DF11008DEF7F4FB76
:109FD0000023786140224146009307F114003D4B75
:109FE0008DED028BE5F7D6FB3F283E46044637DC75
:109FF0000021204607F10C02E4F7E0FA50F8042CA7
:10A00000444403467861002A43DA2246DAF80040E5
:10A0100041465046E46AA047FB6C494628460093F7
:10A0200007F1140302933B6D019396E80C00BBF11A
:10A03000000F12D1FFF7CCFD7B69274AA3F10C007A
:10A0400090422CD107F11000DEF734FC28461C3773
:10A05000BD46BDEC028BBDE8F08FFFF7DDFBEBE703
:10A0600000F10803013423F00703ADEB030D0DF1FC
:10A070001008DEF7A1FB0023224641468DED028B3E
:10A08000786107F114000093124BE5F783FB044657
:10A09000AEE707F11400E4F73DFB7B69B5E753F841
:10A0A000042C511E002A43F8041CCBDC07F10C01E0
:10A0B000E4F7A8FAC6E7F2F7A9FC07F11400FEF7E7
:10A0C00011F807F11000DEF7F5FB08F053F9F8E797
:10A0D00014470020A03604102846002030B587B071
:10A0E00004460DF1100C9DF828508CE80C00DDE9B9
:10A0F0000B3255B10D9D0093CDE901259CE80C0074
:10A10000FFF78AFB204607B030BD0D9D0093CDE9D7
:10A1100001259CE80C00FFF75BFD204607B030BD31
:10A120002DE9F843C4688946089F154604F0B00C31
:10A13000099C9846BCF1200FA7EB040718D0BCF18E
:10A14000100F28D0002627B9A21B09D1BDE8F8833B
:10A1500000263A46494628460BF076F8A21BF5D071
:10A1600005EB870541462846BDE8F8430EF02AB9BD
:10A170004CB9002FEAD03A46494605EB8400BDE8C9
:10A18000F8430BF061B81946224628460EF01AF93A
:10A19000002FDBD0EFE706462A48DEF7A7FDF36E77
:10A1A0005B6853F82060002E49D033682D2130467B
:10A1B0009B6A9847D8F80030834229D033682B2116
:10A1C00030469B6A9847D8F80030834220D03368E5
:10A1D000302130469B6A9847D8F800308342B1D18D
:10A1E000012CAFDD3368782130469B6A9847D8F858
:10A1F0000430834214D03368304658219B6A984714
:10A20000D8F8043083420BD0002FA1D12246A9E711
:10A2100008F10408012645F8040B002F94D098E7B4
:10A22000D8F80030083508F10808022645F8083C3F
:10A2300058F8043C45F8043C002F85D089E7F2F734
:10A24000E5FB00BF1447002030B583B01446184624
:10A25000089D079B2A6800940192069AFFF760FF09
:10A260002C6003B030BD00BF2DE9F04F2DED028B07
:10A270008FB080468A4604AFBC6D07F1080504F133
:10A280006C0085E80C0097ED1A8B97F86050FFF78B
:10A29000DDF8666881462A462046002E07F118013F
:10A2A000B8BF062609F0FEFCE3688CB003F48273A5
:10A2B00004ADB3F5827F00F0A780DEF77DFA07F1E9
:10A2C000180378612D22294607F1140000968DEDC0
:10A2D000028BE5F75FFA2C2838617CDC7C48DEF7DE
:10A2E00005FDE36E5B6853F82000002800F0ED8068
:10A2F0003A6929460368D3F82CB093002A440733FF
:10A3000023F00703ADEB030D0DF1170323F0070650
:10A31000DB087B603346D847D7F810B0BBF1000F9D
:10A3200000F0CC805A462E21284618F0F5FE99F808
:10A3300010C0002800F0A480401BD9F824207B68BE
:10A34000810006EB800041F83320BCF1000F24D0DF
:10A350006B46A3EBCB039D462B782D2B04AD00F071
:10A36000A280A3F12B03B3FA83F35B09002B40F027
:10A370009A809B46AC46D9F82830D9E90212009061
:10A3800007F11000CDE901C603905046FFF7FEF932
:10A390003B692E469B44C7F810B0A2685A455BDC67
:10A3A00000233D7BD7F80890A3604DB9D9F8003061
:10A3B00031465A4648461B6B9847834518BF0125CE
:10A3C00040462C37C8F8009088F80450BD46BDECD4
:10A3D000028BBDE8F08F00F1080300F1010B23F0C0
:10A3E0000703ADEB030DDEF7E7F907F1180304AD42
:10A3F00000965A4629468DED028B786107F11400CC
:10A40000E5F7C8F9386169E7DEF7D6F907F118030F
:10A4100078612D22294607F114008DED008BE5F7B8
:10A42000B9F92C2838617FF759AF00F10803461CB1
:10A4300023F00703ADEB030DDEF7BEF907F11803B8
:10A4400004AD32468DED008B2946786107F114008A
:10A45000E5F7A0F9386141E793005046073323F050
:10A460000703ADEB030D07F11003019604AE029351
:10A4700023460096F96DFFF7E7FED7F810B08FE797
:10A48000BCF1000F89D0BBF1020F7FF761AF6B7891
:10A49000392B82D8AA78303A092A3FF67EAF2F2B83
:10A4A0007FF67BAF54E70BF1FF33AC464FF0010B67
:10A4B0003B6156F8043B4CF8043B5CE799F81030DC
:10A4C000002B3FF46AAF584642E7F2F79FFA00BF0D
:10A4D0001447002030B589B004460DF1180C0D9DCD
:10A4E0008CE80C000C9B9DED0E7B00939CE80C000F
:10A4F000019500258DED047B0295FFF7B5FE204602
:10A5000009B030BD2DE9F04F2DED028B8FB08046A4
:10A510008A4604AFBC6D07F1080504F16C0085E8BC
:10A520000C0097ED1A8B97F86050FEF78FFF666866
:10A5300081462A462046002E07F11801B8BF06269C
:10A5400009F0B0FBE3688CB003F4827304ADB3F59B
:10A55000827F00F0A780DEF72FF907F118037861FA
:10A560002D22294607F1140000968DED028BE5F7A8
:10A5700011F92C2838617CDC7C48DEF7B7FBE36EF0
:10A580005B6853F82000002800F0ED803A69294606
:10A590000368D3F82CB093002A44073323F0070351
:10A5A000ADEB030D0DF1170323F00706DB087B600D
:10A5B0003346D847D7F810B0BBF1000F00F0CC807D
:10A5C0005A462E21284618F0A7FD99F810C00028F9
:10A5D00000F0A480401BD9F824207B68810006EBA2
:10A5E000800041F83320BCF1000F24D06B46A3EB70
:10A5F000CB039D462B782D2B04AD00F0A280A3F158
:10A600002B03B3FA83F35B09002B40F09A809B463F
:10A61000AC46D9F82830D9E90212009007F11000B1
:10A62000CDE901C603905046FFF7B0F83B692E46CE
:10A630009B44C7F810B0A2685A455BDC00233D7B01
:10A64000D7F80890A3604DB9D9F8003031465A4682
:10A6500048461B6B9847834518BF012540462C3759
:10A66000C8F8009088F80450BD46BDEC028BBDE8E8
:10A67000F08F00F1080300F1010B23F00703ADEBAD
:10A68000030DDEF799F807F1180304AD00965A465A
:10A6900029468DED028B786107F11400E5F77AF811
:10A6A000386169E7DEF788F807F1180378612D2231
:10A6B000294607F114008DED008BE5F76BF82C2887
:10A6C00038617FF759AF00F10803461C23F00703F8
:10A6D000ADEB030DDEF770F807F1180304AD324659
:10A6E0008DED008B2946786107F11400E5F752F8EB
:10A6F000386141E793005046073323F00703ADEB81
:10A70000030D07F11003019604AE02932346009651
:10A71000F96DFFF799FDD7F810B08FE7BCF1000F86
:10A7200089D0BBF1020F7FF761AF6B78392B82D8EC
:10A73000AA78303A092A3FF67EAF2F2B7FF67BAFFF
:10A7400054E70BF1FF33AC464FF0010B3B6156F879
:10A75000043B4CF8043B5CE799F81030002B3FF4C5
:10A760006AAF584642E7F2F751F900BF144700209C
:10A7700030B589B004460DF1180C0D9D8CE80C0025
:10A780000C9B9DED0E7B00939CE80C0001954C25E5
:10A790008DED047B0295FFF7B5FE204609B030BD74
:10A7A00030B59DF80C40BCB186461B4DA5FB013C65
:10A7B0000C464FEADC0C092C0CEB8C03A1EB430399
:10A7C000614603F1040352F823304EF8043DEDD8FE
:10A7D000A0EB0E00801030BD03F04A04402C0FD0D7
:10A7E00013F4804F86460CBF0424142401F00F0399
:10A7F0000909234452F823304EF8043DF6D1E7E727
:10A80000864601F00703C90803F1040352F8233018
:10A810004EF8043DF5D1DBE7CDCCCCCC2DE9F04FA3
:10A820008BB0064604AFD7F8408007F108043960C2
:10A8300008F16C0084E80C00FEF708FED8F80CA0C4
:10A84000B96C94B00AF04A0B00F12C03054604AC35
:10A85000BBF1400F18BFBBF1080F7B6014BF4FF076
:10A8600001094FF00009002903DCB9F1000F00D005
:10A870004942CDF8009053467A6804F15000FFF742
:10A880008FFF2B7CC0F114010246786104EB81013B
:10A8900013BBB9F1000F37D0BB6C002B69DB1AF486
:10A8A000006F48D1D8F8083093424DDC00233C7B40
:10A8B000BD68C8F8083044B92B6828467A601B6B1D
:10A8C00098477A68904218BF012430461C3735609B
:10A8D0003471BD46BDE8F08FC200AB6A0832ADEB03
:10A8E000020DD5E9020206AC0291014607F11400FF
:10A8F000CDF80080019403903868FEF777FF214679
:10A900007A69B9F1000FC7D11AF4007FCAD0BB6CC5
:10A91000002BC7D0BBF1400F31D0CAF3803A7B681F
:10A92000023208390AF1020A53F82A307A614B6080
:10A93000EB6B0B60B6E72B6B013204390B60D8F878
:10A9400008307A619342B1DD9C001A4607F1140386
:10A950003868073424F00704ADEB040D04AC02930F
:10A96000019143460094796CFFF76EFC7A692146A9
:10A970009CE7EB6A013204390B607A6192E7EB6B7A
:10A98000013204390B607A618CE700BF30B587B0C3
:10A9900004460DF1100C0B9D8CE80C000A9B0093F3
:10A9A0009CE80C0001950C9D0295FFF737FF2046AF
:10A9B00007B030BD2DE9F04F8DB0044604AFBE6C3A
:10A9C00007F1100597F85090D6F80C8018F0010F99
:10A9D00085E80C0018D1CDF8089007F11808FB6C39
:10A9E0004046CDE9006395E80C00FFF717FF98E8B3
:10A9F000030038613975243795E8030084E80300C3
:10AA00002046BD46BDE8F08F06F16C00FEF71EFD46
:10AA1000B9F1000F34D0B26897F814A0D7F810B08D
:10AA2000D0E90539914534DAFB60A2EB090308F05F
:10AA3000B008F96C9A00BB60073222F00702ADEB58
:10AA4000020D1A4604AB18467B600AF0FDFB00229B
:10AA5000B8F1200FFB68B26036D0FB60BAF1000F8E
:10AA600027D1DBF800205846D7F80880166B7968A4
:10AA70004246B0478045FB6810D04FF0010A18E00D
:10AA8000D0E90739B26897F814A09145D7F810B00B
:10AA9000CADB0022B260BAF1000F0AD1DBF8002055
:10AAA00019465846166B4A46B047814518BF4FF0C5
:10AAB000010A07F12003C7F818B087F81CA013E9B2
:10AAC00003003861397596E7BAF1000FF1D1DBF870
:10AAD000002019465846166B4A46B0478145CCD1EE
:10AAE000BE685846DBF80030796832461B6B9847E1
:10AAF000864218BF4FF0010ADBE700BF2DE9F04F97
:10AB00008BB0064604AFD7F8408007F1080479609F
:10AB100008F16C0084E80C00FEF798FCD8F80C9063
:10AB200094B000F12C0309F04A0A05461A46B96CA4
:10AB3000BAF1400F18BFBAF1080F3B6018A84B4696
:10AB400014BF4FF0010B4FF0000B04ACCDF800B078
:10AB5000FFF726FE2B7CC0F114010246786104EB5E
:10AB60008101E3B9BBF1000F31D0D8F8083093422E
:10AB700044DC00233C7BBD68C8F8083044B92B682E
:10AB800028467A601B6B98477A68824218BF012476
:10AB900030461C3735603471BD46BDE8F08FC200C9
:10ABA000AB6A0832ADEB020DD5E9020206AC0291A8
:10ABB000014607F11400CDF80080019403907868F5
:10ABC000FEF714FE21467A69BBF1000FCDD119F4CE
:10ABD000007FCAD0BB6C002BC7D0BAF1400F22D087
:10ABE000C9F380393B680232083909F1020953F888
:10ABF00029307A614B60EB6B0B60B6E79C001A461C
:10AC000007F114037868073424F00704ADEB040D52
:10AC100004AC0293019143460094796CFFF714FB56
:10AC20007A692146A5E7EB6B013204390B607A6142
:10AC30009BE700BF30B587B004460DF1100C0B9DAB
:10AC40008CE80C000A9B00939CE80C0001950C9D7D
:10AC50000295FFF753FF204607B030BD2DE9F041C4
:10AC600088B0054604AC06AF84E80C00DDE90E634D
:10AC70003846CDE900630E4BD6F80C8008EA030392
:10AC800043F40273F360109B029394E80C00FFF707
:10AC900035FFC6F80C8097E8030004908DF8141077
:10ACA00094E8030085E80300284608B0BDE8F08179
:10ACB000B5BFFFFF2DE9F04F9DF82C108146099894
:10ACC000A9B34D462F4C4FF0CC380526D1189E46DF
:10ACD00041F10001A4FB017C2CF0030707EB9C076A
:10ACE000C91B1746B2EB010C63F1000B08FB0CFA11
:10ACF000ACFB042C04FB0BAA02F001035208E24453
:10AD0000A3FB06C342EACA721CEB010C0A2F4FEAEE
:10AD10005A030CF1040C7EF1000E50F82C1045F88B
:10AD2000041DD3D2A9EB05008010BDE8F08F0A996D
:10AD300001F04A01402915D00A994D4611F4804F7F
:10AD40000CBF0424142402F00F011209214442EA2A
:10AD500003721B0950F8211045F8041D52EA030143
:10AD6000F1D1DFE74D4602F00701D208043142EA93
:10AD70004372DB0850F8211045F8041D52EA030124
:10AD8000F1D1CFE7CDCCCCCC2DE9F04F8FB006463A
:10AD900004AFD7F8508007F11804B96008F16C00CF
:10ADA000D7E916A984E80C00FEF750FBD8F80CB0E0
:10ADB0000546A8B00BF04A00524605F12C0304A941
:10ADC000402818BF082878603B614B4614BF012417
:10ADD0000024BAF1010F7C6179F1000004DA1CB1A2
:10ADE000DAF1000269EB49037869CDE901B038690D
:10ADF000009001F1A000F960FFF75CFFF968C0F175
:10AE000028030446786201EB83012B7C002B47D199
:10AE10007B69002B5CD0B9F1000F3BDB1BF4006FAA
:10AE20001BD1D8F80820A24220DC00233D7FD7F8B0
:10AE30001890C8F8083045B9D9F80030224648467D
:10AE40001B6B9847A04218BF012530462C37C6F827
:10AE500000903571BD46BDE8F08F0134D8F8082068
:10AE60002B6B0439A2427C620B60DEDD9300B86874
:10AE7000073323F00703ADEB030D07F1240304AD03
:10AE80000293019143460095796DFFF7DDF97C6AE5
:10AE90002946CAE7EB6A013404390B607C62C0E7DB
:10AEA000C400AB6A0834D5E90202ADEB040D06AC70
:10AEB0000291014607F124000194CDF8008003902F
:10AEC000B868FEF793FC7B6921467C6A002BA2D10F
:10AED0001BF4007FA5D05AEA0909A2D07B68402B59
:10AEE0000DD0CBF3803B3B69023408390BF1020BE8
:10AEF00053F82B307C624B60EB6B0B6091E7EB6B94
:10AF0000013404390B607C628BE700BF30B587B039
:10AF100004460DF1100C0B9D9DED0C7B8CE80C0094
:10AF20000A9B00939CE80C0001958DED027BFFF7D6
:10AF30002BFF204607B030BD2DE9F04F8FB00646FD
:10AF400004AF07F11804D7F85080F96008F16C00DD
:10AF500084E80C00BC6DFB6DBC607B61FEF776FA8B
:10AF6000D8F80C90A8B000F12C02054609F04A0A66
:10AF700004A9CDF804902CA8BAF1400F18BFBAF17B
:10AF8000080F7A600092224614BF4FF0010B4FF079
:10AF9000000BCDF808B07B693961FFF78BFE39698A
:10AFA000C0F128030446786201EB83012B7CF3B9DE
:10AFB000BBF1000F33D0D8F80820A24247DC0023B1
:10AFC0003D7FD7F81890C8F8083045B9D9F8003057
:10AFD000224648461B6B9847844218BF01253046DD
:10AFE0002C37C6F800903571BD46BDE8F08FC4001F
:10AFF000AB6A0834D5E90202ADEB040D06AC029150
:10B00000014607F124000194CDF800800390F86810
:10B01000FEF7ECFB21467C6ABBF1000FCBD119F4A3
:10B02000007FC8D0BB687A691343C4D0BAF1400F1F
:10B0300021D0C9F380397B680234083909F102094B
:10B0400053F829307C624B60EB6B0B60B3E79300E5
:10B05000F868073323F00703ADEB030D07F1240372
:10B0600004AD0293019143460095796DFFF7ECF82A
:10B070007C6A2946A3E7EB6B013404390B607C62E0
:10B0800099E700BF30B587B004460DF1100C0B9D59
:10B090009DED0C7B8CE80C000A9B00939CE80C0057
:10B0A00001958DED027BFFF747FF204607B030BDCD
:10B0B00070B5054682B0D0E90004A4F1FF34B4FABB
:10B0C00084F4640900280CBF002604F0010696B938
:10B0D000D1E90030A0F1FF30B0FA80F04009002B38
:10B0E0000CBF002500F0010575B9201AB0FA80F0F8
:10B0F000400902B070BDD0E90232934215D21868FF
:10B1000001300AD00024E3E7D3E90220824212D2C0
:10B110001068013005D00020E7E7002334462B609B
:10B12000D6E7002328460B60DFE7036801915B6ADE
:10B1300098470199E4E71A6818460191536A9847BD
:10B140000199E6E710B504464068421C236800D127
:10B1500003B910BDD3E902218A4205D21068431C0D
:10B16000F7D10023236010BD1A681846536A984728
:10B17000F5E700BF2DE9F04F8BB00146169C049116
:10B1800006A904F16C00189D81E80C00FEF75EF939
:10B1900014A9064606A8FFF78BFF0190002800F0CF
:10B1A00076820024337CA3462746AB4A0592099257
:10B1B000002B40F0658296F824310293002B40F07A
:10B1C000B480019B002B40F07083DFF890A20093C5
:10B1D000A4F13003092B4DD82B68E4B253E9038264
:10B1E00008F10107974204D853F8042C002A40F3D1
:10B1F0006A81394628460DF12409E3F743F82B68A4
:10B2000053F80C2C9C542A68A2F10C03534540F0CF
:10B2100062810127069CD4E9023293426CD2043346
:10B220004FF0FF319342A360079172D21C68611CFA
:10B2300078D0159BA4F1FF341498A3F1FF33B4FA2E
:10B2400084F4B3FA83F364095B0910B1002B40F076
:10B250005D81A34200F0CE80069848B1D0E9023269
:10B26000934280F057831C68631CB1D1002306937E
:10B270004FF0FF34736AA34200F0CA82D6F804315B
:10B28000A34204D0D6F81C31A34240F0B380009B07
:10B2900083F001031F4000F0AD80652128460DF1C9
:10B2A0002409E3F7F7F80698FCF712FF4FF0FF3395
:10B2B00014A906A80793FFF7FBFE002840F0C380FF
:10B2C00006A80DF12409FFF73DFFD6F8C03004466B
:10B2D000834200F0F182D6F8BC30984240F0B08250
:10B2E0002D2128460DF12409E3F7D4F8069C009798
:10B2F000D4E90232934292D3236820460DF1240907
:10B300009B6A98474FF0FF330793D4E90232934288
:10B310008CD3236820460DF124095B6A98470446C4
:10B32000611C86D10023069383E7019A002A40F02E
:10B33000BC8206F1CC034FF0FF3A00920393337CBA
:10B340001BB1B26AA24200F04281736AA34240F08C
:10B350008780099CDDE9003254F80C1C134313F07C
:10B36000FF03009370D129B109A85FFA8BF18146E0
:10B37000E3F790F82B6853E9038208F10104944243
:10B3800004D853F8042C002A40F34681214628466D
:10B390000DF12409E2F776FF2B6853F80C2C2E21CF
:10B3A00099542A682D49A2F10C038B4240F0558133
:10B3B000029B0193069CD4E9023293426BD2043380
:10B3C000CDF81CA09A42A36071D91C68611C77D08B
:10B3D000159BA4F1FF341498A3F1FF33B4FA84F45D
:10B3E000B3FA83F364095B0910B1002B40F00581C7
:10B3F000A3427BD1099C54F80C3CA3B1019B3BBBFD
:10B40000009B2BBB0DF124095FFA8BF14846E3F753
:10B4100041F8099C4A46D6E9020108F0D1FC10B96E
:10B420000423179A136006AB049A93E80300A4F16F
:10B430000C0382E80300094A934240F057820498C3
:10B440000BB0BDE8F08F099C54F80C3C002BEAD0FF
:10B450000DF12409DEE700BF4446002038460020F5
:10B46000DDF80C800A222146404610F06DFA0028D3
:10B470005BD043460DF12409C11A284689103031AA
:10B48000C9B2E3F707F8069C0BF1010B029FD4E960
:10B490000232934293D3236820460DF124099B6A1C
:10B4A0009847CDF81CA0D4E902329A428DD823687F
:10B4B00020460DF124095B6A98470446611C87D138
:10B4C0000023069384E742469C542A68A2F10C03A9
:10B4D00053453FF49EAE002142F80C7C43440127C3
:10B4E00042F8041C4FF000025A7393E606980028B5
:10B4F00000F09480D0E90232934280F012821C68FE
:10B50000631C04BF00230693337C19E7D0E90232A1
:10B51000934280F077811868421C00F09B80A0F174
:10B52000FF33B3FA83F35B0993E6D6F80431A34201
:10B5300004D0D6F81C31A3427FF45CAF009B83F0AB
:10B540000103DBB2002B3FF455AF002F3FF452AFA5
:10B55000099B53F80C3C1BB1019B002B00F085802C
:10B56000652128460DF12409E2F794FF0698D0E9F9
:10B570000232934280F05E810433836014A906A8EE
:10B580000DF12409CDF81CA0FFF792FD00287FF4EF
:10B590005AAFDDE9060410B1671C00F02481D6F82B
:10B5A000C010337CA1423DD0D6F8BC20A2424ED17F
:10B5B000002B3FD1736A9C4200F08A812D212846DE
:10B5C0000DF12409E2F766FF029F0097F2E6DDE93C
:10B5D0000032134313F0FF0301937FF434AFBBF148
:10B5E000000F00F0568109A85FFA8BF18146E2F75F
:10B5F00051FF00239B460093DCE6D0E902329342E0
:10B6000080F060811868421C00F0EA80A0F1FF33EE
:10B61000B3FA83F35B09EBE64246C0E6337C4FF0B6
:10B62000FF348DE633B9736A9C421A4600F05181AB
:10B630002B21C4E7B26AA24200F0E180736AA34200
:10B6400000F0DD80A1420CBF2B212D21B7E7029F26
:10B65000009775E60023149361E70021434442F804
:10B660000C4C42F8041C5973A2E60DF124095FFA50
:10B670008BF14846E2F70EFF72E7A44B059309935E
:10B680000DF1240920214846E2F7FCFD93E506A8C8
:10B69000FFF758FDD6F8C0100446307CA14200F0F8
:10B6A0001C81D6F8BC200346A24200F0CB800027C4
:10B6B0004FF030094FF0FF3ABB4613B1B26AA242D5
:10B6C000DBD0726AA2423FF470ADD6F8CC20A24221
:10B6D0007FF46BAD2FB3069F0BF1010BD7E902325C
:10B6E000934246D20433CDF81CA09A42BB604AD99B
:10B6F0001F68791C4ED0A7F1FF37DDE91403B7FAB4
:10B7000087F7A3F1FF337F09B3FA83F35B0908B12D
:10B71000002B50D19F4240D101231F460193337C1F
:10B7200043E52B6853E9038208F10107974203D8E8
:10B7300053F8042C002A4EDD39462846E2F7A2FDD4
:10B740002B6853F80C2C03F802902A687049A2F178
:10B750000C038B42BFD042F80C7C43440021069F6F
:10B760000BF1010B42F8041C5973D7E902329342E2
:10B77000B8D33B6838469B6A9847CDF81CA0D7E9F8
:10B7800002329A42B4D83B6838465B6A984707460B
:10B79000791CB0D100230693ADE70698C0B1D0E97B
:10B7A0000232934280F0C4801C68601C00F0AB80C1
:10B7B000337C012781E7D0E9023293427ED21868B8
:10B7C000421C0AD0A0F1FF33B3FA83F35B09A1E76F
:10B7D0004FF0FF34ECE74246B5E700231493F1E75E
:10B7E0000023149312E7D0E90232934280F0AB8039
:10B7F0001C68601C7FF4D3AE00230693CFE6029F43
:10B8000000979FE503680DF124095B6A984783E67A
:10B81000DDE900231343DBB2002B7FF42FAD0123BE
:10B820002E2128460DF124090193E2F733FE00236F
:10B830000093EFE403680DF124099B6A98479DE6A5
:10B840000097C5E428B9726A94423FF430AF2D21C5
:10B8500009E0B26AA2421AD0736AA34217D0A14289
:10B860000CBF2B212D212846E2F714FE0698FCF789
:10B870002FFC4FF0FF3314A906A80793FFF718FC1D
:10B8800000285AD00027337C0190BB468DE4034644
:10B890000DE72B6853F8042CA3F10C01002A59DDA5
:10B8A0001B48814260D1059B2B60099C54F80C3CDD
:10B8B000002B7FF4A7ADB6E52B2112E503685B6A88
:10B8C00098477DE703680DF124095B6A98479AE67B
:10B8D0001A46029F1446009738E503460028B8D15F
:10B8E000726AA2423FF4E3AE2B21BCE754F8042C69
:10B8F000511E002A44F8041C3FF7A1AD08A91846C0
:10B90000E2F76AFB9BE50023069351E744460020DB
:10B910003846002003680DF124095B6A9847044605
:10B92000A2E403680DF124095B6A98470446E7E541
:10B9300003685B6A9847044637E706A8FFF702FCEE
:10B94000337C0446B3E603680DF124095B6A98472B
:10B9500004464EE7094A9142A7D043F804BC43F895
:10B960000CBC83F800B0A0E7013A43F8042C9AE736
:10B970004846FCF7FBFB06F0FDFC00BF3846002004
:10B980002DE9F0478CB005468946202108AC0DF121
:10B99000280884E80C00434B4046DDE916670A930B
:10B9A000E2F770FC14AB029606AECDE9037893E89B
:10B9B00003008DE803004946304694E80C00FFF789
:10B9C000D9FB96E803000A9E814684E80300DCF771
:10B9D000F3FE0B903A46304618990BAB07F010FE79
:10B9E000099EA6F1FF36B6FA86F67609B9F1000F80
:10B9F0000CBF4FF0000A06F0010ABAF1000F29D17E
:10BA0000159B1498A3F1FF33B3FA83F35B0900B1DC
:10BA1000ABB9B34203D13B6843F002033B600A9BDE
:10BA2000CDF82090204A94E8030085E80300A3F1B4
:10BA30000C0090421AD128460CB0BDE8F087D0E93E
:10BA40000232934223D21B68A3F1FF33B3FA83F38C
:10BA50005B09DEE7D9E90232934212D2186801305D
:10BA60000ABF564600264FF00009C9E753F8042CD8
:10BA7000511E002A43F8041CDDDC0BA9E2F7ACFAE6
:10BA8000D9E7D9F8003048465B6A9847E7E703688A
:10BA90005B6A98470346D7E74046FCF767FB06F02A
:10BAA00069FC00BF44460020384600202DE9F047DD
:10BAB0008CB005468946202108AC0DF1280884E8A1
:10BAC0000C00434B4046DDE916670A93E2F7DAFBC8
:10BAD00014AB029606AECDE9037893E803008DE837
:10BAE00003004946304694E80C00FFF743FB96E814
:10BAF00003000A9E814684E80300DCF75DFE0B909C
:10BB00003A46304618990BAB07F0BCFD099EA6F1EA
:10BB1000FF36B6FA86F67609B9F1000F0CBF4FF082
:10BB2000000A06F0010ABAF1000F29D1159B1498FA
:10BB3000A3F1FF33B3FA83F35B0900B1ABB9B342AE
:10BB400003D13B6843F002033B600A9BCDF8209091
:10BB5000204A94E8030085E80300A3F10C0090421A
:10BB60001AD128460CB0BDE8F087D0E902329342E2
:10BB700023D21B68A3F1FF33B3FA83F35B09DEE73B
:10BB8000D9E90232934212D2186801300ABF5646F0
:10BB900000264FF00009C9E753F8042C511E002A73
:10BBA00043F8041CDDDC0BA9E2F716FAD9E7D9F853
:10BBB000003048465B6A9847E7E703685B6A984746
:10BBC0000346D7E74046FCF7D1FA06F0D3FB00BFA7
:10BBD00044460020384600202DE9F0478CB0054649
:10BBE0008946202108AC0DF1280884E80C00434B5D
:10BBF0004046DDE916670A93E2F744FB14AB029670
:10BC000006AECDE9037893E803008DE803004946CA
:10BC1000304694E80C00FFF7ADFA96E803000A9E60
:10BC2000814684E80300DCF7C7FD0B903A463046B6
:10BC300018990BAB07F072FD099EA6F1FF36B6FA14
:10BC400086F67609B9F1000F0CBF4FF0000A06F036
:10BC5000010ABAF1000F29D1159B1498A3F1FF3303
:10BC6000B3FA83F35B0900B1ABB9B34203D13B68CC
:10BC700043F002033B600A9BCDF82090204A94E8F1
:10BC8000030085E80300A3F10C0090421AD1284676
:10BC90000CB0BDE8F087D0E90232934223D21B6892
:10BCA000A3F1FF33B3FA83F35B09DEE7D9E902328C
:10BCB000934212D2186801300ABF564600264FF050
:10BCC0000009C9E753F8042C511E002A43F8041C4C
:10BCD000DDDC0BA9E2F780F9D9E7D9F80030484656
:10BCE0005B6A9847E7E703685B6A98470346D7E7CC
:10BCF0004046FCF73BFA06F03DFB00BF44460020FF
:10BD0000384600202DE9F04F8DB0189D08A9049009
:10BD100005F16C0081E80C00FDF798FBEB68044628
:10BD200003F04A09B9F1400F00F06D82B9F1080F34
:10BD300016A908A814BF0A271027FFF7B9F98246E9
:10BD4000002840F0698208A8FFF7FCF9D4F8BC305D
:10BD5000054683420CBF01230023059304D0D4F889
:10BD6000C030834240F07482237C002B40F0F2808C
:10BD7000626AAA4211D00898FCF7AAF94FF0FF3383
:10BD800016A908A80993FFF793F9002840F06682E6
:10BD900008A8FFF7D7F9237C05460026B0461BB15B
:10BDA000A26AAA4200F06B82626AAA4246D0D4F824
:10BDB000CC20AA4200F0D380002E00F01381D4F8EA
:10BDC000C420AA4204D0D4F8C820AA4240F0558228
:10BDD000B9F1000F18BF102F0CBF0122002240F054
:10BDE0006A824FF0000810274646089AD2E90231CD
:10BDF0008B4280F0CF8004334FF0FF309942936044
:10BE0000099040F2D5801868431C00F0D880179B39
:10BE1000A0F1FF3B1698A3F1FF33BBFA8BFBB3FAFB
:10BE200083F34FEA5B1B5B0910B1002B40F00C81E0
:10BE30005B4540F0C780237C4FF0010A102F00F0D3
:10BE4000D580B04A00970B92002B40F0D680059A1F
:10BE50006FF00043D31894F8242102930692B3FBA9
:10BE6000F7F30193002A40F06081BAF1000F40F02F
:10BE70003F82009BD346D14630330693009B0A2B6A
:10BE800000F2D6802F2D40F21482069BAB4240F286
:10BE90001082A5F13003019A914500F2B580029A13
:10BEA00009FB07F9089D08F10108D21A4A4538BF75
:10BEB0004BF0010B9944D5E90232934280F0AC80FB
:10BEC00004334FF0FF31AB600991934280F0FC8165
:10BED0001D68681C00F0CE81179BA5F1FF351698F0
:10BEE000A3F1FF33B5FA85F5B3FA83F36D095B0966
:10BEF00010B1002B40F00A81AB4240F0B480012524
:10BF00000B9B53F80C2C002A40F0CB80B8F1000FAB
:10BF100040F0E280012E00F0DF801A9900220A60D2
:10BF2000042219990A602DB1199A1999126842F0E0
:10BF300002020A6008AA049C92E80300A3F10C0222
:10BF400084E8030070498A4240F0A48104980DB04F
:10BF5000BDE8F08FA26AAA427FF40AAF1DE786F01F
:10BF600001020A2F08BF42F00102002A3FF427AF66
:10BF7000B9F1000F18BF082F0CBF0126002640F0B2
:10BF8000BC80089A4FF000080827D2E902318B42A2
:10BF9000FFF431AF1368104600929B6A98474FF048
:10BFA000FF33009A0993D2E9023199423FF62BAF51
:10BFB000136810465B6A9847431C7FF428AF002340
:10BFC000089324E70898002868D0D0E902239A4211
:10BFD00080F0828115686B1C00F05981237C002E53
:10BFE0007FF4DDAE102FB2467FF42BAF1622009205
:10BFF000444A0B92002B3FF42AAF0BAB202118468A
:10C000000393E2F73FF922E7089D4FF0010BD5E9D2
:10C0100002329342FFF454AF2B680BAA28469B6A66
:10C02000039298474FF0FF330993D5E902324CE76A
:10C03000A5F13003092B7FF62EAFA5F16103052B87
:10C0400024D8A5F1570326E7D0E902239A4280F0CD
:10C050000A811068421C00F0E680A0F1FF33B3FAB9
:10C0600083F35B09E4E60898002800F02281D0E918
:10C070000232934280F035811D686B1C7FF4FEAE66
:10C0800000230893009B0A2B40F21381A5F1410382
:10C09000052B00F20E81A5F13703FCE64FF0FF35CA
:10C0A0009CE70BAB5FFA88F118461F460393E2F753
:10C0B000F1F93A46D4E9020107F082FE002800F0C7
:10C0C000C3800B9BB8F1000F06D1012E04D053F8AA
:10C0D0000C2C002A3FF421AFBAF1000F7FF41DAF02
:10C0E000BBF1000F40F0A280059A002A00F0DF802B
:10C0F000C9F100021A990A6015E708F1010816460D
:10C1000073E600BF4446002038460020D0E90232E2
:10C11000934280F0D3801868421C00F0A880A0F100
:10C12000FF33B3FA83F35B09E6E6BAF1000F40F0A0
:10C13000E58004F1CC03D346D1460793237C13B1A9
:10C14000A26AAA4244D0636AAB4200F0B280009B6C
:10C15000002B00F0AE802946079D1A4628460FF0B6
:10C16000F3FB002800F0A580401B019A3C284FEA11
:10C17000A003C8BF063B4A4542D3029A09FB07F910
:10C1800008F10108D21A4A4538BF4BF0010B994417
:10C190000898D0E9023293422CD2043383604FF0E6
:10C1A000FF3316A908A809930BAB0393FEF780FF92
:10C1B000054600287FF4A4AE0BAB08A80393FEF756
:10C1C000C1FF237C0546002BBDD0A26AAA42BAD18A
:10C1D000B8F1000F00F098800BAB5FFA88F11846B9
:10C1E0000393E2F757F908984FF00008D0E90232BC
:10C1F0009342D2D303680BAA9B6A03929847CEE777
:10C20000DDF818B0C4E716A908A8FEF751FF082703
:10C21000824600283FF497AD00231E460593237CF9
:10C220003546B0460AE60023169316E7059A1A9893
:10C23000002A4FF004020CBF6FF000414FF00041A4
:10C24000016019990A606EE60423199A136038E7B1
:10C250000026237CCDF814A0B046A0E50026824637
:10C26000237CB046EAE503685B6A9847F2E6002360
:10C27000169354E7002308932EE60126DEE5102FDF
:10C280007FF4DFAD244B0B9316230093B5E6002318
:10C290000893A3E653F8041C481E002943F8040C35
:10C2A0003FF754AE0AA91046E1F796FE4EE64A461D
:10C2B00020E7002524E692460126C2E503680BAA82
:10C2C0005B6A0392984727E72B680BAA28465B6AAC
:10C2D000039298470546FCE503685B6A9847054664
:10C2E00079E603680BAA5B6A039298470546C4E6A1
:10C2F000DDF818B05546D946DA4601E64FF0000998
:10C300005546CB46CA46FBE59A464546F8E50398AE
:10C31000FBF72CFF06F02EF8444600202DE9F04FE5
:10C3200091B00C4606900CA91C9881E80C00C368DB
:10C33000DD072AD41D9B029003931AAB93E80300F8
:10C340000FAB04934FF0FF338DE803000F932146AA
:10C350000CAB0AAC0CCB2046FFF7D4FC0CAB94E83A
:10C36000030083E803000F9B012B00F2C88003F059
:10C3700001031E9A13700CAB93E80300069B83E83D
:10C380000300184611B0BDE8F08F6C30FDF75EF881
:10C39000036A02468069B3FA83F4B0FA80F103437A
:10C3A0004FEA54144FEA511100F023811B9B0126E0
:10C3B0004FF00009A3F1FF3B35460B46BBFA8BFB60
:10C3C0004FEA5B1BDDE90C7ADE469346AAF1FF32A9
:10C3D000B2FA82F252090FB1002A76D117461A98A2
:10C3E00010B1BEF1000F5CD17046B84269D00C9814
:10C3F00008B1002A76D144B9DBF81C2052F8295044
:10C40000A5EB0A05B5FA85F56D0985F00102134221
:10C4100040F0BD8043B9DBF8143053F82960A6EB37
:10C420000A06B6FA86F6760986F0010814EA0808C4
:10C4300040F0B38055EA060A00F09A800C9F09F19B
:10C440000109D7E90232934278D20433BB604FF03E
:10C45000FF330D93002D66D0DBF820404C458CBF98
:10C4600000240124002E5FD122462B464FF0FF3AD4
:10C47000002AABD05A4615B1136A4B4569D036B184
:10C4800093694B4503D1B9F1000F40F0B58000230B
:10C490001E9A1370B8F1000F6DD006231D9A136019
:10C4A00069E7D0E902C18C4580F08E80DCF800009D
:10C4B000411C67D0A0F1FF30B0FA80F04009B842CB
:10C4C00095D15A464FF00108D5E7D7E902018842D5
:10C4D0006DD20068411C52D0A0F1FF37B7FA87F740
:10C4E0007F097CE7D0E90272974279D2D7F800A0A1
:10C4F000BAF1FF3F7FF47FAF00220C927BE701226D
:10C500001E9904230CA80A701AA91D9A1360FEF73D
:10C51000CFFD00283FF42FAF1D9B1D9A1B6843F0F1
:10C520000203136027E75446DBF8183056464B45A4
:10C530008CBF0023012304EA030297E73B683846D7
:10C54000CDF81CE09B6A9847DDF81CE07FE70026E9
:10C55000B046B9F1000F9AD000231E990B7016B1A6
:10C5600093694B4507D04FEA48031D9A136002E7D1
:10C570001E9B83F800A004231D9A1360FBE600278E
:10C580000C97A9E74FF0000CCDF868C092E75A4627
:10C59000002E3CD04FF0000872E75A46002D33D0F1
:10C5A000DBF820309945D2D04FF000086FE7D7F87C
:10C5B00000C038460792DCF82470CDE908E3B8479C
:10C5C000079ADDE908E385E7D0F800C00792DCF8B8
:10C5D0002480CDE908E3C047079ADDE908E367E76F
:10C5E0000268CDE907E3526A90478246DDE907E336
:10C5F0007EE71E9A1370BEE701221E9908FA02F325
:10C600000A701D9A1360B6E61E9B1D70B3E71E9B51
:10C610001E70B0E710B588B08E4604460DF1180CB8
:10C620008CE80C000C9B02930AAB93E803000D9B73
:10C630008DE803000E98714603939CE80C0004906B
:10C640002046FFF75FFB204608B010BD2DE9F04FF4
:10C650008DB0189D08A9049005F16C0081E80C00CC
:10C66000FCF7F4FEEB68044603F04A08B8F1400F0B
:10C6700000F07482B8F1080F16A908A814BF0A27A1
:10C680001027FEF715FD8246002840F0708208A8AA
:10C69000FEF758FDD4F8BC30054683420CBF012399
:10C6A0000023079304D0D4F8C030834240F0708256
:10C6B000237C002B40F0F480626AAA4211D00898D3
:10C6C000FBF706FD4FF0FF3316A908A80993FEF704
:10C6D000EFFC002840F0628208A8FEF733FD237CBF
:10C6E00005460026B1461BB1A26AAA4200F0678245
:10C6F000626AAA4246D0D4F8CC20AA4200F0D58083
:10C70000002E00F01581D4F8C420AA4204D0D4F839
:10C71000C820AA4240F05182B8F1000F18BF102F74
:10C720000CBF0122002240F064824FF00009102764
:10C730004E46089AD2E902318B4280F0D180043310
:10C740004FF0FF3099429360099040F2D78018680B
:10C75000411C00F0DA80179BA0F1FF3B1698A3F173
:10C76000FF33BBFA8BFBB3FA83F34FEA5B1B5B0926
:10C7700010B1002B40F00E815B4540F0C980237C56
:10C780004FF0010A102F00F0D780B14A01970B92A9
:10C79000002B40F0D8804FF6FF7294F8243192FBC2
:10C7A000F7F205930292002B40F06581BAF1000F79
:10C7B00040F03C82019BD346D04630330593019B29
:10C7C0000A2B00F2DB802F2D40F21182059B9D4247
:10C7D00080F00D82A5F13003029A4245C0F0BA8084
:10C7E00007FB08F84FF6FF72089D09F101091FFACF
:10C7F00088F8D21A9045C8BF4BF0010B9844D5E990
:10C8000002321FFA88F8934280F0AC8004334FF074
:10C81000FF31AB600991934280F0F4811D68691C7F
:10C8200000F0C581179BA5F1FF351698A3F1FF33E2
:10C83000B5FA85F5B3FA83F36D095B0910B1002BE6
:10C8400040F00A81AB4240F0B48001250B9B53F8C5
:10C850000C2C002A40F0CB80B9F1000F40F0E280B0
:10C86000012E00F0DF8000221A990A800422199913
:10C870000A602DB1199A1999126842F002020A60F1
:10C8800008AA049C92E80300A3F10C0284E80300C8
:10C8900070498A4240F09E8104980DB0BDE8F08F47
:10C8A000A26AAA427FF408AF1BE786F001020A2FB2
:10C8B00008BF42F00102002A3FF425AFB8F1000F93
:10C8C00018BF082F0CBF0126002640F0BD80089A33
:10C8D0004FF000090827D2E902318B42FFF42FAF55
:10C8E0001368104601929B6A98474FF0FF33019AF4
:10C8F0000993D2E9023199423FF629AF13681046F5
:10C900005B6A9847411C7FF426AF0023089322E717
:10C910000898002868D0D0E902239A4280F07A81F2
:10C920001568681C00F05381237C002E7FF4DBAE79
:10C93000102FB2467FF429AF16220192444A0B927F
:10C94000002B3FF428AF0BAB202118460393E1F7EF
:10C9500099FC20E7089D4FF0010BD5E90232934284
:10C96000FFF454AF2B680BAA28469B6A03929847A2
:10C970004FF0FF330993D5E902324CE7A5F13003BC
:10C98000092B7FF629AFA5F16103052B24D8A5F16A
:10C99000570321E7D0E902239A4280F0048110680E
:10C9A000421C00F0EB80A0F1FF33B3FA83F35B0984
:10C9B000E2E60898002800F01A81D0E9023293429A
:10C9C00080F02D811D686B1C7FF4F9AE0023089365
:10C9D000019B0A2B40F20B81A5F14103052B00F2CC
:10C9E0000681A5F13703F7E64FF0FF359CE70BAB67
:10C9F0005FFA89F118461F460393E1F74BFD3A466B
:10CA0000D4E9020107F0DCF9002800F0BD800B9B9F
:10CA1000B9F1000F06D1012E04D053F80C2C002AD6
:10CA20003FF421AFBAF1000F7FF41DAFBBF1000F4F
:10CA300040F0A780079A1AB1C8F100081FFA88F8D9
:10CA40001A9AA2F8008014E709F10109164670E667
:10CA50004446002038460020D0E90232934280F05C
:10CA6000CB801868421C00F0A580A0F1FF33B3FA18
:10CA700083F35B09E6E6BAF1000F40F0DD8004F1D4
:10CA8000CC03D346D0460693237C13B1A26AAA42B4
:10CA900049D0636AAB4200F0AA80019B002B00F0F2
:10CAA000A6802946069D1A4628460EF04DFF00280E
:10CAB00000F09D80401B029A3C284FEAA003C8BFAB
:10CAC000063B424547D307FB08F84FF6FF7209F1D2
:10CAD00001091FFA88F8D21A9045C8BF4BF0010B24
:10CAE00098441FFA88F80898D0E9023293422CD271
:10CAF000043383604FF0FF3316A908A809930BABEA
:10CB00000393FEF7D5FA054600287FF49FAE0BABE2
:10CB100008A80393FEF716FB237C0546002BB8D02C
:10CB2000A26AAA42B5D1B9F1000F00F08B800BAB1D
:10CB30005FFA89F118460393E1F7ACFC08984FF0CF
:10CB40000009D0E902329342D2D303680BAA9B6A50
:10CB500003929847CEE7DDF814B0C4E716A908A8F9
:10CB6000FEF7A6FA0827824600283FF490AD00237E
:10CB70001E460793237C3546B14603E600231693F1
:10CB800011E74FF6FF726FE60423199A13603EE730
:10CB90000026237CCDF81CA0B146A4E500268246E1
:10CBA000237CB146EEE503685B6A9847F8E600230C
:10CBB000089337E60023169357E70126E2E5102F86
:10CBC0007FF4E3AD234B0B9316230193BBE60023C5
:10CBD0000893A9E653F8041C481E002943F8040CE6
:10CBE0003FF75AAE0AA91046E1F7F6F954E60025D8
:10CBF0002CE692460126C8E503680BAA5B6A0392FD
:10CC000098472FE72B680BAA28465B6A0392984740
:10CC1000054604E603685B6A9847054681E60368B3
:10CC20000BAA5B6A039298470546CCE6DDF814B080
:10CC30005546D846DA4609E64FF000085546C34641
:10CC4000C24603E69A464D4600E60398FBF78EFA85
:10CC500005F090FB4446002010B588B08E4604468F
:10CC60000DF1180C8CE80C000C9B02930AAB93E8B6
:10CC700003000D9B8DE803000E98714603939CE81A
:10CC80000C0004902046FFF7E1FC204608B010BDE0
:10CC90002DE9F04F8DB0189D08A9049005F16C00A6
:10CCA00081E80C00FCF7D2FBEB68044603F04A096C
:10CCB000B9F1400F00F06982B9F1080F16A908A870
:10CCC00014BF0A271027FEF7F3F98246002840F028
:10CCD0006582DDE908056E1C02D1002840F07982EA
:10CCE000D4F8BC30AB42237C0CBF01220022079257
:10CCF00004D0D4F8C020AA4240F06182002B40F05A
:10CD0000EE80626AAA4211D00898FBF7E1F94FF071
:10CD1000FF3316A908A80993FEF7CAF9002840F0C6
:10CD2000538208A8FEF70EFA237C05460026B0467B
:10CD30001BB1A26AAA4200F06382626AAA4246D08C
:10CD4000D4F8CC20AA4200F0CF80002E00F00F8152
:10CD5000D4F8C420AA4204D0D4F8C820AA4240F093
:10CD60004D82B9F1000F18BF102F0CBF0122002215
:10CD700040F060824FF0000810274646089AD2E93A
:10CD800002318B4280F0CB8004334FF0FF30994268
:10CD90009360099040F2D1801868411C00F0D48063
:10CDA000179BA0F1FF3B1698A3F1FF33BBFA8BFB57
:10CDB000B3FA83F34FEA5B1B5B0910B1002B40F021
:10CDC00008815B4540F0C380237C4FF0010A102F9F
:10CDD00000F0D180B44A01970B92002B40F0D28032
:10CDE0004FF0FF3294F82431B2FBF7F20593029230
:10CDF000002B40F05D81BAF1000F40F03882019BBA
:10CE0000D346D14630330593019B0A2B00F2D580DF
:10CE10002F2D40F20D82059BAB4240F20982A5F115
:10CE20003003029A4A45C0F0B48009FB07F9089D17
:10CE300008F1010813EB0903994628BF4BF0010BD9
:10CE4000D5E90232934280F0AC8004334FF0FF31D9
:10CE5000AB6009919A4240F2F0811D68691C00F0B4
:10CE6000CA81179BA5F1FF351698A3F1FF33B5FAD8
:10CE700085F5B3FA83F36D095B0910B1002B40F01F
:10CE80000481AB4240F0B48001250B9B53F80C2C7D
:10CE9000002A40F0CB80B8F1000F40F0E280012E74
:10CEA00000F0DF8000221A990A60042219990A60B2
:10CEB0002DB1199A1999126842F002020A6008AA63
:10CEC000049C92E80300A3F10C0284E80300774974
:10CED0008A4240F0A08104980DB0BDE8F08FA26AAC
:10CEE000AA427FF40EAF21E786F001020A2F08BFA5
:10CEF00042F00102002A3FF42BAFB9F1000F18BF36
:10CF0000082F0CBF0126002640F0BB80089A4FF086
:10CF100000080827D2E902318B42FFF435AF1368CD
:10CF2000104601929B6A98474FF0FF33019A09938C
:10CF3000D2E9023199423FF62FAF136810465B6A7F
:10CF40009847411C7FF42CAF0023089328E70898EA
:10CF5000002868D0D0E902239A4280F07C811568CD
:10CF6000681C00F05581237C002E7FF4E1AE102F69
:10CF7000B2467FF42FAF162201924B4A0B92002B40
:10CF80003FF42EAF0BAB202118460393E1F77AF95B
:10CF900026E7089D4FF0010BD5E902329342FFF4DA
:10CFA00054AF2B680BAA28469B6A039298474FF010
:10CFB000FF330993D5E902324CE7A5F13003092B81
:10CFC0007FF62FAFA5F16103052B24D8A5F15703F8
:10CFD00027E7D0E902239A4280F006811068421CBC
:10CFE00000F0E380A0F1FF33B3FA83F35B09E8E6D6
:10CFF0000898002800F01C81D0E90232934280F0AA
:10D000002F811D686B1C7FF4FFAE00230893019BEA
:10D010000A2B40F20D81A5F14103052B00F2088196
:10D02000A5F13703FDE64FF0FF359CE70BAB5FFA48
:10D0300088F118461F460393E1F72CFA3A46D4E9E3
:10D04000020106F0BDFE002800F0B5800B9BB8F190
:10D05000000F06D1012E04D053F80C2C002A3FF407
:10D0600021AFBAF1000F7FF41DAFBBF1000F40F00C
:10D070009F80079A0AB1C9F100091A9AC2F8009074
:10D0800016E708F10108164678E6D0E90232934225
:10D0900080F0DB801868421C00F0AA80A0F1FF330A
:10D0A000B3FA83F35B09ECE64446002038460020DF
:10D0B000BAF1000F40F0E18004F1CC03D346D14631
:10D0C0000693237C13B1A26AAA4243D0636AAB429F
:10D0D00000F0AE80019B002B00F0AA802946069D3F
:10D0E0001A4628460EF030FC002800F0A180401BB4
:10D0F000029A3C284FEAA003C8BF063B4A4541D3E9
:10D1000009FB07F908F1010813EB090328BF4BF0ED
:10D11000010B99460898D0E9023293422CD204338D
:10D1200083604FF0FF3316A908A809930BAB039354
:10D13000FDF7BEFF054600287FF4A7AE0BAB08A89D
:10D140000393FDF7FFFF237C0546002BBED0A26AA8
:10D15000AA42BBD1B8F1000F00F09A800BAB5FFA86
:10D1600088F118460393E1F795F908984FF0000805
:10D17000D0E902329342D2D303680BAA9B6A03928E
:10D180009847CEE7DDF814B0C4E716A908A8FDF764
:10D190008FFF0827824600283FF49BAD00231E46E0
:10D1A0000793237C3546B04611E60023169319E712
:10D1B0004FF0FF3277E60423199A136046E7002206
:10D1C00000260792B046B3E500268246237CB0468F
:10D1D000FDE5D0E90232934255D21D68681C7FF408
:10D1E0007FAD002308937BE503685B6A9847F6E60A
:10D1F0000023169352E70023089332E60126E6E562
:10D20000102F7FF4E7AD264B0B9316230193B9E65D
:10D2100000230893A7E653F8041C481E002943F88E
:10D22000040C3FF758AE0AA91046E0F7D5FE52E6C7
:10D2300000252AE692460126CCE52B680BAA284653
:10D240005B6A03929847054608E603680BAA5B6A87
:10D25000039298471FE703685B6A984705467FE695
:10D2600003680BAA5B6A039298470546CAE6DDF895
:10D2700014B05546D946DA4607E64FF00009554640
:10D28000CB46CA4601E603685B6A98470546A5E7B0
:10D290009A464546F9E50398FAF768FF05F06AF8FB
:10D2A0004446002010B588B08E4604460DF1180C97
:10D2B0008CE80C000C9B02930AAB93E803000D9BD7
:10D2C0008DE803000E98714603939CE80C000490CF
:10D2D0002046FFF7DDFC204608B010BD2DE9F04FD9
:10D2E0008DB0189D08A9049005F16C0081E80C0030
:10D2F000FCF7ACF8EB68044603F04A09B9F1400FBB
:10D3000000F06782B9F1080F16A908A814BF0A2710
:10D310001027FDF7CDFE8246002840F0638208A862
:10D32000FDF710FFD4F8BC30054683420CBF012343
:10D330000023079304D0D4F8C030834240F06382C6
:10D34000237C002B40F0EE80626AAA4211D008983C
:10D35000FAF7BEFE4FF0FF3316A908A80993FDF7B0
:10D36000A7FE002840F0558208A8FDF7EBFE237CBD
:10D3700005460026B0461BB1A26AAA4200F05A82B6
:10D38000626AAA4246D0D4F8CC20AA4200F0CF80EC
:10D39000002E00F00F81D4F8C420AA4204D0D4F8A3
:10D3A000C820AA4240F04482B9F1000F18BF102FE4
:10D3B0000CBF0122002240F057824FF000081027D6
:10D3C0004646089AD2E902318B4280F0CB80043382
:10D3D0004FF0FF3099429360099040F2D180186875
:10D3E000411C00F0D480179BA0F1FF3B1698A3F1DD
:10D3F000FF33BBFA8BFBB3FA83F34FEA5B1B5B098A
:10D4000010B1002B40F008815B4540F0C380237CC5
:10D410004FF0010A102F00F0D180B54A01970B920E
:10D42000002B40F0D2804FF0FF3294F82431B2FB51
:10D43000F7F205930292002B40F05E81BAF1000FE3
:10D4400040F02F82019BD346D14630330593019B98
:10D450000A2B00F2D5802F2D40F20482059B9D42BD
:10D4600080F00082A5F13003029A4A45C0F0B480F2
:10D4700009FB07F9089D08F1010813EB0903994618
:10D4800028BF4BF0010BD5E90232934280F0AC800B
:10D4900004334FF0FF31AB600991934280F0ED818E
:10D4A0001D68691C00F0BE81179BA5F1FF35169819
:10D4B000A3F1FF33B5FA85F5B3FA83F36D095B0980
:10D4C00010B1002B40F00481AB4240F0B480012544
:10D4D0000B9B53F80C2C002A40F0CB80B8F1000FC6
:10D4E00040F0E280012E00F0DF8000221A990A60ED
:10D4F000042219990A602DB1199A1999126842F0FB
:10D5000002020A6008AA049C92E80300A3F10C023C
:10D5100084E8030077498A4240F0978104980DB06F
:10D52000BDE8F08FA26AAA427FF40EAF21E786F031
:10D5300001020A2F08BF42F00102002A3FF42BAF7C
:10D54000B9F1000F18BF082F0CBF0126002640F0CC
:10D55000BB80089A4FF000080827D2E902318B42BD
:10D56000FFF435AF1368104601929B6A98474FF05D
:10D57000FF33019A0993D2E9023199423FF62FAF66
:10D58000136810465B6A9847411C7FF42CAF002358
:10D59000089328E70898002868D0D0E902239A4227
:10D5A00080F073811568681C00F04C81237C002E8C
:10D5B0007FF4E1AE102FB2467FF42FAF1622019216
:10D5C0004B4A0B92002B3FF42EAF0BAB2021184699
:10D5D0000393E0F757FE26E7089D4FF0010BD5E9CE
:10D5E00002329342FFF454AF2B680BAA28469B6A81
:10D5F000039298474FF0FF330993D5E902324CE785
:10D60000A5F13003092B7FF62FAFA5F16103052BA0
:10D6100024D8A5F1570327E7D0E902239A4280F0E6
:10D62000FD801068421C00F0E480A0F1FF33B3FAE3
:10D6300083F35B09E8E60898002800F01381D0E93D
:10D640000232934280F026811D686B1C7FF4FFAE8E
:10D6500000230893019B0A2B40F20481A5F14103AA
:10D66000052B00F2FF80A5F13703FDE64FF0FF35F3
:10D670009CE70BAB5FFA88F118461F460393E0F76F
:10D6800009FF3A46D4E9020106F09AFB002800F0AF
:10D69000B6800B9BB8F1000F06D1012E04D053F8D1
:10D6A0000C2C002A3FF421AFBAF1000F7FF41DAF1C
:10D6B000BBF1000F40F0A080079A0AB1C9F1000940
:10D6C0001A9AC2F8009016E708F10108164678E6A3
:10D6D000D0E90232934280F0CA801868421C00F000
:10D6E000A480A0F1FF33B3FA83F35B09ECE600BF3B
:10D6F0004446002038460020BAF1000F40F0D780A1
:10D7000004F1CC03D346D1460693237C13B1A26A1D
:10D71000AA4243D0636AAB4200F0A480019B002B75
:10D7200000F0A0802946069D1A4628460EF00CF906
:10D73000002800F09780401B029A3C284FEAA00383
:10D74000C8BF063B4A4541D309FB07F908F1010868
:10D7500013EB090328BF4BF0010B99460898D0E959
:10D76000023293422CD2043383604FF0FF3316A968
:10D7700008A809930BAB0393FDF79AFC0546002814
:10D780007FF4A6AE0BAB08A80393FDF7DBFC237C6C
:10D790000546002BBED0A26AAA42BBD1B8F1000F49
:10D7A00000F08B800BAB5FFA88F118460393E0F72B
:10D7B00071FE08984FF00008D0E902329342D2D3AC
:10D7C00003680BAA9B6A03929847CEE7DDF814B072
:10D7D000C4E716A908A8FDF76BFC082782460028B5
:10D7E0003FF49DAD00231E460793237C3546B0468B
:10D7F00010E60023169318E74FF0FF3276E6042375
:10D80000199A136045E70026237CCDF81CA0B0468A
:10D81000B1E500268246237CB046FBE503685B6ADF
:10D820009847FFE6002308933EE60023169358E747
:10D830000126EFE5102F7FF4F0AD244B0B93162358
:10D840000193C2E600230893B0E653F8041C481E77
:10D85000002943F8040C3FF761AE0AA91046E0F72F
:10D86000BBFB5BE6002533E692460126D5E503685F
:10D870000BAA5B6A0392984730E72B680BAA2846ED
:10D880005B6A0392984705460BE603685B6A984714
:10D89000054688E603680BAA5B6A0392984705462B
:10D8A000D3E6DDF814B05546D946DA4610E64FF017
:10D8B00000095546CB46CA460AE69A46454607E65B
:10D8C0000398FAF753FC04F055FD00BF44460020CE
:10D8D00010B588B08E4604460DF1180C8CE80C008B
:10D8E0000C9B02930AAB93E803000D9B8DE80300A9
:10D8F0000E98714603939CE80C0004902046FFF7B5
:10D90000EDFC204608B010BD2DE9F0418CB08C46EE
:10D91000054608AC06AF84E80C00DDE91463CDE9E8
:10D9200002630BABD6F80C80049328F04A0343F053
:10D930000803F36012AB93E803008DE8030061462F
:10D94000384694E80C00FFF7C9FC0B9B169AC6F802
:10D950000C80136097E8030084E8030085E8030067
:10D9600028460CB0BDE8F0812DE9F04F91B01C9D28
:10D970000CA9089005F16C0081E80C00FBF766FD2E
:10D98000EB68044603F04A09B9F1400F00F09A82AF
:10D99000B9F1080F1AA90CA814BF0A261026FDF722
:10D9A00087FB8346002840F096820CA8FDF7CAFB4F
:10D9B000D4F8BC30054683420CBF012300230993F1
:10D9C00004D0D4F8C030834240F09D82237C002BE9
:10D9D00040F00B81626AAA4211D00C98FAF778FBEA
:10D9E0004FF0FF331AA90CA80D93FDF761FB002837
:10D9F00040F08F820CA8FDF7A5FB237C054600278D
:10DA0000B8461BB1A26AAA4200F09482626AAA4296
:10DA100046D0D4F8CC20AA4200F0EC80002F00F0D1
:10DA20002C81D4F8C420AA4204D0D4F8C820AA4239
:10DA300040F07E82B9F1000F18BF102E0CBF0122FA
:10DA4000002240F096824FF00008102647460C9ABC
:10DA5000D2E902318B4280F0E88004334FF0FF308E
:10DA6000994293600D9040F2EE801868411C00F0DE
:10DA7000F1801B9BA0F1FF3A1A98A3F1FF33BAFA89
:10DA80008AFAB3FA83F34FEA5A1A5B0910B1002BF2
:10DA900040F02581534540F0E080237C4FF0010B9E
:10DAA000102E00F0EE80A44A02960F92002B40F058
:10DAB000EF806FF000431A46099B9918013B3246EC
:10DAC00018460593F317069115F0E6FA94F82431F9
:10DAD000CDE903010A93002B40F07681BBF1000FE2
:10DAE00040F06482029BD946DA46CDF804B0303368
:10DAF0000A93029B0A2B00F2E6802F2D40F2378218
:10DB00000A9BAB4240F23382A5F13003039A4A45A7
:10DB1000049A72EB0A02C0F0C2800599A6FB099232
:10DB20000C9D08F10108C81A069906FB0A2261EB50
:10DB3000E37148459141019938BF41F0010113EB70
:10DB4000090942EBE37A0191D5E90232934280F070
:10DB5000AE8004334FF0FF31AB600D91934280F003
:10DB600011821D68691C00F0E0811B9BA5F1FF3547
:10DB70001A98A3F1FF33B5FA85F5B3FA83F36D096B
:10DB80005B0910B1002B40F01081AB4240F0B68031
:10DB900001250F9B53F80C2C002A40F0D180B8F1DE
:10DBA000000F40F0E880012F00F0E5800021002008
:10DBB0001E9C0422C4E900011D990A602DB11D9A22
:10DBC0001D99126842F002020A600CAA089C92E8B1
:10DBD0000300A3F10C0284E8030058498A4240F094
:10DBE000B481089811B0BDE8F08FA26AAA427FF410
:10DBF000F1AE04E787F001020A2E08BF42F00102ED
:10DC0000002A3FF40EAFB9F1000F18BF082E0CBF69
:10DC10000127002740F0C5800C9A4FF00008082625
:10DC2000D2E902318B42FFF418AF1368104601921B
:10DC30009B6A98474FF0FF33019A0D93D2E9023166
:10DC400099423FF612AF136810465B6A9847411C31
:10DC50007FF40FAF00230C930BE70C98002868D0DB
:10DC6000D0E902239A4280F095811568681C00F083
:10DC70006981237C002F7FF4C4AE102EBB467FF455
:10DC800012AF162202922C4A0F92002B3FF411AFD2
:10DC90000FAB202118460793E0F7F4FA09E70123B8
:10DCA0000C9D0193D5E902329342FFF452AF2B68E9
:10DCB0000FAA28469B6A079298474FF0FF330D93AF
:10DCC000D5E902324AE7A5F13003092B7FF61EAFF2
:10DCD000A5F16103052B24D8A5F1570316E7D0E978
:10DCE00002239A4280F01A811068421C00F0FA80E8
:10DCF000A0F1FF33B3FA83F35B09CBE60C9800285D
:10DD000000F03581D0E90232934280F048811D68ED
:10DD10006B1C7FF4EEAE00230C93029B0A2B40F2A7
:10DD20002681A5F14103052B00F22181A5F13703DE
:10DD3000ECE64FF0FF359CE74446002038460020D3
:10DD40000FAB5FFA88F118461E460793E0F7A2FB77
:10DD50003246D4E9020106F033F8002800F0CF8003
:10DD60000F9BB8F1000F06D1012F04D053F80C2CF3
:10DD7000002A3FF41BAFBBF1000F7FF417AF019AED
:10DD8000002A00F0B280099A002A00F0EB800020FF
:10DD90004FF000411E9AC2E9000104221D990A6059
:10DDA0000CE708F10108174651E6D0E90232934228
:10DDB00080F0E2801868421C00F0B480A0F1FF33CC
:10DDC000B3FA83F35B09E0E6BBF1000F40F0F580A6
:10DDD00004F1CC03D946DA46CDF804B00B93237C8A
:10DDE00013B1A26AAA4252D0636AAB4200F0BF806C
:10DDF000029B002B00F0BB8029460B9D1A4628464B
:10DE00000DF0A2FD002800F0B280401B039A3C28D0
:10DE10004FEAA003C8BF063B4A45049A72EB0A02C8
:10DE20004DD30599A6FB099208F10108C81A069975
:10DE300006FB0A2261EBE37148459141019938BF25
:10DE400041F0010113EB090942EBE37A01910C98CF
:10DE5000D0E9023293422CD2043383604FF0FF3377
:10DE60001AA90CA80D930FAB0793FDF721F90546EE
:10DE700000287FF48EAE0FAB0CA80793FDF762F974
:10DE8000237C0546002BAFD0A26AAA42ACD1B8F1E0
:10DE9000000F00F09A800FAB5FFA88F118460793E5
:10DEA000E0F7F8FA0C984FF00008D0E902329342FC
:10DEB000D2D303680FAA9B6A07929847CEE70A9BC2
:10DEC0000193C4E71AA90CA8FDF7F2F808268346C7
:10DED00000283FF46AAD00231F460993237C3D468A
:10DEE000B846DDE500231A9302E7099A1AB1D9F181
:10DEF00000096AEB4A0A1E9AC2E9009A5EE6042308
:10DF00001D9A13602CE70027237CCDF824B0B84677
:10DF100077E500278346237CB846C1E503685B6A42
:10DF20009847E2E600231A9348E700230C931CE687
:10DF30000127B5E5102E7FF4B6AD284B0F931623BD
:10DF40000293A5E600230C9393E653F8041C481EA5
:10DF5000002943F8040C3FF744AE0EA91046E0F741
:10DF60003BF83EE64FF0FF306FF0004112E700252E
:10DF70000FE69346012796E503680FAA5B6A0792AE
:10DF8000984718E72B680FAA28465B6A07929847BC
:10DF90000546E7E503685B6A9847054666E6036859
:10DFA0000FAA5B6A079298470546B1E60A9B5D4651
:10DFB00099469B469A460193EBE54FF000095D4672
:10DFC000CA46CB46CDF80490E3E59B464546E0E5DE
:10DFD0000798FAF7CBF804F0CDF900BF44460020CB
:10DFE00010B588B08E4604460DF1180C8CE80C0074
:10DFF0000C9B02930AAB93E803000D9B8DE8030092
:10E000000E98714603939CE80C0004902046FFF79D
:10E01000ABFC204608B010BD2DE9F04F8FB01A9D23
:10E020000AA9069005F16C0081E80C00FBF70EFAD6
:10E03000EB68044603F04A09B9F1400F00F08F8203
:10E04000B9F1080F18A90AA814BF0A261026FDF76F
:10E050002FF88246002840F08B820AA8FDF772F85C
:10E06000D4F8BC30054683420CBF0123002309933A
:10E0700004D0D4F8C030834240F09382237C002B3C
:10E0800040F00581626AAA4211D00A98FAF720F896
:10E090004FF0FF3318A90AA80B93FDF709F80028E1
:10E0A00040F085820AA8FDF74DF8237C054600273D
:10E0B000B8461BB1A26AAA4200F08A82626AAA42EA
:10E0C00046D0D4F8CC20AA4200F0E680002F00F021
:10E0D0002681D4F8C420AA4204D0D4F8C820AA4289
:10E0E00040F07482B9F1000F18BF102E0CBF01224E
:10E0F000002240F087824FF00008102647460A9A17
:10E10000D2E902318B4280F0E28004334FF0FF30DD
:10E11000994293600B9040F2E8801868411C00F02F
:10E12000EB80199BA0F1FF3B1898A3F1FF33BBFADA
:10E130008BFBB3FA83F34FEA5B1B5B0910B1002B37
:10E1400040F01F815B4540F0DA80237C4FF0010AEC
:10E15000102E00F0E880A14A02960D92002B40F0AC
:10E16000E980F31732464FF0FF304FF0FF3114F0E3
:10E1700093FF94F82431CDE903010793002B40F07D
:10E180007181BAF1000F40F05A82029BD146D3460A
:10E19000CDF804A030330793029B0A2B00F2E580F0
:10E1A0002F2D40F22D82079B9D4280F02982A5F100
:10E1B0003003039A4A45049A72EB0B02C0F0C18007
:10E1C000A6FB0992D917002008F1010806FB0B22D3
:10E1D00013EB090551EB02050A9D28BF012013EB43
:10E1E0000909019B41EB020B03430193D5E902327C
:10E1F000934280F0AE8004334FF0FF31AB600B915F
:10E20000934280F008821D68691C00F0D981199B37
:10E21000A5F1FF351898A3F1FF33B5FA85F5B3FAE8
:10E2200083F36D095B0910B1002B40F00C81AB4208
:10E2300040F0B68001250D9B53F80C2C002A40F0CD
:10E24000D180B8F1000F40F0E880012F00F0E580A8
:10E25000002100201C9C0422C4E900011B990A60D3
:10E260002DB11B9A1B99126842F002020A600AAA99
:10E27000069C92E80300A3F10C0284E803005849CD
:10E280008A4240F0B08106980FB0BDE8F08FA26AD4
:10E29000AA427FF4F7AE0AE787F001020A2E08BF10
:10E2A00042F00102002A3FF414AFB9F1000F18BF89
:10E2B000082E0CBF0127002740F0C1800A9A4FF0BA
:10E2C00000080826D2E902318B42FFF41EAF136822
:10E2D000104601929B6A98474FF0FF33019A0B93C7
:10E2E000D2E9023199423FF618AF136810465B6AD3
:10E2F0009847411C7FF415AF00230A9311E70A9851
:10E30000002868D0D0E902239A4280F08C811568F9
:10E31000681C00F06581237C002F7FF4CAAE102EAC
:10E32000BA467FF418AF162202922C4A0D92002BA7
:10E330003FF417AF0DAB202118460593DFF7A2FF7E
:10E340000FE701230A9D0193D5E902329342FFF4BE
:10E3500052AF2B680DAA28469B6A059298474FF04A
:10E36000FF330B93D5E902324AE7A5F13003092BBD
:10E370007FF61FAFA5F16103052B24D8A5F1570344
:10E3800017E7D0E902239A4280F016811068421CF8
:10E3900000F0F580A0F1FF33B3FA83F35B09D1E617
:10E3A0000A98002800F02C81D0E90232934280F0D4
:10E3B0003F811D686B1C7FF4EFAE00230A93029B24
:10E3C0000A2B40F21D81A5F14103052B00F21881B3
:10E3D000A5F13703EDE64FF0FF359CE744460020FA
:10E3E000384600200DAB5FFA88F118461E460593AB
:10E3F000E0F750F83246D4E9020105F0E1FC0028CC
:10E4000000F0CB800D9BB8F1000F06D1012F04D096
:10E4100053F80C2C002A3FF41BAFBAF1000F7FF425
:10E4200017AF019A002A40F0AD80099A1AB1D9F1CC
:10E4300000096BEB4B0B1C9AC2E9009B10E708F13B
:10E44000010817465BE6D0E90232934280F0DD8096
:10E450001868421C00F0B780A0F1FF33B3FA83F3D1
:10E460005B09E4E6BAF1000F40F0F08004F1CC0360
:10E47000D146D346CDF804A00893237C13B1A26AF9
:10E48000AA4251D0636AAB4200F0BA80029B002BD3
:10E4900000F0B6802946089D1A4628460DF054FA29
:10E4A000002800F0AD80401B039A3C284FEAA003EF
:10E4B000C8BF063B4A45049A72EB0B024CD3A6FB3D
:10E4C0000992D917002008F1010813EB090506FB92
:10E4D0000B2251EB020528BF012013EB0909019B18
:10E4E00041EB020B034301930A98D0E902329342B5
:10E4F0002CD2043383604FF0FF3318A90AA80B9382
:10E500000DAB0593FCF7D4FD054600287FF493AED0
:10E510000DAB0AA80593FCF715FE237C0546002BDE
:10E52000B0D0A26AAA42ADD1B8F1000F00F0968037
:10E530000DAB5FFA88F118460593DFF7ABFF0A9839
:10E540004FF00008D0E902329342D2D303680DAAFB
:10E550009B6A05929847CEE7079B0193C4E718A9E9
:10E560000AA8FCF7A5FD0826824600283FF475ADF1
:10E5700000231F460993237C3D46B846E8E5002367
:10E58000189307E74FF0FF314FF0FF301C9C042237
:10E59000C4E900011B990A6062E604231B9A136018
:10E5A00030E70027237CCDF824A0B84681E500277A
:10E5B0008246237CB846CBE503685B6A9847E6E66B
:10E5C00000230A9323E60023189345E70127BFE5BC
:10E5D000102E7FF4C0AD254B0D9316230293A9E6B0
:10E5E00000230A9397E653F8041C481E002943F8B9
:10E5F000040C3FF748AE0CA91046DFF7EDFC42E6ED
:10E60000002518E692460127A5E503680DAA5B6A76
:10E61000059298471DE72B680DAA28465B6A05926C
:10E6200098470546F0E503685B6A984705466FE63C
:10E6300003680DAA5B6A059298470546BAE6079BF0
:10E64000554699469A469B460193F4E54FF00009DA
:10E650005546CB46CA46CDF80490ECE59A46454669
:10E66000E9E50598F9F782FD03F084FE44460020B1
:10E6700010B588B08E4604460DF1180C8CE80C00DD
:10E680000C9B02930AAB93E803000D9B8DE80300FB
:10E690000E98714603939CE80C0004902046FFF707
:10E6A000BBFC204608B010BD2DE9F04790B04FF0FC
:10E6B0000008054673480CAC0E46CDF83C80DDE9F9
:10E6C0001A9784E80C00DAF711FBD9F86C305B6814
:10E6D00053F820A0BAF1000F00F0D1800FAB022256
:10E6E000CDF80C800DF1280807936323CDF818901E
:10E6F000CDE904320EAB029318AB93E803008DE82A
:10E7000003003146404694E80C00FAF7F7FE0F9BF1
:10E7100098E8030084E8030023B33B68DDE90C06B6
:10E7200043F00403A6F1FF363B60B6FA86F676099D
:10E7300008B1002E56D1DDE91803A3F1FF33B3FA77
:10E7400083F35B0900B103BB9E4203D13B6843F0F6
:10E7500002033B6094E8030085E80300284610B0FC
:10E76000BDE8F08718A92046FCF7A2FC00284CD091
:10E770000E9B442B3FDDDDE90C06A6F1FF36B6FA11
:10E7800086F676091C9A5361D2E7D0E902329342A9
:10E7900070D21B68A3F1FF33B3FA83F35B099E4287
:10E7A000D8D1D3E72046FCF7CDFCDAF8003001469B
:10E7B0002A221B6B50469847A0F130085FFA88F375
:10E7C000092B43D80C980990F9F782FC0E9B1C9AF0
:10E7D00003EB830309980D9608EB4303A3F26C73D4
:10E7E0000E935361D0E9023293423FD21868013050
:10E7F00038D000269FE70D9E64330C98A6F1FF36B3
:10E800000E93B6FA86F67609BCE72046FCF79AFC2A
:10E81000DAF8003001462A221B6B50469847A0F1D7
:10E820003006F3B2092BA3D80C98F9F751FC0E9BD4
:10E8300018A9204603EB830306EB43060E964FF020
:10E84000FF360D96FCF734FC0028ABD00E9BDDE9BB
:10E850000C06A3F26C73A6F1FF360E93B6FA86F699
:10E8600076098FE7002301260C9364E703685B6A4F
:10E870009847BCE703685B6A984703468AE7EEF768
:10E88000C5F800BF144700202DE9F04F93B000AF4A
:10E8900007F14001D7F88440B861A248D7F880500A
:10E8A00081E80C00DAF722FAE36E5B6853F820A0E7
:10E8B000BAF1000F00F0F2826B4607F1700107F128
:10E8C0004000A3EBC5039D46DB08C7F820D0FB61E1
:10E8D000FCF7EEFB044698B1D7F88830D7F88820CB
:10E8E0001B6843F00403136007F1400393E803003F
:10E8F000BB694C3783E803001846BD46BDE8F08F7E
:10E9000007F14000FCF71EFCDAF80030064601462D
:10E910001B6A50469847DAF80030314683469B69B7
:10E92000504698470646002DD6D0AB0022467B6164
:10E9300091463B6A03EB85037B63FB6F1C1FA0467C
:10E94000144602E00134A54225D058F8042F504661
:10E950001168DAF80020126A9047834509D0D8F888
:10E96000002050461168DAF80020926990478642EC
:10E97000E8D14FEA8902D8F80000FA630BF08CFB6B
:10E980007B6BFA6B43F8290009F101093B6A9C5043
:10E990000134A542D9D1B9F1010F7C6040F28082E7
:10E9A000FA694D467B693E6A53F8323000223A6379
:10E9B0004FEA8902FA627A6B043ABA627A6B1C46B1
:10E9C000D7E90A10081852F8041F8C4228BF0C46D9
:10E9D0009042F8D13A6B386C01323A63D0E90221A7
:10E9E0008A4280F02D81043282604FF0FF327A64D7
:10E9F0003A6BA24200F030813B6B9C4240F2A58012
:10EA0000D7E91004A4F1FF32B2FA82F2520908B138
:10EA1000002A5BD190467B6F386FA3F1FF33B3FAC6
:10EA200083F35B0908B1002B7ED1984500F08D80FF
:10EA30003B6C0BB1002A59D12146DAF80030504620
:10EA40001B6A9847F863DAF80030214650469B6904
:10EA50009847002D3FF440AF3B6B0024B346B863AA
:10EA60004FEA830918E0DAF80030504656F80910EA
:10EA70009B699847BB6B83421FD0013D7A6B5BF863
:10EA80002530AC424BF808304FEA8503FB6252F860
:10EA9000253042F8083013D25BF824305046FA6F24
:10EAA0004FEA840852F82360DAF8003056F809106B
:10EAB0001B6A9847FB6B9842D5D10134AC42EBD32B
:10EAC000012D5E4641D97B6B1B6877E7D0E90213C5
:10EAD000994280F0AF810868431C00F08A81A0F160
:10EAE000FF38B8FA88F84FEA581894E7D3E90221BA
:10EAF0008A4280F0AB811168481C00F08081DAF80E
:10EB000000205046BB63126A9047BB6BF863D3E9A1
:10EB100002218A4280F094811468621C93D1002300
:10EB20003B6490E714470020D0E90213994280F03B
:10EB30007A810B68591C00F05F81A3F1FF33B3FAAF
:10EB400083F35B0998457FF473AFA946B9F1010FD0
:10EB50007FF4C2AE386CF9F7BBFA3B6B4FF0FF3174
:10EB600003F1010B3B6A7964D3F800807B69FA6991
:10EB700053F83220FB6F934553F8286080F03581BD
:10EB8000796F06EB8B06A1F1FF33B3FA83F3D7E974
:10EB900010455B09C7E90D82FB63A5F1FF39B9FA9E
:10EBA00089F94FEA59191CB1B9F1000F40F0DE8024
:10EBB0004C46386F18B1FB6B002B40F00581F96BA8
:10EBC0008C4200F01081DAF8001050460C6A31686F
:10EBD000A0473C6C80461CB1B9F1000F40F0D380D7
:10EBE0002946DAF800205046126A9047804510D036
:10EBF000DAF8002050463168926990478046DAF88A
:10EC000000202946504692699047404540F0EB80ED
:10EC10003C6CD4E902218A4280F000810432A26077
:10EC20004FF0FF330BF1010B04361D467B64BB6BC9
:10EC30005B45B2D1D7F83480BB6FC3F8008053E690
:10EC40000268FB63926A90474FF0FF32FB6B7A6475
:10EC50003A6BA2427FF4D0AE07F1700107F1400099
:10EC6000FB63FCF725FAFB6B8346002840F0D3805A
:10EC700007F140003B61FCF765FADAF80020014635
:10EC80005046126AD8469047B86307F14000FCF737
:10EC900059FADAF8002001465046926990473B6BDA
:10ECA000321FD7F828909B007862FB635346AA4630
:10ECB0001D46C7E902B61646A34656F8042FFB6F59
:10ECC00053F8224059F8042F5A4513D92A68284688
:10ECD000FB6B126AE1589047BA6B824200F0928057
:10ECE000FB6B28462A68E158926990477B6A834209
:10ECF00000F0888008F10108C245DED12A465C4652
:10ED00005546D7F808B09246D7E903630022796BDD
:10ED1000F86A04E00132AA4214D251F822301B1BD7
:10ED2000B3FA83F35B095B45F4D1013D56F8253016
:10ED3000AA424FEA850046F8223051F8253041F8C2
:10ED40002230EAD3F862BBF1000F00F0AC807B6B9D
:10ED5000012D1C687FF650AEB96A411853F8042F94
:10ED6000944228BF14469942F8D145E6D4E90210EE
:10ED700081427CD20C68631C76D0A4F1FF34B4FAD3
:10ED800084F4640915E7D4E902218A4275D2116836
:10ED90004A1C66D0DAF800205046126A9047804537
:10EDA0003FF437AFDAF80020504631689269904757
:10EDB0008046D4E902218A426AD215686B1C7FF42E
:10EDC0001EAF00223A641AE7D0E902318B425AD2D0
:10EDD0001968481C42D0A1F1FF31B1FA81F149090B
:10EDE0008C427FF4F0AED7E90D825A457FF474ADC2
:10EDF00022E70021396472E6002139679DE600238D
:10EE00003B641AE62A465C4655464FF0010B924693
:10EE1000D7E903637AE74FF0000B77E722682046D3
:10EE2000926A9047FCE60368FA635B6A9847FA6B5C
:10EE300003467FE60368FA635B6A9847FA6B4BE622
:10EE40001A681846536A9847044666E61A681846D0
:10EE5000FB63526A9047FB6B01464DE60020386722
:10EE6000B9E700243C64BCE60021396485E72168E9
:10EE70002046496A884704467DE722682046526A50
:10EE80009047014684E70168496A88470146A0E740
:10EE900022682046526A904705468FE7EDF7B6FD97
:10EEA00000233B6352E6022DA34606D0012D7FF4DA
:10EEB00013AD3B6AD3F8008058E67B68DA073FF56C
:10EEC0000BAD3A6A5908D2F800805068B8EB530F7E
:10EED00004D2414481427FF4FFAC47E6A8EB010134
:10EEE00081427FF4F9AC3A6A7B6B1160F8695B6828
:10EEF000796941F83030D2F8008037E62DE9F04FDB
:10EF000087B000AF07F110017C6DB860A348D7F857
:10EF10004C8081E80C00D9F7E9FEE36E5B6853F89A
:10EF200020B0BBF1000F00F036816A463B6D07F15F
:10EF3000400107F11000A2EBC3039D46FCF7B8F8AF
:10EF40000546E946002800F0B48000242646254600
:10EF5000D7E9042A7B6CFD60A3F1FF3BBBFA8BFB76
:10EF60004FEA5B1BAAF1FF33B3FA83F35B090AB1E3
:10EF7000002B42D11A46386C10B1BBF1000F4BD1B7
:10EF800059468A4257D0386908B1002B70D1002CFD
:10EF90005CD000234FEA860EFD689C4604E00CF12D
:10EFA000010C0133A34218D255F82320980005EB39
:10EFB0008301B242F3D959F8232058F8222052F89D
:10EFC0000E20524560D0013C59F82420A34249F854
:10EFD000002055F824200A60E6D36445FD602AD05D
:10EFE0003A69D2E90213994250D2043191604FF04C
:10EFF000FF3A0136C7F814A0B4E7D2E9020188420B
:10F0000080F0B8800268551C00F08480A2F1FF32C5
:10F01000B2FA82F25209AEE7D0E90215A94280F0B5
:10F02000B1800968481C72D0A1F1FF31B1FA81F1B9
:10F0300049098A42A7D1012CFD682ED0022C05D1A6
:10F040002B68B3422CD06B68B34229D0BB6DBA6D2C
:10F050001B6843F00403136007F1100393E80300F7
:10F06000BB681C3783E803001846BD46BDE8F08F37
:10F07000D0E902239A4278D2D2F800A0BAF1FF3F39
:10F0800085D100233B6182E701338BE7136810468B
:10F090007A609B6A98477A68A9E72B68B342D5D112
:10F0A0003A6DD9F800309342A8BF9B1ABA6C13602E
:10F0B000D2E707F11000FCF745F83A6D54003FF431
:10F0C00045AFA8F1040AC7F84C802E46D8468346BF
:10F0D00009E0D8F80020404692699047834507D060
:10F0E0000135A5420AD05AF8042F11685945F0D1CC
:10F0F00049F8265001350136A542F4D1D7F84C80A5
:10F100003A6956B9D7F814A03446354622E70020AC
:10F11000386489E70021396178E710467A60F8F7AA
:10F12000D7FF7A68B300A9F1040B0024073323F05A
:10F130000703ADEB030D4FF0FF336D467B61A5F187
:10F14000040AFD60554692465BF8042F013458F8D6
:10F1500022000AF0A1FFA64245F8040FF4D152465E
:10F16000FD684FF0FF3A0126F4E603685B6A9847B2
:10F17000824683E7116810467B604A6A90477B6845
:10F18000024640E70168C7E90023496A884701460B
:10F19000D7E9002346E7EDF739FC00BF144700200C
:10F1A0002DE9F0419EB0054656480E460CACDDE90F
:10F1B000268784E80C00D9F799FDD8F86C30D3E99C
:10F1C0000132904280F09B8053F82000002800F02C
:10F1D000968000234C4A4D4902F052FF002800F06F
:10F1E0008E80836800220F92DA6A17921A6B189247
:10F1F0005A6B19929A6B1A92DA6B1B921A6C1C92C8
:10F200005A6C1D92DA6C11921A6D12925A6D139209
:10F210009A6D1492DA6D15921A6E9B6C1692109379
:10F220000FABCDF8148006930723049310AB039320
:10F230000EAB029324AB93E803008DE80300314644
:10F240000AAE94E80C003046FFF758FE0F9B96E894
:10F250000300024684E803003BB33B6843F0040329
:10F260003B600D9EA6F1FF36B6FA86F67609002AB7
:10F270000CBF002306F00103DBB9259B2498A3F102
:10F28000FF33B3FA83F35B0900B1EBB99E4203D1BC
:10F290003B6843F002033B600C9294E8030085E86E
:10F2A000030028461EB0BDE8F0810E9B28998B61B3
:10F2B000D7E7D2E90210814211D2086801300ABFB3
:10F2C0001E4600260022D8E7D0E902318B420FD239
:10F2D0001B68A3F1FF33B3FA83F35B09D6E7116828
:10F2E000104609930892496A8847DDE90823E5E753
:10F2F000036808925B6A9847089A0346E9E7EDF7C6
:10F3000085FB00BF5C460020A8730410C8450410AC
:10F310002DE9F04FB3B0054673488B4616ACDDE9D6
:10F320003E7884E80C00D9F7E1FCFB6ED3E90132AA
:10F33000904280F0D68053F82000002800F0D18061
:10F3400000236A4A6A4902F09BFE002800F0C98047
:10F3500083680DF1640A4FF00C0914AED3F89820BD
:10F36000596E1B92D3F89C20986E1C92D3F8A02063
:10F370000D911D92D3F8A420D96E1E92D3F8A82027
:10F380000C901F92D3F8AC20186F2092D3F89420E1
:10F390000A911A92996FD3F8B02008901292D86F00
:10F3A0005A6F0E91D3F880100B920F901091D3F8F2
:10F3B0008400D3F8902011900992D3F8B420D3E9B7
:10F3C0002201D3E92EECD3F8C0301392129ACDF873
:10F3D000109021920B9ACDE924C30D9B2A9226937B
:10F3E0000C9B27930A9B2893089BCDE9057A2993C8
:10F3F000139F0E9BCDE9227E2B930F9B30912C9374
:10F40000109B2D93119BCDE92E30099B31931AABA4
:10F41000039318AB0293002319933CAB93E80300CA
:10F420008DE803005946304694E80C00FFF766FD6E
:10F43000199B96E80300074684E803005BB3D8F8FD
:10F44000003043F00403C8F80030179EA6F1FF36E1
:10F45000B6FA86F67609002F0CBF002306F00103EA
:10F46000EBB93D9B3C98A3F1FF33B3FA83F35B09FF
:10F4700000B1FBB99E4205D1D8F8003043F0020339
:10F48000C8F80030169794E8030085E80300284682
:10F4900033B0BDE8F08F189B409A1361D5E7D7E9E8
:10F4A00002218A4211D2106801300ABF1E4600268E
:10F4B0000027D6E7D0E9023293420DD21B68A3F1B0
:10F4C000FF33B3FA83F35B09D4E73A68384608930D
:10F4D000526A9047089BE7E703685B6A98470346D0
:10F4E000EDE7EDF793FA00BF5C460020A873041027
:10F4F000C84504102DE9F04FBDB00746B7480DF1DF
:10F50000800A499EDDF82C8108918AE80C00D9F721
:10F51000EDFB489BDB6ED3E90132904280F0CF8651
:10F5200053F82000002800F0CA860023AC4AAD49F9
:10F5300002F0A6FD0B90002800F0C186AA48D9F77A
:10F54000D5FB489BDB6E5B6853F82040002C00F035
:10F55000B68640460AF0A0FD0023834646A9994698
:10F560005046229309974996FBF7A2FDD94550D200
:10F5700080F00100C0B200284BD0229F002F40F045
:10F580009D8123683A4658F8291020461B6B4FEAA4
:10F5900089059847252808EB89064CD0236808215F
:10F5A00058F8292020469B6898470746002840F0D5
:10F5B0001D812368204658F805101B6A98470646A7
:10F5C0005046FBF7BFFD2368014620461B6A98475B
:10F5D000864200F0FB802368204658F805109B699E
:10F5E000984705465046FBF7ADFD23680146204687
:10F5F0009B699847854200F0E980229B43F0040311
:10F60000229309F1010946A95046FBF751FDD9455E
:10F61000AED3229B099F499E0BB9D94503D03368CD
:10F6200043F0040333609AE8030087E80300384698
:10F630003DB0BDE8F08F23683A46716820461B6BE9
:10F6400098474528239700F026814F2800F0238112
:10F6500009F1010925385428CFD801A353F820F027
:10F66000B5F70210FBF50210FBF50210FBF50210D6
:10F67000FBF50210FBF50210FBF50210FBF5021082
:10F68000FBF50210FBF50210FBF50210FBF5021072
:10F69000FBF50210FBF50210FBF50210FBF5021062
:10F6A000FBF50210FBF50210FBF50210FBF5021052
:10F6B000FBF50210FBF50210FBF50210FBF5021042
:10F6C000FBF50210FBF50210FBF50210FBF5021032
:10F6D0009DFA0210F7F8021095FB02103DFE021091
:10F6E000FBF50210FBF50210FBF50210D9FD02102C
:10F6F000B3010310FBF50210FBF50210FBF502103D
:10F7000069010310FBF50210FBF50210FBF5021076
:10F71000FBF502101D020310990003107F00031077
:10F720001F000310FBF50210C1FF0210B3FF02100F
:10F7300053FF021057FE0210FBF50210FBF50210FA
:10F74000FBF50210FBF50210FBF50210FBF50210B1
:10F750009DFA0210F7F8021071FC02102FFA021045
:10F760002FFA0210FBF50210FBF50210F7F8021059
:10F77000FBF5021015FD0210FBF50210FBF502105F
:10F78000BFFC021061FB0210FBF50210F900031030
:10F79000FBF502102DFC0210FBF5021061FB0210BC
:10F7A000FBF50210FBF50210E9FB02102FFE021020
:10F7B0006DFD02105046FBF7C5FC23680546252168
:10F7C0009B6A2046984785427FF417AF2098F8F748
:10F7D0007FFC4FF0FF33219313E700BF5C4600200E
:10F7E000A8730410C845041014470020219A479DAF
:10F7F000A2F1FF36209BA5F1FF35B6FA86F6B5FAE1
:10F8000085F576096D0903B1F6B9B446469800B19D
:10F8100055BB2946B1423FF4F4AE209810B1BCF17B
:10F82000000F2ED12368082120469B6898470028A6
:10F830003FF4E7AE209BD3E902218A4234D204325E
:10F840009A604FF0FF322192D3E902218A423ED2E0
:10F850001068421C35D0A0F1FF36BC464FF0FF3295
:10F86000B6FA86F67609D1E7D0E90213994233D287
:10F870000868431C28D0A0F1FF31B1FA81F1490991
:10F88000C8E7D0E90232934230D21A68531CC9D17A
:10F8900000232093C6E723680022B16820461B6B33
:10F8A00009F102099847D5E61A6818460A93926A40
:10F8B00090474FF0FF320A9B2192C5E7099F499E6E
:10F8C000ADE600232093C6E700214691D3E71A68EE
:10F8D0001846536A9847BCE70168CDF830C00A92D1
:10F8E000496A8847DDF830C00A9AC2E703685B6A54
:10F8F00098470246CAE70B9B22AA4FF0180C1EAD90
:10F900009B68186F0D90D3F884001390D3F888008B
:10F910000F90D3F88C001190D3F890001290D3F888
:10F9200094000C90D3F89800D3E91A610A90D3F8A8
:10F930009C000E911590D3F8A000D3E91D171690E6
:10F940001497D3F8A400D3E91FE7179010975F6EC0
:10F95000D3F8A8001890D3F8AC001990D3F8B000F1
:10F960001A90D3F8B4001B90D3F8B8001C90D3F8C9
:10F97000BC00D3F8C0301D900D980692CDF810C091
:10F98000CDE927011398CDE924762C90149F0F9888
:10F990000E9E2D9011982696CDE9297E109F2B97CB
:10F9A0002E9012982F900C9830900A9831901598BC
:10F9B000329016983390179834901898359019987B
:10F9C00036901A9837901B9838901C9839901D984B
:10F9D000CDE93A03489B059324AB039323AB0293F1
:10F9E00046AB93E803008DE80300089928469AE89F
:10F9F0000C00FEF749FF229B95E803008AE803000C
:10FA0000002B7FF4FEAD239A974981FB0231D31777
:10FA1000C3EB610303EB4303A2EB83024A9B1A612E
:10FA20004C9B4C9A1B8843F481631380E9E5504654
:10FA3000FBF788FB2368024608219B68204698470D
:10FA4000002840F0F383489B4FF0020C1EAD069354
:10FA500022AB07931F23CDE9043C0123039323AB7F
:10FA6000029346AB93E803008DE80300089928460B
:10FA70009AE80C00F9F742FD229B95E803008AE81A
:10FA80000300002B7FF4BDAD4C9B239A1B884A9941
:10FA900043F48263CA604C9A1380B2E50B9B22A99F
:10FAA0004FF00E0C9B681A6C0A92D3E911E2D3E96D
:10FAB0000E500C92DA6C0D921A6D0E925A6D0F92D6
:10FAC0009A6D1092DA6D11921A6ED3E90C76129239
:10FAD000DB6A0A9A2493CDE92750CDE9292ECDE996
:10FAE00025760C9A1EAD489B2B920D9A059324AB5C
:10FAF0002C920E9A039323AB2D920F9A029346AB4E
:10FB00002E92109A06912F92119ACDF810C0309231
:10FB1000129A93E8030031928DE803000899284671
:10FB20009AE80C00FEF7B0FE229B95E803008AE8F5
:10FB30000300002B7FF465AD239B4C4981FB03211F
:10FB4000DA171944C2EBA102C2EBC2029B1A4A9A0D
:10FB500093614C9B4C9A1B7843F00203137050E561
:10FB60004FF0FF350FE05046FBF7ECFA23680246F2
:10FB700008219B682046984700283FF442AD209812
:10FB8000F8F7A6FA219546A95046FBF791FA002806
:10FB9000E9D036E5489B4FF0020E1EAD069322AB2E
:10FBA00007936323CDE9043E0023039323AB029321
:10FBB00046AB93E803008DE80300089928469AE8CD
:10FBC0000C00F9F79BFC229B95E803008AE80300F0
:10FBD000002B7FF416AD4C9B4C9A1B8843F490632A
:10FBE0001380239B53600CE5489B01271EAD0693B1
:10FBF00022AB07930623CDE904370023039323ABFD
:10FC0000029346AB93E803008DE803000899284669
:10FC10009AE80C00F9F772FC229B95E803008AE849
:10FC20000300002B7FF4EDAC239B90E74C9B0693E5
:10FC30000B9B9B689B6A05934A9B1EAD0493489B54
:10FC4000029322AB039346AB93E803008DE80300D5
:10FC5000089928469AE80C00FFF74CFC95E8030049
:10FC60008AE80300CDE400BFABAAAA2A93244992F4
:10FC70004C9B06930B9B9B689B6905934A9B1EAD0F
:10FC80000493489B029322AB039346AB93E8030093
:10FC90008DE80300089928469AE80C00FFF72AFC33
:10FCA000229B95E803008AE80300002B7FF4A9ACAF
:10FCB0004C9B4C9A5B7843F004035370A1E4489B3F
:10FCC00002211EAD069322AB07930C23CDE904312C
:10FCD0000123039323AB029346AB93E803008DE823
:10FCE0000300089928469AE80C00F9F707FC229BC4
:10FCF00095E803008AE80300002B7FF482AC239B85
:10FD00004A9A013B13614C9B4C9A1B7843F00803C1
:10FD1000137076E4489B03201EAD069322AB079335
:10FD20004FF4B773CDE904300123039323AB02935F
:10FD300046AB93E803008DE80300089928469AE84B
:10FD40000C00F9F7DBFB229B95E803008AE803002F
:10FD5000002B7FF456AC239B4A9A013BD3614C9B0A
:10FD60004C9A1B7843F0040313704AE4489B02202A
:10FD70001EAD069322AB07936323CDE90430002325
:10FD8000039323AB029346AB93E803008DE8030093
:10FD9000089928469AE80C00F9F7B0FB229B95E8F1
:10FDA00003008AE80300002B7FF42BAC4C9B46A990
:10FDB0004C9A50465B7823F0060343F006035370D9
:10FDC000FBF776F9002800F03882239B442BD8BF3C
:10FDD00064334A9A536114E4489B02271EAD06938C
:10FDE00022AB07931723CDE904370023039323ABFA
:10FDF000029346AB93E803008DE803000899284678
:10FE00009AE80C00F9F77AFB229B95E803008AE850
:10FE10000300002B7FF4F5AB239A4A998A604C9A31
:10FE2000127863F300024C9B1A70FFF7EABB4C9BFD
:10FE300006930B9B9B689B680593FDE6236824AEA5
:10FE4000A84A2046DD6A3346A2F10901A8474C9B27
:10FE50000596069312E75046FBF774F923680246AD
:10FE600001219B682046984700283FF4C6AB489B79
:10FE700022AE1EAF05930E23069604939A4B03936E
:10FE800024AB029346AB93E803008DE80300089986
:10FE900038469AE80C00FEF7F7FC97E803008AE87A
:10FEA000030046A95046FBF703F900287FF4A9ABED
:10FEB000229B249A13437FF4A4AB5046FBF742F9EC
:10FEC000236805462D219B6A2046984785420BD022
:10FED0005046FBF737F9236805462B219B6A2046DD
:10FEE000984785427FF48DAB489B02250796069381
:10FEF00024AB02931723CDE904350023039346ABCB
:10FF000093E803008DE80300089938469AE80C004E
:10FF1000F9F7F4FA00230796039324AB05950293AF
:10FF2000489B06933B23049346AB97E803008AE87B
:10FF3000030093E803008DE80300089938469AE827
:10FF40000C00F9F7DBFA97E803008AE80300FFF7F3
:10FF500058BB489B04211EAD069322AB079342F287
:10FF60000F73CDE904310023039323AB029346AB17
:10FF700093E803008DE80300089928469AE80C00EE
:10FF8000F9F7BCFA229B95E803008AE80300002BEE
:10FF90007FF437AB4C9B239A5B78A2F26C724A9940
:10FFA00023F006034A6143F004034C9A5370FFF7B1
:10FFB00028BB4C9B06930B9B9B681B6905933BE6F8
:10FFC000489B02261EAD069322AB07933523CDE94D
:10FFD00004360023039323AB029346AB93E803005C
:10FFE0008DE80300089928469AE80C00F9F786FA8C
:10FFF000229B95E803008AE80300002B7FF401AB05
:020000041003E7
:10000000239B4C9A1B04116803F47C13374A43F07A
:1000100040030A4013434C9A1360FFF7F2BA489B1F
:100020004FF0020C1EAD069322AB07933523CDE9AA
:10003000043C0023039323AB029346AB93E80300F5
:100040008DE80300089928469AE80C00F9F756FA5B
:10005000229B95E803008AE80300002B7FF4D1AAD5
:10006000239B4C9A1B04116803F47C13204A43F031
:1000700020030A4013434C9A1360FFF7C2BA236867
:1000800024AE1C4A2046DD6A3346A2F10901A84786
:100090004C9B05960693CFE5489B4FF0020E1EAD94
:1000A000069322AB07933D23CDE9043E002303933F
:1000B00023AB029346AB93E803008DE80300089955
:1000C00028469AE80C00F9F719FA229B95E80300F4
:1000D0008AE80300002B7FF494AA239B4A9A1360BA
:1000E000FFF78FBAB1360410D4280020BFFFC0FF3D
:1000F000DFFFC0FFC53604100B9B9B681A6A249271
:1001000012685B6A2593002A3FF47BAA1B68002BC8
:100110003FF477AA489B1EAD059322AB06930223BA
:10012000049324AB039323AB029346AB93E8030001
:100130008DE80300089928469AE80C00FEF7A4FB16
:10014000229B95E803008AE80300002B7FF459AA5C
:10015000239B002B3FF455AA4C9B4C9A5B7843F0B1
:1001600001035370FFF74DBA489B02221EAD069360
:1001700022AB07933B23CDE904320023039323AB47
:10018000029346AB93E803008DE8030008992846E4
:100190009AE80C00F9F7B2F9229B95E803008AE887
:1001A0000300002B7FF42DAA239B4A9A5360FFF78C
:1001B00028BA489B02261EAD069322AB07930C2358
:1001C000CDE904360123039323AB029346AB93E8B6
:1001D00003008DE80300089928469AE80C00F9F717
:1001E0008DF9229B95E803008AE80300002B7FF439
:1001F00008AA239A334981FB0231D317C3EB610369
:1002000003EB4303A2EB83024A9B9A604C9B4C9AFC
:100210001B7843F001031370FFF7F3B9236824AE92
:10022000294A2046DD6A3346911F30E72098F7F7C8
:100230004FFF4FF0FF33219305E45046FAF782FF5A
:10024000236801462A221B6B20469847A0F13005FF
:10025000EBB2092B3FF6B9AD2098F7F739FF239B96
:1002600046A9504603EB830305EB430523954FF066
:10027000FF352195FAF71CFF48B1239B4C9AA3F256
:100280006C734C99527822F002024A70A1E55046F4
:10029000FAF758FF236801462A221B6B204698472D
:1002A000A0F13006F3B2092BE7D82098F7F710FF3A
:1002B000239B0A22219502FB03632393DEE7ECF7DD
:1002C000A5FB00BFABAAAA2ABA3604102DE9F04755
:1002D00092B00546454888460CACDDF87890DDE9DB
:1002E0001C6784E80C00D8F701FDF36ED3E90132F6
:1002F000904279D253F82000002875D000233C4A60
:100300003C4901F0BDFE00286ED083680DF1280A3B
:100310001B6902960FAE03970696CDE9049300235E
:10032000CDE90F3311931AAB93E803008DE8030076
:100330004146504694E80C00FFF7DCF89AE80300C9
:1003400084E8030030464946DDF8308003F03EFD86
:100350000D9EA6F1FF36B6FA86F67609B8F1000FC3
:100360000CBF002306F001032BBB1B9B1A98A3F1C3
:10037000FF33B3FA83F35B0900B17BB99E4203D12B
:100380003B6843F002033B60CDF8308094E8030003
:1003900085E80300284612B0BDE8F087D0E90232B4
:1003A000934214D21B68A3F1FF33B3FA83F35B09C2
:1003B0009E42E9D1E4E7D8E902218A420CD21068D2
:1003C00001300ABF1E4600264FF00008CDE7036843
:1003D0005B6A98470346E6E7D8F800204046099351
:1003E000526A9047099BEBE7ECF710FB5C46002054
:1003F000A8730410C84504102DE9F04792B00546D3
:10040000454888460CACDDF87890DDE91C6784E847
:100410000C00D8F76BFCF36ED3E90132904279D22D
:1004200053F82000002875D000233C4A3C4901F0D5
:1004300027FE00286ED083680DF1280A9B6802967B
:100440000FAE03970696CDE904930023CDE90F3351
:1004500011931AAB93E803008DE803004146504620
:1004600094E80C00FFF746F89AE8030084E80300DC
:1004700030464946DDF8308003F0A8FC0D9EA6F119
:10048000FF36B6FA86F67609B8F1000F0CBF0023E6
:1004900006F001032BBB1B9B1A98A3F1FF33B3FAA1
:1004A00083F35B0900B17BB99E4203D13B6843F003
:1004B00002033B60CDF8308094E8030085E8030038
:1004C000284612B0BDE8F087D0E90232934214D238
:1004D0001B68A3F1FF33B3FA83F35B099E42E9D1B2
:1004E000E4E7D8E902218A420CD2106801300ABF41
:1004F0001E4600264FF00008CDE703685B6A984768
:100500000346E6E7D8F8002040460993526A904730
:10051000099BEBE7ECF77AFA5C460020A87304101D
:10052000C84504102DE9F04F014693B09A48089150
:100530000CA981E80C00D8F7D9FB1E9BDB6E5B6829
:1005400053F820300793002B00F060849348D8F7CD
:10055000CDFB1E9B0546DB6EDE6856F82040002C66
:1005600000F0B48304F14002A36A05921BB1236B2F
:10057000003B18BF01238A4E0B93237C0F96002B60
:1005800040F04582202110A80FAD1096DDF77AFECD
:100590004FF0000BE36BDA46119304F14403CDF8FE
:1005A00024B0CDF818B0CDF828B0CDE9033B11AB9D
:1005B00013F80B30042B00F21F83DFE813F06D02F9
:1005C000F700870071000500DDE90C67DFF8D891BE
:1005D000A7F1FF38B8FA88F84FEA581816B1B8F101
:1005E000000F4ED146461D9B1C98A3F1FF33B3FA72
:1005F00083F35B0910B1002B40F079819E4200F03B
:1006000087810C9818B1B8F1000F40F084810A225C
:10061000394603980BF098F9002800F01F81059BDC
:10062000C01AD9F80030801013F80080109B53E9ED
:1006300003727E1C964204D853F8042C002A40F31F
:100640005481314610A80FADDDF71CFE109B53F806
:100650000C2C03F80280109A5249A2F10C038B4231
:1006600040F070810AF1010A0C9ED6E902329342F1
:1006700080F029810433B3604FF0FF331F460D93A0
:10068000A6E7D6E90232934280F014831868431C2F
:1006900000F0A882A0F1FF36B6FA86F67609A2E746
:1006A000A36A002B40F0D181236B002B40F04382E2
:1006B0000B9B83F001090BF1010BBBF1030F00F35E
:1006C0008380B9F1000F7FF472AF7DE01E9BDB6881
:1006D0009E0500F1EF81069B012B00F2EB81BBF13F
:1006E000000F00F0E781BBF1010F00F0D881BBF1F2
:1006F000020F00F09D82109B53F80C3C012B00F27E
:100700007E820A9B002B40F013830F9B53F80C3C16
:10071000ABB1049B002B00F03D839DF824100FAD7E
:100720002846DDF7B7FE2A46D4E9020103F048FB6C
:1007300028B91F9B1F9A1B6843F004031360049B96
:10074000002B00F08382636B534500F07F821F9B78
:100750001F9A1B6843F0040313601CA90CA80FAD7B
:10076000FAF7A6FC002840F058810CAA109B0D4C0B
:1007700092E80300089A82E80300A3F10C00A0426B
:1007800040F0EE820F9BA3F10C00A04240F0F482F7
:10079000089813B0BDE8F08F14470020544600209D
:1007A0004446002038460020D02800201CA90CA870
:1007B0000FADFAF77DFC002800F05B814FF00009D7
:1007C000BBF1030F40F0C680069B012B94BF0023B2
:1007D00009F00103002B00F01B830A9B002B40F063
:1007E0003281636A9B464FF00108DDE90C67A7F18F
:1007F000FF39B9FA89F94FEA59191EB1B9F1000F59
:1008000040F012814E461D9B1C98A3F1FF33B3FAB2
:1008100083F35B0910B1002B40F0A081069A90454C
:1008200080F0AF819E4200F0AC810C9818B1B9F114
:10083000000F40F0B1815BF8043FBB4287D10C9EB2
:10084000D6E90232934280F0C4810433B3604FF0A2
:10085000FF3308F101081F460D93C8E76369BB42E7
:1008600037D0237C002B53D0A369BB4250D1049BCB
:10087000002B5ED1BAF1000F00F08A820F9B5FFA65
:100880008AFA53E903727E1C964203D853F8042C6B
:10089000002A4CDD0FA831460546DDF7F3FC0F9B1F
:1008A00053F80C2C03F802A00F9AAB49A2F10C03E9
:1008B0008B4240F086810C9E4FF0000AD6E902324E
:1008C0009342FFF4D7AE336830460FAD9B6A98472A
:1008D000D2E6049B6BBB636B002B19DD0123CDF8C3
:1008E00024A04FF0000A0493BEE63A46B1E6D0E9F0
:1008F0000232934280F0D9811868451C00F06F8164
:10090000A0F1FF33B3FA83F35B099E427FF479AE23
:100910004FF001090FE0D0E90232934280F0D0811C
:100920001F687A1C7FF473AE00230C936FE63A467F
:10093000B8E7DDF81090109B53F80C3C002B3FF407
:1009400006AFB8E600213B4442F80C6C42F8041CA8
:10095000597387E6DDE90C68A8F1FF37B7FA87F726
:100960007F0906B12FBB3E461D9B1C98A3F1FF33A8
:10097000B3FA83F35B0900B16BBBBB423FF49BAEA0
:100980000C9808B1002E35D10798424608210FADCA
:1009900003689B68984700283FF48DAE0C9ED6E90B
:1009A0000232934280F004810433B3604FF0FF338E
:1009B0000D93D6E90232934280F0EF811868411C12
:1009C00000F0AD81A0F1FF374FF0FF380126B7FAF4
:1009D00087F77F09C8E7D0E90232934280F0E381CC
:1009E0001868421C00F09881A0F1FF33B3FA83F33A
:1009F0005B09C2E7D0E90232934280F0D981D3F893
:100A00000080B8F1FF3FBFD100230C93BCE70FADCE
:100A100020212846DDF736FCB4E51F9B1F9A1B6892
:100A200043F002031360A0E6D6E90232934280F05D
:100A3000C5811868431C00F07581A0F1FF36B6FA35
:100A400086F67609DFE6E36ACCE61CA90CA80FADB2
:100A5000FAF72EFB002800F0FE80236B002B6AD1F2
:100A6000A36A002B3FF424AE4FF00109CDF8289083
:100A700021E60CA80FADFAF765FB0246079808219E
:100A800003689B68984700283FF498AE0C98F7F7E6
:100A90001FFB4FF0FF330D934FF0010990E60B9BC6
:100AA00043B99DF84430032B04D09DF84630012B08
:100AB00040F0C980276A00264FF0FF380FE0E26956
:100AC00052F826209A422CD10C98D0E90232934257
:100AD00080F08B80043383600136CDF834801CA90C
:100AE0000CA80FADFAF7E4FA80F00100C0B20028BC
:100AF00000F08080BE427DD2DDE90C035D1CDED1BA
:100B00000028DCD0D0E90232934280F068811B6873
:100B1000591CD4D100220C92E26952F826209A4244
:100B2000D2D0002E7FF413AE1E9BDB6883F40073DB
:100B3000C3F34029BFE51CA90CA80FADFAF7B8FA1A
:100B4000002800F09B80A36A002B3FF4B1AD236B1B
:100B5000002B7FF4ADAD87E738460020D0E90232A4
:100B6000934280F031811868451C00F0DE80A0F1CE
:100B7000FF33069AB3FA83F390454FEA5313FFF419
:100B800051AE069B98457FF4E2AD109B53F80C3CA8
:100B9000012B7FF6B6AD32E0D0E90232934280F00D
:100BA00018811F68791C7FF446AE00230C9342E63F
:100BB000336830460FAD9B6A98474FF0FF330D9373
:100BC000F7E600213B4442F80C6C42F8041C5973D0
:100BD00071E6336830460FAD9B6A984737E60023CD
:100BE0001C938DE600230C9354E503680FAD9B6ABC
:100BF000984771E7BE4294D14FF001095BE50022AE
:100C0000302110A8DDF778F900283FF47AAD109B69
:100C1000421C53F80C3C00D1581E9842024610A8C2
:100C20000FAD28BF1A4600231946DDF7D7F968E54E
:100C30009DF84730042B3FF43DAF032B03D10B9BB2
:100C4000002B7FF437AF0BF1010BB0E410A9209813
:100C5000DDF73CF981E50CA8FAF774FA636A1B68C2
:100C600083427FF4FAAEA36A0C980693F7F730FA42
:100C70004FF0FF334FF001090D931CE50CA80FADA9
:100C8000FAF760FAE36A1B6883427FF45CAF236B78
:100C90000FAD0C980693F7F71BFA4FF0FF334FF0A8
:100CA00001090D93CDF8289005E503680FAD5B6A47
:100CB000984722E6336830460FAD5B6A9847E6E412
:100CC00003680FAD5B6A984707462AE67020D3F7A2
:100CD000B1FA00230446C0E90133C3600374C3635F
:100CE00080F86C30C0E90533C0E90733C0E9093347
:100CF000C0E90B33C0E90D33544B03601E9B03F175
:100D00006C01F7F7DFFF1E9B21462A46D86ED7F706
:100D100073FF56F8254025E400231C9364E6002366
:100D20000C934FE600230C9387E600231C931EE7E9
:100D3000109B53F8042C002A57DA1B78302B3FF411
:100D4000E4AC2D23002210A80FAD0093114601231F
:100D5000DDF7E2F9109B4FF0FF3243F8042CD4E4A6
:100D600053F8042C511E002A43F8041C3FF70AAD27
:100D70000EA9DDF731F905E553F8042C511E002AC0
:100D800043F8041C3FF704AD10A9DDF725F9FFE493
:100D9000D146D0E55FFA8AF1C1E4336830460FAD41
:100DA0005B6A98470BE603680FAD5B6A984718E6E5
:100DB00003680FAD5B6A9847804622E63368304689
:100DC0000FAD5B6A984735E603680FAD5B6A9847DD
:100DD000CAE603680FAD5B6A98470746E2E6036818
:100DE0000FAD5B6A9847034692E610A80FADDDF79A
:100DF00077F9109B1A78302A3FF487AC53F8043CFB
:100E0000002B9EDB10A8DDF76BF99AE7EBF7FEFDF0
:100E1000B9F1000F3FF49BAC6DE401F01BFC2368BB
:100E200020465B68984702F017F801F013FCFAE7D8
:100E300001F04EFC01F09EFA10A8F7F797F928464A
:100E4000F7F794F901F096FAF9E700BFF44D0410B2
:100E50002DE9F04F014693B09A4808910CA981E81A
:100E60000C00D7F743FF1E9BDB6E5B6853F8203006
:100E70000793002B00F060849348D7F737FF1E9B41
:100E80000546DB6EDE6856F82040002C00F0B48387
:100E900004F14002A36A05921BB1236B003B18BF0B
:100EA00001238A4E0B93237C0F96002B40F0458242
:100EB000202110A80FAD1096DDF7E4F94FF0000BDC
:100EC000E36BDA46119304F14403CDF824B0CDF876
:100ED00018B0CDF828B0CDE9033B11AB13F80B30B7
:100EE000042B00F21F83DFE813F06D02F700870088
:100EF00071000500DDE90C67DFF8D891A7F1FF3834
:100F0000B8FA88F84FEA581816B1B8F1000F4ED168
:100F100046461D9B1C98A3F1FF33B3FA83F35B098C
:100F200010B1002B40F079819E4200F087810C982F
:100F300018B1B8F1000F40F084810A2239460398B5
:100F40000AF002FD002800F01F81059BC01AD9F8A5
:100F50000030801013F80080109B53E903727E1C50
:100F6000964204D853F8042C002A40F354813146A9
:100F700010A80FADDDF786F9109B53F80C2C03F881
:100F80000280109A5249A2F10C038B4240F070810A
:100F90000AF1010A0C9ED6E90232934280F02981BF
:100FA0000433B3604FF0FF331F460D93A6E7D6E935
:100FB0000232934280F014831868431C00F0A88228
:100FC000A0F1FF36B6FA86F67609A2E7A36A002BEF
:100FD00040F0D181236B002B40F043820B9B83F0C8
:100FE00001090BF1010BBBF1030F00F38380B9F191
:100FF000000F7FF472AF7DE01E9BDB689E0500F161
:10100000EF81069B012B00F2EB81BBF1000F00F09A
:10101000E781BBF1010F00F0D881BBF1020F00F0B6
:101020009D82109B53F80C3C012B00F27E820A9BA0
:10103000002B40F013830F9B53F80C3CABB1049B87
:10104000002B00F03D839DF824100FAD2846DDF7FE
:1010500021FA2A46D4E9020102F0B2FE28B91F9B08
:101060001F9A1B6843F004031360049B002B00F0DD
:101070008382636B534500F07F821F9B1F9A1B681E
:1010800043F0040313601CA90CA80FADFAF710F885
:10109000002840F058810CAA109B0D4C92E80300E8
:1010A000089A82E80300A3F10C00A04240F0EE820F
:1010B0000F9BA3F10C00A04240F0F482089813B0FB
:1010C000BDE8F08F14470020504600204446002021
:1010D00038460020D02800201CA90CA80FADF9F735
:1010E000E7FF002800F05B814FF00009BBF1030F20
:1010F00040F0C680069B012B94BF002309F001033A
:10110000002B00F01B830A9B002B40F03281636AA6
:101110009B464FF00108DDE90C67A7F1FF39B9FAEA
:1011200089F94FEA59191EB1B9F1000F40F0128147
:101130004E461D9B1C98A3F1FF33B3FA83F35B0962
:1011400010B1002B40F0A081069A904580F0AF814D
:101150009E4200F0AC810C9818B1B9F1000F40F03C
:10116000B1815BF8043FBB4287D10C9ED6E90232C5
:10117000934280F0C4810433B3604FF0FF3308F131
:1011800001081F460D93C8E76369BB4237D0237C33
:10119000002B53D0A369BB4250D1049B002B5ED1DE
:1011A000BAF1000F00F08A820F9B5FFA8AFA53E9C6
:1011B00003727E1C964203D853F8042C002A4CDD9F
:1011C0000FA831460546DDF75DF80F9B53F80C2C50
:1011D00003F802A00F9AAB49A2F10C038B4240F036
:1011E00086810C9E4FF0000AD6E902329342FFF44A
:1011F000D7AE336830460FAD9B6A9847D2E6049B62
:101200006BBB636B002B19DD0123CDF824A04FF0DD
:10121000000A0493BEE63A46B1E6D0E902329342B0
:1012200080F0D9811868451C00F06F81A0F1FF3370
:10123000B3FA83F35B099E427FF479AE4FF0010964
:101240000FE0D0E90232934280F0D0811F687A1C0F
:101250007FF473AE00230C936FE63A46B8E7DDF8EF
:101260001090109B53F80C3C002B3FF406AFB8E6EF
:1012700000213B4442F80C6C42F8041C597387E689
:10128000DDE90C68A8F1FF37B7FA87F77F0906B1E7
:101290002FBB3E461D9B1C98A3F1FF33B3FA83F38B
:1012A0005B0900B16BBBBB423FF49BAE0C9808B12D
:1012B000002E35D10798424608210FAD03689B6880
:1012C000984700283FF48DAE0C9ED6E90232934237
:1012D00080F004810433B3604FF0FF330D93D6E9FF
:1012E0000232934280F0EF811868411C00F0AD811A
:1012F000A0F1FF374FF0FF380126B7FA87F77F09D3
:10130000C8E7D0E90232934280F0E3811868421CBA
:1013100000F09881A0F1FF33B3FA83F35B09C2E7D1
:10132000D0E90232934280F0D981D3F80080B8F13D
:10133000FF3FBFD100230C93BCE70FAD202128460F
:10134000DCF7A0FFB4E51F9B1F9A1B6843F0020364
:101350001360A0E6D6E90232934280F0C581186896
:10136000431C00F07581A0F1FF36B6FA86F67609C7
:10137000DFE6E36ACCE61CA90CA80FADF9F798FEEE
:10138000002800F0FE80236B002B6AD1A36A002B9B
:101390003FF424AE4FF00109CDF8289021E60CA8C7
:1013A0000FADF9F7CFFE02460798082103689B6846
:1013B000984700283FF498AE0C98F6F789FE4FF056
:1013C000FF330D934FF0010990E60B9B43B99DF855
:1013D0004430032B04D09DF84630012B40F0C980E7
:1013E000276A00264FF0FF380FE0E26952F8262006
:1013F0009A422CD10C98D0E90232934280F08B8033
:10140000043383600136CDF834801CA90CA80FADDD
:10141000F9F74EFE80F00100C0B2002800F0808095
:10142000BE427DD2DDE90C035D1CDED10028DCD09C
:10143000D0E90232934280F068811B68591CD4D1F4
:1014400000220C92E26952F826209A42D2D0002E55
:101450007FF413AE1E9BDB6883F40073C3F3402953
:10146000BFE51CA90CA80FADF9F722FE002800F07B
:101470009B80A36A002B3FF4B1AD236B002B7FF45C
:10148000ADAD87E738460020D0E90232934280F0C4
:1014900031811868451C00F0DE80A0F1FF33069A08
:1014A000B3FA83F390454FEA5313FFF451AE069B12
:1014B00098457FF4E2AD109B53F80C3C012B7FF66E
:1014C000B6AD32E0D0E90232934280F018811F6855
:1014D000791C7FF446AE00230C9342E63368304615
:1014E0000FAD9B6A98474FF0FF330D93F7E600214D
:1014F0003B4442F80C6C42F8041C597371E63368A3
:1015000030460FAD9B6A984737E600231C938DE663
:1015100000230C9354E503680FAD9B6A984771E76D
:10152000BE4294D14FF001095BE50022302110A8A2
:10153000DCF7E2FC00283FF47AAD109B421C53F824
:101540000C3C00D1581E9842024610A80FAD28BF8F
:101550001A4600231946DCF741FD68E59DF847303F
:10156000042B3FF43DAF032B03D10B9B002B7FF4E7
:1015700037AF0BF1010BB0E410A92098DCF7A6FC03
:1015800081E50CA8F9F7DEFD636A1B6883427FF4EE
:10159000FAAEA36A0C980693F6F79AFD4FF0FF3364
:1015A0004FF001090D931CE50CA80FADF9F7CAFD2A
:1015B000E36A1B6883427FF45CAF236B0FAD0C982A
:1015C0000693F6F785FD4FF0FF334FF001090D93B9
:1015D000CDF8289005E503680FAD5B6A984722E6D1
:1015E000336830460FAD5B6A9847E6E403680FAD99
:1015F0005B6A984707462AE67020D2F71BFE002355
:101600000446C0E90133C3600374C36380F86C30DF
:10161000C0E90533C0E90733C0E90933C0E90B333A
:10162000C0E90D33544B03601E9B03F16C01F7F7C7
:1016300031F91E9B21462A46D86ED7F7DDFA56F8B7
:10164000254025E400231C9364E600230C934FE619
:1016500000230C9387E600231C931EE7109B53F88E
:10166000042C002A57DA1B78302B3FF4E4AC2D23EE
:10167000002210A80FAD009311460123DCF74CFDAA
:10168000109B4FF0FF3243F8042CD4E453F8042CA1
:10169000511E002A43F8041C3FF70AAD0EA9DCF7DF
:1016A0009BFC05E553F8042C511E002A43F8041C4A
:1016B0003FF704AD10A9DCF78FFCFFE4D146D0E57D
:1016C0005FFA8AF1C1E4336830460FAD5B6A984730
:1016D0000BE603680FAD5B6A984718E603680FAD29
:1016E0005B6A9847804622E6336830460FAD5B6AF6
:1016F000984735E603680FAD5B6A9847CAE603680A
:101700000FAD5B6A98470746E2E603680FAD5B6A78
:101710009847034692E610A80FADDCF7E1FC109B5A
:101720001A78302A3FF487AC53F8043C002B9EDB38
:1017300010A8DCF7D5FC9AE7EBF768F9B9F1000FD0
:101740003FF49BAC6DE400F085FF236820465B68A6
:10175000984701F081FB00F07DFFFAE700F0B8FF49
:1017600000F008FE10A8F6F701FD2846F6F7FEFC8B
:1017700000F000FEF9E700BF044E04102DE9F0432D
:101780008DB00E462749054606AC189F09910DF10C
:10179000240884E80C00179B9DF85820CDE90237F7
:1017A00014AB93E80300CDF810808DE803003146B8
:1017B0000AAE304602B394E80C00FEF7B3FEDDF843
:1017C000249096E8030084E80300D6F7F5FF3A4634
:1017D000334619990A90484601F0A0FF099B124A26
:1017E00094E8030085E80300A3F10C00904208D1BF
:1017F00028460DB0BDE8F08394E80C00FFF728FB05
:10180000DDE753F8042C511E002A43F8041CEFDCDA
:101810003146DCF7E1FBEBE74046F6F7A7FC00F0CA
:10182000A9FD00BF44460020384600202DE9F04FB6
:101830008DB0054640480F46199E06AC9DF860A045
:10184000DDF86C9084E80C00D7F750FAF36E5B6813
:1018500053F82080B8F1000F67D0384B0993BAF1E4
:10186000000F3DD11A9B0DF1240A02960AAE039394
:1018700016ABCDF810A093E803008DE803003946BD
:10188000304694E80C00FFF7E3FA099B96E8030062
:1018900053F80C7C84E80300AFB100223946484677
:1018A000DDF7FEF8D9F80030DDF824B053F8042C49
:1018B0005F44002A28DA3A46D8F800705946404674
:1018C000FF6AB847099B1E4A94E8030085E80300B5
:1018D000A3F10C0090421DD128460DB0BDE8F08F59
:1018E0001A9B0DF1240A02960AAE039316ABCDF8AB
:1018F00010A093E803008DE803003946304694E8D1
:101900000C00FEF70FFEC0E74846DCF703FFD9F8EE
:101910000030D0E753F8042C511E002A43F8041C71
:10192000DADC3146DCF758FBD6E7EBF76FF85046C8
:10193000F6F71CFC00F01EFD144700204446002072
:1019400038460020244B1A68D00701D401221A60BF
:10195000224B1A68D10701D401221A60204B1A6861
:10196000D20701D401221A601E4B1A68D00701D495
:1019700001221A601C4B1A68D10701D401221A6097
:101980001A4B1A68D20701D401221A60184B1A6840
:10199000D00701D401221A60164B1A68D10701D46E
:1019A00001221A60144B1A68D20701D401221A606E
:1019B000124B1A68D00701D401221A60104B1A6822
:1019C000D10701D401221A600E4B1A68D20701D444
:1019D00001221A60704700BF0C3800201438002024
:1019E0003C38002044380020B0370020B4370020B5
:1019F00024380020BC370020343800202C38002048
:101A00001C380020043800200868B0F1805F08B559
:101A10001BD2904205D801308000BDE80840D2F7C3
:101A200009BCB0EB420F4FEA4203F4D2B3F1805F3E
:101A300008D36FF070434FF080400B60BDE8084062
:101A4000D2F7F8BB581C0B60E6E70148EBF706F845
:101A5000DC360410034653F8080B984201D0D2F745
:101A6000EDBB704730B5032983B00446154601919C
:101A70000FD8006839B1012913D00A46294603F06E
:101A8000E3FB019920680023616040F8213003B036
:101A900030BD01A90022FFF7B7FF01992060A160C6
:101AA000E8E705600199EEE72DE9F04F83B047685C
:101AB0009A468146DDF830B08E180D4601A9ABEB91
:101AC000020304463B44BF1B019359F8083B994568
:101AD00014BF82680322FFF797FF80462DB1012DC6
:101AE00021682AD02A4606F06DFCBAF1000F0BD00F
:101AF000BBF1000F08D0BBF1010F08EB850024D02B
:101B000051465A4606F05EFC20685FB15D44012FE5
:101B100000EB860108EB850312D03A46184606F022
:101B200051FC2068814501D0D2F788FB019BC4F8A5
:101B30000080A36003B0BDE8F08F0B680360D4E7BA
:101B400050F8263048F82530ECE7DAF8003048F84D
:101B50002530D9E770B5054682B0044655F8083BF4
:101B600001919D42019B14BF82680322934201D8D8
:101B700002B070BD01A9FFF747FF63682168064600
:101B80005A1C73B14AB98D4202D00846D2F756FBAF
:101B9000019B2660A36002B070BD06F013FC2168B3
:101BA000F1E70B680360EEE7F0B51D466FF0704398
:101BB00004464068134483B01B1A9D4243D8234611
:101BC0000F46AE1A53F8081B0644994214BFA36887
:101BD00003239E4222D8D319C31A0ED0AA420CD096
:101BE00001EB870C012B0CEB85000CEB820E23D054
:101BF00071461A4605F008FD216845B1012D01EB3B
:101C0000870015D008992A4603F01EFB216800239F
:101C10002046666041F8263003B0F0BD3946002307
:101C200020460095FFF740FF2168002DEFD0E5E743
:101C3000089B41F82730EAE75CF822304CF8253061
:101C4000002DE4D0DAE70148EAF708FF98350410E0
:101C50000B464168994207D305D9026800214360C9
:101C600042F823107047704710B5144682B05B1AD3
:101C700000220094FFF798FF02B010BD2DE9F84351
:101C8000089F1D461646DDF824807B1E0C469A42AE
:101C900009D9012F02D12B680B6004E03A4629468E
:101CA000204605F0B1FCB8F1000F10D0B74259D072
:101CB000B8F1010F04EB870004EB860104D154F85E
:101CC000263044F8273002E0424605F09DFCB7423A
:101CD00048D904EB860805EB87034FEA8709984546
:101CE0000BD3012F02D12B6823603BE03A462946F3
:101CF0002046BDE8F84305F087BCA84512D82D1B47
:101D0000012F07EBA505A5EB060204EB820103D129
:101D100054F82230236025E03A462046BDE8F843D7
:101D200006F050BBA8EB0508B8F1040F4FEAA8066F
:101D300002D12B68236004E029463246204605F094
:101D400063FCBA1B04EB090104EB0800012A04D16F
:101D500054F8273044F8083004E01AB1BDE8F843DD
:101D600006F030BBBDE8F8832DE9F04704466FF07C
:101D7000704082B00F46104461680A9E401A864245
:101D80004ED898462346B51A53F808AB0D449A45E9
:101D900014BFA36803239D422FD8D319C2450AEB71
:101DA0008709A1EB03031CD953B1B24208D0012B20
:101DB00009EB860009EB82012BD01A4605F024FCC2
:101DC00036B1012E20D032464146484606F0FAFA96
:101DD000236800222046656043F8252002B0BDE854
:101DE000F0870AEB81018845DED849462046CDE9D7
:101DF00000634346FFF742FFEAE743463946204681
:101E00000096FFF751FEE3E7D8F800304AF8273094
:101E1000DEE759F8223049F82630002ED8D0D0E736
:101E20000148EAF71BFE00BFF4360410F0B5044683
:101E3000476850F8086B83B0D519864214BFA36871
:101E40000323AB420ED332B1012A06EB870012D036
:101E500006F0B8FA266800232046656046F825306B
:101E600003B0F0BD0B460092394600222046FFF732
:101E70001BFE2668EFE70B6846F82730EBE700BF4C
:101E800010B5446886469C46A34215D8E41A94428D
:101E900028BF14464CB1DEF80030012C084603EB95
:101EA0008C0104D0224606F08DFA204610BD53F86E
:101EB0002C300360204610BD23466246014902488B
:101EC000EAF7FCFD6C350410343504100B4601466E
:101ED000184607F0A9BF00BF00487047103704102C
:101EE000034B10B50446036000F03EFC204610BDD5
:101EF0009C780410054B10B50446036000F034FCD8
:101F000004212046D2F79EF9204610BD9C7804108B
:101F10000048704720370410034B10B50446036097
:101F2000FFF7DEFF204610BDD8780410054B10B532
:101F300004460360FFF7D4FF04212046D2F782F95C
:101F4000204610BDD8780410004870473C37041074
:101F5000034B10B50446036000F006FC204610BD9C
:101F600004790410054B10B50446036000F0FCFB37
:101F700004212046D2F766F9204610BD04790410EA
:101F8000036870B5002484B09E691023154603943D
:101F900002936B461268CDE90044B0479DF80430C7
:101FA00003F00603062B04D1009B01202B6004B034
:101FB00070BD204604B070BD009890420CBF062052
:101FC00001207047034B10B50446036001F014F87C
:101FD000204610BD48790410054B10B50446036037
:101FE00001F00AF808212046D2F72CF9204610BD4E
:101FF000487904102DE9F041069F1D46044690469D
:10200000DDE908369F420CD02946204600F0F8FF53
:1020100020B10123376086F80480B3710020BDE849
:10202000F081079900F0ECFF0028EDD0002086F841
:102030000580BDE8F08100BF38B515461C4600F0AC
:10204000DFFF00B938BD082206232560E260237156
:1020500038BD00BF2DE9F041064617461D460C4627
:1020600000F0CEFF48B9032D07D823683A46314621
:1020700020465B69BDE8F0411847BDE8F08100BF2C
:102080002DE9F0418AB0002838D01746026804468E
:1020900088461E460021102052E90232CDE9081080
:1020A0000791E518E15851F8041C914226D1002E01
:1020B00001DBDE4231D01368104607AA0095314695
:1020C00003920622CDE90184DD693B46A847079DBE
:1020D0002A469DB19DF8220000F00603062B0ED083
:1020E0009DF821109DF820300B4003F00603062BCD
:1020F00005D001F00501042900D020B100252846B3
:102100000AB0BDE8F081002E10DB3544AC42F5D1B9
:10211000154628460AB0BDE8F081104639460592BA
:1021200000F06EFF059A0028C5D0E8E7B31CE5D0A3
:10213000009443463C6831463846246AA04700F084
:1021400006000628DAD1079A1546E2E71E494B68D1
:1021500030B5A0F1080550F8084C2BB305EB040E80
:10216000734521D85A6826D001F1040C32B910E029
:10217000516803F1040C134649B10A469645F7D855
:1021800005D1DEF800201444DEF804205A60DCF8A3
:1021900000301A6899188D420AD05B6840E9024302
:1021A000DCF800305D6030BD40F8043C4D6030BD6F
:1021B00022441A6030BD1B6840F8042C234440F8C8
:1021C000083C4D6030BD00BF7030002000F10803B6
:1021D0001349082B486838BF0823F8B10733043186
:1021E00023F0070302E0011D406880B102689342BA
:1021F000F9D870B4D41A4668072C09D9C5186E608E
:10220000C4500868036008300D6070BC70477047A8
:102210003546026008300D6070BC7047704700BFE3
:102220007030002010B500F180042046D1F7EEFF99
:1022300038B1034680220021184610F061FF80303B
:1022400010BD2046FFF7C2FF03460028F2D100F080
:1022500087FD00BF064B8038D3E902231344984220
:1022600003D2824201D2FFF771BFD1F7E1BF00BFB5
:10227000703000202DE9F0410026394D88B03948F2
:10228000EE60C5E9016602F0D1FF0822364B092154
:102290000496CDE90223354A0423CDE905120793BC
:1022A00000283BD00446324E23780F2230463A2B8A
:1022B00008BF0134214610F027FF10B9E37B2E2B15
:1022C00017D020463A2104F083FA04460028EBD1C7
:1022D000079A049C402AA8BF4022002C08BF06246D
:1022E0003E3402FB04F4A400EC60DCB908B0BDE8A5
:1022F000F081103402AF2146D7E900804246B8F1A0
:10230000000F02D010F000FF18B914F808303D2B70
:1023100012D00C3708AB9F42EDD1D2E74FF488635F
:102320001C46EB602046D1F771FFA860A8B10023DE
:102330006860C0E90043D9E708F10100002201A963
:10234000204404F061FF019C23783A2B01D0002B3C
:10235000B7D10028A8BFB860B3E7E860C6E700BF00
:10236000703000204C370410603704106C370410B4
:10237000783704101EB400F08DF81EBC10F0A4FED7
:10238000F0B51D46037883B00C46472B19D00020CA
:10239000254E3368019030469B68984778B1019B81
:1023A00002271B68019323682046314601AA1C6955
:1023B0000123A04720BB0746384603B0F0BD0127E4
:1023C000F1E743784E2BE2D18378552BDFD1C378E8
:1023D000432BDCD10379462B1BD0432BD7D1437938
:1023E0002B2BD4D183792B2BD1D1C379012BCED8F0
:1023F0004FF0000350F8206C019306D05830C8E726
:10240000019B38462B6003B0F0BD304656F8786C1F
:10241000BFE743794F2BBAD18379522BB7D1C0791B
:102420000028B4D1014EB4E7F0790410C479041047
:1024300010B5044600F0ACF9224612F82039472BBB
:1024400004D0836823BB8260012010BD63784E2BCB
:10245000F7D1A378552BF4D1E378432BF1D123792D
:10246000432BEED163792B2BEBD1A3792B2BE8D126
:10247000E379012BE5D854F8043C0133012B44F8EF
:10248000043CE1D1836844F8083C8260012010BD1F
:1024900000F066FC08B500F07BF9836883B393F81D
:1024A0002020472A04D00022826003F1200008BDCA
:1024B00093F821204E2AF6D193F82220552AF2D102
:1024C00093F82320432AEED193F82420432AEAD11B
:1024D00093F825202B2AE6D193F826202B2AE2D147
:1024E00093F82720012ADED8DA69013ADA61002A56
:1024F000DBD199690022816003F120009A6108BD57
:1025000000F02EFC08B50420FFF78CFE024B034AB6
:102510000349036000F084FCD8780410191F0310ED
:10252000C47804100378472B01D00020704743780B
:102530004E2BFAD18378552BF7D1C378432BF4D1A6
:102540000379432BF1D143792B2BEED183792B2BBC
:10255000EBD1C07901288CBF00200120704700BF5B
:1025600010B530B1044600F075F82046FFF7DAFFE9
:1025700008B900F0F5FB54F8140C00F0E9FB00BFBB
:102580002DE9F04F83B00246FFF7CCFF38B1D2F807
:1025900028A0002652E90684D2E90C7505E004461D
:1025A00001268046054607468246104600F052F84E
:1025B0000EB100F0E1FB404600F0DAFB00F04AF813
:1025C0000EB100F0CDFB00F0DFF8036827F0030840
:1025D0004FF0000993F8272003F1200B012A0CBFCC
:1025E0001A6803F178020092CA451ADD2F6807B114
:1025F0002F446B46002239465846FFF7C1FE08B10A
:1026000000F02AFC3B6801AA019038460E491F6978
:102610000123B847002818BF064609F101094544BF
:10262000E2E746B10420FFF7FDFD084B084A0649E2
:10263000036000F0F5FB204600F08AFB00F048F84C
:1026400000F046F8FFF796FE98790410007A04101F
:102650006D27031038B5044600F09AF80568224645
:1026600012F82039472B03D085BB0260284638BDBD
:1026700063784E2BF8D1A378552BF5D1E378432B13
:10268000F2D12379432BEFD163792B2BECD1A379B2
:102690002B2BE9D1E379012BE6D854F80C3C002B25
:1026A00011DB013344F80C3C9542436803F1FF33DE
:1026B000436002D044F8105C0260656A204610F066
:1026C00013FD284638BDC3F10103EBE700F048FBDA
:1026D00008B500F059F80246006870B390F8201071
:1026E000472906D000212030BDE80840116010F0D5
:1026F000F7BC90F821104E29F4D190F822105529FA
:10270000F0D190F823104329ECD190F824104329FC
:10271000E8D190F825102B29E4D190F826102B2928
:10272000E0D190F827100129DCD84169002905DBA8
:10273000013908D04B1C0DD0416108BD0131FBD1DE
:1027400003691360F8E701692030BDE808401160B3
:1027500010F0C6BC00F004FB08B500F019F84068A2
:10276000003818BF012008BD704700BF704700BF88
:10277000004870478837041010B504460421D1F78B
:1027800061FD204610BD00BF004870475038002052
:102790000048704750380020502870B51DD084463E
:1027A00000F00F000C2855D8DFE800F0074426079A
:1027B0001E545454542A22071E00104650F8046B2D
:1027C0004EB10CF07004102C08BF11461CF0800FA5
:1027D0000E4418BF36681E6070BDD01C20F0030088
:1027E00050F8046B1E6070BD104650F8086BE7E7A8
:1027F000104630F9026BE3E7104630F8026BDFE772
:1028000000261046344610F8015B05F07F0E15F0E7
:10281000800F0EFA04FE04F1070446EA0E06F2D118
:102820001F2CCDD86D06CBD54FF0FF3505FA04F43B
:102830002643C6E700261046344610F8015B05F033
:102840007F0E2D060EFA04FE04F1070446EA0E067A
:10285000F3D4B5E705F0AEFDFF2808B5034612D066
:1028600003F070030846302B13D005D8202B09D174
:10287000BDE8084010F058BC402B06D1BDE8084028
:1028800010F05EBC03D8002008BD502BFBD005F033
:1028900091FDBDE8084010F05BBC00BFF8B50C46E8
:1028A0000646154608B110F04BFC286014F8017B71
:1028B000FF2F28D16860204610F8012BFF2A32D064
:1028C0000024102322462B7510F8011B01F07F0312
:1028D000090603FA02F302F1070244EA0304F3D4FF
:1028E00003190024EB6010F8013B22466B7510F8C9
:1028F000011B01F07F03934007321C430B06F6D403
:1029000004442C61F8BD31463846FFF7A5FF224646
:1029100001462B1D3846FFF73FFF0446204610F8BE
:10292000012BFF2ACCD100232A75DAE72DE9F04FDD
:10293000002395B00F4616460A9300F00303012BBF
:1029400000F0A480022B0AD13146384610F0E0FB9B
:10295000002840F09080082015B0BDE8F08F002BD3
:1029600040F0F08110F00804EED10EAB4FF00108FA
:102970000293029B0C2230460E97009300231946C7
:1029800010F0EAFB304610F08BFB03900028DBD000
:1029900044EA080330460DF134080493DDE90221CE
:1029A000FFF77CFF9DF84C30814631461846069370
:1029B000FFF752FF002305900F2219461090CDF823
:1029C0000080304610F070FB0D9BDDF848B023F01E
:1029D0000103D94503F1FF3532D29DF84DA00E9C7D
:1029E00000215046FFF738FF4A4601460BAB5046E0
:1029F000FFF7D2FE814600215046FFF72DFF4A46E1
:102A000001460CAB5046FFF7C7FE814600215046F9
:102A1000FFF722FF4A46014643465046FFF7BCFEF9
:102A200081460020024619F8011B01F07F03934004
:102A3000073218430B06F6D40B9B2344AB421ED936
:102A40004FF000090123CA46049AD10740F1D28011
:102A5000002330460D22CDF8008019460A9C10F064
:102A600023FB039B06207C62C7F82890C7E90B3A3A
:102A70000D9B3B6270E7092015B0BDE8F08F0C9A02
:102A80001344AB4261D8D945AAD3D9E710F0080462
:102A90000EAB03D002934FF002086AE71A460D6AA4
:102AA000029321462346009230460D2210F0FCFA94
:102AB0000E9B9D42EFD1029A23462146304600925A
:102AC0000C220E9710F048FBD7F830A0D7E90A4344
:102AD000BAF1000F36D0A1460DF134080393B9F1D5
:102AE000000FC0F2F980032500233046CDF80080A6
:102AF0001A4619460D9710F02FFB0023012230468D
:102B0000CDF8008019460D9410F026FB00230F220B
:102B100030461946CDF8008010F0C6FA0D9A002311
:102B2000304602F00102CDF80080194642EA0A025E
:102B30000D920F2210F010FB022D68D0072015B067
:102B4000BDE8F08F3846FFF70BFD0D9B002B3FF4DF
:102B5000FBAE0F9A03EB020A002800F0E080013878
:102B60000BEB0004BAF1000F3FF4EEAE049B13F040
:102B70000803089300F0D780734B3B60734B7B6076
:102B8000DDF818B00023CDF818A00BF007029A4624
:102B90000796099200210A4614F8010B00F07F0302
:102BA000050603FA02F302F1070241EA0301F3D436
:102BB0001F2A05D8400603D5012393405B421943E1
:102BC0000025894626462A4616F8010B00F07F03A9
:102BD000934007321D430306F6D41F2A1FD846062A
:102BE0001DD5012393405B421D4351BB4FF0010AA9
:102BF0002C44CFE7049A12070DD5012B00F0A080DA
:102C0000B9F1000FC0F298804C4603256CE73846B6
:102C1000FFF70EFC92E7012B94D04C465FE781B999
:102C20004FF0010A002DE3D15346DDE906A6002B43
:102C30003FF48AAE049BD8073FF586AE00240225F8
:102C400052E7002921DC6FF04043119A5B1A02EB36
:102C5000830652F823100FB1089B2BB10029E1D154
:102C6000DDE906A60323EFE60A9B0D9321B9F7E7FA
:102C700056F8041F0029F3D0314443460022384659
:102C8000FFF77EFB0028F3D0CCE7BBF1FF0F44D069
:102C9000099A042A56D8DFE802F003551C031900EC
:102CA0008B005B42119A584605991A444346FFF738
:102CB00073FD0D990029D3D0002FB3D00AAB0022A9
:102CC0003846FFF75DFB0028ACD0C9E7CB005B427C
:102CD000E8E74B005B42E5E7DDE902213046FFF71C
:102CE000DDFD31469DF84C00FFF7B6FD6FF0404228
:102CF00005461198121B50F8223000EB820033B1C8
:102D00000246002352F8041F01330029FAD17863E8
:102D1000C7E90A3504233B63E5E60023C2E7BAF1BD
:102D2000000F87D110E6FB79012B0CBF57F8203C30
:102D300007F158030A9323E700F01EF8FFF78AFC17
:102D400000F00EF805F036FB474E5543464F520053
:102D500008B5804705F02EFBFFF77CFC05F02AFB49
:102D600008B5024BD3E8AF0FFFF7F2FF5029002060
:102D700008B58047FFF7F4FF08B5024BD3E8AF0F63
:102D8000FFF7F6FFC4280020014BD3E8AF0F7047D0
:102D900050290020014BD3E8AF0F7047C428002012
:102DA000012810B516D8A1F12803D3E8EF2F013A76
:102DB000C3E8E02F0028F8D15AB951F81C3C01F1C2
:102DC00058040BB1204698472046BDE81040FFF755
:102DD00041BA10BD51F8140CFFF7BAFF002310B52B
:102DE000044640F8803C40E91E12FFF7D3FF44F848
:102DF000700CFFF7C9FF0749074A084B44F86C0CF1
:102E0000A4F1800044F8581C44F8542C44F8503C79
:102E100010BD00BF474E5543432B2B00A12D03107F
:102E200070B504460D461646FFF7B2FC0346204631
:102E3000324629465C6801345C60FFF7CFFF01230E
:102E4000044644F8283B204610F052F92046FFF78C
:102E500001FCFFF785FF00BF10B5FFF799FCD0E933
:102E600000420132426064B194F82020472A0AD01F
:102E7000002202602034204610F022F92046FFF79D
:102E8000E9FBFFF76DFF94F821204E2AF0D194F86A
:102E90002220552AECD194F82320432AE8D194F833
:102EA0002420432AE4D194F825202B2AE0D194F859
:102EB00026202B2ADCD194F82720012AD8D8626951
:102EC00052426261D6E700BF08B5D1F7B5F908BD37
:102ED000FFF7C0FBFFF7FCFB002008BD034B10B55C
:102EE00004460360FFF76EF8204610BD4C7A0410CC
:102EF000054B10B504460360FFF764F80C2120462B
:102F0000D1F7A0F9204610BD4C7A041070B582B0FC
:102F100004460D46069E964209D0A06829460468DC
:102F20000696246AA44602B0BDE870406047194680
:102F30000192009300F064F8DDE900320028ECD043
:102F4000062002B070BD00BF2DE9F04F81B00D46E4
:102F500019461C4607461646DDE90A8BDDE90CA931
:102F600000F04EF880B9D04527D0B86823463246E5
:102F700029460468CDE90CA9CDE90A8BE469A44689
:102F800001B0BDE8F04F6047002DC9F8008089F816
:102F900004600CDBA844C24514BF4FF001084FF099
:102FA000060889F80680002001B0BDE8F08F0235E0
:102FB000F9D1012389F80630F5E75946384600F083
:102FC0001FF80028D1D089F80560ECE72DE9F04121
:102FD00007460C4615461E46FFF72EF848B9B86856
:102FE000214633462A460468A469A446BDE8F04158
:102FF0006047BDE8F08100BF704700BF0020704708
:10300000814211D0406808B503782A2B0AD049685C
:103010000B782A2B08BF013103F044FCB0FA80F092
:10302000400908BD002008BD01207047034B10B5C2
:1030300004460360FEF7C6FF204610BDC47A0410A4
:10304000054B10B504460360FEF7BCFF182120466F
:10305000D1F7F8F8204610BDC47A04102DE9F04FDE
:1030600083B0054691460F46DDF830A0984652459C
:103070002CD0EB685E1E03B305EBC305EC6843463A
:10308000394614F0020F4FEA242212D014F0010442
:1030900004D0F81C0DD0D9F800008258A8684A4422
:1030A000D0F800C0CDF800A0DCF820B0D847032845
:1030B00007D8013E083D731CE0D1012003B0BDE8F4
:1030C000F08F2043C0B203B0BDE8F08F1946FFF780
:1030D00097FF0028CDD00620F0E700BF2DE9F04F84
:1030E00091B005461D9C0693A3680491D906DDF8AE
:1030F00068B0089201D58368A3601C9B9B4500F0D3
:10310000588106992846FFF77BFF002840F042814E
:10311000049B002BC0F296801C9AA2EB030A0123A9
:103120004FF0000C0793E646089BCDF814C0AC4660
:1031300043F001030993DCF80C7007F1FF38002F0E
:1031400000F0B1800CEBC7074FF00009CDE90AECA5
:103150006DE0DBF800205158099A5944BAF1000F8C
:1031600007D08A45079E2CBF00230123B34200F0FD
:10317000A780860705D4049B981C00F0898002F084
:10318000FD02B8680DAE069B056800911C99039678
:1031900002911B9901910499ED69A84763799DF803
:1031A00039209DF83A60134306F0FB026371022A4E
:1031B00000F02D81059D0D992268002D44D1002A33
:1031C00000F0A3808A4275D001B940B3032BA579E2
:1031D00041D9D80702D5A06880073CD4012D38BF5B
:1031E0000125012E38BF0126EDB2F6B286EA0503AD
:1031F000DBB2032B7ED9032E40F2A1800D999DF8FE
:10320000382006F002032160227100220592A67187
:10321000002B40F0AB80F20740F1A8806379042BCB
:1032200030D008F1FF38083FB8F1FF3F39D0F868D7
:10323000A568C2074FEA20210F95CDE90D9988D4E2
:10324000089A8AE782466AE7002ABBD10029E6D0BD
:10325000032BA579BDD8002D35D0002EC6D1032D66
:1032600040F2F680E80774D485F00103DBB2032B4B
:1032700000F2B78063790122042BC4F80090A27198
:103280000592CED1DDF814C0604611B0BDE8F08FD4
:10329000AE077FF474AF08F1FF38083FB8F1FF3F85
:1032A000C5D1DDE90AEC079B1EEA030EEAD0002334
:1032B000079340E722799DF838100A432271AEE760
:1032C00001230A93ADE7032E56D9F0073BD50B989F
:1032D0008068850737D5049B002BC0F2A9801A446B
:1032E0001C9B93420CBF0625012586EA0503DBB231
:1032F000032B80D82E40F6B2032EBBD90022022326
:103300004FF0010C2260A37132E09DF8382021605B
:10331000227123B119B10B9A9268D5077DD505901A
:103320007DE7049B0D99002B4DDBCB181C9A9A422C
:1033300000F0838085F00103DBB2032B9AD905F0FE
:1033400002032E4663E786F00102D2B2032A92D925
:1033500055E70B9B9B689907E3D485F00103DBB22B
:10336000032B87D9AB07A5717FF558AF4FF0000C41
:10337000604611B0BDE8F08F0498002833DB0244AA
:103380001C9D954260D0002E55D10A1895427FF4BD
:1033900072AF66E0089BC4F800B02371049B002B59
:1033A00040DB5B441C9A9A4214BF01230623A3719D
:1033B000DCE71B992846FFF723FE00283FF4A1AE67
:1033C000089B6371D2E7049B0233B3D01C9B0A466F
:1033D00006980093036804991E6A1B9BB047064633
:1033E00004E7A571C2E70499023141D01C9B0698FD
:1033F0000093036804991D6A1B9BA8470546002E8D
:103400007FF4F4AE03283FF62DAF0D99DEE70D9A59
:103410009DF83830A671226023718446604611B051
:10342000BDE8F08F049B0233A0D10123A3719DE777
:10343000049B0233DAD10125D8E685F00603DBB21E
:10344000032B0ED8062655E7CEB90623A3718DE7C8
:10345000049B002B10DB049B1C9ACB189A427FF430
:1034600009AF9DF83820062321602271A3717DE702
:10347000002E3FF400AFDEE70233A7D1FAE60625BF
:10348000B4E600BF2DE9F04F89B004469146984656
:10349000CDE90210FEF7D0FD00286ED1D8F8083033
:1034A000DA0600F18580039AD468661E002C4CD0A1
:1034B000039A0025019302EBC40403F00102009279
:1034C000E268019B02F0020702F0010A0693009BEA
:1034D00004953B438DF81450079532D0B9F1000F95
:1034E0003BD01212BAF1000F02D0D9F800309A582E
:1034F0004A44A06804AB0299D0F800C0DCF818B0C8
:10350000D847F0B1079B082B02D1BAF1000F45D183
:103510009DF814302FB9032B03D923F002038DF843
:103520001430D8F80C10D1B1D8F80030049A934276
:1035300040D133B398F804309DF81420134388F831
:103540000430013E083C771CBAD198F804000038DA
:1035500018BF012009B0BDE8F08F4A46C9E704ABA7
:103560000FCB88E80F0098F80430032B05D9980793
:1035700017D5039B9B68D907E3D4012009B0BDE8A8
:10358000F08F0829079805D0082803D0FFF738FDE9
:103590000028CFD1022388F80430EEE7A368079310
:1035A000B6E7DA07E9D5039B9B689B07C9D4E4E734
:1035B000A36878E7002202230120C8F8002088F8D9
:1035C0000430DBE7002170B5084603F0E1F8064659
:1035D00009F0B0F8451C08492846FFF775FC044679
:1035E00038B131462A460FF053FD0449002003F05C
:1035F000CFF8204670BD00BF0C7A04104034041090
:10360000F0B583B005460E461746FFF7DBFF68B3FB
:10361000044601A9284602F0BBFF019B07EE900A71
:103620003060AB4215D01B789BB99FED137AF4EE56
:10363000477AF1EE10FA1DD09FED107AF4EE477A3A
:10364000F1EE10FA09D16FF40002042332603B60FE
:1036500003E00022042332603B602146002003F097
:1036600097F82046D0F7ECFD03B0F0BD04233B6093
:1036700003B0F0BD024AE8E70000807F000080FF51
:10368000FFFF7F7F2DE9F04383B005460E461746C6
:10369000FFF798FF002832D0044601A9284602F01F
:1036A00011FF019B80468946AB424FF00002C6E9FC
:1036B000008915D01B789BB9154BD0F70BFB18BBB5
:1036C000404649460022134BD0F704FB68B14FF047
:1036D000FF326FF48013C6E9002304233B6004E04B
:1036E0000023C6E9002304233B602146002003F0A9
:1036F0004FF82046D0F7A4FD03B0BDE8F0830423C3
:103700003B6003B0BDE8F0834FF0FF32024BE2E7CD
:103710000000F07F0000F0FFFFFFEF7F2DE9F8438E
:1037200005460E461746FFF74DFF88B3044632465E
:1037300028461B4902F0AEFF013001280ED80023B5
:103740000022C6E9002304233B602146002003F049
:103750001FF82046BDE8F843D0F772BDD6E90089CE
:103760000022104B40464946D0F7B4FAA0B9404673
:10377000494600220C4BD0F7ADFA0028E5D04FF0B7
:10378000FF326FF48013C6E9002304233B60DCE7BB
:1037900004233B60BDE8F8834FF0FF32034BF2E7B0
:1037A0009C3704100000F07F0000F0FFFFFFEF7F68
:1037B00008B5002303600B78432B02D00348E9F7D8
:1037C00083F94B78002BF9D108BD00BFA037041056
:1037D00000230360704700BFDDE90001039B026026
:1037E00003201960704700BF009B03201A607047D8
:1037F00001207047012070470099981A884228BF1D
:1038000008467047002070470A4B10B5044640F840
:10381000083BFFF7DDFF084B20462360D4F7B6FFD7
:10382000204610BD044B20462360D4F7AFFFFEF7BF
:10383000A1FD00BF407B0410307004100A4B10B58E
:10384000044640F8083BFFF7C3FF084B20462360BF
:10385000D4F79CFF204610BD044B20462360D4F7CC
:1038600095FFFEF787FD00BF6C7B0410E87704101E
:103870000D4B10B5044640F8083BFFF7A9FF0B4B72
:1038800020462360D4F782FF2046D0F7D7FC20469D
:1038900010BD064B20462360D4F778FF2046D0F7B2
:1038A000CDFCFEF767FDF9E76C7B0410E8770410A8
:1038B0000D4B10B5044640F8083BFFF789FF0B4B52
:1038C00020462360D4F762FF2046D0F7B7FC20469D
:1038D00010BD064B20462360D4F758FF2046D0F792
:1038E000ADFCFEF747FDF9E7407B04103070041093
:1038F0000039094B18BF012110B5C0E90031044659
:10390000D4F75AFFA060204610BD044B2046236028
:10391000D4F73CFFFEF72EFD407B041030700410FE
:103920000039094B18BF012110B5C0E90031044628
:10393000D4F742FFA060204610BD044B2046236010
:10394000D4F724FFFEF716FD6C7B0410E877041013
:103950002DE9F04F85B016469946884602AF0F9C78
:10396000DDF840A0D1E9000187E8030002F00AFF7A
:10397000A9EB0603AAEB04029B1000FB03F393429E
:1039800033DDB14594BF00230123A24546D9002B66
:1039900044D0B34610E0AB4246D30FF079FB2C4441
:1039A000D9455E4697E8030094BF00230123A24552
:1039B00088E8030032D98BB35E463A4601A80BF182
:1039C000040B316803F0F0FD054601A92046B5F16E
:1039D000FF3FAAEB04032A46DDD102200E9B1E60A6
:1039E000119B1C6005B0BDE8F08FB14514D9354678
:1039F00007E097E80300A9452E461C4488E8030029
:103A00000AD93A462E46204655F8041B03F0CCFD51
:103A1000421C0346EDD1E0E70020DFE7002B4FF02A
:103A2000000018BF0120D9E70120D7E72DE9F047B2
:103A300082B09A4298460F460B9EEA46DDF83090D7
:103A40002CBF0023012315464E45D1E900018AE829
:103A500003001BD2D3B129465346A8EB05023046DA
:103A600006F0FEFD411C044618D0821C18D008B98F
:103A70000124306025440436A8459AE8030094BF29
:103A800000230123B14587E80300E3D818460A9BC9
:103A90001D600D9B1E6002B0BDE8F0870220F6E7B6
:103AA0000120F4E708B502F06DFEA0F10100B0FAC4
:103AB00080F0400908BD013101D1FEF761FDFEF73C
:103AC00059FC00BF08B502F05DFE08BD013101D10F
:103AD000FEF756FDFEF74EFC2DE9F04383B00E468F
:103AE0009A42E9460A9DD1E9000189E8030020D203
:103AF000FDB114461F464FF000080CE0012838BF06
:103B0000012084466444E04499E80300A74286E823
:103B100003000AD94DB14B463A1B2146002006F05E
:103B20009FFDC31C05F1FF35E8D9404603B0BDE851
:103B3000F0834FF00008F8E708B50846114603F097
:103B400017FD031E18BF012343EAA07008BD00BF84
:103B5000084611461A460AF0B7B800BF08B508462D
:103B6000114602F09DFE031E18BF012343EAA07018
:103B700008BD00BF084611461A4603F0A1BA00BFAF
:103B800008B50846114603F0F3FC031E18BF0123D5
:103B900043EAA07008BD00BF084611461A460AF065
:103BA00093B800BF08B50846114602F079FE031E1F
:103BB00018BF012343EAA07008BD00BF08461146A4
:103BC0001A4603F07DBA00BF10B5002282B041F260
:103BD000020304460621C0E90112E36001A8D5F7FB
:103BE00075FC01A904F16C00D4F77CFE01A8D4F7A0
:103BF00061FE02B010BD00BF00F26C7C46380129A6
:103C0000D8BFACF1010C70B5BCF1000F40F26D15DE
:103C1000204CB4BF0CF10303634605FB00F06FF4C6
:103C2000EC754FEAA30E284484FB0E6500EBA3005D
:103C3000DB17C3EBE50384FB0C544FEAEC7C03EB8E
:103C4000830303EB8303AEEB030EACEB6413CCEB0B
:103C5000E41C1844104B00EBDE7033F811300F49B0
:103C60006044184410440E4A013881FB0031C317E8
:103C70000144C3EBA103C3EBC303C01AC31DA2FBE2
:103C800003201A1A00EB52008008C0EBC000181A7B
:103C900070BD00BF1F85EB51907B041093244992A7
:103CA000254992242523C0680B70030530D44B1C92
:103CB000410502D5232103F8011B00F48271B1F5FF
:103CC000827F2BD042F62E2CA3F800C05AB903F104
:103CD000020C04290CF101030CD166228CF800209F
:103CE00000221A70704703F1030C04299A700CF13A
:103CF0000103F2D0B1F5807F00F480401BD1002891
:103D00000CBF652245228CF8002000221A707047F3
:103D10004FF02B0C8B1C81F801C0C9E70AB103F8E6
:103D2000012B10F4804F0CBF6122412203F8012BBC
:103D300000221A70704700280CBF672247228CF8B7
:103D4000002000221A707047F0B54E1E591E07461B
:103D50008E4228BF0E468EB302EB030E441E714600
:103D600014F8015F1EF8010DC1F1010C401B9444D1
:103D7000B0FA80F09C444009B44501D20028EED14D
:103D80000239891ABC5D79B170B1013153181946F5
:103D900013F8010D0239001B8A42B0FA80F04FEA95
:103DA000501001D00028F2D163B2002B05DD13784A
:103DB000A3428CBF002000F00100F0BD0120E1E72C
:103DC000126852F80C3CFFF7BFBF00BF2DE9F0416D
:103DD00040F20113078805460C46BB4302D18B68AD
:103DE0000C338B6095F900302E78002BC0F2928056
:103DF00040F202433B40B3F5806F00F0A68040F2F2
:103E000004431F40B7F5806F00F0F88016F0600F94
:103E10007ED0B7077CD516F0040167692BD101224B
:103E20003846FFF7E9FEAA7886F020089E4902F09E
:103E30003F02C8F34018013AA0EB0803C2EBC20CE2
:103E4000A269C3F10703A2EB080281FB03E0DD17BF
:103E50000732184481FB02E1C5EBA0058818D11791
:103E6000C5EBC505C1EBA0015B1BC1EBC101634400
:103E7000521A1344E36106F01803182B48D007F2D6
:103E80006C788A4B64208A4F83FB08234FEAE87CD6
:103E90004FF4C87208F0030ECCEB6311CCEBE31CBB
:103EA00000FB1181E06902FB1C8C002271B1BEFA9B
:103EB0008EF35B0903EB430503EB8503134437F8EB
:103EC000133083420BDC01320029F0D1BCF1000F2A
:103ED000EDD037F81230984201DB0132F6E73507B2
:103EE00001D4531E2361F30612D4002900F0D380BD
:103EF00018F0030F0CBF0121002101EB4103013A2F
:103F000001EB8301114437F81130C01A0130E06031
:103F1000BDE8F0816B7813F0020309D06269634950
:103F200081FB0231D317C3EB6113642101FB13231F
:103F30006A686421133A01FB0233636140F2024371
:103F40003B40B3F5806F7FF45AAF06F01803182B8F
:103F500076D0700774D56369642754494FF4C870EC
:103F600003F26C7313F0030F81FB03214FEAE37C30
:103F70000CBF4FF001084FF00008CCEB611208EBCA
:103F8000480ECCEBE11C07FB123208EB8E0E484FBB
:103F900000FB1C3CE069002300E001330EEB030151
:103FA000002A63D037F811108142F6DD31075AD567
:103FB0002169F6060DD4002A72D0424602EB420671
:103FC000013B02EB86021A4437F81230C31A013360
:103FD000E3602E7826F0180646F0180632072E7099
:103FE0002F8830D5E2686069FFF706FE40F204438F
:103FF000A0611F40B7F5806F7FF408AF33072069D9
:1040000025D56269294902F26C7281FB0231D3170E
:10401000C3EB6113642101FB1323DBB112F0030F27
:104020000CBF0123002303EB4302214F03EB820368
:10403000E2680344013A37F813301A44E261E5E6D6
:1040400032072169CED40B293FF6E0AECAE70B2830
:10405000D7D9DBE6174F184907FB0211174FB7EB0B
:10406000311FE0D3DAE7591E2161A2E708EB480EC1
:1040700008EB8E0EBCF1000F06D037F81310884203
:1040800094DB0133F6E701330EEB030137F811102F
:104090008842F8DA8AE7BCF1000F7FF42EAF27E7F9
:1040A000BCF1000F8AD188E7932449921F85EB5118
:1040B000907B0410295C8FC250B81E050AD7A3005C
:1040C00070B582B000F108030446079A0360D2E994
:1040D00000650F2D01950CD8012D07D132780272A1
:1040E0000022204665605A5502B070BD002DF7D001
:1040F00007E0002201A9F3F7A3FB019A0346206021
:10410000A2602A46184631460EF0C2FF019D236880
:10411000E6E700BF70B582B000F108030446079AD5
:104120000360D2E9006242F31D0592000C2A01955A
:1041300005D8012D0BD13268042182600BE00022EA
:1041400001A9FDF761FC019A03462060A26045B910
:10415000019D2368A9000022204665605A5002B0E4
:1041600070BD2A463146184604F02CF9F0E700BF2E
:1041700010B582B00446059B1B6853F8042CA3F1CC
:104180000C00002A06DB0A4988420CD12046236035
:1041900002B010BD002201A9DAF748F80346204614
:1041A000236002B010BD013243F8042CEEE700BFDB
:1041B0003846002010B582B00446059B1B6853F8B2
:1041C000042CA3F10C00002A06DB0A4988420CD11A
:1041D0002046236002B010BD002201A9DAF740FB9F
:1041E00003462046236002B010BD013243F8042C80
:1041F000EEE700BF2846002008B5D2E90023FFF70C
:10420000A3FD08BD013101D1FEF7BAF9FEF7B2F8FE
:10421000406870470D4943680D4A10B50446016077
:10422000A3F10C0082B0904205D12046FEF79CFA23
:10423000204602B010BD53F8042C511E002A43F84A
:10424000041CF2DC01A9D9F7C7FEEEE7887C041054
:10425000384600200D4943680D4A10B504460160F8
:10426000A3F10C0082B0904205D12046FEF77CFA03
:10427000204602B010BD53F8042C511E002A43F80A
:10428000041CF2DC01A9D9F7A7FEEEE74C7C041070
:10429000384600200F4943680F4A10B504460160B4
:1042A000A3F10C0082B0904208D12046FEF75CFAE0
:1042B0002046CFF7C3FF204602B010BD53F8042CB0
:1042C000511E002A43F8041CEFDC01A9D9F784FE33
:1042D000EBE700BF887C0410384600200D49436896
:1042E0000D4A10B504460160A3F10C0082B0904263
:1042F00005D12046FEF738FA204602B010BD53F82B
:10430000042C511E002A43F8041CF2DC01A9D9F741
:1043100063FEEEE74C7C0410384600200D494368EC
:104320000D4A10B504460160A3F10C0082B0904222
:1043300005D12046FEF718FA204602B010BD53F80A
:10434000042C511E002A43F8041CF2DC01A9D9F701
:1043500043FEEEE74C7C0410384600200F494368CA
:104360000F4A10B504460160A3F10C0082B09042E0
:1043700008D12046FEF7F8F92046CFF75FFF204628
:1043800002B010BD53F8042C511E002A43F8041C3F
:10439000EFDC01A9D9F720FEEBE700BF4C7C04104D
:1043A000384600200F4943680F4A10B504460160A3
:1043B000A3F10C0082B0904208D12046FEF7D4F958
:1043C0002046CFF73BFF204602B010BD53F8042C27
:1043D000511E002A43F8041CEFDC01A9D9F7FCFDAB
:1043E000EBE700BF4C7C0410384600200F494368BF
:1043F0000F4A10B504460160A3F10C0082B0904250
:1044000008D12046FEF7B0F92046CFF717FF204627
:1044100002B010BD53F8042C511E002A43F8041CAE
:10442000EFDC01A9D9F7D8FDEBE700BF4C7C041005
:10443000384600202DE9F0470E46002181461746F8
:104440000846984602F0A4F9824608F073F9451C24
:104450002846CFF7F1FE2A46514604460EF018FED4
:10446000D9F81010002002F093F9089B4246394613
:10447000304603F097FF21460546002002F088F9F8
:104480002046CFF7DDFE05B93570BDE8F087013174
:1044900001D1FEF775F8FDF76DFF00BF38B58368F1
:1044A000002B5AD04B484C494C4D4D4C4D4AC3E91A
:1044B0000200C3E906114C484C49C3E90850C3E95E
:1044C0000A414B484B494C4C4C4DC3E90C014C49FB
:1044D0004C48C3E90E414C494C4CC3E910014C49CE
:1044E0004C48C3E912414C494C4CC3E914014C49B6
:1044F0004C48C3E916414C494C4CC3E918014C499E
:104500004C48C3E91A414C494C4C99674C49C3E9A2
:1045100004224C4AC3E91F41C3E91C024A494B48E3
:104520004B4CC3E921014B494B48C3E923414B495B
:104530004B4CC3E925014B494B48C3E927414B4943
:104540004B4CC3E92920C3E92B514A484A494B4AFD
:10455000C3E92D40C3E92F1238BD0446C820CFF768
:1045600069FE002246490346C0E90012C0E9022262
:10457000C0E90422C0E90622C0E90822C0E90A22F3
:10458000C0E90C22C0E90E22C0E91022C0E91222C3
:10459000C0E91422C0E91622C0E91822C0E91A2293
:1045A000C0E91C22C0E91E22C0E92022C0E9222263
:1045B000C0E92422C0E92622C0E92822C0E92A2233
:1045C000C0E92C22C0E92E22C0F8C02080F8C42007
:1045D000A06067E7A8360410D83104105C380410D6
:1045E00064380410BC3604106038041070380410AD
:1045F00078380410803804108838041050390410BA
:1046000094380410A0380410A8380410B4380410EA
:10461000B8380410BC380410C0380410C438041072
:10462000C8380410CC380410D0380410D83804101E
:10463000E4380410EC380410F83804100039041081
:1046400008390410F43804101C390410103904100F
:1046500024390410303904103C3904104039041056
:1046600044390410483904104C39041054390410EA
:10467000583904105C39041060390410643904108E
:104680008C6F04102DE9F0470E4600218146174635
:104690000846984602F07CF8824608F04BF8451C24
:1046A0002846CFF7C9FD2A46514604460EF0F0FCD5
:1046B000D9F81010002002F06BF8089B42463946EA
:1046C000304608F033F821460546002002F060F835
:1046D0002046CFF7B5FD05B93560BDE8F08701315B
:1046E00001D1FDF74DFFFDF745FE00BF38B58368EA
:1046F000002B5AD04B484C494C4D4D4C4D4AC3E9C8
:104700000200C3E906114C484C49C3E90850C3E90B
:104710000A414B484B494C4C4C4DC3E90C014C49A8
:104720004C48C3E90E414C494C4CC3E910014C497B
:104730004C48C3E912414C494C4CC3E914014C4963
:104740004C48C3E916414C494C4CC3E918014C494B
:104750004C48C3E91A414C494C4C99674C49C3E950
:1047600004224C4AC3E91F41C3E91C024A494B4891
:104770004B4CC3E921014B494B48C3E923414B4909
:104780004B4CC3E925014B494B48C3E927414B49F1
:104790004B4CC3E92920C3E92B514A484A494B4AAB
:1047A000C3E92D40C3E92F1238BD0446C820CFF716
:1047B00041FD002246490346C0E90012C0E9022239
:1047C000C0E90422C0E90622C0E90822C0E90A22A1
:1047D000C0E90C22C0E90E22C0E91022C0E9122271
:1047E000C0E91422C0E91622C0E91822C0E91A2241
:1047F000C0E91C22C0E91E22C0E92022C0E9222211
:10480000C0E92422C0E92622C0E92822C0E92A22E0
:10481000C0E92C22C0E92E22C0F8C02080F8C420B4
:10482000A06067E75C470410A44C0410A447041080
:10483000BC47041080470410B0470410EC47041034
:10484000084804102448041044480410E84A04109E
:104850006C48041090480410AC480410D048041070
:10486000E0480410F04804100049041010490410F6
:1048700020490410304904104049041060490410D4
:10488000844904109C490410C4490410D8490410F8
:10489000EC490410B4490410304A0410084A0410CA
:1048A000504A0410744A0410984A0410A84A04108C
:1048B000B84A0410C84A0410D84A0410F84A041030
:1048C000084B0410184B0410284B0410384B0410EC
:1048D000447704101B4BF0B5044683B0036049B322
:1048E00008460D4607F026FF064620B9164B20461F
:1048F000636003B0F0BD01AA0021D9F71DFB012EB2
:10490000074600F10C030CD01846294632460EF03B
:10491000BFFB03460D4A974206D12046636003B0B1
:10492000F0BD2A780273F5E700223E603E44BA608B
:104930003273F2E70648E8F779F82046FDF714FFEE
:10494000FDF718FD4C7C041044460020384600203A
:10495000D834041010B50446FFF7BCFF014B2046C5
:10496000236010BD607C041010B50446FFF7B2FF51
:10497000014B2046236010BD747C04101B4BF0B526
:10498000044683B0036049B308460D4607F0D2FEE3
:10499000064620B9164B2046636003B0F0BD01AA5D
:1049A0000021D9F7C9FA012E074600F10C030CD0FB
:1049B0001846294632460EF06BFB03460D4A9742D5
:1049C00006D12046636003B0F0BD2A780273F5E794
:1049D00000223E603E44BA603273F2E70648E8F7D0
:1049E00025F82046FDF7C0FEFDF7C4FC887C0410C6
:1049F0004446002038460020D8340410F0B505465F
:104A000083B0E2B10E4629B31446002101AA204624
:104A1000D9F792FA012C074600F10C030CD0184686
:104A2000314622460EF034FB03460C4A97420BD126
:104A300028462B6003B0F0BD32780273F5E7084BCF
:104A400028462B6003B0F0BD00223C603C44BA60B5
:104A50002273EDE70348E7F7E9FF00BF384600207F
:104A600044460020D8340410FFF7D2BB034B10B5E6
:104A70000446036000F01AFA204610BD187D0410A9
:104A8000054B10B50446036000F010FA2046CFF73E
:104A9000D5FB204610BD00BF187D0410034B10B598
:104AA00004460360FEF71AFA204610BD407D04104C
:104AB000054B10B504460360FEF710FA2046CFF709
:104AC000BDFB204610BD00BF407D041070B50646FA
:104AD00008460D46144600F09BFB18B123681033BE
:104AE000236070BD224629463046BDE87040FDF780
:104AF00047BA00BF064B10B5044640F8103B00F023
:104B00005FFB044B2046236000F0D0F9204610BD27
:104B10002C7D0410187D0410084B10B5044640F895
:104B2000103B00F04DFB064B2046236000F0BEF921
:104B30002046CFF783FB204610BD00BF2C7D04101C
:104B4000187D04102DE9F04397B098461368054688
:104B500002AF10A81B6987E806001146029A984721
:104B60000223002210A800931146374BF3F730F8C8
:104B700006460DF1300904464268CDF8289056F8F3
:104B8000083BB34244D00A9383680C932660002606
:104B900040460B926660267207F0CCFD43460090BB
:104BA000324631460AA8F3F713F806460DF1180805
:104BB00004464268CDF8108056F8083BB3422ED028
:104BC0000493836806930023284604A92660636043
:104BD0002372059200F072F80498404501D0CFF797
:104BE0002DFB0A98484501D0CFF728FB109812AB4F
:104BF000984201D0CFF722FB2B46144A97E80300D6
:104C000043F8082B83E80300284617B0BDE8F0837B
:104C10000132314648460EF03BFA6268B6E701328F
:104C2000314640460EF034FA6268CCE703E005E016
:104C300004A8F2F72DFE0AA8F2F72AFE10A8F2F750
:104C400027FEFDF797FB00BF683904107C7E041037
:104C500030B5054683B01820FDF7E4FA044600F0AD
:104C600083F8012102462B462046CDE9001202AA14
:104C700012E90600FFF766FF0C4B20462360FFF7A2
:104C8000C7FA014604F1100000F04EFA084A204627
:104C90000849FEF7C5F8084B2046236000F006F9E6
:104CA000FFE72046FDF7D6FAFDF764FB2C7D0410E4
:104CB000F54A0310D47C0410187D0410074B10B57E
:104CC000D1E90012044640F8043BFFF797FE204666
:104CD00010BD2046FDF748FDFDF74CFB887C041015
:104CE000004870476C390410704700BF034B10B583
:104CF0000446036000F086F9204610BDA07D041034
:104D0000054B10B50446036000F07CF92046CFF750
:104D100095FA204610BD00BFA07D0410002100F1CF
:104D20000803012A10B5044682B041600172036095
:104D300008D00D220A4B00920A46F2F749FF20469E
:104D400002B010BD0E22074B00920A46F2F740FF58
:104D5000204602B010BD2046F2F79AFDFDF70AFB8F
:104D6000883904107839041000487047442900201D
:104D7000024A03490348FDF7A9B800BF000000102C
:104D8000E94C03104429002000487047983904106A
:104D90001368994201D0002070475368181AB0FA7E
:104DA00080F04009704700BF704700BF004870475F
:104DB000A0390410742A10B41CDC572A0FDC4D2AC9
:104DC00013DC3B2A28DC242A21DC0F2A01DC0E2AF2
:104DD0000BD8154BC0E900235DF8044B7047A2F1D6
:104DE0005804124BE340DC07F3D45DF8044BC0E9F0
:104DF00000217047A2F17603182BF6D80C4C24FA48
:104E000003F3DB07F1D5084BC0E90023E4E7A2F187
:104E10002D03012BDDD9E8E7A2F13C04054BE3406B
:104E2000DB07E2D5D5E700BF4C2900209D00BF1F5E
:104E3000BF07F1018F080200704700BFC0E90021E1
:104E4000704700BF036810B582B014465B690A461C
:104E5000014668469847019A63689A4202D000204A
:104E600002B010BD00982368C01AB0FA80F0400963
:104E700002B010BD4B68834201D000207047086823
:104E8000801AB0FA80F04009704700BF704700BF39
:104E9000704700BF10B50446CFF7D0F9204610BDCB
:104EA00010B50446CFF7CAF9204610BD034B10B524
:104EB00004460360FFF7AEF9204610BD7C7E041067
:104EC000054B10B504460360FFF7A4F92046CFF761
:104ED000B5F9204610BD00BF7C7E0410F0B5044635
:104EE00083B0104604F1080606F082F9266020B36C
:104EF000074607F01FFC0F28054601900CD8012833
:104F000007D13B782372002320466560735503B0B8
:104F1000F0BD0028F7D008E0002201A92046F2F7F2
:104F20008FFC019B06462060A3602A463046394626
:104F30000EF0AEF8019D2668E5E70148E7F776FD3B
:104F4000583604100B6810B586B004461B696846D5
:104F500098472046DDE90012FFF750FD009802ABAC
:104F6000984201D0CFF76AF9204606B010BD6846D6
:104F7000F2F78EFCFDF7FEF9742910B41BDC5729FB
:104F800024DC4D2908DC3B292CDC242925DC0F29D5
:104F900001DC0E2900D817485368834203D0002053
:104FA0005DF8044B704710685DF8044B401AB0FA86
:104FB00080F040097047A1F17603182BECD80E4C15
:104FC00024FA03F3DB07E7D50A48E5E7A1F1580423
:104FD0000A4BE340DC07DFD5DDE7A1F12D03012B10
:104FE000D9D9D9E7A1F13C04054BE340DB07D3D580
:104FF000D1E700BF4C290020BF07F1019D00BF1F72
:105000008F080200704700BF10B5064C06492246C3
:105010000648FCF75BFF224605490648BDE81040FC
:10502000FCF754BF000000108D4E03104C290020E7
:10503000914E031048290020406870470D4943688D
:105040000D4A10B504460160A3F10C0082B09042F5
:1050500005D12046FDF788FB204602B010BD53F86D
:10506000042C511E002A43F8041CF2DC01A9D8F7D5
:10507000B3FFEEE7047F0410384600200F49436871
:105080000F4A10B504460160A3F10C0082B09042B3
:1050900008D12046FDF768FB2046CFF7CFF8204621
:1050A00002B010BD53F8042C511E002A43F8041C12
:1050B000EFDC01A9D8F790FFEBE700BF047F0410F5
:1050C000384600200B6853F8042C30B5002A144DE4
:1050D000044683B00560A3F10C0006DB1149884249
:1050E0000CD12046636003B030BD002201A9D9F77E
:1050F0009DF803462046636003B030BD013243F89B
:10510000042CEEE703460D4620461C46FDF72CFB1B
:10511000013502D12046FDF733FAFDF72BF900BF28
:10512000047F041038460020F0B585B000293ED039
:10513000074608460C4607F0FDFA064638B91D4BEF
:1051400003A938460393FFF7BDFF05B0F0BD01AAE0
:105150000021D8F7F1FE012E054600F10C030FD017
:105160001846214632460DF093FF0346124A9542F7
:1051700009D103A938460393FFF7A4FF05B0F0BD9A
:1051800022780273F2E7AA19039300232E603846AF
:1051900003A9AB601373FFF795FFAB685A1E002B92
:1051A000AA60EBDC02A92846D8F716FFE6E7034819
:1051B000E7F73CFC4446002038460020D834041071
:1051C0000368104A1B68934210D143680E4A0F4986
:1051D00010B50446A3F10C0082B09042216006D1C4
:1051E000204602B0BDE81040FDF7BEBA184753F89C
:1051F000042C511E002A43F8041CF1DC01A9D8F745
:10520000EBFEEDE73D50031038460020047F04100C
:105210000149FDF7F5BE00BFF07E0410024B0A46BF
:105220000146186805F08ABBC02A002000B583B08B
:10523000044B014601AA186805F080FB03B05DF835
:1052400004FB00BFC02A002032B184460023013392
:105250004CF8041B9A42FAD1704700BF2DE9F04F79
:1052600002FB03FB83B00C9CBBF1000F45D09246C0
:10527000994680460E4610B1436B002B41D0B4F9DD
:105280000C20636E900405D442F4005223F40053C2
:10529000A28163669904C3F340322ED46568002D61
:1052A00032DBA3892A4621689B0733D4CDF800A0BE
:1052B0005F46C24610E00DF0EBFE226821465046E4
:1052C0002A442E44A7EB0508226005F0B7FA00280F
:1052D00057D1656847462168BD422A463046EAD321
:1052E0003A460DF0D5FED4E90032D21B3B44C4E966
:1052F0000032484603B0BDE8F08F002003B0BDE89F
:10530000F08F06F009F9BAE7A389154621689B07D3
:105310006260CBD55A45304628BF5A4615460DF037
:10532000B7FE2368216BABEB05072B442360636852
:105330005B1B636051B1002FDBD004F14003994245
:1053400002D0404603F0F4FB002323633544CDE94B
:1053500000A947B3D4F810A0214626684046D4F8E7
:1053600014902560C4E9045705F068FA63680022C8
:1053700026601D446260FA1AC4E904A958B91746A8
:10538000E7E705EB0B00DDF800A0C01BB0FBFAF06F
:1053900003B0BDE8F08F03EB0B00DDF800A0C01BED
:1053A000B0FBFAF0AAE7DDF804904846A2E700BF98
:1053B00094460A46014630B51C4683B0034D634609
:1053C00028680094FFF74AFF03B030BDC02A0020D0
:1053D00020B5054682B008B1436B83B14B68013BF1
:1053E000002B4B6005DB0B685A1C0A60187802B072
:1053F00020BD284602B0BDE8204003F03BB8019133
:1054000006F08AF80199E9E738B50D4B04461D68A6
:105410000DB16B6B7BB16368013B002B636004DBF8
:1054200023685A1C2260187838BD21462846BDE8FA
:10543000384003F01FB8284606F06EF8EBE700BFCF
:10544000C02A0020B2F90C302DE9F04115469A042B
:1054500082B00646884606D46A6E43F4005342F48E
:105460000052AB816A66B8F1FF3F1ED001AF05F173
:105470005C0342463046394602F07CF8431C044641
:105480000FD03C4405E014F8011D08F0B5FB0130D5
:105490000BD0BC422A463046F5D1404602B0BDE8AA
:1054A000F081AB8943F04003AB814FF0FF3002B095
:1054B000BDE8F0810D4B0A4610B50446186882B06D
:1054C00008B1436B2BB1214602B0BDE81040FFF795
:1054D000B9BFCDE9000106F01FF82146DDE9000261
:1054E00002B0BDE81040FFF7ADBF00BFC02A0020EA
:1054F00001F0DCBE024B0146186801F0D7BE00BFC8
:10550000C02A0020000000002DE9F04F88469FB01F
:1055100000218346079200221A910021CDE904124E
:1055200042461746199212F8019BB9F12D0F5FD828
:1055300001A151F829F000BF85560310F155031061
:10554000F1550310F1550310F1550310F1550310F7
:10555000F1550310F1550310F155031023550310B5
:10556000235503102355031023550310235503100F
:10557000F1550310F1550310F1550310F1550310C7
:10558000F1550310F1550310F1550310F1550310B7
:10559000F1550310F1550310F1550310F1550310A7
:1055A000F1550310F1550310F1550310F155031097
:1055B000F1550310F155031023550310F155031055
:1055C000F1550310F1550310F1550310F155031077
:1055D000F1550310F1550310F1550310F155031067
:1055E000F1550310F35B0310F15503100B5C03102E
:1055F00000220892B9F1300F7ED000230A93A9F15E
:105600003003092B00F23484002538462E462C4600
:105610000130082C05EB850204F1010406EB86013C
:10562000199090F80090CCBF03EB420503EB4106C4
:10563000A9F13003092BEBD90122A34901F058FF4E
:1056400058BB199BA24609905A1C19925B78A3F18A
:105650003002092A09D8013091461999002A40F0F0
:10566000D4844B1C19934B78F1E74FF0010923F0D8
:105670002002452A40F0B78244EA00030A9A134305
:1056800040F05082079B002600270BB1C3F8008032
:10569000304639461FB0BDE8F08F29F020020020C7
:1056A0004B46A246452A8146099000F03B820E9067
:1056B000002C35D10A9A024340F08382B9F1000FE1
:1056C000E0D1692B00F0CC8400F31F83492B00F05C
:1056D000C7844E2BD6D17D4919A808F059F9002866
:1056E000D0D0199B1B78282B00F08385784808F0D0
:1056F0005DFC06460F4666E27A7802F0DF02582A21
:1057000000F03F840137199797F80090B9F1300FF6
:10571000F8D0B9F1000F00F0548201230A936EE72C
:10572000099ABAF1000F08BFA2460E9B102C304612
:10573000A046A3EB0203A8BF4FF010080D93CEF7CD
:1057400081FA092C02460B46CDE9042317DD614B93
:1057500003EBC80353E91223CEF7E2F902460B46E6
:105760002846CDE90423CEF76DFA02460B46DDE963
:105770000401CEF7ADF90F2CCDE9040124DC0D9B1B
:10578000002B00F0B5830D9B40F3AD82162B40F348
:105790008484C4F125030D9A934215DBC4F10F04F0
:1057A0004C4D05EBC401DDE90423D1E90001CEF73E
:1057B000B7F90D9B1C1B05EBC405D5E90023CEF7FB
:1057C000AFF906460F46FEE1A4EB08030D9A9D18BB
:1057D000002D40F32B8215F00F000AD03D4901EB5C
:1057E000C001DDE90423D1E90001CEF799F9CDE943
:1057F000040135F00F034BD0B3F59A7F00F35A84C0
:10580000102B4FEA231540F3B385DFF8DCE04FF0AF
:10581000000C0A96F046E1467646DDE9042315F0D1
:10582000010F1046194607D0D8E90023CEF778F9C2
:105830004FF0010C02460B466D1009F1010908F109
:105840000808012DEBD1B6460A9EBCF1000F01D02D
:10585000CDE90423059B0EEBC901A3F15473059315
:10586000DDE90423D1E90001CEF75AF91A4B0A46C3
:105870000B40CDE9040119498B4200F21B84184901
:105880008B4240F2C9844FF0FF32164BCDE904231E
:1058900000230C932346524639465846009608F09A
:1058A000D3FD1590002800F005840E9A099B9B1AE1
:1058B0000D9A002A22EAE272A8BF002314920E93E6
:1058C00000239A460993EBE0A8390410B839041074
:1058D000D8310410B88204100000F07F0000A07CD2
:1058E0000000907CFFFFEF7FA8830410D21A1F2ACC
:1058F000A4EB020400F37C820123002593401E46A2
:10590000A0444C440C9BA14598444B46A8BF234659
:105910004345A8BF4346002B04DDE41AA8EB030867
:10592000A9EB03090E9B002B00F30382002C00F36C
:1059300019820D9B002B00F34C82B8F1000F00F38D
:105940003C82B9F1000F08DD51464A46584608F03E
:1059500061FF8246002800F039823A461A9958467B
:1059600008F0EEFF0990002800F03082099A002329
:10597000D168D3600F91514608F0C0FF0028C0F2F3
:105980007984DDF8149000F0E7835146099809F016
:105990007FF900224FF0804304460D46CEF7C0F950
:1059A000002800F0B6810F9B002B40F02882049B5A
:1059B000002B40F01283C9F31303002B40F09B82AD
:1059C0000022954B20462946CEF796F9002840F054
:1059D000BA830022914B20462946CEF7A1F80A4609
:1059E0000146109002F10043CDE912121193DFF845
:1059F00034828B4B09EA08089845DDE9104500F030
:105A00000A820C9B1BB3B8F1D46F20D880A3D3E9D2
:105A10000023DDE91201CEF783F9A0B1DDE912011F
:105A2000CEF734F9012838BF0120CEF70BF90F9BD0
:105A3000CDE91201002B40F0E38201F10043169002
:105A40001793DDE9164505F1D663A3EB0805DDE9FB
:105A50000A0109F035F802460B4620462946CEF7E2
:105A60005FF8DDE90A23CEF733F80C46CDE90401EF
:105A70006C4B2340434503D10C9B002B00F05C8210
:105A80001A99584608F084FC3946584608F080FCBC
:105A90005146584608F07CFC0999584608F078FCB5
:105AA000159C5846616808F04DFC0746002800F038
:105AB0008D81226904F10C010C30023292000DF04C
:105AC000E7FA1CAB584601931BAB9DED047B00939A
:105AD00053EC172B8DED0A7B09F07AF81A90002809
:105AE00000F049810121584608F05AFD82460028FD
:105AF00000F06C811B9B002BC0F259810E9ADDF8DF
:105B0000508003EB02090C9A1C9C9B1A464A2344C2
:105B1000C4F13604013B9342FFF6E8AE01230025B1
:105B20001E46EDE6DDF8648008F10103199398F84C
:105B300001302B2B00F099812D2B57D14FF0010E06
:105B400008F10203199398F80230A3F1300CBCF16C
:105B5000090F00F24881199A302B0C920BD10132B7
:105B600019921378302BFAD0A3F131010C92082945
:105B700039D8A3F1300C0C9B591C19915B78A3F117
:105B80003002092A00F2818201310CEB8C0C199150
:105B900003EB4C0C0B78ACF1300CA3F13002092A6A
:105BA000F2D90C9A891A082940F36F8244F61F62D1
:105BB0000E92BEF1000F3FF47BAD0E9A52420E9250
:105BC00076E500260027079A0AB1199B1360089B07
:105BD000002B3FF45DAD07F1004330461F463946C8
:105BE0001FB0BDE8F08F00220E9261E54FF0000E6D
:105BF000ABE7002208927A1C199297F80190B9F14C
:105C0000000F3FF43FAD1746F4E401220892F2E79B
:105C10000000C0FFFFFFDF410000F03F0000E03F59
:105C20000000E07F0000F07F02FCFFFF3FF430AE99
:105C30006D4215F00F020AD0B74B03EBC203DDE94A
:105C40000401D3E90023CDF78FFFCDE904012D1125
:105C50003FF41EAE1F2D40DC15F01003DFF8D48298
:105C60004FF0000C18BF6A230C93DDE9042315F0F4
:105C7000010F1046194607D0D8E90023CDF750FF91
:105C80004FF0010C02460B466D1008F10808EED1EA
:105C9000BCF1000F01D0CDE904230C9BA3B1DDE9D9
:105CA0000401C1F30A52C2F16B03002B0ADD1F2B62
:105CB00040F382830020342B049040F3B8834FF0EC
:105CC0005C7305936A230C9300220023DDE9040131
:105CD000CEF700F800283FF4DDAD22230026002790
:105CE000CBF800306FE71633FFF66EAD099B0E9AC6
:105CF0009A1A894B03EBC203DDE90401D3E90023BF
:105D0000CDF732FF06460F465DE76E2B3FF4E3AC5E
:105D1000B8E4824B204629460022CDF701FF0F9BB5
:105D2000CDE91201002B71D101F1004310901193C4
:105D30005DE651461A46584608F012FD8246002894
:105D400044D001461A9A584608F058FC00283DD025
:105D50000F9058461A9908F01BFB0F9B002C1A93C2
:105D60007FF7E7AD22461A99584608F053FD1A907E
:105D700000287FF4DEADB946054622230026684F91
:105D8000CBF800302946584608F002FB49465846F1
:105D900008F0FEFA5146584608F0FAFA15995846A6
:105DA00008F0F6FA0999584608F0F2FA0BE7149A47
:105DB000DDF83890A2EB0308A5E63946424658467E
:105DC00008F028FD074600287FF4BBADB9461A9DB0
:105DD000D3E73946149A584608F0C2FC0746002813
:105DE0007FF4ABADF2E70022CDF864800E925FE461
:105DF0004C4AD31A012202FA03F5164680E59FEDBC
:105E0000427B8DED107B8DED127BF0E59DED127BDD
:105E10008DED107BEBE5A9F15473DFF80491059348
:105E2000DDE904452046294608F04AFEDDE9102355
:105E3000CDF776FE2B462246CDF74AFE3A4B01EAD5
:105E400009099945CDE9040140F2D68003F1547364
:105E5000DDE90A01994202D106460136B6D04FF07B
:105E6000FF33324CCDE904340AE64FF0000E67E60A
:105E700001222F49384601F03BFB824658B14FF0D2
:105E8000000A4B465546564650465446D146CDF834
:105E900024A0FFF7ECBB19994B1C19934B78302BBE
:105EA00040F04F818A1C1046199201320378302B42
:105EB000F9D0401A0138A3F13102082A0FD8199FEE
:105EC0000026A3F130090124431C394635460993C5
:105ED00006EB8606002009EB4606FFF7C2BB002250
:105EE0004FF001091646144615460992FFF7BFBB4D
:105EF000DDE9046767E69FED067B8DED107B9FED86
:105F0000027B8DED127B72E5000000000000F03F87
:105F1000000000000000F0BFB88204100000E03F65
:105F20000000F07FE2FBFFFFFFFF9F7CFFFFEF7FA2
:105F3000A8390410387F0410DDE91256284631468E
:105F4000CEF72CF8CDF724FF0B4602463146284603
:105F5000CDF7D2FD049D0F9EC4F3130C04462E43CF
:105F60000D4656EA0C0326D1C0A3D3E90023CDF792
:105F7000C3FE00283FF484ADB946DDE904671A9DED
:105F800000E7029319A9089B5846AF4A01931AAB40
:105F900000931BAB00F0B6FD10F00F0504463FF474
:105FA00010AE062D40F08A807B1C002200260027C0
:105FB0000892199307E69CA3D3E90023CDF79CFE32
:105FC0000028D9D12046294699A3D3E90023CDF74B
:105FD000CFFE00283FF454ADCEE7049B012B8AD1BD
:105FE000B9F1000F87D1B9461A9C22232546002615
:105FF0000027CBF80030C5E601F15474059437E56D
:106000009DED127B8DED167B1BE5012840F33B8255
:1060100004EB000E0C900EF1FF3C02E046006445DC
:106020000BD0082C06EB860004F10104F6DD05EB2D
:106030008503102CD8BF5D00F1E70C987446099BCE
:10604000BCF1080F034409937FF742AF102C4FF0C7
:106050000000DCBF05EB850502EB4505FFF701BB42
:106060007A4919A807F094FC00283FF40BAB199B60
:1060700019A87749013B199307F08AFC10B9199BBD
:10608000013319930026734F9DE544F61F62944532
:10609000A8BF9446CDF838C08BE50D986E4901EB4A
:1060A000C001DDE90423D1E90001CDF739FD064641
:1060B0000F4688E52223CBF80030E3E71A9A3AB17D
:1060C00035211CA808F02EFE58461A9908F060F9F0
:1060D000013D1B9B042D00F2D981DFE805F0032C64
:1060E000291E030003F233421C9B04931D9B23F4DF
:1060F000801343EA02530593E20502D543F00043BF
:106100000593544A1A40DDE90467002A7FF45BAD29
:1061100001F082FA2223036055E54FF0FF326FF061
:106120000043CDE90423E3057FF5E2AE059BE5E7F7
:10613000484B0593F7E7DDE91C121D9BCDE90412DE
:10614000DAE75046B7E69FED3C7B8DED107B9FED87
:106150003C7B8DED127B4AE44B460F98B646B94620
:10616000AC463E49C3F31302DDE90A67002800F09C
:10617000B5808A4200F00A81A5BB049A1EEA020F8C
:1061800033D030463946049308F09AFC0C9B002B20
:1061900000F02581049BC3F30A53C3F16B0CBCF1DF
:1061A000000F40F365812E4C002204EB0C53CDF719
:1061B000B7FC02460B4630463946CDF789FC064609
:1061C0000F4630463946274B0022CDF7A9FC214B1C
:1061D00006460F460B40002B7FF4D1AE2223CBF8AE
:1061E0000030CCE61CEA030FCBD10C9B002BE8D18E
:1061F000C5E619A81CAA1C4907F0E4FB05287FF492
:1062000075AA1D9B43F0FF4343F4E00305931C9BD9
:106210000493DDE90467D6E402F154730593FFF7B4
:1062200037BB00BFAFF300809535A094FFFFDF3F81
:1062300035E5AF350000E03F000000000000E0BFA2
:10624000000000000000E03F107F0410AC39041093
:10625000B03904100000F07FB8820410FFFF0F0077
:106260000000F03F00005039247F04109535A094C1
:10627000FFFFCF3F0F9BB946DDE90401DDE90A6767
:106280000343B2D1C1F31303002BAED121F000447C
:10629000240D2405B4F1D66F2546A6D9099A536971
:1062A00013B91369012BA0DD09990122584608F0A2
:1062B000B1FA5146099008F021FB002895DD0C9BAE
:1062C000D3B1A5F580136FEA13536FEA0353059317
:1062D0004FF0FF330493DDE9046772E7D2B9DDE9DB
:1062E00004452246002C49D10C9A002A40F08E80A9
:1062F00025F00044240D2405A4F580141A9D6FEAAE
:1063000014536FEA035305934FF0FF330493DDE911
:10631000046737E5ADBB049A1EEA020F3FF465AF90
:1063200030463946049308F0CBFB0C9B002B00F061
:106330008680049BC3F30A53C3F16B0CBCF1000FBE
:1063400040F39E80524C002204EB0C53CDF7E8FB47
:1063500002460B4630463946CDF7CEFB00220023DD
:1063600006460F46CDF7B6FC00283FF42AAF3BE6C1
:106370004FF00009DFF824E1FFF76CBABCF1000F21
:10638000CAD01CEA030F3FF430AFC9E70C9A049C53
:10639000D2B1404A1A40B2F1D46F15D8100D4FF067
:1063A000FF31C0F16B0081408C4227D0002D62D0BC
:1063B0001D423FF406AFE4E64FF0FF3202FA03F36A
:1063C000049A1A4004927DE4621C12D0BCF1000FC2
:1063D0007FF408AF14EA0E0F3FF407AFD1E6024690
:1063E0000B4630463946CDF773FB1A9D06460F46DD
:1063F000C8E4294A934234D001321A4002F580138E
:10640000059300230493DDE90467EEE6214D1D406A
:10641000B5F1D66F3FF655AFB5F15C7F3FF6D1AE23
:1064200022231A9D00260027CBF80030AAE4C2F1EF
:106430004B024FF0FF3393400B40059342E402467A
:106440000B4630463946CDF757FB1A9C00220023F5
:1064500006460F462546CDF73DFC00283FF492AC9A
:10646000C3E522231A9D00260A4FCBF8003089E4A9
:1064700002460B469FE614EA0E0F3FF4A2AE80E6FA
:1064800002460B4666E7A4460134D8E5002333E60E
:106490000000F03F0000F07FFFFFEF7FA8830410B3
:1064A000014BFFF731B800BF5429002010B4044C51
:1064B00013460A46014620685DF8044BFFF724B8EE
:1064C000C02A002010B4044C0A46044B0146206840
:1064D0005DF8044BFFF718B8C02A002054290020AB
:1064E0002DE9F041DFF8A48013460A460146D8F8AA
:1064F00000002DED028BFFF707F802460B4604461D
:106500000D46CDF7D5FB50BB20462946CDF77AFB8B
:1065100008EE100ADFED1A7AB0EEC87AB4EE677AA8
:10652000F1EE10FA15DD25F000474FF0FF32154B64
:1065300020463946CDF7BCFB38B94FF0FF32114B3E
:1065400020463946CDF7ECFB18B1D8F800302222AE
:106550001A6018EE100ABDEC028BBDE8F081002D28
:10656000094806DA07F028FD07EE900AB1EE678ABF
:10657000EFE7BDEC028BBDE8F04107F01DBD00BFA9
:10658000FFFF7F7FFFFFEF7FD8310410C02A00207C
:106590002DE9F843254F0A46254B01463868FEF79A
:1065A000B3FF02460B4604460D46CDF781FB88BB80
:1065B00020462946CDF726FB07EE100ADFED1D7AAF
:1065C0000646B0EEC77AB4EE677AF1EE10FA17DD40
:1065D00025F000494FF0FF32174B20464946CDF7D2
:1065E00067FB38B9204649464FF0FF32124BCDF7D2
:1065F00097FB28B13B6822221A603046BDE8F88339
:1066000016F0FF4FF9D10D4B2B40002BF2D1304645
:10661000BDE8F883002D0A4804DA07F0CDFC80F0CD
:106620000046EAE7BDE8F84307F0C6BCC02A0020F0
:1066300054290020FFFF7F7FFFFFEF7F0000F07FE6
:10664000D8310410431C1DD00822002130B587B07A
:1066500004AC8DF80B0020460CF052FD0B490C48A1
:106660000123D1F8E4500DF10B02006803A9009456
:10667000A847012802D8039807B030BD4FF0FF307B
:1066800007B030BD4FF0FF30704700BF54290020E5
:10669000C02A00200EB470B59DB000254FF40172E1
:1066A00021AC1B95ADF8142054F8046B02900690B1
:1066B00006F040F80B4903464FF6FF7032460A9148
:1066C0000949ADF81600039307932346086802A909
:1066D0000E951395019402F027FB1DB0BDE87040A4
:1066E00003B07047A5A50310C02A00200CB4F0B574
:1066F0009DB000254FF40173064622AC0846ADF864
:10670000143054F8047B1B950291069106F012F8A0
:106710000B4903460E953A4613954FF6FF750393C2
:106720003046079323460A9102A9ADF8165001940A
:1067300002F0FAFA1DB0BDE8F04002B0704700BFA9
:10674000A5A5031042B10C49104610B5144600F03F
:10675000A9F818B9094810BD0848704707492046EC
:1067600000F0A0F80028F5D00549204600F09AF87E
:106770000028EFD0002010BDBC39041040340410B4
:10678000D8310410014B93F8280170475429002098
:1067900041B110B50C460B49204600F083F818B9FA
:1067A000094810BD084870470749204600F07AF8AC
:1067B0000028F5D00549204600F074F80028EFD0F5
:1067C000002010BDBC39041040340410D83104102E
:1067D00011F0FF01034600F0030239D08ABB10B567
:1067E00001EB012E02680EEB0E4EA2F101338EEA90
:1067F000020423EA0203A4F1013222EA0402134351
:1068000013F0803F0FD150F8044F84EA0E0CA4F12E
:106810000133ACF1013223EA040322EA0C021343F0
:1068200013F0803FEFD0037823B936E010F8013F32
:10683000002B32D09942F9D110BD8A4228D09A0754
:1068400029D01A7818460133002AF6D1104670472D
:10685000CAB90268A2F1013323EA020313F0803FB0
:1068600008D150F8042FA2F1013323EA020313F0F8
:10687000803FF6D003785BB110F8013F002BFBD1CD
:106880007047990705D0184613F8012B002AF8D154
:1068900070471846DDE71846A1E7184610BD00BF4F
:1068A00002F0DEB880EA010C1CF0030F37D110F0C3
:1068B000030C20F0030021F0030150F8042B08BF63
:1068C00051F8043B0ED08CF0030C6FF07F434FEA7D
:1068D000CC0C23FA0CFC51F8043B42EA0C0243EACC
:1068E0000C0300BFA2F1013C9A4201BF2CEA020C4A
:1068F0001CF0803F50F8042B51F8043BF2D04FEAD3
:1069000002604FEA1222012828BFB0EB036F08BFD4
:106910001B0AF4D003F0FF03000EC01A704710F0FA
:10692000030F0AD010F8012B11F8013B012A28BFF0
:106930009A42F4D0A2EB030070474DF8045D50F882
:10694000042B01F0030521F0030151F8043B022D53
:1069500026D04DD822F07F45B5EB132FA2F1013C94
:106960002CEA020C0DD11CF0803C08BF51F8043B0E
:106970000AD185EA0205B5EB036F0CD150F8042B60
:10698000E8E74FEA13235BE03CF07F4C54D10B78EF
:106990004FEA126554E04FEA126503F0FF034FE03F
:1069A0004FEA0245A2F1013C4FEA15452CEA020CE0
:1069B000B5EB134F18D11CF0803C08BF51F8043BD5
:1069C00007D185EA0205B5EB034F09D150F8042B36
:1069D000E6E75FEA0C4C2FD10B884FEA12452FE017
:1069E0004FEA03434FEA12454FEA134328E000BF42
:1069F00002F0FF05B5EB136FA2F1013C2CEA020C8B
:106A00000DD11CF0803C08BF51F8043B0AD185EA47
:106A10000205B5EB032F0AD150F8042BE8E74FEA43
:106A200013630DE012F0FF0F06D051F8043B4FEA5C
:106A3000122523F07F4303E04FF0000020BC704795
:106A400005F0FF0203F0FF00012828BF904204BFB9
:106A50002D0A1B0AF4D0A2EB000020BC704700BF37
:106A60002DE9F0410469B4EB611F05DC00230361EB
:106A700000234361BDE8F08100F114054E1111F0CF
:106A80001F0C05EB840E05EB860321D0043355F86B
:106A90002610CCF120089E4521FA0CF12DD92F4665
:106AA0001A6802FA08F20A4347F8042B53F8041B49
:106AB0009E4521FA0CF1F3D8A31B9B00053B9B08D4
:106AC000013305EB830445F8231071B104340CE065
:106AD0009E45CBD900F1100253F8041B9E4542F8A5
:106AE000041FF9D8A41B05EB8404631BAC424FEAD6
:106AF000A3030361BCD0BDE8F08141610029B5D09A
:106B00002C46E3E72DE9F04F8A4685B009680393E8
:106B10008B78302BCDE9002040F0EE81CA1C137831
:106B200014460132302BFAD0A4EB0109A9F1020975
:106B3000DFF8108318F80330002B00F0D38023789F
:106B4000002718F803303D46002B00F06D812646E3
:106B500016F8013F18F80330002BF9D10122B8498B
:106B6000304600F0C5FC8346002843D03278002D23
:106B700000F0A381AB1B4FEA830B02F0DF02354626
:106B8000502A43D0CAF80060002F54D12A1B39463E
:106B9000013A072A03DD52100131072AFBDC019874
:106BA00007F0D0FB8246002800F06A8200F114064C
:106BB000A542029640F2CC810027B9460CE03A4645
:106BC00004372B78AC4218F8033003F00F0303FAB4
:106BD00002F349EA030940D015F8013D2E2B01D1FB
:106BE000AC4231D9202FEAD1002246F8049B042779
:106BF0009146E6E7002D00F070813278AB1B3546F8
:106C000002F0DF024FEA830B502ABBD16A782B2AAD
:106C100000F051812D2A40F0C5800120AA78AE1CD9
:106C200018F802104A1E182A40F2C4802E46CAF8EC
:106C30000060002FAAD0B9F1000F0CBF0625002577
:106C4000284605B0BDE8F08F01227D49284600F0B6
:106C50004FFC0028C6D1AC42BED1029B484646F844
:106C6000049BF61AB610CAF81060760107F044FCCF
:106C7000009B361A1C68A64277DCC0F220810027F0
:106C8000009B9A685A45C0F25881009B5A685A4541
:106C90004BDDA2EB0B0B5C4500F3A780DB68022BFE
:106CA00000F0F980032B00F06A81012B40F0F7809F
:106CB0005C4540F0F480012C08D0611E504608F07D
:106CC0005FF8002800F0EB80009B5A6803990123CD
:106CD00062250A60029ACAF8103013600E9BC3F84E
:106CE00000A0ADE701225649204600F001FC07460E
:106CF000002840F09B806378651C18F80320002A68
:106D000000F09680302B2C4640F0448114F8013F6F
:106D1000302BFBD018F803304FF00109B3FA83F79A
:106D20007F09002B7FF413AF7EE001259FB1009B0C
:106D3000DA68022A00F08880032A00F08980012A9C
:106D400007D1B90705D5029B1A681743FA0700F166
:106D5000838045F010050E9B2846C3F800A0039BD6
:106D6000C3F800B005B0BDE8F08F361B5046314681
:106D700008F006F8074678B1711E029B01274A11F8
:106D800053F8220001F01F0207FA02F2024203D078
:106D9000B94200F3E780022731465046B344FFF77B
:106DA0005FFE6DE718F802106E1C00204A1E182ABC
:106DB0003FF63CAF72781039013618F8022002F124
:106DC000FF3CBCF1180F0CD801EB810116F8013F14
:106DD00002EB4102A2F1100118F80320531E182BF8
:106DE000F2D900B149428B44CCE60BF1FF36002FBB
:106DF00040F0AC80002E40F0AF807311029A06F094
:106E00001F06594652F8232001235046A4EB0B04D9
:106E1000B3400225134218BF47F00207FFF720FED8
:106E2000009BD3F804B081E7264697E623782546F1
:106E300003F0DF03502B00F09E80CAF80050FAE602
:106E4000A8390410607F04100F9BC3F101030F9356
:106E50000F9B002B3FF47DAF029B0026DAF81070E9
:106E600098461A464FEA870903EB870003E09042F1
:106E700042F8046C44D9944652F8041B4B1CF6D0DB
:106E80000131022DCCF800107DD014F01F0440F029
:106E9000AB8021255FE70F9B002B3FF417AF5025F8
:106EA0000198514607F074FA00230E9A28461360A1
:106EB00005B0BDE8F08F0020B0E6AB465DE6A61B4E
:106EC0005146019800273246ABEB060B07F0A2FCB7
:106ED00000F1140382460293D2E67278751C18F80A
:106EE00002102E4600293FF448AE16F8012F18F87C
:106EF0000230002BF9D13DE68C1C4FF0000917E65B
:106F0000DAF80820974248DA7A1C01210AEB870751
:106F1000022DCAF81020DDF80880796133D0002AEC
:106F20006FDC0022CAF810200022CAF81420009B4F
:106F30000BF1010B9A685A45ABDA5146019807F0FC
:106F400027FA00230E9AA325136079E6012754E758
:106F5000029E4FF0000980E63146504607F010FFD0
:106F600007464AE7B11E504607F00AFF00283FF4E3
:106F700012AF032710E74FF0000B012746E60F9BE7
:106F8000002B8CD0A2E6009B1A68013AA24263D083
:106F90002225E0E64FF00109D9E5DAF8041001985E
:106FA000013107F0CFF9064600286FD0DAF810203B
:106FB0000AF10C010C3006F11408023292000CF0B8
:106FC00067F851460198B24607F0E2F931690120AD
:106FD000022D01EB000206EB810132614861D2D043
:106FE0009742BFF652AF9AE7C144C4F1200459F862
:106FF000040C07F081FAA042BFF64BAFDAF810207C
:107000008DE708EB82000AF11804DAF81420A04298
:107010004FEA52022CD94546236842EAC37245F82A
:10702000042B54F8042BA0424FEA5202F4D8A0EBF0
:107030000A0119398908013148F8212008EB81013A
:1070400002B10431A1EB080241454FEAA202CAF89D
:1070500010207FF46CAF67E7621104F01F0458F84A
:1070600022100122A2400A4214BF2125222572E6E5
:10707000C8F800200AB14146E3E7CAF8102053E7F8
:107080000246054BE4210548CEF760FC0246024B60
:1070900084210248CEF75AFCC4390410D8390410B0
:1070A000FE2806D8034B1B5C03F00303012B08BF2B
:1070B000203070478181041004F016BC04F01ABC23
:1070C00007F058B82DE9F04780460C46454826465B
:1070D00014F801EB10F80EC01CF0080CF7D1BEF14B
:1070E0002D0F5BD0BEF12B0F3AD0654633F0100068
:1070F0003ED04FF0FF379A46B7FBF3F703FB07F993
:107100006FEA0909002630460EE0AEF1370C634500
:107110001DDD002E04DBB84202D833D1CC4531DD71
:107120004FF0FF3614F801EBAEF1300CBCF1090F53
:10713000EDD9AEF1410CBCF1190FE6D9AEF1610CFD
:10714000BCF1190F03D8AEF1570C6345E1DC731C99
:107150001CD005B140420AB1F6B91160BDE8F08714
:1071600033F0100094F800E0654606F10204C0D147
:10717000BEF1300F17D06BBB0A234FF005091A4F31
:107180009A46BFE700FB0AC00126CBE72223304620
:10719000C8F80030002AE1D0611EDEE794F800E074
:1071A0000125B41CA2E7207800F0DF00582807D0A2
:1071B00083B908234FF007096FF060479A46A1E7AB
:1071C000102394F801E04FF00F0902346FF070477C
:1071D0009A4697E710234FF00F096FF070479A46D1
:1071E00090E700BF81810410999999196AE700BF5F
:1071F00010B4044C13460A46014620685DF8044B5F
:1072000060E700BFC02A002010B4044C13460A46B1
:10721000014620685DF8044B54E700BFC02A0020F7
:1072200010B4034CD4F8E440A4465DF8044B604726
:107230005429002082B049B15AB16BB113780B6068
:107240001278101E18BF012002B0704701A9002A51
:10725000F3D1104602B070476FF00100F4E700BFB1
:1072600001390B291FD8DFE801F0080A0C0E1012B3
:107270001416181A1C0600F0BBB903F05BBB06F02D
:1072800013BB01F0DBB804F07BBB03F011BA07F0CD
:10729000A5BD01F0D7B804F06FBB07F0D3BF03F072
:1072A000BBB907F04BB80020704700BF70B505466A
:1072B0000C4610B1436B002B34D0A66A002E34D09C
:1072C000B4F90C3003F00C02082A1FD013F48052DA
:1072D00010D10123E1692846B047411C27D0B4F9F9
:1072E0000C305A0709D56268236B801A0BB1E36B27
:1072F000C01A70BD5A07206DF5D41B07F9D5236855
:10730000002BF6D022699B1A184470BD2268002A0F
:10731000DCD02169521A002AD8DDD805D6D502233F
:107320000022D7E704F0F8F8C7E71D232B604FF0E1
:10733000FF3070BD024B01461868FFF7B7BF00BFB2
:10734000C02A0020B1F90C202DE9F04116070C46A7
:1073500080464ED4496842F400630029A38163DD6E
:10736000A56A002D42D0002112F48052D8F80060A6
:10737000C8F80010E16964D101234046A847451CC4
:1073800002466DD0B4F90C30A56AE169580705D5FD
:107390006368D21A236B0BB1E36BD21A0023404609
:1073A000A847431C4FD1D8F80010B4F90C301D2960
:1073B00040D8314ACA40D7073CD523F40062DD04E7
:1073C000A2814FF0000262602269226001D500298B
:1073D00044D0216BC8F8006041B104F140039942E8
:1073E00002D0404601F0A4FB002323630020BDE847
:1073F000F0810E69002EF9D092070D680E600CBF67
:107400004B690023AD1B8B600BE02B463246E169D4
:107410004046676AB847B0F1000CA5EB0C0566441E
:1074200006DD002DF1DCE1E7E16B002998DCDDE70A
:10743000B4F90C3043F040034FF0FF30A381BDE8B6
:10744000F081226DA2E7B4F90C300022626023F4CF
:107450000062DB04A28122692260BAD52065B8E708
:10746000D8F80030002B8DD01D2B01D0162BDFD18A
:10747000C8F80060BAE700BF0100402010B504461C
:1074800082B008B1436B53B1B1F90C0008B902B036
:1074900010BD204602B0BDE81040FFF753BF019178
:1074A00004F03AF80199EFE7A0B138B50C4B044667
:1074B0001D680DB16B6B4BB1B4F90C0000B938BD50
:1074C00021462846BDE83840FFF73CBF284604F077
:1074D00023F8F1E7034A0449044807F0D7BC00BF8A
:1074E000C02A0020583000207D740310C82A0020D4
:1074F000CAB384460B4630B504460843800719D00A
:107500009CF800000C78A04212D150B3012A28D078
:10751000E64603E01CEB030F23D010B31EF8010F67
:1075200011F8014FA2EB0E03A04203F1FF33F1D09B
:10753000001B30BD032A07D8E2E7043A11D01EF041
:10754000803F0ED1032A10D92068194653F8045BF6
:10755000A446A0F1013E0434A8422EEA000EECD06D
:10756000CEE7002030BD10467047A4461946C7E755
:10757000FFF798B970B50B4E84B004461D46D6F897
:10758000E06021B1B047431C06D004B070BD0A468C
:1075900001A9B047431CF8D100228A232A60236046
:1075A00004B070BD5429002070B50F4D0B460F4E2E
:1075B00084B014462D68D6F8E060014638B11A460A
:1075C00028462346B047431C08D004B070BD13467C
:1075D00001A902462846B047431CF6D100228A235F
:1075E00022602B6004B070BDC02A00205429002006
:1075F00020F020033038413B092888BF052B94BF79
:1076000001200020704700BF92000BF03DBD00BF7D
:1076100003F09CB803F0AEB8014B1868704700BF88
:10762000C02A0020426940F26C73002AA8BF6FF0A4
:1076300063031344920710B407D1264C264A274906
:1076400004FB0322B1EBB20F2FD3224C224A244970
:1076500004FB0323B1EB331F2CBF0121002141F2B6
:10766000A262D0E906305B0003EB00130B449342A7
:107670002CD00BDC012B1ADD0A3B172B28D819481C
:10768000D84040F300005DF8044B704741F2B4620B
:10769000934212DD144A1A44152A19D813485DF88A
:1076A000044BD04000F0010070470121D7E7DB43D5
:1076B0005DF8044BDB0F5842704741F2B1605DF852
:1076C000044B8342D4BF0020012070470120DAE739
:1076D0000020D8E7295C8FC250B81E05285C8F02B5
:1076E0000AD7A300CF00CC003EE9FFFF1F002A000D
:1076F0002DE9F04F00248FB083460E469A4602943F
:10770000137863B1252B12D0711EA14240F29780ED
:1077100001320BF8043001341378002BF2D116B18A
:1077200000230BF8043020460FB0BDE8F08F002B8B
:10773000F5D05178302970D0A1F12B07B7FA87F72F
:107740007F09002F69D1A1F13103551C082B6BD99A
:107750004FF0000845295DD04F295BD0A1F12503EA
:10776000552B6CD8DFE813F0ED026B006B006B005B
:107770006B006B006B006B006B006B006B006B00B1
:107780006B006B006B006B006B006B006B006B00A1
:107790006B006B006B006B006B006B006B006B0091
:1077A000F60219033C039F026B0092014F02910005
:1077B000A8006B006B006B006A016B006B00C000DF
:1077C0006B00E6028E016E018001FD00C601D00152
:1077D000F0011A026B006B006B006B006B006B001A
:1077E000C3027000A701F500F5006B00640470008F
:1077F0006B005A049100A8005F04B8036B00C0003E
:10780000C103CB03D203BD016B039003AD03760329
:107810000E011D0169780135A0E70F469178951C8E
:10782000A1F13103082B93D8284606A90A22FFF7B5
:10783000EBFC069D804629788CE703F097FE002438
:1078400020460FB0BDE8F08FB34BDAF8102053F8A4
:107850002270384604F06EFF40B3731E9C42EED295
:107860005C447B1E011906EB0B00013801E0A042CD
:10787000E5D02746013413F8012FA14204F8012C6A
:10788000F5D1CBF101043C4410E0A44BA44A6B2990
:1078900008BF1A46DAF80830311B0BEB040007F07A
:1078A00069FF0028CBDB0444A642C8D92B78002B03
:1078B0003FF435AF6A1C23E7DAF80820002A00F00D
:1078C00004840C2A00F00184964880FB0230D31710
:1078D000C3EB600303EB4303A2EB83038F48904A9F
:1078E000492918BF0246D7E7DAF808300B2B8A4B34
:1078F000D4BF0022012203EB8203D3F8A4804046C8
:1079000004F018FF0028D1D0731E9C4297D208F1D2
:10791000FF330BEB060C0BEB0402DFF824921F186D
:107920000CF1FF3C06E09F4202F8011B00F0D483FB
:10793000944584D028789E4613F8011F5028F2D130
:1079400019F8010000F003000128ECD12031C9B280
:10795000E9E7734B714A642908BF1A46DAF80C301C
:107960009AE75046FFF75EFEDAF81820002A00F08A
:10797000AE83013A0028DAF81C3040F3D0830123AB
:10798000674A89E7DAF814000028C0F24184664AA1
:1079900082FB0032C317C3EB6213642202FB1303A2
:1079A000EEE7DAF82030002B84DB03F0DDFD029BEC
:1079B000002B00F0038402F053FBDAF82030DFF8EC
:1079C0008491002BD4BF00230123013303EB8303F5
:1079D00050F8337003F0CAFD0BEB0403311B7F42F8
:1079E000039389FB07204FEAE77802913844C8EBFC
:1079F000601000F0DBFC0246DDE90213184689FB4B
:107A000002C34FEAE27C1344CCEB631C474BCCEB44
:107A10000C1CA2EB8C02009283FB0723444A3B44DC
:107A2000C8EBE32307F0A6FE0028FFF608AF0444E6
:107A3000A6427FF604AF0123029337E7DAF8043059
:107A4000374A29E7DAF80030311B3A4A0BEB0400D9
:107A50000193DAF804300093DAF8083007F08AFE70
:107A60000028BFF620AFEAE6DAF81C30DAF8182072
:107A700007339A1A304B83FB02131344D217C2EB1D
:107A8000A3037DE7DAF80030254A05E725238DF8C2
:107A90001830002F00F00983B8F1050F8DF8197028
:107AA00000F276830DF11A073846244905F012FFDB
:107AB000534606AA0BE0184BD3F8A070384604F0E2
:107AC00039FE3B78002B3FF4F1AE3A465346311B6A
:107AD0000BEB0400FFF70CFE00287FF7B0AE044468
:107AE000E4E6731E9C42BFF4AAAE09230BF80430EF
:107AF0000134DBE6DAF81820002A00F0C182013AEE
:107B0000DAF81C300733B4E7034BD3F898703846E3
:107B100004F010FED5E700BF848004102C3A041056
:107B2000243A0410ABAAAA2A1F85EB51C5B3A2912F
:107B3000903A0410743A041093244992443A041081
:107B40008181041089888888DAF81430C54A934204
:107B500080F29382D31A2D228DF81820B8F1000FED
:107B600001D008F1FF380DF119000DF11809252297
:107B70000270002F40F092800130BB49039305F062
:107B8000A9FE039B4A4600934346311B0BEB0400BE
:107B900007F0F0FD0028BFF686AE50E6DAF8203098
:107BA000002BFFF687AE03F0DFFC029B002B00F0FA
:107BB000CD83DAF82030AD4A002BD4BF0023012357
:107BC00052F82370384604F0B5FD0146C0B1731E6B
:107BD0009C42BFF432AE5C4406EB0B007B1E21449A
:107BE000013802E0A0423FF428AE13F8012F2746E7
:107BF000013404F8012CA142F4D1CBF101043C443E
:107C000003F0B4FC17E7DAF814105046954B0391D3
:107C10009942ACBF4FF000094FF00109FFF702FD98
:107C2000039903460029C0F233839148002B80FB5F
:107C300001204FEAE172C2EB60124FF0640000FBDA
:107C4000121002F11302C0F28C824FF000090344BB
:107C5000591C00F08E82642B01D101320023642173
:107C600001FB0233B9F1000F7FF475AF2B2F40F009
:107C7000098242F20F72934240F204822B228DF865
:107C80001820B8F1000F00F05683252208F1FF38C4
:107C90000DF119000DF118098DF81920302202306C
:107CA00000F8012C69E7DAF814000BEB0408DAF8A5
:107CB0001070A6EB04090028DAF80C3007F1010770
:107CC000C0F218836A4981FB0021C217C2EB61121E
:107CD000642101FB120249464046CDE900323B4691
:107CE000644A07F047FD0028BFF6DDADA7E5DAF8E6
:107CF0001830614A183352F82370384604F01AFDE0
:107D000000283FF4D3AD731E9C42BFF498AD5C4491
:107D10007B1E011906EB0B00013802E0A0423FF484
:107D20008EAD2746013413F8012FA14204F8012C2F
:107D3000F4D1A6E5DAF80430504A0093DAF80830B6
:107D400023E7731E9C42BFF47AAD25230BF8043061
:107D50000134ABE5484BDAF8182003EB8203DF6F00
:107D6000384604F0E7FC00283FF4A0AD731E9C42A7
:107D7000BFF465AD5C447B1E011906EB0B000138B6
:107D800002E0A0423FF45BAD2746013413F8012F17
:107D9000A14204F8012CF4D173E5DAF81030364A28
:107DA0000C3352F82370384604F0C4FC00283FF42A
:107DB0007DAD731E9C42BFF442AD5C447B1E011935
:107DC00006EB0B00013802E0A0423FF438AD274635
:107DD000013413F8012FA14204F8012CF4D150E52D
:107DE0004246DAF814301F490BEB0408022A38BF68
:107DF00002228B42A6EB0401ACBF4FF000094FF00A
:107E00000109002B0391C0F22382194880FB031063
:107E1000D917C1EB60111331002F40F0AD81184F1D
:107E20001848A2EB090203464046CDE900213A4634
:107E3000311B07F09FFC0028BFF635ADFFE4731E31
:107E40009C42BFF4FCACDAF81830002B40F04181C2
:107E500037237BE7084BD3F89C70384604F06AFC64
:107E60002FE600BF94F8FFFF4C3A0410503000207A
:107E70001F85EB51303A041084800410603A0410DE
:107E80000C3A0410D83104100DF11809CF494846B6
:107E900005F020FD484604F04DFC09EB0003002FDF
:107EA00000F0F480B8F1050F09F8007003F1010744
:107EB00000F269813846C64905F00CFD53464A4632
:107EC00005E6731E9C42BFF4BAACDAF818303033C2
:107ED0000BF804300134E9E4731E9C42BFF4AFACEC
:107EE0000A230BF804300134E0E4DAF81020B94B2F
:107EF00083FB0213A3EBE273B74A0133CCE4B74B25
:107F0000D3F8E470384604F015FCDAE5DAF82030EE
:107F1000002B80F2E8804FF00009CDF81090DAF8DD
:107F20001420311B0BEB0400B2F145034FEAE2775A
:107F300067F10007002F02DA033347F100079B08BF
:107F400002F1FF3CDFF8A4E243EA8773BF10059714
:107F500002F22B17463A03928EFB0C284FEAEC7C78
:107F6000059ACCEB681C8EFB078EFF17B3EB0C0356
:107F7000C7EBEE1762EBEC7E039A13EB070C40F2B3
:107F80006D1302FB03F34EEBE7771CEB030247EBA9
:107F9000E373DAF81C70D21943EBE773971843EBDD
:107FA0000308BF1843EB0803DB00DAE901CE43EA1C
:107FB0005773FF0017EB0E0743EBEE7E3A014FEAD3
:107FC0000E13D21B43EA177363EB0E039B0043EAC5
:107FD0009273920012EB0C0243EBEC7C13014FEA1C
:107FE0000C179B1A47EA127767EB0C02DAF800C00D
:107FF000920042EA93729B0013EB0C0742EBEC7386
:10800000B7EB0907049A63EB0203754ACDE90073E5
:1080100007F0B0FB0028BFF646AC10E4DAF81C30DD
:10802000704A013338E4DAF810306F4A013333E430
:108030005046FFF7F7FA0746DAF814000028C0F2B6
:10804000ED806A4A82FB0032C317C3EB62136422DD
:1080500002FB1303F818654F4FF0640C624A87FB6C
:108060000013C117C1EB63110CFB11016144A7FBA5
:1080700001377B090CFB13130EE403F26C73F5E577
:1080800006223DE50DF11809484670E55F1C2B23DB
:1080900009F8003004230EA93846554AC91B07F0D9
:1080A00069FB0028C8BF3F1804E72B238DF819305F
:1080B00004230DF11A074E4A1E21384607F05AFBD9
:1080C00000287FF7F1AC3844EFE40C2306E40622E5
:1080D00050E43033DBB239E60EF10203A3EB0803C0
:1080E0001C44FFF7E3BB03F03FFA029B002B62D076
:1080F00001F0B6FFDAF82030002BD4BF00230123B3
:10810000013303EB830350F8337003F02FFA01239C
:10811000C7F1000902934FEAE9730493FFE63FD0E9
:10812000DAF8141040F26B70D31A0029A8BF6FF070
:1081300064000144880740F0ED802E482E4A00FB81
:10814000012200F180400138B0EBB20F80F0E280F4
:1081500001229B1A042BCCBF3423352310E4DAF818
:108160001410DFF8A8C0614517DB0344591C7FF4E5
:1081700076AD013A632372E5632923DD2B2F21D1EC
:108180001E4F1F484DE6B8F106033FF493AE82E759
:10819000B8F106033FF486AC8BE70123994656E518
:1081A0000A339B1A174A82FB03121A44DB17C3EBEC
:1081B000A203FFF7E5BB00F049F999E700F046F9A3
:1081C000FFF7F9BB0D4F10482BE600BF843A0410AF
:1081D0008C3A041056555555583A041084800410B2
:1081E0006C3A0410503A0410243A04101F85EB51E5
:1081F000403A0410295C8FC250B81E05143A04108E
:108200001C3A041093244992D831041095F8FFFFCA
:1082100000F26C7006F0E6FDFFF7B9BB00F26C707F
:1082200006F0E0FD554A002F82FB00324FEAE07372
:10823000C3EB62134FF0640202FB130380F28980E8
:10824000A2F2CF72DAF814109142B8BF012701E709
:1082500003F26C700492039306F0C4FD474981FB5E
:10826000001CC117DDE90332C1EB6C11002F6AD08D
:1082700042F20F7C604576DD2B2F74D14048414F90
:10828000DFF818E1DFF818C17345B8BF6046C8E5EC
:10829000039001F26C7006F0A5FD384BDAF814106B
:1082A00083FB002CC2170029039BC2EB6C125DDA22
:1082B00001F26C70CDE9033206F094FD2F4B844639
:1082C00083FB0C014FEAEC70C0EB61106421DDE927
:1082D000033201FB10C0002BFFF641AF7FF7B7ACB4
:1082E000B9F1000F3FF4B3AC431EF0B1642101FBC0
:1082F000023330E400F26C70039306F073FD1F4903
:10830000039B81FB0021C217C2EB6112642101FBB8
:108310001202E0E41C481D4A00FB01221C49B1EB9B
:10832000321F2CBF0122002213E7531E642202FBDE
:1083300003F363330FE425220DF119000DF1180941
:108340008DF81920AAE41348134F99E700F07EF83E
:108350002FE43FF47FAE114ADAF814109142B8BF0F
:108360004FF0FF3776E60B48064F89E74FF0640C75
:1083700091FBFCF00CFB1010ADE700BF1F85EB512B
:108380001C3A0410143A0410295C8FC250B81E0520
:108390000AD7A300D83104100C3A041094F8FFFF58
:1083A000203A0410FFF7A4B9FFF7A2B90028B8BF1C
:1083B00040427047062008B505F054FD0120CDF776
:1083C00071FA00BF92000AF063BE00BF38B5A1FB8E
:1083D000021434BB00F0A0F8054630B350F8042C6A
:1083E00022F00302043A242A0CD8132A0FD91B2A9C
:1083F000C0E9004412D9242AC0E9024418D000F18F
:10840000100205E021460AF07BFE284638BD0246F0
:1084100000232846C2E90033936038BD00F108020A
:10842000F6E7FFF7F9F80C2303600025284638BD6E
:1084300000F11802C0E90444EAE700BF002106F099
:10844000C9BD00BF002106F073BE00BF014B186814
:1084500006F0FCBEC02A002008B503F085F8044BE6
:10846000186806F0F3FEBDE8084003F07FB800BFCF
:10847000C02A002038B505460C4608B1436BCBB185
:10848000B4F90C20636E910405D442F4005223F435
:108490000053A28163669B040FD42146284602F054
:1084A000CDF950B9D4E90023511C013BC4E90013B4
:1084B000107838BD03F030F8E2E74FF0FF3038BDF8
:1084C000144B10B50446186882B008B1436BCBB1A9
:1084D000B4F90C20636E910405D442F4005223F4E5
:1084E0000053A28163669B0411D4214602F0A6F9D1
:1084F00068B9D4E90023511C013BC4E9001310788A
:1085000002B010BD019003F007F80198E0E74FF0CA
:10851000FF30F5E7C02A002001F10B03162B2DE9EF
:10852000F04F074683B023D8102900F2AF8002F045
:1085300005FF102518230220C24E33445C68A3F1C6
:108540000802944200F078816368384623F0030300
:10855000D4E902122344CA6091605A68083442F098
:1085600001025A6002F0ECFE204603B0BDE8F08F35
:10857000002B23F00705C0F28980A94200F2868013
:1085800002F0DCFEB5F5FC7FC0F0B2816B0A00F0B2
:108590008180042B00F27C81AB0903F1390003F1E7
:1085A000380EC300A74E3344A3F1080C5C68A44501
:1085B00007D10DE0002AE16880F238818C450C4635
:1085C00006D0636823F003035A1B0F2AF2DD7046BE
:1085D000DFF874823469444500F0EA80636823F070
:1085E000030CACEB05030F2B00F39281002BC6E9C3
:1085F000048880F28181BCF5007FD6F804E080F029
:1086000027814FEADC0301224FEA5C1C013302FAA6
:108610000CF256F833104EEA020E06EBC302083A8B
:10862000C6F804E0C4E9021246F83340CC60831077
:108630004FF0010C0CFA03FCF44531D81CEA0E0F84
:1086400007D120F003004FEA4C0C04301CEA0E0F57
:10865000F9D006EBC00A8146D646DEF80C300BE0B6
:108660005A681C46DB6822F00302511B0F2900F3F5
:108670001B81002980F22F819E45F1D109F101096A
:108680000EF1080E19F0030FE7D165E10C233B60F2
:10869000002469E74FF4007340204FF03F0E81E75C
:1086A000B468636823F00309A9EB05030F2B02DD0F
:1086B000A94580F0AA80DFF894B104EB09030820F3
:1086C000DBF800200093103202EB050801F0B2FE47
:1086D000D6F808140246013105D008F1FF384142AE
:1086E000804401EA080841463846019205F0E0F866
:1086F000B0F1FF3F8246019A7CD0009B83425AD959
:10870000B44277D1DBF8040002F1FF3C4044CBF8DF
:108710000400D6F80814013100F06B81009BAAEB2D
:1087200003010144CBF804101AF00703009300F092
:108730003D81C3F1080138468A440A44D04408EA1E
:108740000C01521A02EA0C01019105F0B1F8421C29
:1087500000F06781A0EB0A00019900EB010848F0E6
:108760000102C6F808A0B442CAF80420DBF80420CD
:108770001144CBF8041031D0B9F10F0F40F205814C
:108780006068A9F10C02052322F0070200F0010045
:1087900010430F2A606004EB0200C0E901331DD9C9
:1087A00004F10801384600F0C3F9DBF8041015E0C5
:1087B000D6F804E03BE7DBF8041002F1FF3C41444B
:1087C0000846CBF80410A4D1009B13EA0C0FA0D1EB
:1087D00009EB0802B06842F001024260DBF82C208D
:1087E0008A42DBF8302038BFCBF82C108A4238BFE1
:1087F000CBF83010B468626822F00302531B0F2BD1
:1088000040F3C680954200F2C380621945F001052D
:1088100043F00103083444F8045C3846B260536006
:1088200002F08EFD204603B0BDE8F08FA26823441D
:108830003846D1608A6090E6DC68A3427FF484AE5B
:108840000230C5E6E82B0020F02B00207834002011
:10885000BCF5206F4FEA5C226CD3142A00F2B6807C
:1088600002F15C035B32DB00F118F35808399942DE
:1088700003D191E09B68994204D05A6822F0030228
:108880006245F7D8D968C4E902318C60DC60CEE675
:10889000142B56D9542B00F2A2802B0B03F16F003E
:1088A00003F16E0EC3007DE6D4F808C038466719A0
:1088B00045F001056560CCF80C30C3F808C041F004
:1088C0000103C6E90477C7E902887B60A150083438
:1088D00002F036FD48E622443846516841F0010175
:1088E000516054F8082FD3609A6002F029FD3BE6EE
:1088F000E80805F108031FE6A44438460834DCF80C
:10890000043043F00103CCF8043002F019FD2BE6EB
:10891000621943F0010145F0010538466560C6E97A
:108920000422C2E90288516044F80C30083402F095
:1089300007FD19E64FEA9C1202F139033832DB00D9
:1089400092E703F15C0003F15B0EC3002AE65AF8DC
:108950000839534540F0828010F0030F00F1FF30DA
:10896000F5D1736823EA0C0373604FEA4C0C0CF1E9
:10897000FF329A4204D393E64FEA4C0C09F1040902
:108980001CEA030FF8D0484663E60123CAF8043016
:10899000384602F0D5FC7BE692104FF0010C0CFA41
:1089A00002F24EEA020EC6F804E06CE70AEB080198
:1089B000384601EA0C01521A02EA0C01019104F056
:1089C00077FF431C7FF4C6AE0099C8E6542A13D83B
:1089D0004FEA1C3202F16F036E32DB0044E7B3F55D
:1089E000AA7F13D8EB0B03F1780003F1770EC300D5
:1089F000D8E5C6F808A497E6B2F5AA7F19D84FEAD9
:108A0000DC3202F178037732DB002DE740F254527A
:108A1000934219D8AB0C03F17D0003F17C0EC30027
:108A2000C0E5009B0021A3F108029044A8EB0A08CE
:108A300095E640F254539A420CD84FEA9C4202F118
:108A40007D037C32DB000FE74FF47E737F204FF015
:108A50007E0EA7E54FF47E737E2205E7736884E7F8
:108A6000031F00E030B153F8040F51F8042B90427B
:108A7000F8D0801A704700BF2DE9F8430646DFF8AA
:108A8000AC800820894601F0D5FC0546304602F04E
:108A900055FCD8F808305F6827F00307A7F11104E8
:108AA000A4EB09042C44B4FBF5F4013C05FB04F4ED
:108AB000A54208DC0021304604F0FAFED8F8083060
:108AC0003B44984205D0304602F03AFC0020BDE815
:108AD000F8836142304604F0EBFE01300FD03F1BBB
:108AE000104AD8F80830304647F001075F60136835
:108AF0001B1B136002F024FC0120BDE8F883002159
:108B0000304604F0D5FED8F80820831A0F2BDADDA2
:108B100043F0010303495360034B1B68C01A08600C
:108B2000D1E700BF7C340020F02F0020E82B00208C
:108B300000297CD02DE9F0410C46804602F0FEFB76
:108B4000764F54F8043CA4F10805BE6823F00101F7
:108B500068184268864222F0030200F08380DE0734
:108B600000EB020C426033D454F8084CDCF80430BB
:108B700007F1080C2D1B214403F00103AC68644588
:108B800064D0D5F80CE0C4F80CE0CEF80840002B17
:108B900000F0818041F001036B600160B1F5007F5E
:108BA00022D2CB080122490901338A4079680A435D
:108BB00057F833107A6007EBC302083AC5E902128E
:108BC00047F83350CD604046BDE8F04102F0B8BBF5
:108BD000DCF80430DB072BD541F00103B1F5007F51
:108BE00044F8043C0160DCD3B1F5206F4FEA512317
:108BF00053D28B0903F1390003F13802C300F8188E
:108C0000FB580838984203D161E09B68984204D031
:108C10005A6822F003028A42F7D8D868C5E90230C0
:108C200085604046DD60BDE8F04102F089BB7047D9
:108C3000114407F1080C836863453FD0C268DA60CD
:108C4000936041F001036B606950A7E7002B5FD18F
:108C50000A44D0E90213CB60996042F001036B60D3
:108C6000AA50B0E7DB070A4407D454F8083CED1AD1
:108C70001A44D5E90213CB60996042F001036B609E
:108C8000274BBD601B6893429DD8264B4046196810
:108C9000FFF7F2FE97E71144CDE7142B08D9542BC8
:108CA0001DD80B0B03F16F0003F16E02C300A6E7A2
:108CB00003F15C0003F15B02C300A0E741F0010394
:108CC000C7E90455C5E902CC6B6069507BE7012117
:108CD000921001FA02F279680A437A609EE7B3F5CE
:108CE000AA7F06D8CB0B03F1780003F17702C3000B
:108CF00085E740F25452934206D88B0C03F17D0075
:108D000003F17C02C3007AE74FF47E737E2276E79C
:108D100041F001036B60016055E700BFE82B0020C4
:108D2000F42F0020783400202DE9F04F8946B1F966
:108D30000C10ADF5317D834688040893D9F8643072
:108D400007D441F4005123F40053A9F80C10C9F8DA
:108D500064309F04C3F3403100F1C380174617F815
:108D6000013B1393002B00F013878E46714C8A460B
:108D70000B91069105910991CDF80CB014F803B050
:108D80001BF0080B70D1252B5ED13A785D465E460C
:108D9000A2F12503791C532B61D8DFE813F05400AE
:108DA0006000600060006000F00360006000600030
:108DB00060006000A600A600A600A600A600A6000F
:108DC000A600A600A600A60060006000600060008B
:108DD000600060006000600060006000FA03B100A5
:108DE0006000B1006000600060006000BB036000D4
:108DF0006000DA03600060006000600060006000F6
:108E000060006000840360006000E30360006000B5
:108E10006000600060006000600003040804B100AE
:108E2000B100B1000A04130460006000AC036000EC
:108E3000C3037506B70360006000F70360007706A0
:108E40006000600084030F46D9F80430002B3CDD3D
:108E5000D9F8003017F8012C1978914222D00598E2
:108E60000DF5317DBDE8F08FD9F80420039D0FE0AA
:108E7000D9F800301A780133A25C160710D5D9F85A
:108E800004200AF1010AC9F80030013AC9F80420A7
:108E9000002AEDDC4946284603F0EAFC0028E7D02A
:108EA00004970AE001330AF1010A0497C9F8003077
:108EB000D9F80430013BC9F80430049F17F8013B8E
:108EC0001393002B7FF45AAFC9E74946039803F088
:108ED000CFFC0028BCD0059B1BB1B9F80C305B0659
:108EE000BDD54FF0FF330593B9E715F08F0FB6D11D
:108EF00006EB860602EB46067A780F46303E47E7D9
:108F000004270491D9F80430002B00F36783494605
:108F1000039803F0ADFC0028DDD16B0640F15E83C1
:108F20007B1E032B00F2C986DFE813F0A80166015F
:108F3000A900060081810410039845F4F06505F04E
:108F4000C9FF03680D93731EB3F5AE7F40F28284B0
:108F50006FF4AE71731840F25D161093002758AB92
:108F60004946CDF844B09846BB46B9460A930C979B
:108F7000CDE90E770B681878A0F12B0CBCF14E0FE1
:108F800050D8DFE81CF019024F0019024F004F00C3
:108F90008102740074007400740074007400740022
:108FA000740074004F004F004F004F004F004F00FF
:108FB0004F001F027200720072002C020E024F005E
:108FC0004F00C0014F004F004F004F006B024F0099
:108FD00068024F004F004F0063024F004F004F00E8
:108FE0004E0249024F004F004F004F004F004F000C
:108FF0004F001F027200720072002C020E024F001E
:109000004F00C0014F004F004F004F006B024F0058
:1090100068024F004F004F0063024F004F004F00A7
:109020004E0249020D9A92F800C0844514D1AA0557
:1090300012D525F42075CDF830B008F8010B013EAB
:1090400048680AF1010A01380028486040F3FB82B1
:1090500001330B60002E8DD15A464B468946002ABB
:1090600000F0648125F4807560E12A05F4D519EBE0
:10907000070CF1D1674625F4C075E146DDE7731EA4
:1090800045F45865B3F5AE7F40F20B836FF4AE72D2
:1090900006EB020B40F25D1658AB4FF00008CDF81E
:1090A0001CB01F460A934B46DDF818B0C1469846DF
:1090B000D8F800201078A0F12B034D2B63D8DFE8FF
:1090C00013F014026200140262006200B2021C017A
:1090D0001C011C011C011C011C011C01FF01FF01E2
:1090E00062006200620062006200620062004E0084
:1090F0004E004E004E004E004E00620062006200C4
:10910000620062006200620062006200620062004F
:109110006200620062006200620062000702620098
:1091200062006200620062006200620062004E0043
:109130004E004E004E004E004E0062006200620083
:10914000620062006200620062006200620062000F
:109150006200620062006200620062000702BBF10E
:109160000A0F10DD25F4386507F8010BD8F8043034
:10917000013B002BC8F8043040F371820132C8F87B
:109180000020013E94D14346E905C846CDF818B009
:10919000994607D50A9B9F4200F2BE840A9B9F42D4
:1091A0003FF45DAE15F0100240F06882069B099E08
:1091B0000A9903983A70B047089BAA0603F104067F
:1091C00000F156826B0700F16E8415F0010240F049
:1091D0004E82AD0740F14B82B74B099903989942F3
:1091E000069B0A9900F04C8504F0AAFF0B46089AEA
:1091F0001168C1E900033DE2D9F80020002E05F016
:109200001008137808BF4FF0FF36EF07E35C03F058
:10921000080300F16D82B8F1000F00F02583002BE8
:109220007FF44BAED9F804300132012E03F1FF3345
:10923000C9F80020C9F8043000F009850125039F12
:1092400012E0D9F800301A780133A25C100713D469
:109250000135C9F80030D9F80430AE4203F1FF33CC
:10926000C9F8043000F07D84002BEADC494638461A
:1092700003F0FEFA0028E4D0AA441EE6002E05F012
:10928000100308BF4FF0FF36E9070C9300F130835D
:10929000D9F8001018AD0C9A0B78EB5C002A00F09E
:1092A0009282002B3FF4DBADD9F804300131012E5E
:1092B00003F1FF33C9F80010C9F804301BD0DDF802
:1092C0000C8010E0D9F800301A780133AA5C92B112
:1092D0000137C9F80030D9F80430BE4203F1FF333A
:1092E000C9F8043007D0002BECDC4946404603F0B7
:1092F000BFFA0028E6D0BA44DFE5704B25F43865A4
:1093000033F91BB030E7002F40F0C481BBF1000FF0
:1093100040F0C08105F4E062B2F5E06F00F01C841B
:109320004B46DDF844B089465F460022013B012BE5
:1093300040F278847B1E062B40F25683E80540F10C
:10934000B381690500F1878418F8011C01F0DF037F
:10935000452B40F0EA8308F1FF360AF1FF3A4A460E
:10936000039803F047FA15F010037FF4A6AD3370AD
:109370000E9B002B40F0A28300220A990398FDF770
:109380008FF8089BEA070746884603F1040640F178
:1093900057831B68C3E90078059B08960133059342
:1093A0008BE52A0503D519EB070C3FF463AE022FBA
:1093B0007FF452AE032740E62A067FF54DAE25F036
:1093C00080053AE62A0503D519EB070C3FF452AEA7
:1093D000B9F1010F7FF440AE4FF002092DE62A05E6
:1093E0003FF545AE05F4A06CBCF5806F06D06A056C
:1093F0007FF532AEBBF1000F00F0F683AA0504D46E
:109400000C9AABEB0202CDE90E2825F478654FF0FB
:10941000000B45F4C07510E6072F7FF41DAE08273A
:109420000BE605F4186CBCF5807F7FF415AEBBF13C
:10943000010F7FF411AE25F480753022013E4FF00C
:10944000000B45F4006508F8012BF6E5062F7FF4C4
:1094500003AE0727F1E52A05C4D4FDE5B9F1000FF5
:1094600040F01181BBF1000F40F00D8105F4E06C7C
:10947000BCF5E06F00F06A83012F02D0042F7FF467
:10948000EBAD0137FFB2D8E5EA057FF5F0AD109AF4
:1094900025F080050BF1010B002A3FF4D0AD109AA6
:1094A000013A1092CCE545F400750491024B032774
:1094B00009931023069325E5ED71031060800410D5
:1094C000874B33F91BB0BBF1080F3FF74BAE5AE6A1
:1094D00005F4C063B3F5007F7FF455AE25F4007545
:1094E0004FF0100B45F4A0653EE62B067FF54BAE22
:1094F00025F0800538E628077FF4B1AC7A786C2A2D
:1095000000F01E8345F001050F4641E445F408755F
:109510000491CBE72A077FF4A2AC7A7845F00205E4
:109520000F4635E4EE0604913FF5C7AC089A68078C
:1095300052F8043B089200F1BD82E90700F12B8349
:10954000AA0740F128834FEAEA72C3F800A05A60E4
:10955000B3E445F001050491624B03270993082306
:109560000693CFE445F04005012718A805F03EFC1E
:109570000490D9F80430002B3FF7D2ACC7E42E4357
:109580007FF46DAC7A7810250F4601E40227049130
:10959000B8E445F001050491534B032709930A23CE
:1095A0000693AFE445F0400500270491E1E70491FC
:1095B000F2E72B077FF453AC7A7845F004050F46A9
:1095C000FFF7E6BBD9F8043003270491002B464B84
:1095D00009934FF0000306937FF799ACD9F8002068
:1095E0001378E35C18077FF59BACDDF80C8006E090
:1095F000C9F800201378E35C19077FF591ACD9F81E
:1096000004300AF1010A0132013B002BC9F8043091
:10961000EEDC4946404603F02BF900287FF45BACB2
:10962000D9F80020E6E72B057FF59EADBBF1000FD2
:1096300003D145F400754FF0080B690540F1F58141
:1096400025F4B06590E50398079103F011F90799A7
:1096500000287FF401AD002E7FF48CACFCE4414681
:10966000039803F005F900283FF48BAD8BE5089BC8
:109670001B681860059B0896013305930A9BFF1A27
:109680004744BA4419E4B9F1020F7FF4F5AE4FF044
:109690000309D2E4032F3FF4F4AE052F3FF4F1AEFB
:1096A000DAE44FF0000BF7E415F010037FF405AC9B
:1096B00088F8003005F4C063B3F5806F7FF458AECE
:1096C0000C9B93423FF458AE9A1A0DF2B32307490C
:1096D000984528BF0DF2B2284046CCF77FF84BE6FC
:1096E00060800410ED710310619F03109C3A041018
:1096F000B8F1000F00F0B781002B7FF4DEABDDF88E
:1097000020B00DF14C0CCDF820B00027CDF81C8016
:10971000E346DDF82C80FDF735F8B8423FF4DBABCB
:1097200058ABB8F1030F16ADD9E9002112F8010BBF
:1097300001F1FF31D85507F10107C9F80410C9F844
:10974000002002D12B68042B04D0082200212846D7
:1097500009F0D6FC3B4658AA59460398009500F0FC
:109760005FFFB0F1FF3F80463FF4B5AB002840F00B
:10977000FB81CBF8000000F04FFF002840F0398259
:10978000BA44013E079B002B40F009820BF1040B09
:109790001F46D9F80420002A40F31682D9F8002089
:1097A0001278A25C150701D4002EB4D1DC46CDF8A6
:1097B0002C80DDE9078BB8F1000F00F05B81CDF85C
:1097C00020B0FFF77ABBDDF820B05BF8042B002B4C
:1097D0003FF445ABD9F804309046012E03F1FF3336
:1097E000C9F8043001F10103C9F800300B7808F81A
:1097F000013B24D016443746164611E0D9F8001034
:109800000B78EB5C53B3D9F80430013BC9F8043052
:109810004B1CC9F800300B7808F8013BB8451DD047
:10982000D9F80430002BE9DC4946039803F020F80E
:109830000028E3D046453FF44EABA8EB0607059B56
:10984000BA44CDF820B001330593002388F80030E6
:10985000FFF733BB00231093FFF780BBA8EB06078D
:10986000002FECD1FFF7FBBADDF8208058F8047B1D
:10987000002B40F0EA81D9F804303D46012E03F177
:10988000FF33C9F8043002F10103C9F8003013783E
:1098900005F8013B00F0D6813E44DDF80CB012E043
:1098A000D9F800301A78A25C110716D4D9F8042030
:1098B000013AC9F804205A1CC9F800201B7805F8A1
:1098C000013BB54209D0D9F80430002BE8DC494609
:1098D000584602F0CDFF0028E2D0EF1BBA44059BAA
:1098E000CDF820800133059300232B70FFF7E5BAF4
:1098F000002B00F0D3800DF14C0B00270B9DCDF811
:1099000028A00796FCF73EFFB8423FF4E4AA032DD7
:109910000DF15008D9E9003202F1FF3213F8011BB2
:10992000C9F8042058AAC9F80030D15507F1010739
:1099300003D1D8F80030042B04D00822002140467F
:1099400009F0DEFB58AA3B4659460398CDF8008043
:1099500000F066FE421C05463FF4BDAA002840F018
:10996000B8808246CBF8000016AB082200211846CA
:109970000B9309F0C5FBC04952460B9BD1F8E01090
:1099800003980E4612A9B04701280CBF9DF848A0C5
:109990004FF0000A18AB13F80A30002B00F00181D9
:1099A0000A9B032D3B440A9300F09C80079B013BDC
:1099B00007930C9B0BB90BF1040BD9F8043000276B
:1099C000002B40F39A80079B002B9BD1DDF828A049
:1099D0000B950C9B002B7FF470AACBF80030059BF5
:1099E00001330593FFF769BA022F40F25581032F27
:1099F0003FF4A4AC043F0795DDF80CB04546FFB238
:109A0000FE434644B846174615F8011D4A465846D7
:109A100002F0F0FEB542F7D13A460AF1FF3A474666
:109A2000A846079DAAEB070A88E4079B25F4607502
:109A300013B1013B0136079309F10109FFF796BB0A
:109A4000089BAA07D3F800B031D402460B46CAF7E8
:109A50002FF9002840F0198138464146CAF7D2F85C
:109A6000CBF8000098E4DDF820B05BF804CB002BC5
:109A70003FF449AE059BCDF820B001330593002398
:109A8000CCF80030FFF719BA049165E57B4B03274A
:109A9000049109930A230693FFF734BA089B53F8FD
:109AA00004BB089329E7089B1B681880E2E5CBE913
:109AB000007871E4A3F800A0FFF7FFB90F9E0A2316
:109AC00000220398711CB04600F04AFA0E9BC21A9D
:109AD000FBE5831C0CD0DBF800A0BAF1FF3F7FF45C
:109AE00043AF57E7D8F80030042B7FF45FAF60E74F
:109AF000D9F80430002B3FF705AF4946039802F030
:109B0000B7FE00283FF45FAFDDF828A00B95002FCB
:109B10003FF45FAFFFF7DFB917F8011C4A4603981F
:109B2000013F02F067FEFFF739BB4A46039802F097
:109B300061FEAAF1020AA8F1020618F8021C0EE45E
:109B4000BA7845F002050237FFF722B925F4F0652F
:109B50004FF00109FFF771BA25F4F0650127FFF70F
:109B60006CBAB244FFF7A9B910F1020F3FF411AE7D
:109B7000DBF8000000F050FD00283AD1B8F1030FE7
:109B8000BA447FF4FEAD2A68042A7FF4FAADF9E501
:109B90000593FFF764B9C3F800A0FFF78EB900275B
:109BA000F7E5DDF828A00B95002F3FF412AF58AB76
:109BB000039EDD19013F4A4615F8011D304602F0AB
:109BC00019FE002FF6D104E74946039802F050FE33
:109BD00000283FF4E3ADDC46CDF82C80DDE9078BAF
:109BE000002F7FF478A9E6E54B46BB468946FFF790
:109BF0009BBBDC46CDF82C80DDE9078B002F3FF4C2
:109C0000DAAD58AB039ECDF81CC0DD19013F4A46C2
:109C100015F8011D304602F0EDFD002FF6D1DDF8FC
:109C20001CC0C8E50A9CDDF80CB0A0457FF617A95A
:109C300018F8011D4A46584602F0DCFDA045F7D150
:109C4000FFF70DB90AF1010A49E63D4647E60AF178
:109C5000010AFFF732B90A9CDDF80CB0A0457FF687
:109C6000FEA818F8011D4A46584602F0C3FDA0455B
:109C7000F7D1FFF7F4B800BF54290020ED710310AD
:109C800005F094FE0B46FFF7B2BA664804F094F96B
:109C9000CBF80000FFF780BB0A9BDDF80CB09845BD
:109CA0007FF6DDA818F8011D4A46584602F0A2FDCD
:109CB0000A9B9845F6D1FFF7D2B8012E05F010089F
:109CC00038BF012615F00105374616D1B8F1000F4F
:109CD0006DD1089D33460122039855F8041BCDF839
:109CE000009002F0E1FD00283FF4F5A8059B8244B6
:109CF000089501330593FFF7E0B8B8F1000F48D09D
:109D00004FF0000B00260B9B45460793FCF73AFDEE
:109D1000B0423FF4E0A858AB0DF15808D9E9002152
:109D200012F8010B013998550136079BC9F8041048
:109D3000032BC9F8002003D1D8F80030042B04D03D
:109D400008220021404609F0DBF9334658AA59465B
:109D50000398CDF8008000F063FC421C03463FF4FA
:109D6000BAA8002839D1B244013F1DB9CBF8005040
:109D70000BF1040BD9F804200026002A3EDD002F49
:109D8000C3D1A8460B93B8F1000F3FF428AEFFF7FC
:109D900094B8089B53F804BB0893B3E7C9F80010C4
:109DA000494603981D44FF1A02F062FD78B9D9E9CB
:109DB00000239F4202EB0301F0DCDB1B3A443D44ED
:109DC000C9F80430AA44C9F80020FFF776B8002D7E
:109DD0003FF481A8AA44FFF770B8981C0AD0032B5F
:109DE000B24403D1D8F80020042A00D0013F002D4E
:109DF000BED0BFE7D9F80420002A86DC4946039884
:109E0000079302F035FD079B0028B8D0A8460B93B6
:109E1000002E7FF460A8B8F1000F3FF4E0ADFFF72B
:109E20004CB800BFD83104108446134602200A46BD
:109E3000614600F0C3BC00BF00F03AB910B4044C56
:109E400013460A46014620685DF8044B00F030B91D
:109E5000C02A00202DE9F04F82468E463F487546C5
:109E60001EF801BB10F80B4014F00804F7D1BBF149
:109E70002D0F5BD0BBF12B0F6FF0004904BF9EF894
:109E800000B005F1020E33F0100010D1BBF1300F1D
:109E900004D0002B5ED10A231F4609E09EF8000083
:109EA00000F0DF0058284ED0002B53D108231F4666
:109EB0000025B9FBF7F6284607FB16980EE0ABF134
:109EC000370C63451DDD002D04DB864202D321D112
:109ED000E0451FDA4FF0FF351EF801BBABF1300C47
:109EE000BCF1090FEDD9ABF1410CBCF1190FE6D96A
:109EF000ABF1610CBCF1190F03D8ABF1570C634502
:109F0000E1DC6B1C0AD004B140420AB1CDB911604A
:109F1000BDE8F08F07FB00C00125DDE72223CAF86A
:109F200000305AB10EF1FF314846F0E79EF800B01C
:109F30004FF0004905F1020E0124A4E74846BDE8B0
:109F4000F08F8146EEE710239EF801B00EF1020E6D
:109F50001F46ADE710231F46AAE700BF818104100A
:109F6000242B02D8012B00D074E710B5FDF754FB69
:109F700016230360002010BD10B5242A084C134698
:109F8000246807D8012A05D00A4601462046BDE8C4
:109F900010405FE7FDF740FB16230360002010BD73
:109FA000C02A002010B5242A084C1346246807D87C
:109FB000012A05D00A4601462046BDE8104049E77F
:109FC000FDF72AFB16230360002010BDC02A0020E5
:109FD00070B539B106460C4608B1436B83B3B4F98A
:109FE0000C3013B90025284670BD21463046FDF7D8
:109FF000A9F9E36A054633B1E1693046984700287C
:10A00000B8BF4FF0FF35A3891B061CD4216B41B1AB
:10A0100004F14003994202D03046FEF789FD002347
:10A020002363616C21B13046FEF782FD0023636437
:10A0300001F082FA0023A38101F080FA284670BD66
:10A0400001F06AFACBE721693046FEF771FDDDE7E2
:10A05000024B01461868FFF7BBBF00BFC02A0020B3
:10A0600000487047F82F002010B4034CD4F8E040AB
:10A07000A4465DF8044B604754290020034649B1CB
:10A08000FF2A02D801200A7070478A224FF0FF3061
:10A090001A607047084670470146006830B10B46A9
:10A0A00053F8042F002AFBD1581A8010704700BFC4
:10A0B0002DE9F04F0C4697B090461E46054618B164
:10A0C000436B002B00F01181A38903F48473B3F573
:10A0D000847F00F0E280D4F82890B9F1000F00F0FE
:10A0E0003581012E42D036F0020706D016232B60B0
:10A0F0004FF0FF3017B0BDE8F08F2269BA46002A52
:10A1000057D0B4F90C3040F61A02134207D1590562
:10A110006DD4904A914551D043F40063A381214608
:10A120002846FDF7ABF90028E2D133464246E16903
:10A130002846C8470130DBD0216B41B104F1400310
:10A14000994202D02846FEF7F3FC00232363A3893B
:10A1500000212069082223F40263C4E90001A381DD
:10A1600004F15C0008F0CCFF0020C3E7214628463C
:10A17000FDF784F9B4F90C3013F4805240F092806A
:10A180003346E1692846C847431C0746B0D0B4F9B6
:10A190000C3022695E0740F18A806368FF1A236BE6
:10A1A0000BB1E36BFF1AB8444FF0010A0026002AF6
:10A1B000A7D12146284604F01DFFA2E7B4F90E10EE
:10A1C0000029A9DB6A46284601F026F8002840F05D
:10A1D0009F80019B03F47042B4F90C30B2F5004F3C
:10A1E0009AD143F48063A3814FF48063E364002E2B
:10A1F00067D1C346BAF1000F72D1A389DA047ED5C4
:10A20000206D6268216B871A002971D0E36BFF1AF9
:10A2100017442069A26B121ABF1A1344BB4502DB14
:10A22000FA185A4577D8E76C0023E16928467F423F
:10A2300007EA0B073A46C84701303FF470AF0023E6
:10A24000216B63602369236041B104F140039942AB
:10A2500002D02846FEF76CFC00232363A389BBEBE6
:10A26000070B23F02003A38110D02146284600F0DD
:10A27000E5FA00287FF453AF63685B45FFF44FAF06
:10A280002268A3EB0B035A44C4E9002308220021EF
:10A2900004F15C0008F034FF66E721462846FDF72C
:10A2A000EDF818E75E07276D22693FF576AF1807CE
:10A2B0007FF579AF2368002B3FF475AF9B1A1F44DD
:10A2C00071E76A46B4F90E10284600F0A5FF002891
:10A2D0007FF425AF049B08EB030BBAF1000F8CD081
:10A2E000216B626821B1E36B92E701F015F9EBE6AF
:10A2F0002368002120691B1AFF1A13448EE70123EB
:10A300005246E1692846C847431C7FF47AAF06E706
:10A31000B4F90C3000E7ABEB07073844DB1BC4E9AA
:10A32000000341B104F14003994202D02846FEF7F0
:10A33000FFFB00232363A3890822002104F15C00B2
:10A3400023F02003A38108F0DBFE0DE71D232B6023
:10A35000CEE600BFE9A5031010B4044C13460A462C
:10A36000014620685DF8044BFFF7A2BEC02A00201A
:10A37000024B01461868FEF7CFB800BFC02A002084
:10A38000024B01461868FEF7D3BB00BFC02A00206D
:10A3900030B5054683B0144608B1436BCBB1A36812
:10A3A000013B002BA36012DAA269934208DBC8B21A
:10A3B0000A2805D023685A1C2260197003B030BDEA
:10A3C0002246284603B0BDE8304000F0FFBAC8B2CC
:10A3D000F0E7019101F0A0F80199E0E7144B70B5A6
:10A3E0001E6805460C460EB1736BE3B1A368013BD2
:10A3F000002BA36011DAA269934207DBE8B20A28B6
:10A4000004D023685A1C22601D7070BD2246294664
:10A410003046BDE8704000F0D9BA2368E8B25A1C53
:10A4200022601D7070BD304601F076F8DEE700BF97
:10A43000C02A0020082802D14FF48050704708B588
:10A44000FDF7EAF8162203464FF0FF301A6008BD08
:10A4500038B50B780C460546613B172B13D8DFE85F
:10A4600003F01E0C262E121236121212123E121277
:10A470001246121253125B12121631492046FCF793
:10A4800011FA002858D0162300202B6038BD2D4922
:10A490002046FCF707FA0028F5D10C2038BD2A49E0
:10A4A0002046FCF7FFF900283ED1012038BD27499E
:10A4B0002046FCF7F7F90028E5D1042038BD2449EF
:10A4C0002046FCF7EFF90028DDD1052038BD2149F1
:10A4D0002046FCF7E7F90028D5D1062038BD1E49F3
:10A4E0002046FCF7DFF90028CDD1072038BD1B49F5
:10A4F0002046FCF7D7F908B319492046FCF7D2F9F2
:10A500000028C0D1092038BD16492046FCF7CAF9F9
:10A510000028B8D10A2038BD13492046FCF7C2F9FB
:10A520000028B0D10B2038BD10492046FCF7BAF9FD
:10A530000028A8D1022038BD032038BD082038BD2E
:10A54000D83A04104036041048360410103604106F
:10A55000303604105036041020360410083604102B
:10A56000383604100036041018360410283604104B
:10A57000024B01461868FFF76BBF00BFC02A0020DE
:10A5800010B50C46B1F90E1005F02AFA002803DBCD
:10A59000236D0344236510BDA38923F48053A38155
:10A5A00010BD00BF002070472DE9F0410C46B1F905
:10A5B0000C101F460546CB0516460BD421F48051DE
:10A5C0003B4632462846A181B4F90E10BDE8F04161
:10A5D00000F012BCB4F90E100223002205F090FA2C
:10A5E000B4F90C10EAE700BF10B50C46B1F90E1033
:10A5F00005F086FA421CB4F90C3004D043F48053C1
:10A600002065A38110BD23F48053A38110BD00BF3A
:10A61000B1F90E1003F078BB002105F0F3B800BFCC
:10A6200070B50D4C82B00546D4F8E460069C2AB1A2
:10A630000094B047431C08D002B070BD11460123FE
:10A64000064A0094B047431CF6D100228A232260B8
:10A650002B6002B070BD00BF54290020D831041017
:10A6600070B51C460F4B82B01D680F4BD3F8E460E9
:10A6700051B1944600940A46014663462846B047C5
:10A68000431C08D002B070BD0123084A284600943C
:10A69000B047431CF6D100228A2322602B6002B00F
:10A6A00070BD00BFC02A002054290020D8310410FA
:10A6B000303809288CBF0020012070474B68002BE0
:10A6C00070B50C4684B0054620DDFCF75BF8012828
:10A6D00023D004F15C0603A92846D4E900230096A0
:10A6E000FFF79EFF421C27D0831C1FD0D4E9002314
:10A6F00030B102441B1A0398C4E9002304B070BDB2
:10A700000132013BC4E9002304B070BD00F096F8AB
:10A710000028DAD04FF0FF30F0E7D4E90023511CD5
:10A72000013B21601078636004B070BD214628466B
:10A7300000F084F80028CED0A38943F04003A38121
:10A74000FCF76AFF8A230360E4E700BFB1F90C302D
:10A750004A6E13F4005F04D0930408D44FF0FF3026
:10A76000704743F4005342F400528B814A66FFF76E
:10A77000A5BF00BF38B5104B04461D680DB16B6B0B
:10A78000ABB1B4F90C30626E990404D5930408D4CB
:10A790004FF0FF3038BD43F4005342F40052A38120
:10A7A000626621462846BDE83840FFF787BF284645
:10A7B00000F0B2FEE5E700BFC02A002070B4164DDD
:10A7C0002C681CB365681F2D23DC38B96B1C002076
:10A7D0000235636044F8251070BC704704EB850CAB
:10A7E0000228CCF888204FF00102D4F8886102FAE0
:10A7F00005F246EA0206C4F88861CCF80831E5D1D2
:10A80000D4F88C311343C4F88C31DFE7034C2C604F
:10A81000D8E74FF0FF30DFE7A0370020B434002046
:10A820008B8903F00903092B01D000207047024BEC
:10A830001868FCF723BE00BFC02A002070B505468B
:10A840000C4610B1436B002B56D0B4F90C300022EB
:10A850009E06626059D4580719D4D90658D51A07EC
:10A8600039D443F00403A3812369002B3FD0B4F90A
:10A870000C60B3071ED122692846266A6369E16924
:10A880002260B0470028606039DD002070BD216B78
:10A890000029E9D004F14003994202D02846FEF78E
:10A8A00047F90022E36B22636360002BDCD0A36BCB
:10A8B0002360EAE701231C4A1C49A3811C4804F0D9
:10A8C000E5FA06F00903A681092BD4D121462846D2
:10A8D000FCF738FDCFE721462846FCF7CFFDA0B9AD
:10A8E000B4F90C30A06023F00803A061B9E7214659
:10A8F000284604F07FFBBAE700F00EFEA5E7B4F9A6
:10A900000C300BD143F02003A3814FF0FF3070BD1A
:10A91000092243F040032A60A381F6E7002243F0B6
:10A9200040036260A381F0E75830002021A80310A3
:10A93000C82A0020002103F043BB00BF2DE9F047E7
:10A94000DFF8749080460E46174603F037FCD9F8BE
:10A9500000504DB13378344663B13D2B0AD014F822
:10A96000013F3BB13D2BFAD1404603F029FC0020CA
:10A97000BDE8F0873D2BF7D02868A41B0028F3D052
:10A9800022463146FCF7B4FD28B92868035D00EB88
:10A99000040A3D2B04D055F8040F0028F0D1E3E75A
:10A9A000D9F800304046ED1AAD103D6003F008FCC8
:10A9B0000AF10100BDE8F0876430002000B583B0E3
:10A9C00001AAFFF7BBFF03B05DF804FBF8B50D4625
:10A9D0000646144610B1436B002B4AD0B4F90C3034
:10A9E000A2691807A2601FD52269EAB1EDB29904E5
:10A9F000626E2F4624D592042FD4226823696169A0
:10AA0000D31A99422CDD0133A1680139A160511C90
:10AA10002160157062699A4219D00A2D02D1A3896A
:10AA2000DB0714D43846F8BD2146304604F0EEFF6B
:10AA300098B9B4F90C30EDB2626E99042F46DAD4AD
:10AA400043F4005322F40052A3816266D3E7214607
:10AA50003046FCF713FD0028E4D04FF0FF37E1E764
:10AA600021463046FCF70AFD0028F6D12268012372
:10AA7000CAE700F051FDB1E7024B0A4601461868EB
:10AA8000FFF7A4BFC02A00202DE9F04F164683B07F
:10AA9000002900F09E800C4606F10B05804600F070
:10AAA0004DFC54F8040C162DA4F1080920F00307FE
:10AAB00062D8102200231546B542C0F0A280002BB8
:10AAC00040F09F80974261DADFF828B309EB070175
:10AAD000DBF80830D1F804C08B4200F097802CF0EE
:10AAE00001030B445B68DB0768D42CF0030C07EB15
:10AAF0000C03934245DAC30712D454F8083CA9EB7F
:10AB0000030ADAF8043023F0030084440CEB070B4B
:10AB10005A4540F3FE8007EB000B5A4540F3D480C2
:10AB200031464046FDF7F8FC0646002800F0298132
:10AB300054F8043CA0F1080223F001034B44934273
:10AB400000F0B1803A1F242A00F2DF80132A00F2BD
:10AB5000B0800346224611681960516859609268B6
:10AB60009A6021464046FDF7E3FF404600F0E8FBCF
:10AB7000304603B0BDE8F08F25F007052A46EB0FFD
:10AB80009AE71F46D1E90223D3609A60781BD9F86F
:10AB9000043009EB07020F2803F001031FD83B43E1
:10ABA000C9F80430536843F0010353602646404619
:10ABB00000F0C6FB304603B0BDE8F08FC307AFD44A
:10ABC00054F8083CA9EB030ADAF8043023F0030038
:10ABD000A1E7114603B0BDE8F04FFDF79DBC2B4344
:10ABE00009EB050140F00100C9F80430083141F8D3
:10ABF000040C4046536843F001035360FDF798FF8F
:10AC0000D4E70C23C8F800300026D3E72CF0030C5F
:10AC100005F110010CEB07038B4280F29280C00714
:10AC20003FF57EAF54F8083CA9EB030ADAF804308C
:10AC300023F0030084440CEB070399423FF76BAF0A
:10AC40003A1F5646DAF80C1056F8080F242AC1604D
:10AC5000886000F2B080132A40F2AB8021681B2A82
:10AC6000CAF808106168CAF80C1000F2AB8008340A
:10AC70000AF110022168116061685160A168916059
:10AC80005B1B0AEB0502404643F00103CBF80820AA
:10AC90005360DAF8043003F001032B43CAF80430A0
:10ACA00000F04EFB86E750F8043C23F003031F44FA
:10ACB0006CE723681B2A03606368436036D804F19D
:10ACC000080200F1080346E73A1F5646DAF80C304E
:10ACD000242A56F8081FCB60996022D8132A1ED95F
:10ACE00023681B2ACAF808306368CAF80C303CD8BD
:10ACF00008340AF1100322681A6062685A60A26878
:10AD00009A6034465F46D14640E7214608F0BCF9D8
:10AD100027E7D1E902133A1FCB609960D5E73346A4
:10AD2000E9E72146304608F0AFF9EAE7A368242AAC
:10AD30008360E368C36028D004F1100200F11003BF
:10AD400009E75B1B09EB05024046264643F0010379
:10AD5000CBF80820536054F8043C03F001032B4364
:10AD600044F8043C00F0ECFA24E7A368242ACAF86B
:10AD70001030E368CAF8143010D010340AF1180308
:10AD8000B9E7404600F0DCFA3EE7236904F1180217
:10AD900003616369436100F11803DCE62369183439
:10ADA000CAF8183054F8043CCAF81C300AF12003E1
:10ADB000A1E732465EE721463046019308F064F988
:10ADC000019B5DE7A168242ACAF81010E168CAF85F
:10ADD000141003D010340AF118024BE7226918341A
:10ADE000CAF8182054F8042CCAF81C200AF12002D2
:10ADF00040E700BFE82B002038B50C4684461146DA
:10AE0000074D1A460023204664462B60CAF778FD9A
:10AE1000431C00D038BD2B68002BFBD0236038BD0D
:10AE2000A43700208C461146BCF18E0F00F29180B1
:10AE3000DFE81CF03A0138013601340132013001FB
:10AE40002E012C012A0128012601240122012001C2
:10AE50001E018F001C011A011801160114011201B4
:10AE600010010E010C010A01080106010401020192
:10AE70000001FE00FC00FA00F800F600F4008F006C
:10AE80008F008F008F008F008F008F008F00F200E7
:10AE9000F0008F008F008F008F008F008F008F00D9
:10AEA0008F008F008F008F008F008F00EE00EC006E
:10AEB000EA00E8008F008F008F00E6008F008F000F
:10AEC0008F00E4008F008F00E2008F008F00E00011
:10AED0008F008F008F008F008F008F008F008F00FA
:10AEE0008F008F00DE008F00DC00DA00D8008F00BA
:10AEF0008F00D6008F008F008F008F008F008F0093
:10AF00008F008F00D400D200D000CE00CC00CA0049
:10AF10008F00C800C600C400C200C000BE00BC0054
:10AF2000BA00B800B600B400B200B0008F00AE00A6
:10AF3000AC00AA00A8008F008F008F008F008F0048
:10AF4000A6008F008F008F00A400A200A0009E002A
:10AF50009C00002B14BF1A460246604608B504F058
:10AF60005DFC524B002808BF184608BD504870478A
:10AF70005048704750487047504870475048704795
:10AF80005048704750487047504870475048704785
:10AF90005048704750487047504870475048704775
:10AFA0005048704750487047504870475048704765
:10AFB0005048704750487047504870475048704755
:10AFC0005048704750487047504870475048704745
:10AFD0005048704750487047504870475048704735
:10AFE0005048704750487047504870475048704725
:10AFF0005048704750487047504870475048704715
:10B000005048704750487047504870475048704704
:10B0100050487047504870475048704750487047F4
:10B0200050487047504870475048704750487047E4
:10B0300050487047504870475048704750487047D4
:10B0400050487047504870475048704750487047C4
:10B0500050487047504870475048704750487047B4
:10B0600050487047504870475048704750487047A4
:10B070005048704750487047504870475048704794
:10B080005048704750487047504870475048704784
:10B090005048704750487047504870475048704774
:10B0A000504870475048704750487047D831041096
:10B0B000544104103C410410284104108C410410F8
:10B0C000843E0410BC3D0410F44004100C410410F4
:10B0D000F83C0410B84004102C3F0410B441041094
:10B0E000C03B0410883B0410903C0410903D0410B9
:10B0F000803C0410C8410410D43C0410A83E041045
:10B10000D0400410A04004107040041058400410B7
:10B110003840041018400410E83F0410C43F0410E5
:10B120008440041068410410AC3F0410903F0410A8
:10B130007C3F0410603F0410543F0410403F041053
:10B140001C3F0410043F0410F03E0410D83E0410CD
:10B15000E03F0410C83E0410C03E04109C3E0410A2
:10B16000703E0410543E0410403E0410103E041083
:10B17000043E0410F43D0410DC3D0410CC3D0410EA
:10B18000A43D0410803D0410703D0410583D04108F
:10B19000383D0410183D0410C03C0410B03C0410AD
:10B1A000703C0410603C04104C3C0410403C041003
:10B1B000283C04101C3C0410083C0410F43B041010
:10B1C000E03B0410B43B0410A43B0410743B041097
:10B1D000603B0410443B0410383B0410203B041037
:10B1E000103B0410F43A0410E83A0410E03A04105A
:10B1F000034A0023014610681A46FFF713BE00BF3A
:10B20000C02A0020034A0023014610681A46FFF7AF
:10B2100009BE00BFC02A002070B50C460346084D89
:10B220000026204611461C462E60CAF781FB431CAF
:10B2300000D070BD2B68002BFBD0236070BD00BF19
:10B24000A43700202DE9F04186B002FB03F81C462C
:10B25000174601AB0C9E0546019103930123CDF8DF
:10B260000880CDF81480049308B1436B13B3B6F98A
:10B270000C20736E910405D442F4005223F4005361
:10B28000B28173669B0403D5002006B0BDE8F0814F
:10B290003146284603AA00F06BF938B1059BA8EBAC
:10B2A0000308B8FBF7F006B0BDE8F081204606B011
:10B2B000BDE8F08100F030F9D9E700BF2DE9F04199
:10B2C0001D4C86B002FB01F70E46D4F800801C46E8
:10B2D00001AB154601900393012302970597049350
:10B2E000B8F1000F02D0D8F834300BB3B4F90C2009
:10B2F000636E910405D442F4005223F40053A281FA
:10B3000063669B0403D5002006B0BDE8F0812146AA
:10B31000404603AA00F02CF930B1059BFF1AB7FB99
:10B32000F6F006B0BDE8F081284606B0BDE8F08131
:10B33000404600F0F1F8D9E7C02A0020704700BF6E
:10B34000704700BF00207047024A0349034803F0DA
:10B350009DBD00BF58300020D19F0310C82A002097
:10B360000C4B4168994210B5044601D0FEF730FEFF
:10B37000A168094B994202D02046FEF729FEE168F8
:10B38000064B994204D02046BDE81040FEF720BE8F
:10B3900010BD00BF44360020AC360020143700201A
:10B3A000002070472DE9F8432A4900252A4C042340
:10B3B0000822DFF8B890C4F8381104F15C0029467F
:10B3C000DFF8AC80254F264EE36025606566A561F9
:10B3D000C4E90155C4E9045507F092FE214B082247
:10B3E000294604F1C40063672567C4F8CC50C4F84B
:10B3F0008050E662C4E90749C4E90987C4E91A55DF
:10B40000C4E91E5507F07CFE04F1680329460822B2
:10B41000C4F8843004F59670134BC4F8D850C4F8BF
:10B42000DC30C4F83451C4F8E850C4E92298C4E9C7
:10B430002476C4E93455C4E9385507F061FE04F1B7
:10B44000D003C4E93C98C4E93E76C4F8EC30BDE8CA
:10B45000F88300BF49B3031044360020E9A5031068
:10B4600011A60310090001001200020081A50310BB
:10B47000A9A50310F8B5254B0646D3F83831002BA3
:10B480003DD0234FD7E90134013B04D51DE05A1CC0
:10B4900004F1680419D0B4F90C50013B002DF6D129
:10B4A0001C4B0822294604F15C006566E3602560B8
:10B4B000A561C4E90155C4E9045507F021FEC4E9BA
:10B4C0000C55C4E911552046F8BD3D680DB12F4615
:10B4D000D8E74FF4D6713046FDF71EF8044688B120
:10B4E000042305600C302946254640F8083C4FF4FB
:10B4F000D072A06007F004FE3C602F46C2E7FFF761
:10B5000051FFBEE70C2338603360DCE7443600208F
:10B51000583000200100FFFF436B03B17047044B1C
:10B52000044AD3F838314263002BF7D13AE700BF21
:10B530004436002061B30310704700BF704700BF5E
:10B54000024A0020024903F0A1BC00BF583000208D
:10B5500045B30310024A0020024903F097BC00BF24
:10B5600058300020A1B30310704700BF704700BFE0
:10B570009368002B00F0F980B1F90CC01CF0080FA3
:10B580002DE9F04F904683B081460C4631D00B69CF
:10B590007BB31CF00207D8F8006038D00027D4F83D
:10B5A00024B0E169DFF8C4A23D4655452B463A4632
:10B5B000484628BF5346C5B1D847002840F3CB8042
:10B5C000D8F8083007442D1A1B1AC8F80830002B89
:10B5D00000F0B78055452B46D4F824B03A46E169CF
:10B5E00028BF53464846002DE6D1D6E900750836F7
:10B5F000DBE72146484604F009FA002840F0B08015
:10B60000B4F90CC0D8F800601CF00207C6D11CF0D9
:10B61000010A64D123685746A16818468B46002F5B
:10B6200059D01CF4007F00F0B680B9420A4600F2FF
:10B63000E2801CF4906F30D021695D1A636913EBCE
:10B64000430348BF01334FEA630B6B1C3B445A462C
:10B650005B4501D99B461A461CF4806F00F0EA80D6
:10B6600011464846FCF758FF002800F0F9802A46AA
:10B670002169009007F00CFDA289009B22F49062E2
:10B6800042F08002A2815819C4F814B0ABEB050552
:10B690003A46BB462361A56020605146009207F000
:10B6A000F3FCA16823683D46009AA1EB0B0100273B
:10B6B0001A44A1602260D8F80830AA445B1BC8F87D
:10B6C0000830002B3DD02368A168B4F90CC018469F
:10B6D0008B46002FA5D1D6E900A708369DE738464E
:10B6E000BB463D460097002D41D0002846D0009A29
:10B6F000A168AA426369206828BF2A4603EB010AB1
:10B700002169884202D9524500F38580934275DC55
:10B710005A46E1694846676AB847B0F1000A1ADD3F
:10B72000009BB3EB0A0300930FD00120D8F8083038
:10B73000D344A5EB0A05A3EB0A03C8F80830002B95
:10B74000D1D1002003B0BDE8F08F21464846FBF779
:10B7500095FE0028EAD0B4F90C3043F04003A381F1
:10B760004FF0FF3003B0BDE8F08F002070477568E0
:10B7700033460836002DFAD0D3F800B02A460A2105
:10B78000584607F0C9FC002867D00130A0EB0B0336
:10B790001A460093ACE722699A4214D36269BA420E
:10B7A00011D86FF00043656AE1694846BB4228BF83
:10B7B0003B4693FBF2F302FB03F35246A847051EF8
:10B7C000C9DD7F1B77E7B942184628BF39460D46C9
:10B7D00051462A4607F058FCA1682368491B2B44B0
:10B7E000A16023600029ECD121464846FBF746FEC4
:10B7F0000028E6D0AFE7BB463A464EE759460192ED
:10B8000007F042FC019AA36892469B1AA360236842
:10B810001344236084E75946524607F035FC2368F9
:10B820002146484653442360FBF728FE00283FF496
:10B8300077AF90E74846FFF727F9034600287FF4E3
:10B8400022AF21694846FDF773F9B4F90C300C2298
:10B8500023F08003C9F800207FE76A1C009247E7C5
:10B860000C22B4F90C30C9F8002076E700FCFF7F09
:10B8700070B582B006460D461446FAF783FF0128DC
:10B8800002D16B1EFE2B26D904F15C032A4601A9C6
:10B890003046FBF76FFE431C20D078B1A3689DF8BB
:10B8A0000410013B002BA36004DAA269934208DB79
:10B8B0000A2906D023685A1C22601970284602B053
:10B8C00070BD2246304603F043FC0130F6D14FF004
:10B8D000FF3002B070BD8DF80450DFE7A38943F05C
:10B8E0004003A381F3E700BF08B5FFF7C1FF0020C5
:10B8F00008BD00BF0D4B0A4610B50446186882B05B
:10B9000008B1436B2BB12146FFF7B2FF002002B014
:10B9100010BDCDE90001FFF7FFFD2146DDE9000282
:10B92000FFF7A6FF002002B010BD00BFC02A002014
:10B93000FE2806D8034B1B5C03F00303022B08BF51
:10B940002038704781810410A2B103464FF0000CEB
:10B9500010B401E0624509D0184653F8044B0CF1CD
:10B96000010C8C42F6D15DF8044B704700205DF865
:10B97000044B704710467047002104F0A9B800BF7F
:10B98000002104F0B1B800BF426940F26C73002A94
:10B99000A8BF6FF063031344920710B407D1264C7D
:10B9A000264A274904FB0322B1EBB20F2FD3224CC6
:10B9B000224A244904FB0323B1EB331F2CBF01218E
:10B9C000002141F2A262D0E906305B0003EB0013D4
:10B9D0000B4493422CD00BDC012B1ADD0A3B172BB6
:10B9E00028D81948D84040F300005DF8044B704750
:10B9F00041F2B462934212DD144A1A44152A19D84E
:10BA000013485DF8044BD04000F00100704701215D
:10BA1000D7E7DB435DF8044BDB0F5842704741F238
:10BA2000B1605DF8044B8342D4BF00200120704711
:10BA30000120DAE70020D8E7295C8FC250B81E0544
:10BA4000285C8F020AD7A300CF00CC003EE9FFFF9D
:10BA50001F002A002DE9F04F0024ADF29C4D8346D3
:10BA60000E469A460294136863B1252B13D0711EBB
:10BA7000A14240F2BB8004324BF8243001341368F9
:10BA8000002BF2D116B100234BF8243020460DF2E2
:10BA90009C4DBDE8F08F002BF4D05168302971D057
:10BAA000A1F12B07B7FA87F77F09002F6AD1A1F11F
:10BAB0003103151D082B6DD94FF0000845295ED0C4
:10BAC0004F295CD0A1F12503552B00F28F80DFE8D0
:10BAD00013F08B048D008D008D008D008D008D0086
:10BAE0008D008D008D008D008D008D008D008D00EE
:10BAF0008D008D008D008D008D008D008D008D00DE
:10BB00008D008D008D008D008D003D046404D903EF
:10BB10009C028D00B7014E02B700CE008D008D0053
:10BB20008D0093018D008D00E6008D00E80222015A
:10BB30009701A901260103020D02C00219028D001E
:10BB40008D008D008D008D008D006A009300C9016D
:10BB50001A011A018D00F40293008D001903B70039
:10BB6000CE001E0323038D00E6002C033603510391
:10BB7000E401080416043204EF0237014601696843
:10BB800004359FE70F46916802F10805A1F13103E2
:10BB9000082B91D8284606A90A2202F0BDFB069D73
:10BBA000804629688AE7DAF8183026A8BF4A183391
:10BBB00052F823100023FF22CDF8943404F0ECFD5A
:10BBC000431E03334DD8771EBC420FD26FF0404264
:10BBD00026AB204422440BEB8202013453F8041BB1
:10BBE000844242F8041F3CD0BC42F6D100242046D7
:10BBF0000DF29C4DBDE8F08FDAF8102026A8AB4B73
:10BC000053F822100023FF22CDF8943404F0C4FD31
:10BC1000431E033325D8771EBC42E7D26FF0404263
:10BC200026AB204422440BEB820201E0BC42DDD073
:10BC3000013453F8041B844242F8041FF6D110E08B
:10BC40009B4B9C4A6B2908BF1A46DAF80830311B17
:10BC50000BEB840003F080F90028C7DB0444A64204
:10BC6000C4D92B68002B3FF40DAF2A1DFBE6DAF890
:10BC70000820002A00F0C3830C2A00F0C0838E48FD
:10BC800080FB0230D317C3EB600303EB4303A2EB4B
:10BC900083038748874A492918BF0246D7E7DAF85D
:10BCA000083026A80B2B814BD4BF0022012203EBC6
:10BCB0008203FF22D3F8A4100023CDF8943404F0BB
:10BCC0006BFD431E0333CCD8721E94428ED26FF0AC
:10BCD0004048039626AF04EB0009A04416460BEB40
:10BCE000880808E0013448F8040F4C4500F0B083A0
:10BCF000B4423FF47BAF2B6857F8040B502BF1D1C3
:10BD0000FBF7CEF9EEE76B4B694A642908BF1A4688
:10BD1000DAF80C309BE7DAF80030664A97E75046CD
:10BD2000FFF732FEDAF81820002A00F06683013AA5
:10BD30000028DAF81C3040F38D8301235D4A86E742
:10BD4000DAF814000028C0F291845C4A82FB0032C9
:10BD5000C317C3EB6213642202FB1303EEE7DAF8A6
:10BD60002030002B81DBFFF7FFFB029B002B00F054
:10BD7000D883FEF775F9DAF82030DFF85891002BF8
:10BD8000D4BF00230123013303EB830350F8337046
:10BD9000FFF7ECFB0BEB8403311B7F42039389FB22
:10BDA00007204FEAE77802913844C8EB6010FCF7AF
:10BDB000FDFA0246DDE90213184689FB02C34FEA89
:10BDC000E27C1344CCEB631C3D4BCCEB0C1CA2EB94
:10BDD0008C02009283FB07233A4A3B44C8EBE323DF
:10BDE00003F0BAF80028FFF601AF0444A6427FF63C
:10BDF000FDAE0123029334E7DAF804302D4A26E73A
:10BE0000DAF80030311B304A0BEB84000193DAF88A
:10BE100004300093DAF8083003F09EF80028BFF6EB
:10BE20001DAFE3E6DAF81C30DAF8182007339A1A67
:10BE3000264B83FB02131344D217C2EBA3037DE707
:10BE40000DF118092523C9F80030002F00F0EA820F
:10BE5000B8F1050FC9F8047000F2518308AF3846F5
:10BE60001B4963E2114B26AFD3F8A0100023FF2239
:10BE70003846C7F8FC3304F08FFC3B68002B3FF4D6
:10BE8000F0AE3A465346311B0BEB8400FFF7E2FD60
:10BE900000287FF7ABAE0444E3E6731E9C42BFF478
:10BEA000A5AE09234BF824300134DAE6848004106F
:10BEB000844B0410BC4B0410ABAAAA2A1F85EB517B
:10BEC000C5B3A291B04C04104C4C04109324499279
:10BED000E04B041089888888DAF81820002A00F0DE
:10BEE000B182013ADAF81C300733A0E7964B26AF4F
:10BEF000FF22D3F8981000233846CDF8943404F08C
:10BF00004BFCBAE7DAF82030002BFFF6AEAEFFF7B5
:10BF10002BFB029B002B00F0CC83DAF820308B4AFD
:10BF2000002BD4BF0023012352F82370384600F0C1
:10BF300001FC002800F0CA8306F1FF3C644580F054
:10BF4000B4836FF040437A1E271823440BEB83031E
:10BF500002E0644500F0A983013412F8011FBC42DD
:10BF600043F8041FF5D13C46FFF700FB41E7DAF840
:10BF700014105046764B03919942ACBF4FF0000924
:10BF80004FF00109FFF700FD039903460029C0F2B5
:10BF900009837048002B80FB01204FEAE172C2EB5D
:10BFA00060124FF0640000FB121002F11302C0F2A5
:10BFB00073824FF000090344591C00F07582642B12
:10BFC00001D101320023642101FB0233B9F1000FDA
:10BFD00046D12B2F0DF1180940F0368242F20F7234
:10BFE000934240F231822B22C9F80020B8F1000FB1
:10BFF00000F05383252208F1FF3807A8C9F8042070
:10C000003022083040F8042C3AE0DAF814000BEB48
:10C010008408DAF81070A6EB04090028DAF80C306E
:10C0200007F10107C0F212834A4981FB0021C217C0
:10C03000C2EB6112642101FB120249464046CDE980
:10C0400000323B46444A02F087FF0028BFF606AEA6
:10C05000CCE5DAF814303E4A934280F2CB81D31A11
:10C060000DF118092D22C9F80020B8F1000F01D0F8
:10C0700008F1FF3807A825220260002FC0D1043044
:10C080003649039300F0A8FB039B4A4600934346BE
:10C09000311B0BEB840002F05FFF0028BFF6DEAD22
:10C0A000A4E5DAF804302E4A0093DAF80830EFE716
:10C0B000254B26AFD3F89C10D8E65046FFF764FC1A
:10C0C0000746DAF814000028C0F23482214A82FBC5
:10C0D0000032C317C3EB6213642202FB1303F81888
:10C0E0001C4F4FF0640C1F4A87FB0013C117C1EBB4
:10C0F00063110CFB11016144A7FB01377B090CFBA9
:10C100001313A4E5DAF81C30174A01339FE5DAF877
:10C110001030144A01339AE5731E9C42BFF466AD99
:10C120000A234BF8243001349BE5DAF810200F4B3A
:10C1300083FB0213A3EBE2730D4A013387E5024B45
:10C1400026AFD3F8E41091E684800410503000202C
:10C1500094F8FFFF1F85EB51944B0410004C041022
:10C16000604C0410BC4B0410104C0410565555552F
:10C17000244C0410DAF82030002B80F298814FF024
:10C180000009CDF81090DAF81420311B0BEB840075
:10C19000B2F145034FEAE27767F10007002F02DAB8
:10C1A000033347F100079B0802F1FF3CDFF8C0E3CF
:10C1B00043EA8773BF10059702F22B17463A0392A2
:10C1C0008EFB0C284FEAEC7C059ACCEB681C8EFBAE
:10C1D000078EFF17B3EB0C03C7EBEE1762EBEC7E99
:10C1E000039A13EB070C40F26D1302FB03F34EEBC3
:10C1F000E7771CEB030247EBE373DAF81C70D21904
:10C2000043EBE773971843EB0308BF1843EB0803AE
:10C21000DB00DAE901CE43EA5773FF0017EB0E07A4
:10C2200043EBEE7E3A014FEA0E13D21B43EA17733B
:10C2300063EB0E039B0043EA9273920012EB0C0235
:10C2400043EBEC7C13014FEA0C179B1A47EA127779
:10C2500067EB0C02DAF800C0920042EA93729B008E
:10C2600013EB0C0742EBEC73B7EB0907049A63EB93
:10C270000203BD4ACDE9007302F06EFE0028BFF64E
:10C28000EDACB3E44246DAF81430B8490BEB84085D
:10C29000022A38BF02228B42A6EB0401ACBF4FF04A
:10C2A00000094FF00109002B0391C0F2AF81B048A3
:10C2B00080FB0310D917C1EB60111331002F40F040
:10C2C0001281AC4FAC48A2EB090203464046CDE9CF
:10C2D00000213A46311B02F03FFE0028BFF6BEACFB
:10C2E00084E4731E9C42BFF481ACDAF81830002B52
:10C2F00040F0AC8037234BF824300134B1E40DF129
:10C3000018099E49484600F067FA4846FDF7C4FE02
:10C3100009EB8003002F74D0B8F1050F49F82070A5
:10C3200003F1040700F2E6803846954900F054FA1C
:10C3300053464A46A7E5731E9C42BFF457ACDAF851
:10C34000183030334BF8243001348AE4DAF81820FE
:10C3500026A88C4B03EB8203FF22D96F0023CDF874
:10C36000943404F019FA431E03333FF67AAC771E77
:10C37000BC42BFF43BAC6FF0404226AB20442244A9
:10C380000BEB8202013453F8041B844242F8041F71
:10C390003FF467ACBC42F5D128E4DAF8103026A8A7
:10C3A000784A0C3352F823100023FF22CDF894343E
:10C3B00004F0F2F9431E03333FF653AC771EBC4240
:10C3C000BFF414AC6FF0404226AB204422440BEB88
:10C3D0008202013453F8041B844242F8041F3FF4E4
:10C3E00040ACBC42F5D101E4731E9C42BFF4FEABED
:10C3F000252380E703F26C73EBE5062298E40C2317
:10C4000047E41F1D2B2349F82030042326A9384672
:10C410005D4AC91B891002F09FFD0028C8BF07EBC9
:10C42000800781E72B23C9F80430042308AF564A5C
:10C430001E21384602F090FD00287FF710AD07EB73
:10C4400080000DE506224DE5484614E6303352E7FC
:10C45000039E06E45BD0DAF8141040F26B70D31A36
:10C460000029A8BF6FF064000144880740F00481F0
:10C470004648474A00FB012200F180400138B0EBFA
:10C48000B20F80F0F98001229B1A042BCCBF342319
:10C49000352353E4DAF81410DFF804C1614533DBC7
:10C4A0000344591C7FF48FAD013A63238BE5FFF7FA
:10C4B0005BF8029B002B37D0FDF7D2FDDAF8203075
:10C4C000002BD4BF00230123013303EB830350F877
:10C4D0003370FFF74BF80123C7F1000902934FEACD
:10C4E000E97304934FE6632921DD2B2F1FD1294FD8
:10C4F0002948E8E6B8F106033FF416AF86E7B8F13D
:10C5000006033FF4ABAC91E70123994653E50A33A8
:10C510009B1A224A82FB03121A44DB17C3EBA203C5
:10C520000CE4FBF793FF24E4FBF790FFC4E7194FFB
:10C530001148C8E600F26C7002F054FC0C4A002F5F
:10C5400082FB00324FEAE073C3EB62134FF06402E8
:10C5500002FB130380F2B080A2F2CF72DAF814105B
:10C560009142B8BF0127BAE5384C041094F8FFFF98
:10C570001F85EB51484B0410D8310410884C04102F
:10C58000A84C041084800410D04B0410295C8FC286
:10C5900050B81E05644B04101C3A041093244992B1
:10C5A00095F8FFFF039001F26C7002F01BFC4D4BFD
:10C5B000DAF8141083FB002CC2170029039BC2EB8E
:10C5C0006C1280F2888001F26C70CDE9033202F0C7
:10C5D00009FC444B844683FB0C014FEAEC70C0EB32
:10C5E00061106421DDE9033201FB10C0002BFFF66E
:10C5F00051AF7FF7E0ACB9F1000F3FF4DCAC431E64
:10C60000002844D0642101FB023329E503F26C7059
:10C610000492039302F0E6FB324981FB001CC11730
:10C62000DDE90332C1EB6C11002F3BD042F20F7CED
:10C6300060454DDD2B2F4BD12B482C4FDFF8C4E04C
:10C64000DFF8C4C07345B8BF60463CE600F26C70CA
:10C65000039302F0C7FB2349039B81FB0021C21710
:10C66000C2EB6112642101FB1202E6E400F26C707D
:10C6700002F0B8FBFFF769BB1D481E4A00FB012210
:10C680001D49B1EB321F2CBF01220022FCE6531ED4
:10C69000642202FB03F36333E2E4252207A8C9F80E
:10C6A0000420ADE41548164FC8E7FEF75FFFFFF71B
:10C6B0009DBAFBF7CBFE30E43FF411AD114ADAF836
:10C6C00014109142B8BF4FF0FF3708E527464AE4FF
:10C6D0000A48064FB2E74FF0640C91FBFCF00CFBEC
:10C6E000101083E71F85EB511C3A0410644B0410B3
:10C6F000295C8FC250B81E050AD7A300D831041098
:10C70000484B041094F8FFFF203A041038B500237A
:10C710001546FF220446C0F8FC3304F03DF80346FA
:10C7200020465A1C08BF00232B6038BDFFF792B982
:10C73000FFF790B920F0030110F00300C0F10000F2
:10C7400051F8043B00F1040C4FEACC0C6FF00002EE
:10C750001CBF22FA0CF213434FF0010C4CEA0C2CD4
:10C760004CEA0C4CA3EB0C0222EA030212EACC12B4
:10C7700004BF51F8043B0430F4D0C2F1000102EAD6
:10C780000102B2FA82F2C2F11F0200EBD20070473E
:10C79000431C1AD00822002130B585B004460C4D48
:10C7A0000DEB020006F0ACFC0A48224602AB01A9E0
:10C7B000D5F8E0400068A047012803D19DF80400A7
:10C7C00005B030BD4FF0FF30FAE74FF0FF30704753
:10C7D00054290020C02A002000220B680260024673
:10C7E0002BB142F8043B51F8043F002BF9D1002350
:10C7F0001360704738B54B1C1AD0938914465268A1
:10C80000CDB223F02003A381236BA3B1636B9342CA
:10C8100009DD23685A1E226003F8015C6368013356
:10C820006360284638BD214601F0ACF90028F0D0FD
:10C830004FF0FF35F5E7236921682BB18B4203D216
:10C8400011F8013CAB420ED0234604F14000C4E98C
:10C850000E120321012220632846616303F8425F20
:10C86000C4E9003238BD01390132C4E90012D8E709
:10C8700010B50C46096B69B104F14003994201D02F
:10C88000FCF756F90020E36B2063636013B1A36BE0
:10C89000236010BDA289002123694FF0FF3042F0D0
:10C8A00020026160A281F3E72DE9F04F834685B055
:10C8B00002FB03F00E9C0193A0B388460646D4E920
:10C8C0000015A84223D94FF0000904F1400ACDE930
:10C8D000020240462A4606F0DBFB2168236B5846DD
:10C8E0004F19A8441946C4F8049027603746761BB0
:10C8F000DBB1534501D0FCF71BF9E06BC4F8309075
:10C90000606090B1A16BB04205462160E1D3324630
:10C91000404606F0BDFB0198D4E90032921B334437
:10C92000C4E9003205B0BDE8F08FDDE90202A38959
:10C93000284443F02003C01BA3810023B0FBF2F086
:10C940002269C4E9002305B0BDE8F08F2DE9F04F5E
:10C950008A46B1F90C10DDB08C0407930390DAF825
:10C96000643007D441F4005123F40053AAF80C10AA
:10C97000CAF864309804C3F3403100F1AC83164622
:10C9800016F8013B0D93002B00F096868E46DFF8DB
:10C99000A0848B46894606910591089118F80340BA
:10C9A00014F008046ED1252B5DD131782746A1F112
:10C9B0002503721C532B61D8DFE813F0540060008C
:10C9C0006000600060002F02600060006000600096
:10C9D0006000D000D000D000D000D000D000D00047
:10C9E000D000D000D00060006000600060006000F7
:10C9F00060006000600060006000AC0160006000EA
:10CA0000600060006000600060002702600060005D
:10CA10003001600060006000600060006000600045
:10CA20006000DB00600060001E02600060006000CB
:10CA3000600060006000600039019D0160006000DE
:10CA40006000A401B00160006000F5016000000218
:10CA500011061702600060001B02600014066000EF
:10CA60006000DB001646DAF80430002B5BDDDAF8F4
:10CA70000030197816F8012C914232D005985DB03B
:10CA8000BDE8F08FDAF804200AF140050024039F86
:10CA900010E0DAF800301A78013318F80220120793
:10CAA0003FD5DAF8042009F10109CAF80030013A4B
:10CAB000CAF80420002AECDCDAF83030384619468F
:10CAC00013B3AB4201D0FCF733F8DAF83C30CAF8C4
:10CAD0003040CAF80430BBB1DAF83830CAF8003058
:10CAE000D9E7013309F101090496CAF80030DAF8F0
:10CAF0000430013BCAF80430049E16F8013B0D9344
:10CB0000002B7FF44BAFB9E7BAF80C3043F02003A9
:10CB1000AAF80C30DAF81030CAF800300023CAF84E
:10CB200004300496E8E7DAF83010002900F0C182FA
:10CB30000AF14003994202D00398FBF7F9FF002362
:10CB4000CAF83030DAF83C30CAF80430002B00F074
:10CB5000B082DAF83830CAF800308AE714F08F0F64
:10CB60008CD107EB870701EB470771781646303FFA
:10CB70001DE744F400740492AB4B08931023069312
:10CB80000323DAF80410002900F3D580DAF8301016
:10CB9000002900F08E820AF14000814204D00398FF
:10CBA0000993FBF7C5FF099B0021CAF83010DAF89A
:10CBB0003C10CAF80410002900F07B82DAF8381023
:10CBC000CAF80010610640F1B680022B00F009821D
:10CBD000032B00F02F81012B33D0012F04F0100222
:10CBE00038BF012714F001040A9240F03C840A9BEC
:10CBF000002B40F0D582079C3B460122039854F855
:10CC0000041BCDF800A0FFF74FFE002800F05C8267
:10CC1000059B81440794013305936DE744F00104BB
:10CC20000492814B0893082306930323A9E744F059
:10CC3000400400230492DAF804100029A6DD012B39
:10CC4000CBD1002F04F0100208BF4FF0FF3714F0D3
:10CC500001040A9240F09883DAF800601CAD0A9A49
:10CC60003178695C002A00F0DB8200293FF406AFCE
:10CC7000DAF804100136012F01F1FF31CAF8006023
:10CC8000CAF8041000F02E830AF14006CDF8249073
:10CC9000B14626461C4613E0DAF800100878013148
:10CCA000285C002800F01B830134CAF80010DAF871
:10CCB0000410A74201F1FF31CAF8041000F00F83FD
:10CCC0000029E9DCDAF8303003981946002B00F02F
:10CCD00025854B4501D0FBF72BFFDAF83C10CAF84D
:10CCE0003060CAF80410002900F01885DAF838100E
:10CCF000CAF80010D2E704924C4B08930A2306931B
:10CD000003233EE723077FF4B9AE717844F00404AF
:10CD100016464CE644F001040492EDE7DAF80430DC
:10CD20000492002B414B08934FF0000306934FF001
:10CD300003037FF72BAFDAF80000017818F8011031
:10CD40000A077FF542AF0AF14006099400253446F0
:10CD50004E46994607E0CAF80000017818F801101D
:10CD60000B0740F1A281DAF80410013601300139D5
:10CD70000029CAF80410EEDCDAF8303003981946BE
:10CD8000002B00F09681A34201D0FBF7D1FEDAF828
:10CD90003C10CAF83050CAF80410002900F089810C
:10CDA000DAF83800D7E720077FF468AE71786C298D
:10CDB00000F0658444F001041646F8E5E7060492A5
:10CDC0003FF59AAE079A660752F8043B079200F1C6
:10CDD0001584E50700F17384A00740F170844FEAE1
:10CDE000E972C3F800905A6086E644F4087404922D
:10CDF000C2E602230492C4E611461CA801F0F6FF25
:10CE000044F040040123049015E721077FF436AE77
:10CE1000717844F002041646C9E527437FF42EAE2C
:10CE2000717810241646C2E5ED710310619F03105E
:10CE3000818104107B1E44F45864262B40F24F81FC
:10CE4000A7F1270327270B93002312AE1A46099355
:10CE50000AF1400335460A935B46CB46DDF818904D
:10CE6000DAF8001091F800C0ACF12B004D283BD847
:10CE7000DFE800F0823A823A3A8E7070707070701B
:10CE80007087873A3A3A3A3A3A3A272727272727A4
:10CE90003A3A3A3A3A3A3A3A3A3A3A3A3A3A3A3AF2
:10CEA0003A763A3A3A3A3A3A3A3A27272727272718
:10CEB0003A3A3A3A3A3A3A3A3A3A3A3A3A3A3A3AD2
:10CEC0003A76B9F10A0F0FDD24F4386405F801CB86
:10CED000DAF8040001380028CAF8040067DD0131DF
:10CEE000013FCAF80010BBD1CDF81890D9469B4637
:10CEF000E10505D5B54200F2A283B5423FF4BEADCF
:10CF000014F0100240F0CC80069B3146089F039835
:10CF10002A70B847079BA20603F1040700F1BA8004
:10CF2000630700F1678314F0010240F0B280A107AB
:10CF300040F1AF80B84B089903989942069B31465F
:10CF400000F0948401F0FCF80B46079A1168C1E9DF
:10CF50000003A1E0B14824F4386430F91990B5E732
:10CF600004F4C060B0F5007FBED124F400744FF02B
:10CF7000100944F4A064A9E72006B5D524F0800484
:10CF8000A4E7A64830F91990B9F1080F9CDCABE78B
:10CF900020059BD5B9F1000F03D144F400744FF084
:10CFA0000809600540F1B08224F4B0648EE7DAF835
:10CFB0003010002900F08E830A98814205D0039832
:10CFC0000693FBF7B5FD069B0022DAF83C10CAF881
:10CFD0003020CAF80410002900F07C83DAF83810F9
:10CFE0007EE7DAF80000002F04F01006037808BF8F
:10CFF0004FF0FF37E40718F8035005F0080571D427
:10D00000002E00F07181002D7FF476ADDAF8043047
:10D010000130012F03F1FF33CAF80000CAF80430D1
:10D0200000F029840AF14006012432462E461546B6
:10D0300014E0DAF800301978013318F801100A0703
:10D0400000F1E8800134CAF80030DAF80430A74271
:10D0500003F1FF33CAF8043000F01783002BE8DC3B
:10D06000DAF8303003981946002B00F0AD83AB425C
:10D0700001D0FBF75DFDDAF83C30CAF83060CAF841
:10D080000430002B00F0A083DAF83830CAF8003002
:10D09000D1E7079B1B681860059B07970133059331
:10D0A000AD1B099B1D44A94426E54B46099CB1468E
:10D0B0008BE5BAF80C300022DAF8101043F02003A8
:10D0C000CAE90012AAF80C30059B23B1BAF80C305B
:10D0D0005B067FF5D3AC4FF0FF330593CEE400231E
:10D0E0000B93B1E6002E00F02682002D7FF404ADF4
:10D0F000079A0DF1340C079600253E4667460992C3
:10D10000F9F740FBA842DFD012ABBBF1030F10AC24
:10D11000DAE9002112F8010B01F1FF31585505F150
:10D120000105CAF80410CAF8002002D12368042BB4
:10D1300004D008220021204605F0E2FF2B4612AA67
:10D14000394603980094FDF76BFAB0F1FF3F834630
:10D15000BAD0002840F09C823860FDF75DFA0028C4
:10D1600040F06583A944013E079B002B40F0AB8251
:10D1700004371D46DAF80420002A40F3F982DAF871
:10D180000020127818F80220110701D4002EB7D120
:10D19000BC46099A079E002E00F0D3810792ABE4AB
:10D1A000DAE900139F4240F35A83DAF83020184638
:10D1B0000AF14006254613460246CDE9099BA346DF
:10D1C000B14611445E463C460398CAF800109344A9
:10D1D0001946BF1A002B00F03A824B4501D0FBF7ED
:10D1E000A7FCDAF83C20CAF83050CAF80420002A1C
:10D1F00000F02D82DAF8381097424FF00003CAF899
:10D200000010DEDCDDE9099B13463444DB1B3944A6
:10D21000CAE90013A1446FE4ED7103108482041085
:10D22000079A52F8040B00293FF428ACDAF80410EE
:10D230000446012F01F1FF31CAF8041006F1010183
:10D24000CAF80010317804F8011B40D0C619CDF897
:10D250001C900AF140070990B1460B920A9E11E01A
:10D26000DAF800100878285C48B3DAF804000138CE
:10D27000CAF80400481CCAF80000097804F8011B29
:10D280004C451CD0DAF804100029E9DCDAF830301B
:10D2900003981946002B00F05482BB4201D0FBF7E3
:10D2A00047FCDAF83C10CAF83060CAF804100029CC
:10D2B00000F04782DAF83810CAF80010D2E709986F
:10D2C000DDF81C90231A0B9A002B3FF4D7AB99443E
:10D2D000059B079201330593002323700CE4DDF8CE
:10D2E00024902346994407E4079951F8042B002D14
:10D2F00040F0B782DAF804301446012F03F1FF330F
:10D30000CAF8043000F10103CAF80030037804F8C9
:10D31000013B00F0A882D61907910AF14007099253
:10D3200015E0DAF80010087818F80000030700F19B
:10D33000F680DAF804000138CAF80400481CCAF87C
:10D340000000097804F8011BB44200F0E880DAF824
:10D3500004100029E5DCDAF8303003981946002B78
:10D3600000F02082BB4201D0FBF7E2FBDAF83C1070
:10D37000CAF83050CAF80410002900F01382DAF815
:10D380003810CAF80010CEE7002A40F02581079B2C
:10D3900053F8042B0992079300255C46F9F7F2F93C
:10D3A000A8423FF491AE032C0DF1380BDAE90032BC
:10D3B00002F1FF3213F8011BCAF8042012AACAF8BE
:10D3C0000030515505F1010503D1DBF80030042B85
:10D3D00004D008220021584605F092FE099E2B46F3
:10D3E00012AA03983146CDF800B0FDF719F9411C97
:10D3F00004463FF469AE002840F0048130600646E0
:10D4000010AB0822002118460B9305F079FEAF49B6
:10D4100032460B9BD1F8E0600CA90398B047012875
:10D420000CBF9DF8306000261CAB9B5D002B00F00C
:10D430006481032CA94400F0FC80013F0A9B13B9CE
:10D44000099B04330993DAF804300025002B40F3DC
:10D45000A880002FA2D1A3460A9B002B7FF44CABDF
:10D46000099A13604BE0002A40F09380079951F825
:10D47000042B099207911C4612AE0B93F9F782F91F
:10D48000A0423FF421AEBBF1030F10ADDAE9002159
:10D4900012F8010B01F1FF31305504F10104CAF813
:10D4A0000410CAF8002002D12B68042B04D00822F3
:10D4B0000021284605F024FE2346324609990398A8
:10D4C0000095FDF7ADF8B0F1FF3F83463FF4FCADAA
:10D4D000002840F09F800A9BA144013F23B9099A8C
:10D4E0001360099B04330993DAF804200B9C002A8B
:10D4F00034DD002FC2D10A9B002B7FF4FDAA059BCF
:10D5000001330593FFF7F8BA0B9824F4607410B157
:10D51000013801370B90099801300990D8E4099A35
:10D520000799A31A9944059B07910133059300239A
:10D530002370FFF7E1BA079A52F804CB002D3FF4AD
:10D54000DAAD059B0792013305930023CCF8003038
:10D55000FFF7D2BADAF80420002A8FDCDAF83010AC
:10D56000002900F041810AF14002914202D0039863
:10D57000FBF7DEFA0023DAF83C20CAF83030CAF8AC
:10D580000420002A00F03081DAF83820CAF80020A0
:10D59000AFE7002209926EE7DAF80430002B3FF77C
:10D5A000FDAEDAF83010002900F02F810AF14003B7
:10D5B000994202D00398FBF7BBFA0023CAF8303037
:10D5C000DAF83C30CAF80430002B00F01E81DAF89B
:10D5D0003830CAF800303CE70DAB0993DCE6049222
:10D5E000FFF71FBB3A4B049208930A2306930323C9
:10D5F000FFF7C7BA079B1B6818804DE5A3F800909A
:10D60000FFF77ABA821CC7D0099B1E68731C7FF48F
:10D61000F7AE09E710F1020F9CD00328A14402D114
:10D620002A68042A00D0013F0A9B002B3FF459AF1F
:10D630005AE7DBF80030042B7FF4FFAEFEE615F866
:10D64000011C52460398013DFFF7D4F855E4BAF89F
:10D650000C305C46DDF8249043F02003DDF828B060
:10D66000AAF80C30DAF81030CAF800300023CAF8F3
:10D670000430002C3FF428ADA144FFF73DBAB17847
:10D6800044F002040236FFF792B9B944FFF734BA06
:10D6900010F1020F3FF46EAD3868FCF7BDFF0028B3
:10D6A00040F0C580BBF1030FA9447FF45CAD226854
:10D6B000042A7FF458AD57E50593FFF7DFB9C3F8A7
:10D6C0000090FFF719BA002554E500BF5429002047
:10D6D000ED710310CDF81890D9469B46BAF80C307E
:10D6E00043F02003AAF80C30DAF81030CAF8003002
:10D6F0000023CAF80430FFF7FBBBA346002D3FF41C
:10D70000ABAE12AB039E5C19013D524614F8011DED
:10D710003046FFF76FF8002DF6D19DE6BAF80C20E1
:10D720002346DDF8249042F020029944AAF80C2008
:10D73000DAF81020CAF800200022CAF80420FFF707
:10D74000DBB9BAF80C30099843F02003DDF81C90DF
:10D75000A0420B9AAAF80C30DAF81030CAF8003060
:10D760004FF00003CAF804303FF4AEAC231AAEE524
:10D77000DAF83010002900F082800AF1400291426C
:10D7800002D00398FBF7D4F90022CAF83020DAF867
:10D790003C20CAF80420002A71D0DAF83820CAF8F0
:10D7A0000020EEE4099A0799A31A9944BAF80C30BC
:10D7B00043F02003AAF80C30DAF81030CAF8003031
:10D7C0000023CAF80430AEE6BAF80C30A14443F0A6
:10D7D0002003AAF80C30DAF81030CAF80030002321
:10D7E000CAF80430FFF788B9BAF80C3043F02003C8
:10D7F000AAF80C30DAF81030CAF800300023CAF862
:10D800000430002C3FF477AE5EE4BAF80C30A34647
:10D8100043F02003AAF80C30DAF81030CAF80030D0
:10D820000023CAF80430002D3FF416AE4CE4BC4689
:10D83000099A079E002D3FF4AEAC12AB0996039EE9
:10D840005C190792013D524614F8011D3046FEF75F
:10D85000D1FF002DF6D1BC46079A099E9BE43C46B9
:10D86000D4E414465FE609F101095CE602F09EF893
:10D870000B46FFF76ABB09F10109FFF73DB9BAF89A
:10D880000C30BC46099A43F02003079EAAF80C30DE
:10D89000DAF81030CAF800300023CAF80430002D3E
:10D8A0007FF412AC77E400BF002101F0A7BC00BFF9
:10D8B00038B50022064D044608462A60C7F7F6FF31
:10D8C000431C00D038BD2B68002BFBD0236038BD33
:10D8D000A437002080EA0102844612F0030F4FD1E2
:10D8E00011F0030F32D14DF8044D11F0040F51F82F
:10D8F000043B0BD0A3F101329A4312F0803F04BFE6
:10D900004CF8043B51F8043B16D100BF51F8044BCE
:10D91000A3F101329A4312F0803FA4F101320BD1FE
:10D920004CF8043BA24312F0803F04BF51F8043B83
:10D930004CF8044BEAD023460CF8013B13F0FF0FE0
:10D940004FEA3323F8D15DF8044B704711F0010F13
:10D9500006D011F8012B0CF8012B002A08BF7047E4
:10D9600011F0020FBFD031F8022B12F0FF0F16BFDB
:10D970002CF8022B8CF8002012F47F4FB3D17047A3
:10D9800011F8012B0CF8012B002AF9D1704700BFC8
:10D9900010B504688646013409E014F8013BA3F190
:10D9A000410CBCF1190F98BF2033934207D111F8F5
:10D9B000012B002AF1D10120CEF8004010BD00203B
:10D9C00010BD00BF09682DE9F04F4B1185B011F073
:10D9D0001F01044602EB8303029140F09A80181F56
:10D9E00019462568002641F8046C01352B78002B78
:10D9F00000F0A780B446019106468646DFF8808194
:10DA0000E1466746E346AA460146039418F8030038
:10DA100000285CD1202B00F28E804F4520DD76451A
:10DA20001AD9BCF1070F17DCCCF10804DEF800307E
:10DA30007046CDF800E0A400C4F1200CA64644686E
:10DA400004FA0CF51D4324FA0EF3056040F8043F78
:10DA50008642F4D8DDF800E0724551D34FF0080C4F
:10DA60001AF8013F002BD1D108460199002F68D048
:10DA7000B64502D2BCF1070F67DD72454CD2141FC8
:10DA8000734653F8045B834244F8045FF9D9A0EB72
:10DA90000E03441C0EF1010E23F003030433A645CC
:10DAA00088BF04230024134443F8044B8342FBD96A
:10DAB00051F8044C1CB106E050F8043D1BB98242F9
:10DAC000FAD101230360052005B0BDE8F08F0CF109
:10DAD000010C0137BCF1080F08DCDEF800301B0137
:10DAE00000F00F001843CEF80000B9E77245B7D236
:10DAF0004EF804BC0023AEF1040E4FF0010CEFE72A
:10DB0000AEF104064EF804BCB9464FF0000CB64620
:10DB1000A6E7191D184664E7029B51F8044C002B38
:10DB2000C8D0C3F120034FF0FF3525FA03F31C40A2
:10DB300041F8044CBEE7292B084655460199039C41
:10DB40001BD0042005B0BDE8F08FCCF10803DEF84F
:10DB5000004077469B002546C3F120089C467B6821
:10DB600003FA08F42C4323FA0CF53C6047F8045FF1
:10DB7000BE42F4D8724582D3CEE70135256075E701
:10DB8000607F04102DE9F0410C46096B04F140035D
:10DB9000994214D0666B77003A46FCF775FF05464C
:10DBA00030B300EB060801463246404605F070FAF5
:10DBB000C4F80080C4E90C570020BDE8F0814FF4A0
:10DBC0008061FAF7A9FC98B194F842204FF4806183
:10DBD000206300F2FD33616380F8FF2394F8412055
:10DBE00080F8FE2394F8402080F8FD232360E3E7CB
:10DBF0004FF0FF30E1E700BF70B54C1C2BD00D4655
:10DC00000646144610B1436B002B4CD0B4F90C30CF
:10DC100023F020025807A28106D4D9061BD51B0782
:10DC200034D442F00402A281226BEDB26368AAB13F
:10DC3000626B9A4209DD23685A1E226003F8015C78
:10DC4000636801336360284670BD21463046FFF7A4
:10DC500099FF0028EFD04FF0FF35F4E722692168E3
:10DC60002AB18A4203D211F8012CAA421ED02246C0
:10DC700004F14000C4E90E13032101232063284668
:10DC8000616302F8425FC4E9002370BD214630465B
:10DC9000F9F7F4FB0028DED1B4F90C20A06022F0E3
:10DCA0000802A061BDE7FDF737FCAFE7013901339A
:10DCB000C4E90013C7E700BF024B0A4601461868D3
:10DCC000FFF79ABFC02A00207AB100F1FF3C0A4456
:10DCD000002003E0914200F1010008D011F8013B5F
:10DCE0000CF8013F002BF5D1704710460A46137817
:10DCF000002BF9D013469C4613F8011F0029FAD1D6
:10DD00000130801A6044704738B50022064D044641
:10DD100008462A60C7F704FE431C00D038BD2B68B4
:10DD2000002BFBD0236038BDA437002038B5D0F8D5
:10DD300018410CB1002038BD05468021FAF7ECFBF4
:10DD40000246C5F8180130B1031F7C3243F8044F76
:10DD50009342FBD1EEE74FF0FF3038BD1F2930B5BD
:10DD6000054683B009D8D0F818310C4653B153F8A2
:10DD7000240043F8242003B030BD162303604FF085
:10DD8000FF30F8E780210192FAF7C6FB019A0346BB
:10DD9000C5F818010028F2D0011F00F17C05002011
:10DDA00041F8040FA942FBD1E1E700BF1F2938B5B4
:10DDB00005461FD8D0F818210C466AB152F8213018
:10DDC00053B1012B06D0591C10D00021204642F837
:10DDD00024109847002038BD284601F031FA224629
:10DDE00001462846BDE8384001F014BA1623012048
:10DDF0002B6038BD16234FF0FF302B6038BD00BFBD
:10DE00001F292CD838B5D0F818310C460546A3B1D7
:10DE100053F8242003EB84034AB1511C0BD0012A90
:10DE200007D0002520461D609047284638BD0120B8
:10DE300038BD032038BD022038BD8021FAF76CFBC5
:10DE40000346C5F8180138B1021F00217C3042F8A2
:10DE5000041F8242FBD1DBE74FF0FF3038BD4FF0AB
:10DE6000FF30704738B51F28134B1D681ED8D5F8F2
:10DE70001821044662B152F820304BB1012B05D075
:10DE8000591C0FD0002142F820109847002038BDBF
:10DE9000284601F0D5F9224601462846BDE838401B
:10DEA00001F0B8B9162301202B6038BD16234FF0BE
:10DEB000FF302B6038BD00BFC02A0020124B1F2846
:10DEC00070B51E6809D8D6F8183104460D464BB116
:10DED00053F8240043F8245070BD162333604FF0EC
:10DEE000FF3070BD80213046FAF716FB0346C6F8B6
:10DEF00018010028F3D0021F00217C3042F8041FD3
:10DF00008242FBD1E4E700BFC02A002038B50C4BA9
:10DF10001D68D5F818410CB1002038BD8021284675
:10DF2000FAF7FAFAC5F8180138B1031F00F17C02BC
:10DF300043F8044F9342FBD1EEE74FF0FF3038BD7A
:10DF4000C02A002038B51F28174B1D6828D8044662
:10DF5000D5F81801A0B150F8242000EB84034AB191
:10DF6000511C0BD0012A07D0002520461D60904788
:10DF7000284638BD012038BD032038BD022038BDF9
:10DF800080212846FAF7C8FAC5F8180140B1031FE6
:10DF900000F17C01002243F8042F8B42FBD1DAE729
:10DFA0004FF0FF3038BD00BFC02A002000200149DB
:10DFB000704700BF0000F87F004870470000C07F36
:10DFC000FF2804D8034B185C00F0070070470020BE
:10DFD000704700BF818104102DE9F04F924685B053
:10DFE00089461E460D46554A0390294615F8014BB1
:10DFF000135D13F00803F8D12D2C7CD02B2C4ED0C0
:10E000004FF0FF3102936FF00043CDE9001336F07B
:10E01000100851D037464FEAE6783A464346DDE9E4
:10E02000000105F039F8002383468E46184619464C
:10E03000A44613E0ACF13704A6421FDD002B09DB38
:10E0400083457EEB010305D38E4508BF83453BD155
:10E05000A24239DA4FF0FF3315F801CBACF13004AE
:10E06000092CE9D9ACF14104192CE3D9ACF16104D4
:10E07000192C03D8ACF15704A642DFDC5A1C2FD070
:10E08000029A12B1404261EB4101BAF1000F03D094
:10E09000002B48D1CAF8009005B0BDE8F08F4FF0D2
:10E0A000FF30029336F010086FF000432C7801F136
:10E0B0000205CDE90003ADD1302C25D0002E3AD198
:10E0C0000A27B0463E46A8E700FB08F307FB0133EA
:10E0D000A0FB07010B44201843EBE4710123BBE7CD
:10E0E0002223039A1360BAF1000F17D005F1FF390C
:10E0F000DDE90001CEE74FF00047009301232C78C3
:10E100008D1CCDE9017382E72B7803F0DF03582BD8
:10E110000CD086B90827B0463E467EE7DDE900010F
:10E1200005B0BDE8F08FCDE90001DFE710276C787E
:10E1300002353E4671E710273E466EE781810410A6
:10E140004AE700BF10B4044C13460A460146206853
:10E150005DF8044B40E700BFC02A002010B4044C17
:10E1600013460A46014620685DF8044B34E700BFB9
:10E17000C02A00200B463AB953F8042B002AFBD1E1
:10E18000581A801001387047013A15D010B401E0D8
:10E19000013A0BD053F8044B40F8044B002CF7D154
:10E1A000581A5DF8044B801001387047026053F82C
:10E1B000042B002AFBD1F3E70260DDE7704700BFC4
:10E1C000704700BF2DE9F84FDDF828A00F468146C3
:10E1D00090461E460D46AB4655F8044B5146204628
:10E1E00001F010FB0028F6D12D2C59D02B2C86469F
:10E1F00004BF2C680BF1080536F010033DD04FF03A
:10E20000FF32B246B2FBF6F206FB02F1C94300232D
:10E210000EE0A4F1370C66451DDD002804DB9A42B0
:10E2200002D326D1614524DA4FF0FF3055F8044B74
:10E23000A4F1300CBCF1090FEDD9A4F1410CBCF1F3
:10E24000190FE6D9A4F1610CBCF1190F03D8A4F1A0
:10E25000570C6645E1DC421C19D0BEF1000F14D109
:10E26000B8F1000F02D0C8B9C8F800701846BDE870
:10E27000F88F0AFB03C30120D8E7302C16D01EBB51
:10E280000A260521164AB246C1E75B42E8E7222387
:10E29000C9F800300346B8F1000FE7D02F1FE3E7BD
:10E2A0002C684FF0010E0BF10805A5E72B6823F051
:10E2B0002003582B07D110266C680F2108356FF00A
:10E2C0007042B246A3E72EB110260F216FF07042C4
:10E2D000B2469CE7082607216FF06042B24696E7F7
:10E2E0009999991910B5034C82B00094FFF76AFF11
:10E2F00002B010BD5429002094460A46014630B5AC
:10E300001C4683B0034D634628680094FFF75AFF0C
:10E3100003B030BDC02A002030B5064D83B0064C96
:10E3200013460A46014628680094FFF74BFF03B0E6
:10E3300030BD00BFC02A002054290020002103F076
:10E340002DBD00BF38B5436C05460C464BB153F8A4
:10E35000240080B1026843F824200023C0E903337D
:10E3600038BD21220421FAF731F8034668640028F9
:10E37000EDD1002038BD0121284601FA04F56A1DBF
:10E380009200FAF723F80028F3D0C0E90145E4E74A
:10E3900031B1436C4A6853F82200086043F82210F8
:10E3A000704700BF2DE9F04107460E461C460D6937
:10E3B00001F1140E0020DEF8001001308BB285420E
:10E3C0004FEA114102FB03434FEA134C9BB202FB9D
:10E3D00001CC03EB0C434FEA1C444EF8043BEADC4F
:10E3E0003CB1B368AB4207DD06EB850301355C61E8
:10E3F00035613046BDE8F081716838460131FFF77C
:10E40000A1FF8046A8B1326906F10C010C3002323E
:10E41000920004F03DFE7B6C726853F8221031606C
:10E4200043F82260464606EB850301355C613561A1
:10E43000DFE70246024BBA210248C7F787FA00BF5E
:10E44000C4390410E04104102DE9F8431E46174674
:10E450000833264A0C46092E82FB03124FEAE37367
:10E460000546C3EB620338DD4FF0010C00214FEA93
:10E470004C0C01316345FADC2846FFF763FF014687
:10E4800068B3089B092F43614FF00103036112DC5D
:10E490000A340927BE420BDDF61B264414F8013B63
:10E4A0000A222846303BFFF77DFFB4420146F5D1F2
:10E4B0000846BDE8F88304F109093C44C84618F849
:10E4C000013B0A222846303BFFF76CFFA04501467E
:10E4D000F5D1A7F108044C44DCE70021CCE7024663
:10E4E000034BD3210348C7F731FA00BF398EE33815
:10E4F000C4390410E0410410B0F5803F034618D23F
:10E5000003041020B3F1807F01D208301B02B3F165
:10E51000805F01D204301B01B3F1804F03D3002B85
:10E5200006DB013070479B0005D45B0005D420203A
:10E5300070470020E6E7023070470330704700BFA5
:10E540000368014613F0070207D0DA071FD49807C3
:10E5500021D55B0801200B60704798B2A0B110462E
:10E56000DAB20AB908301B0A1A0701D104301B09B4
:10E570009A0701D102309B08DA0703D45B0800F147
:10E58000010006D00B6070471B0C1020E8E700204C
:10E590007047202070479B0802200B60704700BF27
:10E5A00038B5436C04460D464BB15868B0B10268AB
:10E5B0005A60002201234561C0E9032338BD2122AE
:10E5C0000421F9F703FF034660640028EDD1094BED
:10E5D000002240F245110848C7F7B8F91C22012172
:10E5E0002046F9F7F3FE0028F1D001220223C0E90A
:10E5F0000123DEE7C4390410E04104102DE9F04F97
:10E60000D1F8108085B015690E469246A84505DB05
:10E610002A46534645468A4690461E4605EB080460
:10E62000DAE90113A342B8BF0131FFF78BFE0028DE
:10E6300000F08B8000F1140707EB840E774505D2BC
:10E640003B46002243F8042B9E45FBD814360AF1C2
:10E65000140906EB880809EB8505464568D2A5EB49
:10E660000A030AF1150ACDF808E0AE46153B0394FB
:10E6700023F00303043355452CBF9B464FF0040B96
:10E68000824605E0090C2CD1B04507F104074CD9AE
:10E6900056F8041B8DB2002DF4D0CC463C46002326
:10E6A00001965CF8040B216886B2E6458AB24FEA0F
:10E6B000104005FB06224FEA11411A4405FB0011E8
:10E6C00001EB124192B24FEA114342EA014244F88F
:10E6D000042BE6D8019E47F80B3056F8041C090CB1
:10E6E000D2D03B68002248463D461C4694460288EC
:10E6F0009BB201FB02C202EB144243EA024345F81B
:10E70000043B50F8043B2C684FEA134C7045A3B20D
:10E7100001FB0C3303EB12434FEA134CE7D3B04534
:10E7200047F80B3007F10407B2D85046DDE902E4A0
:10E73000002C02DC05E0013C03D05EF8043D002B18
:10E74000F9D0046105B0BDE8F08F0246024B4FF4EA
:10E75000B1710248C7F7FAF8C4390410E041041057
:10E7600012F003032DE9F041144607462CD10D4663
:10E77000A4101CD03E6C86B3E3074FF0000806D40B
:10E78000641014D03068A8B10646E307F8D53246C5
:10E7900029463846FFF732FF35B17B6C696853F87C
:10E7A00021202A6043F8215064100546EAD128460A
:10E7B000BDE8F081324631463846FFF71FFF306032
:10E7C0000646C0F80080E0E7013B0F4A52F82320DC
:10E7D0000023FFF7E7FD0546CAE701213846FFF7AA
:10E7E000B1FD064640B1012340F27122C0E9043276
:10E7F000002338640360BFE70246044B40F2451132
:10E800000348C7F7A3F800BFA8820410C439041056
:10E81000E04104102DE9F0470C46904606464FEAC9
:10E8200062192769A36807EB621749687D1C9D423E
:10E8300003DD5B0001319D42FBDC3046FFF782FDCA
:10E84000002850D0B9F1000F00F1140C0EDD09F1D1
:10E850000502634600214FEA820E00EB820243F874
:10E86000041B9342FBD1AEF114039C4404F1140346
:10E87000216918F01F0803EB81012BD0C8F1200992
:10E88000E6464FF0000A1A6802FA08F242EA0A0263
:10E890004EF8042B53F8042B994222FA09FAF2D8C5
:10E8A0000B1B04F11502153B23F0030304339142C3
:10E8B00038BF04234CF803A0BAF1000F00D13D4645
:10E8C000736C6268056153F82210216043F822409E
:10E8D000BDE8F087ACF1040C53F8042B99424CF8D6
:10E8E000042FF9D8EBE70246024B4FF4EF710248D0
:10E8F000C7F72CF8C4390410E041041084460B69B2
:10E900000069C01A16D10CF1140C14310CEB8302FF
:10E9100001EB830310B401E0944508D252F8044D92
:10E9200053F8041D8C42F7D005D24FF0FF305DF84C
:10E93000044B7047704701205DF8044B704700BFDF
:10E940002DE9F04F15460A6983B088462B69D21A23
:10E95000002A40F08B8001F1140605F1140101EB4F
:10E96000830106EB830302E09E4280F0828053F82D
:10E97000044D51F8042D9442F6D078D32B46002450
:10E98000454698466968FFF7DDFC002800F08C805A
:10E990002E6905F1140B08F1140ED8F8103000F1AF
:10E9A000140A05F110020EEB83094FF0000C0BEB7B
:10E9B00086015746C460CDF804B05EF8044B52F8A7
:10E9C000045F1FFA84FBF145ABB24FEA1444A3EB9A
:10E9D0000B03C4EB1544634404EB23449BB24FEA9E
:10E9E000244C43EA044347F8043BE6D8A9EB080467
:10E9F00008F11508DDF804B0C145A4F1150434BFD1
:10EA00004FF000084FF00108A408B8F1000F04F11E
:10EA100001024FEA820208BF04220BEB02055244B6
:10EA2000A94231D917462C4654F8043B1FFA83F803
:10EA3000A1424FEA134E6344C4449BB20EEB2C4CEC
:10EA400043EA0C434FEA2C4C47F8043BECD801391D
:10EA5000491B21F003010A4423B952F8043D013E49
:10EA6000002BFAD0066103B0BDE8F08F86DA0124EE
:10EA700088E70021FFF766FC78B101220023C0E996
:10EA8000042303B0BDE8F08FB8F1000F4FEA84040F
:10EA900008BF00240AEB0402DEE70246064B40F200
:10EAA00037210648C6F752FF0246034B40F2452184
:10EAB0000248C6F74BFF00BFC4390410E041041000
:10EAC000114B0B40A3F15073002B03DD00221946BC
:10EAD000104670475B42B3F1A07F4FEA235106DA3C
:10EAE0004FF4002300220B41104619467047143999
:10EAF0001E2904DD012200231046194670474FF0FD
:10EB00000042CA40F7E700BF0000F07F2DE9F04166
:10EB1000026900F1140707EB820252F8046CA2F1BB
:10EB200004083046FFF7E8FCC0F120030A280B6018
:10EB300035DD4745A0F10B011BD252F8083C31B33B
:10EB4000C1F1200C8E40A2F1080023FA0CF48B4096
:10EB5000874246EA040646F07F5545F440151AD22E
:10EB600052F80C2C294622FA0CF213431846BDE841
:10EB7000F0810B280AD006FA01F1002341F07F55FD
:10EB8000184645F440152946BDE8F081002346F0BB
:10EB90007F5545F4401518462946BDE8F081C0F17F
:10EBA0000B03474526FA03F141F07F5545F4401524
:10EBB00009D3002200F11503294606FA03F3134393
:10EBC0001846BDE8F08152F8082CDA40F2E700BFA1
:10EBD000F0B5012183B016461F46FFF7B3FB05468B
:10EBE000002849D0C7F30A54C7F313030CB143F408
:10EBF0008013002E019315D101A8FFF7A1FC019904
:10EC0000012200F1200369612A611CB3A4F233449C
:10EC1000C3F135001C44089B1C60099B1860284602
:10EC200003B0F0BD68460096FFF78AFC019A0346E0
:10EC300000B3C0F1200102FA01F1C2400098019234
:10EC40000143002AC5E905120CBF012202222A61F4
:10EC5000002CDBD1A3F23243089805EB820103605C
:10EC60000869FFF749FC099BC0EB42101860284671
:10EC700003B0F0BD0099E4E70246034B40F20F31C8
:10EC80000248C6F763FE00BFC4390410E041041017
:10EC90002DE9F04383B0884681466946FFF736FF89
:10ECA00004460D46404601A9FFF730FFD9F8103061
:10ECB000D8F81020A3EB020CDDE900329B1A03EB1D
:10ECC0004C13002B0BDD05EB03573D4602460B466C
:10ECD00020462946C4F748FF03B0BDE8F083C3EBE4
:10ECE000033301EB03594946F0E700BF172870B51D
:10ECF00006460ADD002008490024084D22462B461E
:10ED0000C4F70EFF013EF9D170BD054B03EBC00304
:10ED1000D3E9040170BD00BF0000F03F00002440B3
:10ED2000A8820410013902F114034FEA611C116931
:10ED300003EB81010CF1010C8B4200EB8C0C16D221
:10ED400010B5A0F1040E53F8044B99424EF8044F4D
:10ED5000F9D88B1A153B23F0030304331844844578
:10ED600004D9002340F8043B8445FBD810BD8445FA
:10ED700005D9002340F8043B8445FBD87047704711
:10ED800003694A111430934209DA00EB830302E06D
:10ED900053F8042DAAB98342FAD80020704700EB3B
:10EDA0008203F8DD11F01F01F5D010B450F82240B5
:10EDB00024FA01F28A40944209D001205DF8044B04
:10EDC00070470120704753F8042D002AF5D1834283
:10EDD000F9D800205DF8044B704700BF002102F015
:10EDE000EDBF00BF0028B8BF4042704770B50C7837
:10EDF00084465E2C24D00023481C9E4600220CF53D
:10EE0000807163F3070263F30F2263F3174263F326
:10EE10001F62634643F8042B8B42FBD174B18EF022
:10EE20000101451C0CF8041015F8013C2D2B0ED0E7
:10EE30005D2B0AD01BB11C462846F2E7013870BD95
:10EE40000123881C4C789E46D8E7284670BD90F870
:10EE500001E0BEF15D0F15D0744513DC661C023075
:10EE60000CEB060202F8011BA2EB0C03013B9E45D2
:10EE7000F8DCAEEB04030235013B7445A8BF002368
:10EE80009C19D1E72D242846CBE700BF2DE9F84394
:10EE90004FF00009074688461646D6E90154013D61
:10EEA0000FD4A389012B08D9B4F90E302146384676
:10EEB000013302D0C04749EA0009013D68346B1CA8
:10EEC000EFD13668002EE8D14846BDE8F88300BF90
:10EED000F030704700487047442A002000487047CF
:10EEE000442A0020B2F1005F08B470B505469DB019
:10EEF0002CD24FF402730026144602910691ADF80D
:10EF000014301B96B2B1531E02A9219A9B000493A0
:10EF100007934FF6FF73ADF8163022AB019301F063
:10EF2000F7FC029BA0421E6010D21DB0BDE87040ED
:10EF300001B070474FF6FF7222AB02A90494ADF8FE
:10EF40001620219A0794019301F0E2FC8B234FF0E5
:10EF5000FF302B60E9E700BF0CB4B1F1005F1C4B40
:10EF600070B51E689CB02ED24FF4027300250C467B
:10EF700002900690ADF814301B95B9B14A1E4FF6B9
:10EF8000FF7302A930469200ADF8163021AB04920F
:10EF90000792209A019301F0BBFC029BA0421D60E6
:10EFA00011D21CB0BDE8704002B070474FF6FF713F
:10EFB00021AB209A3046ADF8161002A904940794AC
:10EFC000019301F0A5FC8B234FF0FF303360E8E79D
:10EFD000C02A0020FF2809D8A0F10903044AB3FA87
:10EFE00083F3125C5B0943EAD2107047002070473C
:10EFF00081810410B1F90C302DE9F0410C469907DC
:10F0000096B008D504F1430301222360C4E9043219
:10F0100016B0BDE8F081B4F90E100646002926DBD3
:10F020006A46FCF7F9F800281FDB019D4FF4806861
:10F030004FF4006705F47045A5F50055B5FA85F560
:10F040006D0941463046F9F767FAE8B1B4F90C307A
:10F05000C4F8148043F0800320602061A3813DBB8D
:10F060003B43A38116B0BDE8F081B4F90C3013F036
:10F07000800519D04FF040080025304641462F4604
:10F08000F9F74AFA0028E1D1B4F90C309A05BFD457
:10F0900023F0030304F14302012143F00203226041
:10F0A000C4E90421A381B3E74FF480682F46C8E781
:10F0B000B4F90E10304602F091FE10B9B4F90C30DC
:10F0C000CEE7A38923F0030343F001031BB2C7E794
:10F0D00070B50C46B1F90E1096B0154600291E46C3
:10F0E00014DB6A46FCF798F800280FDB01994FF40F
:10F0F00080634FF4006001F47041A1F50051B1FA52
:10F1000081F1490931602B6016B070BDA18911F001
:10F11000800106D000214023084631602B6016B0E4
:10F1200070BD4FF48063084631602B6016B070BD2F
:10F13000FF2809D8054B185C00F00300A0F102007D
:10F14000B0FA80F0400970470020704781810410B8
:10F15000F8B50D460646144610B1436B002B4AD055
:10F16000B4F90C30A2691807A2601FD52269EAB170
:10F17000EDB29904626E2F4624D592042FD52268F1
:10F1800023696169D31A99422CDD0133A1680139E1
:10F19000A160511C2160157062699A4219D00A2D34
:10F1A00002D1A389DB0714D43846F8BD2146304686
:10F1B00000F02CFC98B9B4F90C30EDB2626E9904F1
:10F1C0002F46DAD443F4005342F40052A38162661E
:10F1D000D5E721463046F8F751F90028E4D04FF042
:10F1E000FF37E1E721463046F8F748F90028F6D125
:10F1F00022680123CAE7FCF78FF9B1E7FF2804D89A
:10F20000034B185C00F0030070470020704700BFFC
:10F210008181041070B50C460346084D0026204637
:10F2200011461C462E60C6F759FB431C00D070BD2A
:10F230002B68002BFBD0236070BD00BFA4370020DB
:10F24000C6F74ABB002102F00DBE00BF2DE9F04F0A
:10F2500005468FB0FAF704FFBE4904462846FBF77F
:10F26000ADFB8046002800F03181BB4E316821B1F2
:10F27000F7F718FB002841D031680846C4F7D8FFDB
:10F280004046FDF757FA014628460131F9F744F99F
:10F29000306010B14146FEF71DFBB04A0023B04D6F
:10F2A000B04EB14F3360A36223653B60C5E90022D5
:10F2B0004A22C4E90333C4E90533C4E90D33C4E980
:10F2C0000F332272002384F830200022C4E908237F
:10F2D000C4E9122398F800303A2B12D03C2B16D0F8
:10F2E0000DF1300BA14AA24940465B4602F0DAFD1F
:10F2F000002803DD0C98C21E072A1ED90FB0BDE8F6
:10F30000F08F98F8013008F101083C2BE8D108F1A2
:10F3100001090DF1300B954A96495B46484602F0CB
:10F32000C1FD0028EADD0C98C21E072AE6D819F8AC
:10F3300000203E2AE2D108F1020818F8002008EB6C
:10F3400000092D2A00F0E9802B2A4FF0010808BFA0
:10F3500009F101090AAB00228749484602930DF1E1
:10F360002603ADF8262000935B46ADF8282009AAB5
:10F37000CDF80CB0CDF804B002F094FD0028BDDD4E
:10F38000BDF826204FF4616CBDF82400C2EB0211D9
:10F39000BDF8282002EB81020C990CFB002208FB2F
:10F3A00002F319F8012089443C2A059300F0E88013
:10F3B0006E4B48466E490C331A4606935B4602F084
:10F3C00071FD002840F3FA800C9AD11E072995D8C8
:10F3D00019F8021009EB02082D2900F0A3802B294F
:10F3E0004FF0010908BF08F101080AAB0022624989
:10F3F0004046ADF82420ADF82620ADF828200C9228
:10F4000009AACDF80CB0CDE901B30DF126030093A4
:10F410005B4602F047FD002840F3E480BDF826205B
:10F420004FF46160C2EB0211BDF8282002EB8102AB
:10F43000BDF8241000FB012209FB02F20C99002305
:10F44000A24607928844049398F80090B9F12C0FD3
:10F4500003D198F8019008F10108B9F14D0F00F0BF
:10F46000C580B9F14A0F4FF00A020DA90CBF08F18F
:10F4700001084FF044094046F7F7C6FE0D9BADF872
:10F480002E00434500F0A18080B28AF80890CAF8A7
:10F49000140098464FF000094FF00203ADF8269093
:10F4A000ADF82430ADF82890CDF8309098F80030C1
:10F4B0002F2B00F0C8804FF4E153CAF818300AF13E
:10F4C000280A049B9BBB01230493BDE72B4A4A21D6
:10F4D000234B2448204DC0F80080C4F828802868B9
:10F4E00084F83010C4F85080C3E9002200220023C1
:10F4F0002172C4E90823C4E912231B4BC4E9038821
:10F50000C4E90588C4E90D88C4E90F88C3F8008000
:10F51000C4F78EFEC5F80080F0E609F101094FF04E
:10F52000FF3817E708F101084FF0FF395DE7059B49
:10F53000079AA3620D4B22652B60069B60686B6087
:10F5400001F052F8A26A236D32609B1A18BF0123A2
:10F550003B60D3E61042041080370020D8310410FD
:10F5600050300020AC340020B0340020843700201C
:10F5700028420410144204103842041024380410A5
:10F58000514B09F1010A51490C3350461A46069372
:10F590005B4602F087FC00280CDD0C9AD11E07297F
:10F5A0003FF6ACAE1AF802103E297FF4A7AE09F17F
:10F5B00002090DE799F801203E2AEED1424BC5E938
:10F5C0000033059BA362336098E6049A002A5BD05F
:10F5D0004D220B2184F830200122C4E90D120022B3
:10F5E000E26356E7059BA3F5616227E70DF12E0361
:10F5F0000DF12A023649404602930BABCDF80CB010
:10F6000000935B46CDF804B002F04CFC03287FF475
:10F6100075AEBDF82A305A1E0B2A3FF66FAEBDF804
:10F620002C20511E04293FF669AEBDF82E10062984
:10F630003FF664AE8AF80890CAF81410CAE903329B
:10F640000C9B984426E70AAB09AA22494046CDF80C
:10F650000CB0CDE901B30DF1260300935B4602F037
:10F6600021FC484518DDBDF826304FF46161C3EB3D
:10F670000312BDF8283003EB8203BDF8242001FB00
:10F6800002330C9A904418E762614D2203202272E3
:10F690000222C4E90302FCE64A2100220023C4F846
:10F6A0002890217284F83010C4F85090C4E903996E
:10F6B000C4E90599C4E90823C4E90D99C4E90F997F
:10F6C000C4E912231AE600BF843700201442041054
:10F6D0004C4204106042041010B50446FBF744FF8E
:10F6E0002046FFF7B3FDBDE81040FBF73FBF00BF6A
:10F6F000002A08B410B504469DB036DB4FF40273FF
:10F7000002910691ADF814304FF000031B9320AB2B
:10F7100017D0013A4FF6FF71019304920792ADF8AA
:10F72000161002A91F9A00F00BFA421C01DA8B2373
:10F730002360029B00221A701DB0BDE8104001B08A
:10F7400070474FF6FF7104920792ADF8161002A9A8
:10F750001F9A019300F0F4F9431C01DA8B23236014
:10F760001DB0BDE8104001B070478B234FF0FF3053
:10F770002360F5E70CB40029214B10B51C689CB040
:10F7800038DB4FF000034FF4027202901B931FAB63
:10F790000690ADF8142018D001394FF6FF701E9A6C
:10F7A0000491079102A9ADF816002046019300F0DC
:10F7B000C7F9421C01DA8B232360029B00221A70D6
:10F7C0001CB0BDE8104002B070474FF6FF700491C6
:10F7D000079102A9ADF8160020461E9A019300F089
:10F7E000AFF9431C01DA8B2323601CB0BDE8104045
:10F7F00002B070478B234FF0FF302360F5E700BF66
:10F80000C02A0020FF2804D8034B185C00F0080031
:10F8100070470020704700BF8181041000207047AE
:10F820002DE9F04F85B08B461E460D4601925D4A8C
:10F830000390294615F8014B135D13F00803F8D126
:10F840002D2C00F082802B2C51D0029336F0100A20
:10F8500054D04FEAE67A32464FF0FF304FF0FF3196
:10F860005346B14603F018FC3246074688465346D5
:10F870004FF0FF304FF0FF3103F00EFC94460022B2
:10F880001046114613E0A4F137039E421FDD002A03
:10F8900009DB874278EB010205D3414508BFB84236
:10F8A0003BD1634539DD4FF0FF3215F8014BA4F130
:10F8B0003003092BE9D9A4F14103192BE3D9A4F1B1
:10F8C0006103192B03D8A4F157039E42DFDC531CBC
:10F8D00030D0029B13B1404261EB4101019B1BB14F
:10F8E00082BB019BC3F800B005B0BDE8F08F36F0D5
:10F8F000100A2C78029301F10205AAD1302C29D0EC
:10F90000002E44D14FF00A09B2464FF0050C4FF0DB
:10F910009937DFF894804E46B1E709FB01F100FB0F
:10F920000A11A9FB0002114418184FF0010241EB23
:10F93000E371BAE72223039910460B601146019B3D
:10F94000002BD1D005F1FF3BCBE701232C788D1C98
:10F9500002937BE72B7803F0DF03582B0BD0B6B96B
:10F960004FF00809B2464FF0070C4FF0FF376FF029
:10F9700060484E4683E74FF010096C784FF00F0C4B
:10F9800002354FF0FF376FF070484E4677E74FF083
:10F9900010094FF00F0C4FF0FF376FF070484E46D4
:10F9A0006DE700BF818104109999991938E700BF6C
:10F9B00010B4044C13460A46014620685DF8044B17
:10F9C0002EE700BFC02A002010B4044C13460A469C
:10F9D000014620685DF8044B22E700BFC02A0020E2
:10F9E00038B50C4684461146074D1A46002320467A
:10F9F00064462B60C5F776FF431C00D038BD2B68EA
:10FA0000002BFBD0236038BDA437002038B52F4B26
:10FA100005460C461B6813B15A6B002A45D0B4F951
:10FA20000C30180716D52269F2B113F0010107D086
:10FA3000616900204942A060A1613AB1002038BD4F
:10FA4000980758BF6169A160002AF7D1190638D418
:10FA5000104638BDD9062CD55A0712D4226943F076
:10FA60000803A381002AE0D103F42071B1F5007FDF
:10FA7000DBD021462846FFF7BDFAB4F90C302269E5
:10FA8000D3E7216B51B104F14002914204D02846E2
:10FA9000F9F74EF8B4F90C300022226300212269F4
:10FAA00023F02403C4E90021D9E71846FBF734FD0D
:10FAB000B5E7092243F040032A60A3814FF0FF30ED
:10FAC00038BD43F04003A381F8E700BFC02A0020FF
:10FAD000FF2804D8034B185C00F097007047002003
:10FAE000704700BF81810410FF2804D8034B185CC5
:10FAF00000F0200070470020704700BF8181041093
:10FB000038B50C4684461146074D1A460023204658
:10FB100064462B60C5F708FF431C00D038BD2B6836
:10FB2000002BFBD0236038BDA4370020024B13B15B
:10FB3000024802F065B97047000000007D1E041005
:10FB40002DE9F04FABB0924604938B8901911C06CE
:10FB5000059003D50B69002B00F07F841AAB0DF1E3
:10FB6000680B0D930023CDE90E33079302939AF8A7
:10FB700000305446DBB1252B19D0254614F8013F3F
:10FB80000BB1252BF9D1B4EB0A0610D00F9B3344EF
:10FB90000F930E9B0133072B0E93CBE900A600F3C6
:10FBA000CE800BF1080B029B334402936B78002B41
:10FBB00000F0CE804FF000034FF0000904F1010A7D
:10FBC00061784FF0FF388DF82F30CDF800900AF1B2
:10FBD000010AA1F12003582B00F2C780DFE813F0DF
:10FBE0003302C500C5002C02C500C500C500C50014
:10FBF000C500C50021021B02C500A8000002C50007
:10FC0000F90159005900590059005900590059008B
:10FC100059005900C500C500C500C500C500C50094
:10FC2000C500C500C500C5006800C500C500C50009
:10FC3000C500C500C500C500C500C500C500CD0193
:10FC4000C500C500C500C500C5005202C500C500FD
:10FC5000B503C500C500C500C500C500C500C50089
:10FC6000C500C500C50045026C00C500C500C50043
:10FC70003E026C00C500C5006A02C500BF01310428
:10FC800086017F01C5005F01C5003304C500C500C2
:10FC90003504A1F130034FF0000909EB89091AF886
:10FCA000011B03EB4909A1F13003092BF5D990E7BA
:10FCB000009B43F010030093009B990640F1BF8026
:10FCC000049B073323F007031A46596852F8083B90
:10FCD00004920A460029C0F2C680B8F1000FC0F2B3
:10FCE000D080009921F08001009153EA020140F098
:10FCF000C880B8F1000118BF0121B8F1000F40F031
:10FD0000C08088469DF82F201AAC0B469845464681
:10FD1000B8BF1E4602B10136009A12F002020392E9
:10FD200031D00222023603922DE0C9F1000904937A
:10FD3000009B9AF8001043F00403009347E70DAAD4
:10FD40000199059802F062F830B90DF1680B2AE7C5
:10FD50000F9B002B40F01C84019B9B895B0600F1EC
:10FD60002D8402982BB0BDE8F08F0029F0D000233D
:10FD7000012610AC8DF840108DF82F3033464FF02F
:10FD80000008CDF80C80009810F08407DDE90E2102
:10FD900004D1A9EB0605002D00F335829DF82F0054
:10FDA00080B101320DF12F000131CBF80000072A9C
:10FDB0004FF00100CDE90E21CBF8040000F3628280
:10FDC0000BF1080B039878B101320CA80231CBF883
:10FDD0000000072A4FF00200CDE90E21CBF8040005
:10FDE00000F35F820BF1080B802F00F06D81A8EB10
:10FDF0000305002D00F3AE8101321944CBF8004019
:10FE0000072ACBF80430CDE90E2100F3E3810BF192
:10FE1000080B009B5A0704D5A9EB0604002C00F33D
:10FE20004F82029BB145ACBF4B449B190293002902
:10FE300040F0E08100230DF1680B0E9397E6049AE1
:10FE400052F8043B0492009AD20607D4009A57064F
:10FE500004D543F3C0321BB211463BE7DA17114613
:10FE60000029BFF63AAF5B424FF02D0162EB420230
:10FE7000B8F1000F8DF82F1003DB009921F08001FD
:10FE800000910A2B72F1000180F0208330339DF83D
:10FE90002F200DF167048DF86730012336E7049DAC
:10FEA000002155F8044B8DF82F10002C00F06283D0
:10FEB000B8F1000FC0F2CC824246204603F02CF984
:10FEC000002800F06E83031B9DF82F2023EAE376C1
:10FED000002A00F058834FF0000804951BE7009BB0
:10FEE0009AF8001043F02003009370E6009B049AF8
:10FEF00043F00203BD49009347F630030791ADF884
:10FF0000303052F8043B04920022002188458DF8DD
:10FF10002F10C0F24082009E022126F08000009047
:10FF200053EA020040F00683B8F1000018BF012038
:10FF3000B8F1000F40F0FE82002940F0018216F077
:10FF4000010600F039823022334688460DF16704FD
:10FF50008DF8672043451E46B8BF4646DCE6009B49
:10FF60009E0640F16382049B029A1B681A60D217B6
:10FF70005A60049B04330493F9E5009B43F0100698
:10FF800016F0200200F01C82049B073323F00703C5
:10FF900019465A6851F8083B0491002188458DF8AC
:10FFA0002F10BADA1AAC03F00701DB08204643EA47
:10FFB00042733031D20804F8011D53EA0205F2D130
:10FFC000302902D0F10700F128821AAB00961B1BE2
:10FFD000C0E7009B9AF8001043F080030093F6E519
:10FFE000524612F8011B2A2900F0ED82A1F13003DC
:10FFF000092B00F2D8824FF0000808EB880812F8AD
:020000041004E6
:10000000011B03EB4808A1F13003092BF5D948EA9D
:10001000E8789246DDE52B239AF800108DF82F3012
:10002000D5E5049B53F8049BB9F1000FFFF67DAEB4
:100030009AF800100493CAE5009B9AF8001043F068
:1000400001030093C3E59DF82F309AF80010002BB0
:100050007FF4BDAD20238DF82F30B8E5009B9AF8D2
:10006000001043F040030093B1E5049B00220126F9
:1000700010AC8DF82F2053F8042B049333468DF8E1
:1000800040207CE6009B43F0100616F0200200F0B2
:10009000A681049B073323F0070319465A6851F8D9
:1000A000083B0491002188458DF82F10C0F277821B
:1000B000012132E79AF80010009B6C2900F042827F
:1000C00043F01003009382E5A9EB0605002D7FF7AE
:1000D0008EAE4748102D039029DDDC460694D346AA
:1000E00008961027059C9A46064602E0103D102D02
:1000F00018DD01321031072ACCE90067CDE90E2165
:100100000CF1080CF2DD0DAA0199204601F07EFEEB
:100110000DF1680C00287FF41FAE103D102DDDE9B5
:100120000E21E6DC5346069CDA46089EE346013281
:1001300003982944CBF80450072ACBF80000CDE9F6
:100140000E2100F30882A8EB03050BF1080B002D2C
:100150007FF752AE2648102D03902CDD2046DC465A
:100160002C46D3464FF01008059F9A46054602E0FC
:10017000103C102C19DD013210311D4B072ACCE93F
:100180000038CDE90E210CF1080CF1DD0DAA019922
:10019000384601F03BFE0DF1680C00287FF4DCAD21
:1001A000103C102CDDE90E21E5DC2846534625469F
:1001B000DA460446E346013203982944CBF804505A
:1001C000072ACBF80000CDE90E2100F317810BF1CF
:1001D000080B11E60DAA0199059801F017FE0028F9
:1001E0007FF4BAAD0F990DF1680B12E6744204105A
:1001F000408404100DAA0199059801F007FE00281B
:100200003FF418AEA8E5AE48102D06902BDDDC4675
:10021000D3469A46CDE90846059C064602E0103DC5
:10022000102D1BDD013210311023CCF80060072A9D
:100230000CF1080C4CF8043CCDE90E21EFDD0DAAC1
:100240000199204601F0E2FD0DF1680C00287FF4D1
:1002500083AD103D102DDDE90E21E3DC5346DA4677
:10026000E346DDE90846013206982944CBF80450FC
:10027000072ACBF80000CDE90E2100F312810BF123
:10028000080B8BE50DAA01990598069301F0BEFDB8
:1002900000287FF461AD0DF1680B069BDDE90E21AE
:1002A00090E50DAA01990598039301F0AFFD002890
:1002B0007FF452AD0DF1680B039BDDE90E2193E550
:1002C000102C0E9B40F374817D48102500961A4631
:1002D000059F0646DDF80480069002E0103C102CD5
:1002E00018DD01321031072ACBE90065CDE90E2176
:1002F0000BF1080BF2DD0DAA414638460DF1680BF3
:1003000001F084FD00287FF427AD103C102CDDE9BE
:100310000E21E6DC009E13460133069A2144072B8A
:10032000CBE90024CDE90E317FF77BAD0DAA019911
:10033000059801F06BFD00287FF40EAD0F9970E574
:1003400080461AAC03460646E6E45E4B0793009BE4
:1003500013F0200200F09480049B073323F007037E
:1003600018465A6850F8083B0490009CE0077FF557
:10037000CCAD53EA02003FF4C8AD8DF83110302106
:1003800044F002068DF83010002188458DF82F10BA
:10039000BFF6C2AD00961AAC079803F00F011B0917
:1003A000415C43EA0273120904F8011D53EA020199
:1003B000F3D11AAB1B1BCDE588461AAC0B46ABE458
:1003C000049951F8043B049116F010017FF4E5AD57
:1003D00016F040023FF4E1AD9BB20A46DDE5049918
:1003E00051F8043B049116F010017FF45BAE16F057
:1003F00040023FF457AE9BB20A4653E60DAA01995C
:100400000598039301F002FD00287FF4A5AC0DF1DF
:10041000680B039BDDE90E21EEE4302302380096E1
:1004200004F8013C1AAB04461B1A93E5009BDD0659
:1004300021D4009B5C061ED5049B029A1B681A807F
:1004400097E5009E9CE5009E1FE61F4B07937EE705
:100450002046FCF76FF9034636E54021F8F75CF8D3
:10046000019B18601861002800F0A5804023019AC4
:100470005361FFF773BB049B029A1B681A6078E50F
:10048000049850F8043B0490009810F010007FF49A
:100490006CAF009A12F040023FF467AF9BB2024685
:1004A00063E70DAA01990598069301F0AFFC0028B7
:1004B0007FF452AC0DF1680B069BDDE90E216DE473
:1004C00030840410E8370410744204101AAC434816
:1004D0004FF0CC3E99181E46154641F10001A0FB95
:1004E000017C2CF0030707EB9C074FF0050CC91BA0
:1004F0005B1A62F100070EFB03F200FB0722A3FB6D
:1005000000731A4407F001037F08A3FB0C3C591841
:100510000A2E47EAC27301F1300175F100054FEA76
:10052000520204F8011DD5D21AAB9DF82F201B1BD7
:10053000FFF7ECBB01293FF4A4AC0229009E3FF475
:1005400029AF2FE543F020039AF801100AF1010AC0
:100550000093FFF73CBB0DAA01990598039301F0A6
:1005600055FC00287FF4F8AB0DF1680B039BDDE927
:100570000E213CE443461A4C0495062B28BF062363
:100580001E46FFF7FCBB9046CDE90325FFF7FBBBFA
:100590000DAA0199059801F039FCFFF7DDBB009623
:1005A0006FE4434690E492464FF00008FFF711BB1A
:1005B0000C4A0692B0E60C23059A13604FF0FF3305
:1005C0000293FFF7CEBB049B9AF80110924653F8B2
:1005D000048B48EAE8780493FFF7F9BACDCCCCCC89
:1005E00088420410308404102DE9F0470446F9F7DE
:1005F00037FD40F2B1739C4240F3AD806FF4F66773
:1006000086465E4AA4F26D7304EB070CA4F2B27145
:10061000446040F26D104FEAAC0C6FF4C8690EF103
:10062000500500FB01CC82FB0301DB175448A3EB10
:1006300061139C4404EB0903A2FB032372460CEBF9
:10064000D31C117A53694A2922D044293FD16344EB
:10065000916928321768CE17C3FB0016C91946EBFB
:10066000E776954242E90216EBD1DEF82000DEF88B
:100670004810DEF824308842DEF84C204FF00100AC
:100680009341B4BF03460023CEF80030BDE8F087A5
:10069000A6070CEB03010ED13A4F3B4E07FB046655
:1006A00007F18047013FB7EBB60F04D23B2BC8BF21
:1006B00001314B1ECCE7334F334E07FB0466334FFB
:1006C000B7EB361FF5D33B2BC8BF0131F1E7A107CC
:1006D00044D02A4E86FB0416E117C1EBE6114FF415
:1006E000C87606FB114100290CBF4FF030084FF0CF
:1006F000000827498844D16801293CDD4FEA810A76
:100700006646A8F10401AAF10809C14451F8047F22
:1007100089453E44FAD1AAF104018844311D1D4F98
:1007200087FB0179CF178944C7EBA907C7EBC70738
:10073000C91BD8F80070591A136903F1FF3348BF79
:100740000731C3EBC3030B44BB4202DB073BBB4295
:10075000FCDA33447CE70020BDE8F087094E0A4903
:1007600006FB041106F18046013EB6EBB10FB0D294
:100770004FF03008BDE76646D0E700BF1F85EB515C
:1007800080510100295C8FC250B81E050AD7A30012
:10079000D08304109324499200B5864610466AB16E
:1007A0004FF0000C03E00CF1010C844506D011F869
:1007B000013B4EF8043B002BF5D160465DF804FB8D
:1007C0002DE9F04F90461A4689B09946002ADDF887
:1007D00048B0149E199FDDE9163579DB0024652B9E
:1007E000346023F020067CD047DC452B79D0462BA3
:1007F00058D1032300934246159BCDE901B307ABC3
:10080000049306AB03934B4601F0CEFC0446462E00
:1008100004EB0B0A05D12378302B66D0159B1B689F
:100820009A444046494600220023C3F753FA002861
:1008300065D1079B9A4506D930215A1C0792197039
:10084000079B5345F9D31B1B002F2B6011DD002B99
:100850000FDD189B611E181F0B4611F8012F40F881
:10086000042F02332A681B1BBA42A8BF3A469A4299
:10087000F2DC189809B0BDE8F08F662BB9D0159B53
:100880004246CDE901B307AB049306AB03930223C1
:1008900000934B4601F088FC139B0446DB0714D4FD
:1008A000079BD0E7159B4246CDE901B307AB049304
:1008B00006AB0393022300934B4601F075FC472ED1
:1008C0000446A4D1139BDB07EAD504EB0B0AA8E787
:1008D0002D2409F10042652B3460914623F0200657
:1008E00082D10BF1010B022384E700220023404652
:1008F0004946C3F7EFF930B1159B1B689A4453463C
:10090000CDF81CA09FE7CBF10103159A136087E790
:100910002DE9F04FEDB00C469246109300230A905B
:100920001F930E91FEF7D6FA03681B781C93A389D8
:10093000180603D52369002B00F0EA860023D3466E
:100940009C46CDE9243334ABCDF854C0CDF830C04B
:1009500099462393CDF860C09FED677B8DED127BA8
:10096000DBF800305C46252B1DD0E3B1254654F85A
:10097000043F0BB1252BF9D1A4EB0B06A3454FEA9D
:10098000A60610D0259B33442593249B0133072BC7
:100990002493C9E900B600F38D8009F108090C9B86
:1009A00033440C936B68002B00F0C6874FF00008AF
:1009B0004FF0FF3304F1040B65684746CDF86C80B7
:1009C0000B930BF1040BA5F12003582B00F2988038
:1009D000DFE813F0B80196009600B3019600960088
:1009E0009600960096009600A801A30196006B0061
:1009F0008801960083015900590059005900590097
:100A0000590059005900590096009600960096002A
:100A100096009600960096009600960096001201A9
:100A2000960012019600960096009600C10196006D
:100A30009600960096009600960096009600960006
:100A4000960096003B06960096009600960096004B
:100A500096009600960096009600CB015E0112016A
:100A600012011201C6015E01960096002F02960047
:100A700022021002D6019502960056029600370215
:100A8000960096005806A5F130034FF0000808EBD9
:100A900088085BF8045B03EB4808A5F13003092BD9
:100AA000F5D990E7C8F10008109347F00407DBF888
:100AB000005086E723AA0E990A9801F04BFA80B9F4
:100AC0000DF1D0096BE723AA0E990A9801F042FABA
:100AD000002800F086800F9B1BB10F990A98F8F749
:100AE00027F80E9B9B8903F04003002B40F0B7864C
:100AF0000C986DB0BDE8F08F000000000000000011
:100B0000002D00F019870023449544AA1B9301236C
:100B1000119208930D93002309979A460F930B9314
:100B20001493099B259C13F0840305D1089AA8EB24
:100B30000206002E00F347831B9A7AB11BAA0134E8
:100B40000121C9F80020249A25940132C9F8041023
:100B5000072A249200F37A8309F10809BAF1000FF9
:100B60000FD0249A20A902340132C9F800100221C2
:100B70002594072A2492C9F8041000F3758309F11B
:100B80000809802B00F01E820B9B0D9A9E1A002EE6
:100B900000F35C82099BDE0500F1B681119BC9F868
:100BA00000300D9B1C44C9F80430249B259401336C
:100BB000072B249300F3B38209F10809099B5B0713
:100BC00005D5089BA8EB0305002D00F35B830C9B68
:100BD000089A9045ACBF43449B180C93002C7FF4BB
:100BE00072AF002324930F9B1BB10F990A98F7F75C
:100BF0009FFF0DF1D009B3E6109B4FF0FF32073392
:100C000023F007019A4BB1EC027B8DED127B109122
:100C100012991691139921F000411791DDE91601FF
:100C2000C3F746F8002840F0B8844FF0FF32904BED
:100C3000DDE91601C3F774F8002840F0AE84002205
:100C40000023DDE91201C3F757F8002840F02B8795
:100C50001B9B27F08002002086490992864A0F904C
:100C6000472D98BF114603220B90119108921490C2
:100C70000D9213B1089B01330893099B13F0020AEC
:100C80003FF44FAF089B4FF0020A0233089348E746
:100C9000BB0640F17284109B073323F007031A460A
:100CA000596852F8083B10920A460029C0F2708534
:100CB0000B990029C0F2C18327F08001099140F00F
:100CC000BB8353EA020114BF0121002140F0B48329
:100CD0006CAB0B910D91119381E047F08007DBF82D
:100CE00000506EE6594651F8045B2A2D01F035801C
:100CF000A5F13003092B00F2A187002202EB82024A
:100D000051F8045B03EB4202A5F13003092BF5D93E
:100D100042EAE2738B460B9355E62B23DBF8005037
:100D20001B934EE6109B53F8048BB8F1000FFFF6AF
:100D3000B9AEDBF80050109343E647F00107DBF84B
:100D400000503EE61B9BDBF80050002B7FF439AED1
:100D500020231B9335E647F00807DBF8005030E608
:100D600047F04007DBF800502BE6109CF90654F8DA
:100D7000040B40F16A850023449010944593C4E627
:100D8000109947F002073D4B00227825189351F83F
:100D9000043B9FED357B109102218DED207B0020DF
:100DA0000B9C1B90002CC0F28D8127F080000990D5
:100DB00053EA020040F08581201E18BF0120002C5C
:100DC00040F07F81002940F0978217F001030B91DA
:100DD0000D9300F0918330236B936BAB11930B99C0
:100DE00000220D981B9B81420F921492B8BF0146BE
:100DF00008913EE717F0200240F0B483109917F0F5
:100E0000100051F8043B04D117F0400201D0024613
:100E10009BB210911146C2E7BD0640F19383109B2F
:100E20000C9A1B681A60D2175A60109B04331093F7
:100E300096E5DBF800506C2D00F0FF8447F01007BA
:100E4000BFE517F0200240F07283109917F01000F0
:100E500051F8043B04D117F0400201D09BB2024686
:100E6000109101219BE700BF3000000078000000D6
:100E7000FFFFEF7FF04C0410E04C0410644D0410B1
:100E8000109C002654F8043B1B961193002B00F095
:100E9000EB8417F010010B9B149140F00784002B9A
:100EA000C0F22686119E1A469A46304602F034F960
:100EB00008B1A0EB060ABAF1270F00F29286BAF148
:100EC000000F00F01987002344A80F93119B021F05
:100ED000013B03EB0A0613F8011FB34242F8041F5B
:100EE000F9D1119000EB8A00CDF834A0CDF820A004
:100EF00000231094099703600B931B9BB9E647F0FE
:100F00002007DBF800505CE5652D40F214810022DB
:100F10000023DDE91201C2F7DDFE002800F0F181B7
:100F2000249B0134AE4A01332594C9F800200122E4
:100F3000072B2493C9F8042000F3728409F10809EF
:100F4000DDE91E35AB4203DB099BD8077FF536AEE2
:100F50001CAB01340122C9F80030249B25940133D5
:100F6000C9F80420072B249300F3CD8409F1080964
:100F7000013D002D7FF722AE102D249B994F40F3A9
:100F8000C38022461026DDF828A00E9C03E0103D09
:100F9000102D40F3B88001331032072BC9E90076D9
:100FA000CDE9243209F10809F1DD23AA2146504692
:100FB00000F0D0FF00287FF48EAD0DF1D009DDE9FF
:100FC0002432E4E7089BA8EB0306002E7FF7DCAD94
:100FD000102E249B834F26DD214619954FF0100AD1
:100FE0001A460A9C0E9D02E0103E102E18DD0132BA
:100FF0001031072AC9E9007ACDE9242109F108094D
:10100000F2DD23AA2946204600F0A4FF00287FF441
:1010100062AD103E0DF1D009102EDDE92421E6DC91
:10102000199D0C46134601333444C9F80070072B50
:10103000C9F80460CDE9243400F321840B9B09F145
:1010400008090D9A9E1A002E7FF7A4AD102E249B3E
:10105000644F28DD21464FF0100A34461A462E46CA
:101060000E9D02E0103C102C19DD013210315D4B59
:10107000072AC9E9003ACDE9242109F10809F1DD7F
:1010800023AA29460A980DF1D00900F063FF002831
:101090007FF421AD103C102CDDE92421E5DC354640
:1010A000134626460C4601333444C9F80070072B1A
:1010B000C9F80460CDE9243400F3118209F108096C
:1010C00068E5099F012900F0B881022900F09D819F
:1010D0006CAC03F00701DB08204643EA4273303171
:1010E000D20844F8041D53EA0206F2D130291194C3
:1010F00002D0FB0700F1FA826CAB119A09979B1A98
:101100009B100D936BE614462C44C9F80070C9F887
:1011100004500133072BCDE924347FF74DAD23AACA
:101120000E990A9800F016FF00287FF4D4AC259C95
:101130000DF1D00942E51F9F0134249D09F10806F5
:10114000012F05F1010540F38581119B072DC9F899
:1011500000304FF00103CDE92454C9F8043000F306
:10116000DA8101351CAB01343360072D4FF00103E8
:10117000CDE92454736000F3C281083600220023B5
:1011800007F1FF3ADDE91201C2F7A4FD002840F0A3
:101190007D810135119B5444C6F804A00433072D0A
:1011A0003360CDE9245400F365810836159B013581
:1011B0001C447360072D26ABCDE924543360AEDCAC
:1011C00006F10809FAE4102E249A074F30DD49464B
:1011D0002046C1460A9CA84619930E9D09E000BF0F
:1011E000C44D04109084041050840410103E102E3E
:1011F00019DD0132103010230F60072A01F10801B8
:1012000041F8043CCDE92420F0DD294623AA2046FC
:1012100000F0A0FE34A900287FF45DAC103E102E33
:10122000DDE92420E5DC4546199BC846044689468D
:1012300001323444C9F80070072AC9F80460CDE9C6
:10124000242400F3DE8209F1080975E423AA0E992B
:101250000A98199300F07EFE00287FF43CAC259C90
:101260000DF1D009199B79E423AA0E990A981993D4
:1012700000F070FE00287FF42EAC259C0DF1D00903
:10128000199B7EE4102D249BB44F22DD22461026AC
:10129000DDF828A00E9C02E0103D102D18DD013372
:1012A0001032072BC9E90076CDE9243209F108098B
:1012B000F2DD23AA214650460DF1D00900F04AFE86
:1012C00000287FF408AC103D102DDDE92432E6DC67
:1012D000144601332C44072BC9E90075CDE92434A9
:1012E0007FF775AC23AA0E990A9800F033FE002808
:1012F0007FF4F1AB259C6AE46CAB0B900D901193DD
:101300006DE51E9A0DF1780A002A40F34F821F9B6B
:10131000149A43F31D060B939B0096420D93A8BFAE
:101320001646002E0CDD119B3444C9E90036249B7F
:1013300025940133072B249300F3358409F1080920
:10134000149D002EA8BFAD1B002D00F3F081149B4F
:10135000DAF800509F000B9BAB4240F3D4811CABEA
:1013600001340122C9F80030249B25940133C9F8C7
:101370000420072B249300F3AD8309F108090D9B8A
:10138000DE1B0B9BB6105D1BAE42A8BF2E46002E87
:101390000FDD119B3444C9F804603B442594C9F81F
:1013A0000030249B0133072B249300F3098409F1B7
:1013B0000809002EA8BFAD1B002D7FF7FFAB102D35
:1013C000249B674F7FF7A0AE22461026DDF828A0A9
:1013D0000E9C03E0103D102D7FF795AE01331032C7
:1013E000072BC9E90076CDE9243209F10809F1DDBE
:1013F00023AA2146504600F0ADFD00287FF46BABD8
:101400000DF1D009DDE92432E4E76CA9189C03F062
:101410000F001B0954F8200043EA0273120941F837
:10142000040D53EA0200F2D10A4611916CAB099700
:101430009B1A9B100D93D2E4099F0A2B72F10001B5
:1014400080F02A82303309976B9301230D936BABA5
:101450001193C4E4099BDA073FF577AE119B072D82
:10146000C9F800304FF00103CDE92454C9F8043025
:101470007FF79CAE23AA0E990A9800F06BFD002816
:101480007FF429AB34AEDDE924548FE6012F7FF7DA
:101490008DAE112F324F40F3FB8222464FF01009E0
:1014A0003C460E9F05E0AAF1100ABAF1100F40F376
:1014B000ED8201351032072DC6E90049CDE92452ED
:1014C00006F10806EFDD23AA39460A9800F042FD2E
:1014D00000287FF400AB34AEDDE92452E3E723AA11
:1014E0000E990A9800F036FD00287FF4F4AA259C96
:1014F0000DF1D009FFF74EBB6CAB11936FE423AA3B
:101500000E990A9800F026FD00287FF4E4AA34AE74
:10151000DDE9245432E623AA0E990A9800F01AFD58
:1015200000287FF4D8AA34AEDDE9245419E6109BD4
:101530000121073323F0070318465A6850F8083B87
:1015400010902CE4FC0600F11881780640F115811A
:10155000109B0C9A1B681A8067E400BF508404102B
:1015600090840410109B0021073323F007031846D2
:101570005A6850F8083B109011E4109AFE0652F891
:10158000043B109200F1FF807C0640F1FC8043F3A5
:10159000C0321BB21146FFF788BBDDE912010246DB
:1015A0000B46C2F785FB0446002840F098830B9A4F
:1015B00047F48073501C099300F0898225F02003C2
:1015C000472B02D1002A00F0C6811FAB44AC0DF1BD
:1015D000780A1DAE0A980694CDF80CA00296CDE9C3
:1015E0000453099B01930B9B009328230793DDE988
:1015F0001223FFF7E5F8A042119000F0FE820023CD
:101600000F9325F02003DAF80020472B149200F006
:10161000C081662D40F0C781149907F001030B9A31
:10162000002943EA020340F39782002B40F06E83C7
:10163000149B08930D933368002B00F0B0822D2388
:101640001B9300230B93FFF715BBB54B17F020023C
:1016500018931CD0109B073323F0070319465A68D0
:1016600051F8083B1091F90740F19B8053EA0201C1
:1016700000F09780302147F0020721952091022148
:10168000FFF78DBBA74B17F020021893E2D11098FB
:1016900017F0100150F8043B40F0868017F040022C
:1016A00000F082809BB20A461090DCE7002BC0F26B
:1016B00033821A4631461198FAF746F90F900028FE
:1016C00000F0F5820F9B119A10949B1A0B9A0997C0
:1016D0009B100B960F969A421496A8BF1A461B9B16
:1016E00022EAE2710D920891FFF7C3BA3023119AF2
:1016F0000838099742F8043C6CAB11901B1A9B10F8
:101700000D93FFF76CBB099BD9077FF538AE26E632
:1017100040210A98F6F700FF0E9B18601861002818
:1017200000F0308340230E9A5361FFF707B9102D64
:10173000249B7D4F40F3BE81214610263C461A462D
:101740000E9F03E0103D102D40F3B18101321031A6
:10175000072AC9E90046CDE9242109F10809F1DD8C
:1017600023AA39460A9800F0F5FB00287FF4B3A9B4
:101770000DF1D009DDE92421E4E7109B0C9A1B68E8
:101780001A60FFF752BBDA1711460029BFF690AA7C
:101790005B424FF02D004FF0010162EB4202FFF778
:1017A000FFBA0221FFF7FBBA10905CE7249B0134DB
:1017B0005E4901332594C9F800100121072B2493B9
:1017C000C9F8041000F39A8109F10809002A40F0D1
:1017D0004281099B1F9A03F0010313433FF4EEA9D2
:1017E0001CAB01340121C9F80030249B259401333E
:1017F000C9F80410072B249300F3B58109F10809F7
:101800003CE123AA0E990A98199300F0A3FB002843
:101810007FF461A9259C0DF1D009199BFFF78CB9C4
:1018200023AA0E990A9800F095FB00287FF453A98B
:10183000259C0DF1D009FFF783BBDBF8045047F07E
:1018400020070BF1040BFFF7BCB8F4F7FBFE421CBA
:101850007FF491AA0E9A938943F0400393814FF04D
:10186000FF330C93FFF744B90B9B314A062B1094BE
:10187000119228BF06230D930893FFF74CB923AAB2
:101880000E990A9800F066FB00287FF424A9259C95
:101890000DF1D009FFF778B96CA926484FF0CC3C80
:1018A0000526CDE908750D4699181F46144641F1E5
:1018B0000001A0FB01EA2AF0030E0EEB9A0EA1EB49
:1018C0000E015B1A62F1000E0CFB03F200FB0E220C
:1018D000A3FB00E31A440EF001034FEA5E0EA3FBE4
:1018E000063A59180A2F4EEAC27301F1300174F119
:1018F00000044FEA520245F8041DD5D22A4611953C
:10190000089F099D92E523AA0E990A9800F022FBF0
:1019100000287FF4E0A8259C0DF1D009FFF728BB33
:10192000204D0410644D041090840410C44D041024
:10193000A84D0410CDCCCCCC259B002B3FF4D1A8D6
:101940000E9C23AA0A98214600F004FBA38903F009
:101950004003FFF7CAB81FAB01210DF1780A1DAE95
:1019600000910A98CDF80CA00296CDE90453099B8A
:1019700001932823079344AB0693DDE91223FEF776
:101980001FFF44AA01211190904200F0F2810F94B0
:101990000B91DAF800201F9BD11C149202DB0B99EB
:1019A0008A424BDD023D149B2695591E0029CAF838
:1019B0000010C0F2C0802B230929279340F34381F4
:1019C00034ACDFF8D4C3ACFB013E0A462046043CED
:1019D0004FEADE0E632A0EEB8E03A1EB4303714642
:1019E00003F1300340F8043CEDDCA0F1080334AA15
:1019F0003031934244F8041C80F0C18127AA53F887
:101A0000041B42F8041F34A98B42F8D30DF1D7030D
:101A10001B1A23F003030C339B1015931F9B159A7D
:101A2000012B1A440D9240F315810D9B00220133C6
:101A300014920D9323EAE3730893FCE5149A9A42F7
:101A40007DDBFF07149B00F1698123EAE3726725C0
:101A50000D930892EFE51CAB01340121C9F8003069
:101A6000249B25940133C9F80410072B24937ADCB6
:101A700009F10809002AC0F2F6801F9A119914444E
:101A8000C9F80420C9F80010FFF743BB27461446E5
:101A9000013554443760072DC6F804A0CDE924541D
:101AA0007FF783ABE6E42D231B93FFF7D2B82746DD
:101AB00013460C4601332C44C9F80070072BC9F8B3
:101AC0000450CDE924345DDC09F108093FE4062324
:101AD0000B937AE523AA0E990A9800F03BFA0028A6
:101AE0007EF4F9AFDAF800500DF1D009259C46E4F8
:101AF0001198FAF71FFE8246FFF7DDB923AA0E9967
:101B00000A9800F027FA00287EF4E5AF259C0DF135
:101B1000D009DAF8002059E61198F8F7BDFA20EA62
:101B2000E0711B9B0B9610940D9009970F960891EE
:101B30001496FFF79EB8C3F101012D233CE7149AD8
:101B40006725002AD4BFC2F102020122D3180D93E7
:101B500023EAE37308936EE5002B40F0E68001234F
:101B600008930D9367E523AA0E990A9800F0F2F9FD
:101B700000287EF4B0AFDAF800200DF1D009DDE9DD
:101B8000243477E723AA0E990A9800F0E3F9002895
:101B90007EF4A1AF259C0DF1D009FFF7D8BB0B93C4
:101BA0001B9BFFF766B823AA0E990A9800F0D2F99A
:101BB00000287EF490AF259C0DF1D009FFF7C0BB43
:101BC00023AA0E990A9800F0C5F900287EF483AF85
:101BD000DAF800500DF1D0090B9B259C5D1BFFF737
:101BE000E8BB0AF101010A988900F6F795FC002884
:101BF0003FF430AE0F90FFF769B91F9B282B7FF79A
:101C0000FEAC99000A980893F6F786FC089B0F90A3
:101C100000283FF41FAE07930F9B0A9806931FAB53
:101C2000CDE90453099B01930B9BCDE9026A009314
:101C3000DDE91223FEF7C4FD1190E2E400238B4698
:101C40000B93FEF7C0BE3023303128930423299133
:101C50001593E3E617F0010314937FF4E6AE22EA4E
:101C6000E2730893E7E455421032484F2ADA2246DD
:101C70001026DDF828A00E9C02E0103D102D20DD7E
:101C800001331032072BC9E90076CDE9243209F17E
:101C90000809F2DD23AA2146504600F05BF900282E
:101CA0007EF419AF0DF1D009DDE92432E5E70B9B95
:101CB000109408930D9309971B9B0B901490FEF7BB
:101CC000D8BF144601332C44C9F80070072BC9F85B
:101CD0000450CDE9243432DC09F10809CDE6139B28
:101CE000002B29DB1B9B27F080020020284909924A
:101CF0000F90284AFEF7B4BF44A8CDF820A0CDF835
:101D000034A01190CDF83CA0FFF7F2B81346013390
:101D10000B440D9323EAE37308938CE401336725A6
:101D20000D9323EAE373089385E40B9B02330D9331
:101D300023EAE37308937EE42D231B93D3E723AABE
:101D40000E990A9800F006F900287EF4C4AE259C8E
:101D50000DF1D0091F9A249B90E6109BDBF80450EC
:101D60008B4653F8042B42EAE27210930B92FEF773
:101D700028BE1F9B282B7FF70AAE0B9141E7022359
:101D800015934BE60C230A9A136068E590840410BF
:101D9000104D0410004D0410CDCCCCCCFF2809D838
:101DA000054B185C00F00300A0F10100B0FA80F0D0
:101DB00040097047002070478181041038B50446FF
:101DC0000D46FDF785FE00B938BD29462046FDF7D2
:101DD00019FDB0FA80F0400938BD00BF38B50022C7
:101DE000064D044608462A60C3F7A6FD431C00D0F2
:101DF00038BD2B68002BFBD0236038BDA4370020F2
:101E0000002301461A461846F8F7D8BC2DE9F843D6
:101E1000154692682C68FAB180468946083401E07C
:101E20000834CFB16B681746591E002B696013DD6B
:101E300054F8046C002EF3D0334654F8082C49466D
:101E4000404600F0B3F8431C07D0AA680834921B40
:101E50001746AA60002FE5D100200023C5E9013311
:101E6000BDE8F883FF2804D8034B185C00F010008D
:101E700070470020704700BF8181041038B5074DBE
:101E8000074C2C1BA41005D0013C55F8043D984785
:101E9000002CF9D1BDE83840C3F706BDD03104109D
:101EA000D03104100EB470B59DB000254FF401720E
:101EB00021AC1B95ADF8142054F8046B02900690E9
:101EC000FAF738FC0B4903464FF6FF7032460A9189
:101ED0000949ADF81600039307932346086802A941
:101EE0000E9513950194FAF731FD1DB0BDE87040D1
:101EF00003B07047A5A50310C02A00200CB4F0B5AC
:101F00009DB000254FF40173064622AC0846ADF89B
:101F1000143054F8047B1B9502910691FAF70AFCE1
:101F20000B4903460E953A4613954FF6FF750393FA
:101F30003046079323460A9102A9ADF81650019442
:101F4000FAF704FD1DB0BDE8F04002B0704700BFD5
:101F5000A5A503102DE9F843154692682C68FAB13F
:101F600080468946083401E00834CFB16B681746D3
:101F7000591E002B696013DD54F8046C002EF3D059
:101F8000B30054F8082C4946404600F00FF8431CB3
:101F900007D0AA680834921B1746AA60002FE5D123
:101FA00000200023C5E90133BDE8F8832DE9F0479F
:101FB0008E6881460C461D469E429046086836D87B
:101FC000B1F90C3013F4906F0DD135462A464146D5
:101FD00001F05AF8A26823680020921B2B44A260EB
:101FE0002360BDE8F0876769096917EB4707A0EB35
:101FF000010A05F1010048BF013750447F10B84283
:102000003A4601D9074602465B0512D511464846B5
:10201000F6F782FA0646F8B15246216901F038F81F
:10202000A38923F4906343F08003A38106E01E4656
:10203000CCE74846F8F728FD064648B106EB0A000B
:10204000A7EB0A0326612E466761A3602060BDE707
:1020500021694846F6F76CFDA3890C224FF0FF304A
:1020600043F04003C9F80020A381BAE70000000054
:102070002DE9F04F036985B00C69A342C0F290804E
:10208000013C01F1140500F11408814655F8243093
:102090004FEA840C58F8242005EB8407013308EB41
:1020A000840B9A42B2FBF3F642D30020AA46C646FE
:1020B000CDF80C8003468846CDE901C505465AF89F
:1020C000042BDEF8001090B257454FEA124C06FB85
:1020D00000508AB24FEA104580B206FB0C55A2EBC5
:1020E00000021A44ABB24FEA1545C3EB224392B249
:1020F00003EB114342EA03424FEA23434EF8042B19
:10210000DDD24146DDF80C80DDE901C558F80C3020
:1021100073B9ABF1040BD84504D307E0D84504F1FB
:10212000FF3403D25BF80439002BF7D0C9F8104014
:102130004846FCF7E3FB00282EDB0022414694468C
:1021400055F8040B0B681FFA80FEAF429AB24FEAB3
:102150001040A2EB0E026244C0EB224092B200EBB0
:10216000134042EA00424FEA204C41F8042BE7D2E8
:1021700058F8242008EB84036AB9043B434504D88B
:1021800007E0984504F1FF3403D253F80429002AEC
:10219000F7D0C9F810400136304605B0BDE8F08FE1
:1021A000002005B0BDE8F08F2DE9F04F816B9DB0A8
:1021B00016461F460446299DCDE9046741B1C26B0E
:1021C000012393404A608B60FCF7E2F80023A3638D
:1021D000B7F10009C0F2B48000232B607C4B33EAD6
:1021E000090300F0B880002200239DED047B51EC30
:1021F000170B8DED027BC1F76DFD804668B10123A1
:10220000289A13602A9B13B1724B2A9A1360DFF845
:10221000D08140461DB0BDE8F08F1AAB2046019337
:102220001BAB0093DDE90223FCF7D2FC83465FEA97
:10223000195540F0A780DDE91A85454405F232437F
:10224000202B40F34982C3F1400309FA03F905F258
:10225000124326FA03F349EA0300C1F7F3FC013DF8
:102260000123A1F1F871149300225B4BC1F744FCE8
:1022700051A3D3E90023C1F753FC51A3D3E90023B1
:10228000C1F726FC06460F462846C1F7C9FC4EA3F7
:10229000D3E90023C1F744FC02460B4630463946D9
:1022A000C1F716FC06460F46C1F7DEFC0022814648
:1022B0000890002330463946C1F71EFD002840F043
:1022C000FD81A8EB0508089D162D08F1FF3A00F2E4
:1022D000A481424B03EBC503DDE90201D3E90023EE
:1022E000C1F70AFD002800F081806B1EBAF1000FD3
:1022F00008934FF000031193C0F2958100230A93D5
:10230000089B002B78DA089B0A9A0B93D21A0A9240
:102310005A42002310920893269B092B74D8052B50
:1023200040F3DF81043B00252693269B023B032BD1
:1023300000F28786DFE813F0FF03FC03F203D80303
:10234000012329F000492B60214BCDF8149033EA8A
:1023500009037FF448AFC9F3130942F20F73289AB7
:1023600059EA060913601DD02A9BDFF87880002BFC
:102370003FF44FAF08F103032A9A404613601DB0A3
:10238000BDE8F08FDDE90212CDF85080A5F2FF35EF
:10239000C2F313030846DDF8688043F07F5141F42F
:1023A000401161E72A9BDFF84080002B3FF431AFFA
:1023B00008F10803E0E700BF61436F63A787D23FDE
:1023C000B3C8608B288AC63FFB799F501344D33F24
:1023D0000000F07F713304100000F83FB882041051
:1023E000703304109C42041090420410B8F1000FA6
:1023F00040F31A8511900A90089B9A440B9300238E
:102400001093269B092B8AD900230125CDE9263379
:102410004FF0FF330C9509930021099BE16315935D
:102420002046FBF78FFF0790002800F01286099BDB
:102430000E2B8CBF002505F00105079BA363002D23
:1024400000F01E810B99002940F35C81A64B01F03E
:102450000F02C8054FEA211503EBC203D3E9006759
:1024600040F12183A14B05F00F054FF00308D3E99C
:102470000823DDE90201C1F777FBCDE90E018DB13B
:10248000DFF86892E90709D53046394608F10108B6
:10249000D9E90023C1F744FB06460F466D1009F148
:1024A0000809EFD132463B46DDE90E01C1F75CFB7E
:1024B000CDE91201119B53B100228D4BDDE912676A
:1024C00030463946C1F718FC002840F0B484404635
:1024D000C1F7A6FBDDE91223C1F722FB854B0022E1
:1024E000C1F7F6FA099B0646A1F15077002B00F0E0
:1024F000AE800B9B0E93099B18937B4AB046189BAA
:10250000B94602EBC303DDE9126713ED027B3946DE
:1025100030468DED167BC1F7A7FB0546C1F780FB62
:1025200002460B46304639463035C1F7E5FA079B7F
:102530000F460C995A1C0646EDB21292DDE916239D
:10254000002900F0FB8200206B49C1F70DFB4246D9
:102550004B46C1F7D1FA079B324680461D703B4679
:102560008946C1F705FC002840F05385CDF864A0EA
:102570000025CDF858B0DDF848A0DDF860B018941B
:102580002AE001355D4580F2CD844046494600226F
:102590005A4BC1F7C5FA0022584B8046894630464F
:1025A0003946C1F7BDFA0F460646C1F75DFB044642
:1025B000C1F736FB02460B46303430463946C1F788
:1025C0009BFA42464B460AF8014B06460F46C1F7B6
:1025D00093FB002840F0AD8432463B46002044493E
:1025E000C1F78AFA42464B46C1F786FB0028C8D09D
:1025F000DDF858B05546189C079902E0A94200F052
:102600006D842A4615F8013D392BF7D00133DBB232
:102610002B70DDF81C8007921BE10123BAF1000F3B
:102620001193BFF66BAEC8F101034FF0000A0A9395
:1026300066E64046C1F7F4FADDE91223C1F770FA05
:1026400000222C4BC1F744FA0646A1F15077002234
:102650002B4BDDE91201C1F74FFA32463B4680466B
:102660008946C1F785FB002840F01884404649465A
:10267000324607F10043C1F73FFB002840F0858157
:102680001B9B002B03DB0B9A0E2A40F361810C9AF3
:10269000002A68D0269A012A40F3F583099B109AF4
:1026A0005D1EAA42C0F22C83002BA2EB050580F22E
:1026B0007D84DDE90923A3EB02082EE34846C1F738
:1026C000AFFA32463B46C1F705FB00287FF4F9AD6F
:1026D00009F1FF330893F4E5C3F1200306FA03F090
:1026E000BBE5012521E600BFB8820410A8830410D1
:1026F0000000F03F00001C400000E03F00002440CC
:102700000000144000F0F4820B9B5E42B24B06F0D6
:102710000F0203EBC203DDE90201D3E90023C1F795
:10272000FFF93611CDE90E0100F06584AB4F0023AF
:102730004FF00208CDE91201F20706D508F10108B1
:10274000D7E90023C1F7ECF92B46761007F108070B
:10275000F2D1CDE91201002B7FF4ACAE9DED0E7BE2
:102760008DED127BA6E60023109DDDF828801E4625
:102770000C93B8F1000F0DDDBAF1000F0ADDD04562
:1027800043460A9AA8BF5346D21AA8EB0308AAEBFD
:10279000030A0A92109B53B10C9B13B1002D40F019
:1027A000D0825946109A2046FBF7DAFF8346012172
:1027B0002046FBF7F5FE089B0746002B40F05E81A4
:1027C000269B012B40F376810123534413F01F0312
:1027D00008D0C3F12002042A00F3688208D0C3F1B4
:1027E0003C0300E01C230A9A98449A441A440A9233
:1027F0000A9B002B05DD59461A462046FCF70AF8CD
:102800008346BAF1000F05DD394652462046FCF7F3
:1028100001F80746269B022B119BD4BF00250125FA
:10282000002B40F0B580099B002B26DC2DB3099BC3
:10283000002B00F03E82279BDDF81C80DB430E93CB
:1028400039462046FBF7A4FD1EB131462046FBF772
:102850009FFD59462046FBF79BFD00220E9B0799E2
:1028600001330A70289A13602A9B002B3FF4D1ACE5
:10287000404619601DB0BDE8F08F0C9B002B00F0A6
:10288000A480B8F1000F05DD314642462046FBF733
:10289000C1FF0646089B002B40F02D83B146079DE3
:1028A000099A6B1E02971A44049B03F001030992D4
:1028B0000A9302995846FFF7DBFB31468246584699
:1028C000FCF71CF8029980464A4620460AF1300778
:1028D000FCF736F8C3680146002B40F04D820890A3
:1028E0005846FCF70BF8089908902046FBF750FD76
:1028F000269B089A134340F07B820A9B002B00F032
:102900005E83B8F1000FC0F25783099BA846AB4223
:1029100008F8017B00F03D83594600230A22204637
:10292000FBF740FD4E45834631464FF000034FF024
:102930000A02204600F05682FBF734FD494606465F
:1029400000230A222046FBF72DFD45468146B0E7CD
:10295000214B03EBC203D3E9009A279B002B80F2A3
:102960000682099B002B00F3028273B900221C4BE4
:1029700048465146C1F7D4F802460B46DDE902014C
:10298000C1F7CEF9002800F0898200273E4652E7C1
:1029900039465846FBF7B2FF0028BFF644AF0B9B01
:1029A00059460A222046013B0B930023FBF7FAFC11
:1029B0000C9B8346002B40F00D83159B002B159B31
:1029C000099302DC002D7FF432AFDDF81C80012575
:1029D000DDF824900EE000BFB8820410A883041034
:1029E00000001440594600230A222046FBF7DAFC77
:1029F0000135834639465846FFF73AFB4D4500F10D
:102A0000300308F8013BEDDB099A0025002ACCBF12
:102A100090464FF00108079A9044594601222046FB
:102A20000293FBF7F7FE39468346FBF767FF002862
:102A300040F33982079A02E0904500F0438218F88B
:102A4000013CC24608F1FF38392BF5D0013388F834
:102A500000300B9B0E9339462046FBF799FC002E65
:102A600000F037822DB1B54203D029462046FBF74E
:102A70008FFCDDF81C80CDF81CA0E6E601461A4666
:102A80002046FBF76DFE269B0746012B40F34B814A
:102A9000002308933B6907EB83031869FBF72CFDC0
:102AA000C0F1200391E69DED027B4FF002088DED11
:102AB0000E7BE4E4049B002B7FF486AEDDE9041278
:102AC000C2F31303002B7FF47FAEC24B13402BB134
:102AD0000A9B0AF1010A01330A930123089A089319
:102AE000002A3FF471AED5E701230C93279B0B9A84
:102AF000134415930133012B1E460993B8BF0126D9
:102B0000172E40F39482012204235B001146013208
:102B100003F11400B042F8D9E16381E401230C937E
:102B2000279B002B40F37B811E4615930993E7E713
:102B300000230C93DAE700230C93F1E74046494663
:102B4000C0F7EEFF079B1D70189B012BCDE90C0110
:102B500000F03E82189D079BDDF848801D4400224E
:102B60009D4B30463946C0F7DBFF0F460646C1F79E
:102B70007BF88146C1F754F802460B4609F130094B
:102B800030463946C0F7B8FF08F8019B4545064670
:102B90000F46E4D10022914BDDE90C8940464946BD
:102BA000C0F796FF32463B46C1F7A6F8002840F032
:102BB0009F8142464B4600208849C0F79DFF324620
:102BC0003B46C1F7D5F8002840F08C801B9B002BBA
:102BD000FFF6C9AD0B9B0E2B3FF7C5AD804B0B9A93
:102BE000DDF81C8003EBC203D3E9009ADDE902673C
:102BF0004A46534630463946C0F7B6FFC1F734F867
:102C00000546C1F70DF84A465346C0F789FF02460C
:102C10000B4630463946C0F76FFF05F13003079A7F
:102C20001370099B012B129B00F0F881C3F1010284
:102C3000CDF808B0CDF81080984608941446DDF819
:102C400024B01DE04A46534630463946C0F78CFF53
:102C5000C1F70AF80546C0F7E3FF4A465346C0F7F6
:102C60005FFF0B46024639463046C0F745FF05F187
:102C7000300308F8013B08EB04035B4500F0638177
:102C80000022554BC0F74CFF0022002306460F469A
:102C9000C1F720F80028D5D0CDF81C80DDF808B0A9
:102CA000DDF81080089C0B9B0E93D2E5C3F11C034A
:102CB00099E5394605222046FBF774FB074658463E
:102CC0003946FBF71BFE00287FF7B5ADDDF81C8009
:102CD000079B013307930B9B01330E93312388F835
:102CE0000030ADE52A4615F8013D302BFAD090E4CE
:102CF0009DED027B4FF002088DED127BFFF7DABBF2
:102D0000109B089AEB1A109500251A44099B08920B
:102D10009A440A9A90461A440A9201212046FBF7E7
:102D20003FFC064625E5049B002B7FF4B1AEDDE9B0
:102D30000401C1F313030A46002B3FF4C6AE08900A
:102D4000A8E631462A462046FBF70AFD06465A46C3
:102D500020463146FBF752FC594683462046FBF796
:102D600017FB109B5B1B10933FF421AD19E5079BEC
:102D70005A1C9846129239E720460897029FFBF7A3
:102D800007FBB8F1000F089B08DB049A269902F0B4
:102D9000010241EA080852EA08023AD159460122E2
:102DA00020460293FBF736FD39468346FBF7A6FD26
:102DB0000028029B40F32781392B00F0EF800AF1B5
:102DC0003103AA460AF8013B35460B9B4E460E934B
:102DD00041E600BF0000F07F000024400000E03F1B
:102DE000B8820410FBF7DEFA45460646814660E5E8
:102DF000B8F1000FC0F21F81269B43EA08080A9B26
:102E000053EA080800F01781002A7FF77EAD3B46A1
:102E1000029F392B00F0C280AA460133D2E701237A
:102E200027930993FFF7F8BAC8F10103824611907E
:102E30000A93FFF7E1BA099B002B3FF4FAAB159D0B
:102E4000002D7FF71DAC0B9B304639460022013B1D
:102E50000E93894BC0F764FE02460F4608F101004D
:102E60001646CDE91267C0F7DBFE32463B46C0F797
:102E700057FE0022814BC0F72BFE18950646A1F1A4
:102E80005077FFF73ABB149A72B303F233430A9AAE
:102E90009A44109D90461A440A923EE70027DDF8B6
:102EA0001C803E4614E703D1029BDB073FF5C2AD11
:102EB00018F8013CC24608F1FF38302BF8D00B9BC4
:102EC0000E93C8E50B9B079A01330E9331231370C1
:102ED000C1E5DDF81C80CDF81CA0BAE40E9B0133DF
:102EE0000E933123FFF794BB1A9BC3F13603CEE751
:102EF0000799FFF786BB71682046FBF723FA054662
:102F0000002800F08D80336906F10C010C3002338B
:102F10009A0000F0BDF8294601222046FBF77AFC12
:102F20008146BCE4DDF864A0DDF858B0189CFFF7DA
:102F3000A7BBDDF81C80DDF858B0189CCDF848A080
:102F4000CDF81CA085E4CDF81C80DDF808B0DDF8D4
:102F50001080089C02460B46C0F7BAFD4A4653460D
:102F600006460F46C0F704FF58B94A465346304656
:102F70003946C0F7AFFE00283FF495AEE9077FF56C
:102F800092AE0B9B4146079D0E93CDF81C80FFF738
:102F900038BB3B463546029F4E463EE5A8463923A0
:102FA0003546079A4E4608F8013B48E50A9A9A4486
:102FB00090461A440A92B0E63B46029F01E73B4620
:102FC000029F392BEAD0B8F1000F3FF7F8AEF8E6D0
:102FD000129DDFE5314600230A222046FBF7E2F985
:102FE000159B0646002B159B09933FF74AAC002D15
:102FF0007FF41DAC45E49DED0E7B4FF002088DED96
:10300000127BFFF757BA7FF4DCAEDA077FF5D9AE53
:10301000D2E6129BDDF81C8007931AE4079399E728
:103020000246174B40F2EF211648C2F78FFC0021F1
:10303000E163FFF7F5B9002A3B46029F3FF7AEAECA
:10304000BFE6002520462946E563FBF77BF907909C
:1030500030B90B4B002240F2AF110A48C2F776FCA0
:10306000079B01222795A3634FF0FF330C92159322
:103070000993FFF705BB00BF0000244000001C407F
:10308000C4390410A04204105FF800F04525002068
:103090005FF800F0A12600205FF800F03911002051
:1030A0005FF800F0E52300205FF800F00918002029
:1030B0005FF800F0891000205FF800F0AD020020FA
:1030C0005FF800F0E91F00205FF800F0C51F002046
:1030D0005FF800F0F50100205FF800F02D020020FD
:1030E0005FF800F0FD1700205FF800F0F9170020EE
:1030F0005FF800F0A11F00205FF800F0C50A002073
:103100005FF800F0092400205FF800F04526002059
:103110005FF800F0AD2300205FF800F0AD24002040
:103120005FF800F0690A00205FF800F0FF2300203C
:103130005FF800F0910A00205FF800F065020020BF
:103140005FF800F0D92300205FF800F0090B0020A1
:103150005FF800F0F92300205FF800F05518002018
:103160005FF800F01101002021390010953800109F
:10317000C9380010B1390010013900101938001099
:103180004939001005380010192C00104D39001075
:10319000E92F00106538001035390010E5380010AF
:1031A00009280010312800102DFB03105D8300104A
:1031B000856100100948011001C601105D69021007
:1031C0004519031075220310714D031009500310A7
:1031D0002200000022203A20000000007B20000096
:1031E00070696E675F6D73002C2000007061636B07
:1031F00065745F6C6F73735F70657263656E740086
:10320000207D000074696D655F73696E63655F6C36
:103210006173745F6D730000726174655F687A003A
:1032200066635F7669615F726600000066635F7661
:1032300069615F346700000070635F7669615F7287
:103240006600000070635F7669615F3467000000AC
:10325000666C6170735F6B6E6F625F7374617465CF
:1032600000000000726F6C6C5F737461625F6B6E64
:103270006F625F737461746500000000706974634D
:10328000685F737461625F6B6E6F625F73746174A9
:10329000650000006E5F7265737461727473000084
:1032A0006C696E6B735F646961676E6F7374696379
:1032B00073000000696E707574735F646961676E96
:1032C0006F737469637300000A0000000A2A2A2AD7
:1032D0002050414E4943202A2A2A0A004E6F20736B
:1032E00070696E6C6F636B732061726520617661CB
:1032F000696C61626C6500004E6F207573657220A9
:10330000495251732061726520617661696C616216
:103310006C650000486172647761726520616C6160
:10332000726D20256420616C726561647920636C24
:1033300061696D65640000004861726420617373A7
:10334000657274004F7574206F66206D656D6F72C5
:103350007900000052656C6561736500626F6F747F
:10336000325F77323571303830000000322E332E24
:10337000300000007069636F3200000072656D6F8D
:1033800074655F636F6E74726F6C000041756720C7
:103390003131203230323600666E692B0000000079
:1033A000666E69006E616E00666E692D0000000039
:1033B0002C2066756E6374696F6E3A200000000001
:1033C000617373657274696F6E20222573222066A3
:1033D00061696C65643A2066696C652022257322F8
:1033E0002C206C696E65202564257325730A000006
:1033F0007265637572736976652043585820696EEB
:10340000697469616C697A657200000055534220E5
:10341000737464696E202F207374646F7574000078
:103420005261737062657272792050690000000009
:103430005069636F00000000426F61726420434472
:10344000430000005265736574000000556E6861AA
:103450006E646C65642049525120307825780A00EA
:10346000657020253032582077617320616C726559
:1034700061647920617661696C61626C650000004D
:1034800043616E277420636F6E74696E7565207872
:10349000666572206F6E20696E616374697665205F
:1034A0006570202530325800747275650000000088
:1034B00066616C7365000000EFBBBF00756E696EDE
:1034C000697469616C697A6564205F5F616E795FB8
:1034D000737472696E67000062617369635F73740D
:1034E00072696E673A3A5F535F636F6E7374727599
:1034F0006374206E756C6C206E6F742076616C69DD
:103500006400000063616E6E6F74206372656174A5
:1035100065207368696D20666F7220756E6B6E6FC3
:10352000776E206C6F63616C653A3A6661636574AF
:103530000000000025733A205F5F706F73202877CA
:103540006869636820697320257A7529203E207494
:103550006869732D3E73697A652829202877686920
:10356000636820697320257A752900006261736998
:10357000635F737472696E673A3A636F70790000C3
:1035800062617369635F737472696E673A3A5F531D
:103590005F6372656174650062617369635F737410
:1035A00072696E673A3A5F4D5F7265706C61636510
:1035B0005F6175780000000062617369635F737416
:1035C00072696E673A3A61737369676E0000000052
:1035D00062617369635F737472696E673A3A6170AE
:1035E00070656E640000000062617369635F7374EC
:1035F00072696E673A3A726573697A650000000015
:1036000073706163650000007072696E7400000081
:10361000636E74726C00000075707065720000005B
:103620006C6F776572000000616C7068610000006B
:10363000646967697400000070756E63740000004F
:103640007864696769740000616C6E756D000000D4
:10365000677261706800000062617369635F737410
:1036600072696E673A20636F6E7374727563746902
:103670006F6E2066726F6D206E756C6C20697320A2
:103680006E6F742076616C6964000000626173691A
:10369000635F737472696E673A3A6572617365004D
:1036A000252E2A4C66000000256D2F25642F2579D4
:1036B0000000000025483A254D00000025483A2525
:1036C0004D3A25530000000062617369635F696FC2
:1036D000733A3A636C65617200000000626173695D
:1036E000635F737472696E673A3A5F4D5F637265C8
:1036F0006174650062617369635F737472696E6798
:103700003A3A5F4D5F7265706C616365000000005E
:103710007374643A3A6261645F616C6C6F63000059
:103720007374643A3A6261645F61727261795F6E68
:1037300065775F6C656E6774680000007374643A47
:103740003A6261645F63617374000000474C4942F0
:103750004358585F54554E41424C455300000000B9
:103760006F626A5F73697A65000000006F626A5F6A
:10377000636F756E74000000676C69626378782E01
:1037800065685F706F6F6C007374643A3A6261646D
:103790005F657863657074696F6E0000254C660024
:1037A0006C6F63616C653A3A66616365743A3A5F5F
:1037B000535F6372656174655F635F6C6F63616CB7
:1037C00065206E616D65206E6F742076616C696432
:1037D000000000002D2B7858303132333435363725
:1037E0003839616263646566303132333435363777
:1037F0003839414243444546000000002D2B78589B
:103800003031323334353637383961626364656656
:1038100041424344454600002D3031323334353681
:1038200037383900474D540048535400414B5354E6
:1038300000000000505354004D53540043535400B3
:1038400045535400415354004E53540043455400D3
:1038500049535400454554004A535400414D00001B
:10386000504D000025493A254D3A2553202570003A
:1038700053756E64617900004D6F6E64617900006C
:1038800054756573646179005765646E657364612E
:10389000790000005468757273646179000000005B
:1038A000467269646179000053617475726461796C
:1038B0000000000053756E004D6F6E00547565007A
:1038C000576564005468750046726900536174005E
:1038D0004A616E75617279004665627275617279CE
:1038E000000000004D617263680000004170726961
:1038F0006C0000004D6179004A756E6500000000A3
:103900004A756C790000000041756775737400009A
:1039100053657074656D6265720000004F63746F6B
:10392000626572004E6F76656D6265720000000020
:10393000446563656D626572000000004A616E0057
:10394000466562004D617200417072004A756E00FA
:103950004A756C0041756700536570004F637400D1
:103960004E6F7600446563003A200000696F7374FF
:103970007265616D00000000696F73747265616D3E
:10398000206572726F720000556E6B6E6F776E20DD
:103990006572726F7200000067656E657269630020
:1039A00073797374656D00002E0000006E66000070
:1039B000696E697479000000616E0000504F5349D0
:1039C0005800000042616C6C6F632073756363651F
:1039D00065646564000000002E2E2F2E2E2F2E2EE3
:1039E0002F2E2E2F2E2E2F2E2E2F6E65776C696286
:1039F0002F6C6962632F7374646C69622F676474DF
:103A00006F612D6765746865782E63002573252EB8
:103A10002A640000257325302E2A64002B00000044
:103A20002D000000252E32640000000025326400C5
:103A3000252E32642F252E32642F252E326400006D
:103A4000256C7500592D256D2D2564002E2A7500D5
:103A5000252E336400000000252E31640000000094
:103A6000252E32643A252E3264000000256C6C64E9
:103A700000000000252E32643A252E32643A252EAD
:103A80003264000025652D25622D250059000000B7
:103A9000252B30336C64252E326C640065256C64F4
:103AA0000000000025612025622025652025483A78
:103AB000254D3A2553202559000000002561202579
:103AC000622025652025483A254D3A255320255A60
:103AD000202559006D640000626C616E6B0000006F
:103AE00053756363657373004E6F74206F776E65F3
:103AF000720000004E6F20737563682066696C6504
:103B0000206F72206469726563746F7279000000BF
:103B10004E6F20737563682070726F6365737300F6
:103B2000496E74657272757074656420737973740C
:103B3000656D2063616C6C00492F4F206572726F58
:103B4000720000004E6F20737563682064657669AB
:103B50006365206F72206164647265737300000096
:103B6000417267206C69737420746F6F206C6F6E84
:103B7000670000004578656320666F726D61742090
:103B80006572726F72000000536F636B6574206121
:103B90006C726561647920636F6E6E6563746564D1
:103BA000000000004261642066696C65206E756DDE
:103BB000626572004E6F206368696C6472656E00A6
:103BC00044657374696E6174696F6E2061646472B8
:103BD0006573732072657175697265640000000019
:103BE0004E6F206D6F72652070726F6365737365C1
:103BF000730000004E6F7420656E6F7567682073E8
:103C000070616365000000005065726D69737369CF
:103C10006F6E2064656E6965640000004261642017
:103C20006164647265737300446576696365206FCF
:103C300072207265736F75726365206275737900A7
:103C400046696C65206578697374730043726F739D
:103C5000732D646576696365206C696E6B00000086
:103C60004E6F207375636820646576696365000034
:103C70004E6F742061206469726563746F7279009D
:103C8000486F737420697320646F776E00000000C2
:103C9000436F6E6E656374696F6E20616C726561EF
:103CA000647920696E2070726F67726573730000AB
:103CB00049732061206469726563746F72790000D2
:103CC000496E76616C696420617267756D656E74AA
:103CD000000000004E6574776F726B20696E74652A
:103CE0007266616365206973206E6F7420636F6E06
:103CF0006669677572656400436F6E6E65637469AB
:103D00006F6E2061626F72746564206279206E65E7
:103D100074776F726B000000546F6F206D616E7965
:103D2000206F70656E2066696C657320696E207304
:103D3000797374656D00000046696C652064657375
:103D400063726970746F722076616C756520746F30
:103D50006F206C61726765004E6F7420612063682C
:103D600061726163746572206465766963650000E1
:103D7000546578742066696C6520627573790000FB
:103D800046696C6520746F6F206C61726765000016
:103D9000486F737420697320756E72656163686122
:103DA000626C65004E6F207370616365206C6566A0
:103DB00074206F6E20646576696365004E6F7420B1
:103DC000737570706F72746564000000496C6C6587
:103DD00067616C207365656B00000000526561646B
:103DE0002D6F6E6C792066696C65207379737465CC
:103DF0006D000000546F6F206D616E79206C696EEC
:103E00006B73000042726F6B656E207069706500A5
:103E10004D617468656D6174696373206172677563
:103E20006D656E74206F7574206F6620646F6D61B0
:103E3000696E206F662066756E6374696F6E000030
:103E4000526573756C7420746F6F206C6172676556
:103E5000000000004E6F206D657373616765206F11
:103E6000662064657369726564207479706500000A
:103E70004964656E7469666965722072656D6F76F6
:103E800065640000496C6C6567616C2062797465DB
:103E90002073657175656E6365000000446561643B
:103EA0006C6F636B000000004E6574776F726B205F
:103EB000697320756E726561636861626C6500008C
:103EC0004E6F206C6F636B004E6F742061207374B3
:103ED0007265616D0000000053747265616D206948
:103EE0006F63746C2074696D656F757400000000F9
:103EF0004E6F2073747265616D207265736F757299
:103F0000636573005669727475616C2063697263CE
:103F100075697420697320676F6E650050726F74E5
:103F20006F636F6C206572726F720000556E6B6EFE
:103F30006F776E2070726F746F636F6C000000009B
:103F40004D756C7469686F7020617474656D707400
:103F500065640000426164206D657373616765008C
:103F600046756E6374696F6E206E6F7420696D7034
:103F70006C656D656E74656400000000446972656F
:103F800063746F7279206E6F7420656D7074790040
:103F900046696C65206F722070617468206E616D77
:103FA0006520746F6F206C6F6E670000546F6F2018
:103FB0006D616E792073796D626F6C6963206C69D5
:103FC0006E6B73004E6F206275666665722073704B
:103FD00061636520617661696C61626C65000000F7
:103FE0004E6F206461746100416464726573732074
:103FF00066616D696C79206E6F7420737570706F77
:10400000727465642062792070726F746F636F6C74
:104010002066616D696C790050726F746F636F6CAC
:104020002077726F6E67207479706520666F7220DA
:10403000736F636B65740000536F636B6574206FFF
:104040007065726174696F6E206F6E206E6F6E2D79
:10405000736F636B6574000050726F746F636F6C85
:10406000206E6F7420617661696C61626C6500001E
:10407000436F6E6E656374696F6E207265667573EB
:1040800065640000436F6E6E656374696F6E2072C5
:1040900065736574206279207065657200000000A8
:1040A0004164647265737320616C72656164792028
:1040B000696E2075736500004164647265737320D6
:1040C0006E6F7420617661696C61626C65000000DE
:1040D000536F6674776172652063617573656420E0
:1040E000636F6E6E656374696F6E2061626F727468
:1040F00000000000536F636B6574206973206E6F5E
:104100007420636F6E6E656374656400536F636BD8
:10411000657420697320616C726561647920636FD6
:104120006E6E6563746564004F7065726174696F6B
:104130006E2063616E63656C656400005374617426
:1041400065206E6F74207265636F76657261626C54
:104150006500000050726576696F7573206F776E29
:1041600065722064696564004F7065726174696F7F
:104170006E206E6F7420737570706F72746564203A
:104180006F6E20736F636B657400000056616C7511
:104190006520746F6F206C6172676520666F722096
:1041A000646566696E656420646174612074797009
:1041B000650000004D65737361676520746F6F2043
:1041C0006C6F6E6700000000436F6E6E656374690C
:1041D0006F6E2074696D6564206F75740000000057
:1041E0002E2E2F2E2E2F2E2E2F2E2E2F2E2E2F2EEA
:1041F0002E2F6E65776C69622F6C6962632F737402
:10420000646C69622F6D707265632E63000000003C
:10421000545A00002531315B2D2B302D39412D5A58
:10422000612D7A5D256E00002531315B412D5A618B
:104230002D7A5D256E000000256875256E3A25688B
:1042400075256E3A256875256E0000004D25687548
:10425000256E2E256875256E2E256875256E000045
:104260002F256875256E3A256875256E3A2568757F
:10427000256E0000303132333435363738396162DB
:104280006364656600000000286E756C6C29000090
:10429000496E66696E697479000000004E614E00D7
:1042A0002E2E2F2E2E2F2E2E2F2E2E2F2E2E2F2E29
:1042B0002E2F6E65776C69622F6C6962632F737441
:1042C000646C69622F64746F612E630000000000EB
:1042D0000000000089030010E1010010310300100C
:1042E0000000000000000000250300100000000096
:1042F000000000002D030010290300100000000042
:1043000000000000E9010010E5010010ED010010BF
:104310000000000000000000F5010010F101001095
:10432000F90100100000000000000000FD01001075
:104330000000000000000000150200100000000056
:1043400000000000CD02001000000000000000008E
:104350007502001000000000000000001D020010A7
:104360000203040500000000FFFFFFFFFFFFFF7FC7
:1043700006005250D3F075425433041006005250D8
:10438000E182887F5C33041006005250ABB3605367
:104390006C33041006005250BBFF3CB6743304105B
:1043A00006005250861C03027C3304100600525053
:1043B0005422A29D8C33041005005250DE65F4682F
:1043C000BCEB041000000000000000000000F03F03
:1043D00000000000000024400000000000005940E0
:1043E0000000000000408F40000000000088C34033
:1043F00000000000006AF8400000000080842E41A8
:1044000000000000D01263410000000084D79741F3
:104410000000000065CDCD410D0A0000060052509D
:1044200053B4F4A10C340410000000002034041034
:104430003034041024530020383404104434041061
:1044400009025400030100807D080B0002020200F3
:1044500000090400000102020004052400200105F7
:104460002401000104240206052406000107058139
:104470000308001009040100020A000000070502F9
:10448000024000000705820240000009040200000B
:10449000FF00010512011002EF0201408A2E0900FF
:1044A00000010102030100000A00000000000306F1
:1044B000A6000800020002009C00140003005749F7
:1044C0004E55534200000000000000000000800034
:1044D00004000100280044006500760069006300C4
:1044E000650049006E00740065007200660061009E
:1044F00063006500470055004900440000004E007D
:104500007B0062006300370033003900380063002D
:1045100031002D0037003300630064002D003400AB
:104520006300620037002D00390038006200380057
:104530002D0039003100330061003800660063004F
:10454000610037006200660036007D000000000058
:10455000050F2100011C100500DF60DDD88945C76B
:104560004C9CD2659D9E648A9F00000306A60001B4
:10457000000000000000000039630010000000008F
:104580003D630010496300107563001071630010F3
:104590000000000000000000FD7500106D760010A6
:1045A00099760010E5760010A17700106178001070
:1045B000000000004E5374366C6F63616C653566A5
:1045C000616365744500000048790410B445041027
:1045D00043000000A44700204847002080470020F7
:1045E00038470020AC47002050470020BC4700203F
:1045F00058470020C447002060470020484600205C
:10460000284700204C4600202C4700209C470020D3
:1046100040470020A84700204C4700208447002046
:104620003C470020B047002054470020C0470020EE
:104630005C470020C8470020644700205046002007
:10464000304700205446002034470020A047002077
:10465000444700200000000000000000740000003B
:1046600072000000750000006500000000000000FE
:1046700066000000610000006C0000007300000094
:104680006500000000000000470000004D00000031
:10469000540000000000000048000000530000002B
:1046A0005400000000000000410000004B0000002A
:1046B0005300000054000000000000005000000003
:1046C0005300000054000000000000004D000000F6
:1046D00053000000540000000000000043000000F0
:1046E00053000000540000000000000045000000DE
:1046F00053000000540000000000000041000000D2
:104700005300000054000000000000004E000000B4
:1047100053000000540000000000000043000000AF
:1047200045000000540000000000000049000000A7
:10473000530000005400000000000000450000008D
:104740004500000054000000000000004A00000086
:10475000530000005400000000000000250000008D
:104760006D0000002F000000250000006400000024
:104770002F0000002500000079000000000000006C
:1047800025000000480000003A000000250000005D
:104790004D0000003A00000025000000530000001A
:1047A00000000000410000004D000000000000007B
:1047B000500000004D000000000000002500000037
:1047C000490000003A000000250000004D000000F4
:1047D0003A00000025000000530000002000000007
:1047E00025000000700000000000000053000000E1
:1047F000750000006E000000640000006100000011
:1048000079000000000000004D0000006F00000073
:104810006E000000640000006100000079000000EC
:10482000000000005400000075000000650000005A
:1048300073000000640000006100000079000000C7
:104840000000000057000000650000006400000048
:104850006E000000650000007300000064000000AE
:10486000610000007900000000000000540000001A
:104870006800000075000000720000007300000076
:1048800064000000610000007900000000000000EA
:104890004600000072000000690000006400000093
:1048A00061000000790000000000000053000000DB
:1048B000610000007400000075000000720000003C
:1048C00064000000610000007900000000000000AA
:1048D00053000000750000006E00000000000000A2
:1048E0004D0000006F0000006E000000000000009E
:1048F000540000007500000065000000000000008A
:104900005700000065000000640000000000000087
:104910005400000068000000750000000000000066
:104920004600000072000000690000000000000066
:10493000530000006100000074000000000000004F
:104940004A000000610000006E00000075000000D9
:10495000610000007200000079000000000000000B
:1049600046000000650000006200000072000000C8
:104970007500000061000000720000007900000076
:10498000000000004D000000610000007200000007
:10499000630000006800000000000000410000000B
:1049A0007000000072000000690000006C00000050
:1049B000000000004D0000006100000079000000D0
:1049C000000000004A000000750000006E000000BA
:1049D00065000000000000004A00000075000000B3
:1049E0006C000000790000000000000041000000A1
:1049F00075000000670000007500000073000000F3
:104A0000740000000000000053000000650000007A
:104A10007000000074000000650000006D000000E0
:104A2000620000006500000072000000000000004D
:104A30004F00000063000000740000006F000000E1
:104A4000620000006500000072000000000000002D
:104A50004E0000006F0000007600000065000000BE
:104A60006D000000620000006500000072000000A0
:104A7000000000004400000065000000630000002A
:104A8000650000006D00000062000000650000008D
:104A900072000000000000004A00000061000000F9
:104AA0006E000000000000004600000065000000ED
:104AB00062000000000000004D00000061000000E6
:104AC00072000000000000004100000070000000C3
:104AD00072000000000000004A00000075000000A5
:104AE0006E000000000000004A0000007500000099
:104AF0006C00000000000000410000007500000094
:104B00006700000000000000530000006500000086
:104B100070000000000000004F0000006300000073
:104B200074000000000000004E0000006F00000054
:104B30007600000000000000440000006500000056
:104B4000630000000000000025000000730000006A
:104B5000250000002E0000002A0000006400000074
:104B60000000000025000000730000002500000088
:104B7000300000002E0000002A0000006400000049
:104B8000000000002500000032000000640000006A
:104B900000000000250000002E0000003200000090
:104BA000640000002F000000250000002E0000001F
:104BB00032000000640000002F000000250000000B
:104BC0002E00000032000000640000000000000021
:104BD000250000006C0000007500000000000000CF
:104BE000590000002D000000250000006D000000AD
:104BF0002D000000250000006400000000000000FF
:104C00002E0000002A0000007500000000000000D7
:104C1000250000002E0000003300000064000000AA
:104C200000000000250000002E0000003100000000
:104C30006400000000000000250000006C0000007F
:104C40006C0000006400000000000000250000006F
:104C50002E00000032000000640000003A00000056
:104C6000250000002E00000032000000640000005B
:104C70003A000000250000002E0000003200000075
:104C80006400000000000000250000006500000036
:104C90002D00000025000000620000002D00000033
:104CA0002500000000000000590000000000000086
:104CB000250000002B000000300000003300000041
:104CC0006C00000064000000250000002E000000C1
:104CD000320000006C0000006400000000000000D2
:104CE000490000004E0000004600000000000000E7
:104CF000690000006E000000660000000000000077
:104D00004E000000410000004E00000000000000C6
:104D10006E000000610000006E0000000000000056
:104D200030000000310000003200000033000000BD
:104D3000340000003500000036000000370000009D
:104D4000380000003900000041000000420000006F
:104D50004300000044000000450000004600000041
:104D600000000000300000003100000032000000B0
:104D70003300000034000000350000003600000061
:104D8000370000003800000039000000610000001A
:104D90006200000063000000640000006500000085
:104DA0006600000000000000280000006E00000007
:104DB000750000006C0000006C000000290000007D
:104DC00000000000300000000000000000000000B3
:104DD000A86E0410399900107599001000000000A9
:104DE0007C6E041091990010CD9900100000000015
:104DF00020760410E9990010259A001000000000A8
:104E0000F4750410419A00107D9A00100000000013
:104E1000CC6E0410E9A000101DA1001000000000DD
:104E20004476041039A100106DA100105374313282
:104E3000636F64656376745F626173650000000090
:104E4000487904102C4E0410537432335F5F636F43
:104E500064656376745F61627374726163745F62C8
:104E60006173654944736331305F6D62737461745B
:104E7000655F744500000000C47A0410484E0410B9
:104E80000000000002000000C845041002000000FD
:104E9000404E041002000000537437636F64656372
:104EA00076744944736331305F6D62737461746505
:104EB0005F7445004C7A0410984E0410784E04102C
:104EC000537432335F5F636F64656376745F6162EE
:104ED0007374726163745F626173654944696331BD
:104EE000305F6D6273746174655F7445000000002B
:104EF000C47A0410C04E041000000000020000003C
:104F0000C845041002000000404E041002000000DA
:104F1000537437636F6465637674494469633130F1
:104F20005F6D6273746174655F7445004C7A041040
:104F3000104F0410F04E0410537432335F5F636FF0
:104F400064656376745F61627374726163745F62D7
:104F5000617365494473447531305F6D6273746188
:104F600074655F7445000000C47A0410384F041063
:104F70000000000002000000C8450410020000000C
:104F8000404E041002000000537437636F64656381
:104F90007674494473447531305F6D627374617423
:104FA000655F7445000000004C7A0410884F0410BF
:104FB000684F0410537432335F5F636F64656376C8
:104FC000745F61627374726163745F626173654977
:104FD0004469447531305F6D6273746174655F74E8
:104FE00045000000C47A0410B44F04100000000013
:104FF00002000000C845041002000000404E0410EA
:1050000002000000537437636F646563767449442B
:1050100069447531305F6D6273746174655F7445A6
:10502000000000004C7A041004500410E44F0410F7
:1050300000000000784E0410000000000000000096
:105040000000000000000000000000000000000060
:105050000000000000000000000000000000000050
:10506000B44E041081A70010D1A70010B5AA0010FB
:10507000C9A30010A1AC0010D1A30010D5A300104B
:1050800069AB0010D9A3001000000000F04E04101E
:105090000000000000000000000000000000000010
:1050A0000000000000000000000000000000000000
:1050B00000000000000000002C4F041095A7001015
:1050C000EDA7001079AD0010C9A30010C9AD001004
:1050D000D1A30010D5A3001089AB0010D9A30010F4
:1050E00000000000684F04100000000000000000F5
:1050F00000000000000000000000000000000000B0
:10510000000000000000000000000000000000009F
:10511000A84F0410A9A7001009A8001085A9001025
:10512000DDA30010D5AC0010D1A30010D5A3001052
:105130002DA90010D9A3001000000000E44F0410B6
:10514000000000000000000000000000000000005F
:10515000000000000000000000000000000000004F
:10516000000000000000000024500410BDA7001043
:1051700025A80010DDA80010DDA300107DA80010F8
:10518000D1A30010D5A3001041A80010D9A300108E
:10519000C47A0410B05104100000000002000000A6
:1051A000586B04100200000084560410020C00002A
:1051B0002A4E537431335F5F66616365745F736851
:1051C000696D7331325F474C4F42414C5F5F4E5FB8
:1051D0003131336E756D70756E63745F7368696DB0
:1051E0004963454500000000C47A041008520410C9
:1051F00000000000020000003C6B041002000000F0
:1052000084560410020C00002A4E537431335F5F41
:1052100066616365745F7368696D7331325F474CB3
:105220004F42414C5F5F4E5F313132636F6C6C6156
:1052300074655F7368696D4963454500C47A0410FD
:105240005C5204100000000002000000546C0410C6
:105250000200000084560410020C00002A4E537411
:1052600031335F5F66616365745F7368696D733165
:10527000325F474C4F42414C5F5F4E5F3131356D7D
:105280006F6E657970756E63745F7368696D49637D
:105290004C62314545450000C47A0410B8520410F0
:1052A00000000000020000008C6C041002000000EE
:1052B00084560410020C00002A4E537431335F5F91
:1052C00066616365745F7368696D7331325F474C03
:1052D0004F42414C5F5F4E5F3131356D6F6E657986
:1052E00070756E63745F7368696D49634C623045B5
:1052F00045450000C47A0410145304100000000057
:1053000002000000646D04100200000084560410C6
:10531000020800002A4E537431335F5F6661636593
:10532000745F7368696D7331325F474C4F42414C13
:105330005F5F4E5F3131346D6F6E65795F676574A5
:105340005F7368696D49634545000000C47A0410C5
:105350006C5304100000000002000000AC6D04104B
:105360000200000084560410020800002A4E537404
:1053700031335F5F66616365745F7368696D733154
:10538000325F474C4F42414C5F5F4E5F3131346D6D
:105390006F6E65795F7075745F7368696D49634599
:1053A00045000000C47A0410C4530410000000003B
:1053B00002000000BC6C04100200000084560410BF
:1053C000021000002A4E537431335F5F66616365DB
:1053D000745F7368696D7331325F474C4F42414C63
:1053E0005F5F4E5F3131336D657373616765735F06
:1053F0007368696D4963454500000000C47A041074
:105400001C5404100000000002000000D0720410C0
:105410000200000084560410020C00002A4E53744F
:1054200031335F5F66616365745F7368696D7331A3
:10543000325F474C4F42414C5F5F4E5F3131336EBC
:10544000756D70756E63745F7368696D49774545F6
:1054500000000000C47A041074540410000000001E
:105460000200000074720410020000008456041050
:10547000020C00002A4E537431335F5F666163652E
:10548000745F7368696D7331325F474C4F42414CB2
:105490005F5F4E5F313132636F6C6C6174655F7357
:1054A00068696D4977454500C47A0410C8540410F2
:1054B0000000000002000000CC7304100200000095
:1054C00084560410020C00002A4E537431335F5F7F
:1054D00066616365745F7368696D7331325F474CF1
:1054E0004F42414C5F5F4E5F3131356D6F6E657974
:1054F00070756E63745F7368696D49774C6231458E
:1055000045450000C47A0410245504100000000032
:10551000020000000474041002000000845604100D
:10552000020C00002A4E537431335F5F666163657D
:10553000745F7368696D7331325F474C4F42414C01
:105540005F5F4E5F3131356D6F6E657970756E637B
:10555000745F7368696D49774C623045454500005A
:10556000C47A0410805504100000000002000000FE
:10557000DC740410020000008456041002080000CD
:105580002A4E537431335F5F66616365745F73687D
:10559000696D7331325F474C4F42414C5F5F4E5FE4
:1055A0003131346D6F6E65795F6765745F736869FB
:1055B0006D49774545000000C47A0410D8550410A1
:1055C000000000000200000024750410020000002A
:1055D00084560410020800002A4E537431335F5F72
:1055E00066616365745F7368696D7331325F474CE0
:1055F0004F42414C5F5F4E5F3131346D6F6E657964
:105600005F7075745F7368696D4977454500000088
:10561000C47A04103056041000000000020000009C
:1056200034740410020000008456041002100000BC
:105630002A4E537431335F5F66616365745F7368CC
:10564000696D7331325F474C4F42414C5F5F4E5F33
:105650003131336D657373616765735F7368696D4D
:1056600049774545000000004E5374366C6F636106
:105670006C65356661636574365F5F7368696D4537
:10568000000000004879041068560410C47A041021
:10569000AC56041000000000020000003C6E041034
:1056A0000200000084560410020800002A4E5374C1
:1056B00031335F5F66616365745F7368696D733111
:1056C000325F474C4F42414C5F5F4E5F3131337424
:1056D000696D655F6765745F7368696D49634545AA
:1056E00000000000C47A04100457041000000000F9
:1056F00002000000B475041002000000845604107B
:10570000020800002A4E537431335F5F666163659F
:10571000745F7368696D7331325F474C4F42414C1F
:105720005F5F4E5F31313374696D655F6765745FCC
:105730007368696D4977454500000000000000006E
:1057400090510410F1BD0010C9BE001045CF0110EA
:105750004DCF011015D5011095D5011095D401102C
:1057600000000000E851041059BE001071BF001085
:10577000A1B10010F9B6001061CF011000000000C7
:105780003C520410E5BF0010BDC0001015CF011041
:105790001DCF011015D3011055D40110D5D401101F
:1057A00095D3011025CF01102DCF011039CF011055
:1057B00000000000985204104DC0001081C000107D
:1057C000E5CE0110EDCE011015D40110D5D3011096
:1057D00055D3011055D50110F5CE0110FDCE0110A5
:1057E00009CF011000000000F4520410E9BB0010C2
:1057F00011BD00100DB30010D1C200100000000058
:105800004C53041019BC001081BD001089B3001066
:1058100005B8001000000000A4530410A9BA00103D
:1058200049BC0010D9B30010A9B80010C9B30010CA
:1058300000000000FC530410A9BC0010FDBE0010C5
:10584000B97E0210C17E0210298202101185021059
:1058500055850210000000005454041091BE001041
:1058600031BF0010F9B3001029B90010D57E021025
:1058700000000000A854041019C0001035C1001029
:10588000897E0210917E021009830210CD840210DD
:1058900045840210BD830210997E0210A17E021081
:1058A000AD7E02100000000004550410B1BF0010CE
:1058B000F9C00010597E0210617E02109982021018
:1058C000798302100184021089840210697E02101B
:1058D000717E02107D7E02100000000060550410F1
:1058E00029BB001049BD001065B50010A1C1001012
:1058F00000000000B855041059BB0010B9BD0010DD
:10590000E1B5001069B70010000000001056041047
:10591000D1BA001089BB00102DB60010E1B90010FB
:105920001DB60010000000008C560410B9BB00101A
:10593000D9BC001001B30010C1B2001081B2001038
:1059400041B2001001B20010C1B10010000000000F
:10595000E456041079BC001021BE001059B50010A7
:1059600019B50010D9B4001099B4001059B4001042
:1059700019B400105374313063747970655F6261DB
:10598000736500004879041074590410537435632A
:105990007479706549634500C47A04108C59041009
:1059A0000000000002000000C845041002000000D2
:1059B00084590410020000005374356374797065D3
:1059C000497745004C7A0410B8590410A0720410AD
:1059D000000000009859041029EB0010C9EB0010DA
:1059E00091EC00100DED0010A5EC001059ED001029
:1059F00021EB001089EB001025EB001075EB001077
:105A000000000000C459041051EB00109DEB001081
:105A1000A5ED00101DEF001081EF0010FDEF00104C
:105A2000BDEE0010C5EE0010EDEE0010F5EE00101A
:105A30007DF0001085F00010A9F00010CDF00010EE
:105A4000537431306D6F6E65795F6261736500000C
:105A500048790410405A0410537431336D657373E0
:105A6000616765735F6261736500000048790410C7
:105A7000585A041053743974696D655F62617365B7
:105A80000000000048790410745A04104E53743713
:105A90005F5F637878313137636F6C6C617465492F
:105AA000634545004C7A04108C5A0410C845041014
:105AB0004E5374375F5F6378783131386E756D702F
:105AC000756E637449634545000000004C7A04100C
:105AD000B05A0410C84504104E5374375F5F6378A2
:105AE00078313131306D6F6E657970756E637449E0
:105AF000634C623145454500C47A0410D85A0410FD
:105B00000000000002000000C84504100200000070
:105B1000505A0410020000004E5374375F5F6378E0
:105B200078313131306D6F6E657970756E6374499F
:105B3000634C623045454500C47A0410185B04107C
:105B40000000000002000000C84504100200000030
:105B5000505A0410020000004E5374375F5F6378A0
:105B6000783131386D657373616765734963454595
:105B700000000000C47A0410585B0410000000000C
:105B800002000000C8450410020000006C5A041016
:105B9000020000004E5374375F5F6378783131390B
:105BA0006D6F6E65795F67657449635374313969E8
:105BB00073747265616D6275665F69746572617434
:105BC0006F72496353743131636861725F747261DB
:105BD0006974734963454545450000004C7A0410DB
:105BE000945B0410C84504104E5374375F5F6378AC
:105BF000783131396D6F6E65795F707574496353B3
:105C00007431396F73747265616D6275665F697442
:105C1000657261746F724963537431316368617284
:105C20005F747261697473496345454545000000BE
:105C30004C7A0410E85B0410C84504104E537437C6
:105C40005F5F63787831313874696D655F6765745B
:105C50004963537431396973747265616D62756635
:105C60005F6974657261746F724963537431316333
:105C70006861725F74726169747349634545454533
:105C800000000000C47A04103C5C04100000000016
:105C900002000000C845041002000000845A0410ED
:105CA0000200000000000000A45A04101DF30010C0
:105CB00091F30010C5F5001069F6001045F20010D0
:105CC00000000000CC5A04107D9F0010A99F001016
:105CD00029F2001031F20010D5F4001075F4001014
:105CE000A5F4001000000000F85A04107996001086
:105CF000A5960010F9F1001001F20010B5F30010A4
:105D000095F5001035F5001065F5001009F200104A
:105D100011F200101DF2001000000000385B0410AA
:105D2000DD96001009970010C9F10010D1F10010A4
:105D300005F50010E5F3001015F4001045F400100F
:105D4000D9F10010E1F10010EDF1001000000000A9
:105D5000745B0410EDF2001009F300103DF2001026
:105D6000C140031041F2001000000000DC5B041091
:105D70005DF2001071F20010910F01103910011046
:105D800000000000305C04108DF20010A1F2001041
:105D9000391A0110A91B011000000000845C0410D6
:105DA000BDF20010D1F2001039F200104144011090
:105DB0006D450110ED2B0110592D01108D1D0110A5
:105DC00099460110C47A0410E45D0410000000003C
:105DD00002000000CC5A0410020000008456041097
:105DE000020C00002A4E537431335F5F66616365B5
:105DF000745F7368696D7331325F474C4F42414C39
:105E00005F5F4E5F3131336E756D70756E63745FB9
:105E10007368696D4963454500000000C47A041049
:105E20003C5E04100000000002000000A45A0410B0
:105E30000200000084560410020C00002A4E537425
:105E400031335F5F66616365745F7368696D733179
:105E5000325F474C4F42414C5F5F4E5F313132639E
:105E60006F6C6C6174655F7368696D49634545006B
:105E7000C47A0410905E04100000000002000000CC
:105E8000F85A04100200000084560410020C0000AE
:105E90002A4E537431335F5F66616365745F736864
:105EA000696D7331325F474C4F42414C5F5F4E5FCB
:105EB0003131356D6F6E657970756E63745F7368BF
:105EC000696D49634C62314545450000C47A041050
:105ED000EC5E04100000000002000000385B0410BB
:105EE0000200000084560410020C00002A4E537475
:105EF00031335F5F66616365745F7368696D7331C9
:105F0000325F474C4F42414C5F5F4E5F3131356DE0
:105F10006F6E657970756E63745F7368696D4963E0
:105F20004C62304545450000C47A0410485F0410B7
:105F30000000000002000000DC5B04100200000012
:105F400084560410020800002A4E537431335F5FF8
:105F500066616365745F7368696D7331325F474C66
:105F60004F42414C5F5F4E5F3131346D6F6E6579EA
:105F70005F6765745F7368696D496345450000003C
:105F8000C47A0410A05F04100000000002000000AA
:105F9000305C041002000000845604100208000067
:105FA0002A4E537431335F5F66616365745F736853
:105FB000696D7331325F474C4F42414C5F5F4E5FBA
:105FC0003131346D6F6E65795F7075745F736869B8
:105FD0006D49634545000000C47A0410F85F041061
:105FE0000000000002000000745B041002000000CA
:105FF00084560410021000002A4E537431335F5F40
:1060000066616365745F7368696D7331325F474CB5
:106010004F42414C5F5F4E5F3131336D6573736149
:106020006765735F7368696D4963454500000000EB
:10603000C47A041050600410000000000200000048
:10604000CC6504100200000084560410020C00000D
:106050002A4E537431335F5F66616365745F7368A2
:10606000696D7331325F474C4F42414C5F5F4E5F09
:106070003131336E756D70756E63745F7368696D01
:106080004977454500000000C47A0410A860041058
:106090000000000002000000A465041002000000DF
:1060A00084560410020C00002A4E537431335F5F93
:1060B00066616365745F7368696D7331325F474C05
:1060C0004F42414C5F5F4E5F313132636F6C6C61A8
:1060D00074655F7368696D4977454500C47A04103B
:1060E000FC6004100000000002000000F8650410CD
:1060F0000200000084560410020C00002A4E537463
:1061000031335F5F66616365745F7368696D7331B6
:10611000325F474C4F42414C5F5F4E5F3131356DCE
:106120006F6E657970756E63745F7368696D4977BA
:106130004C62314545450000C47A04105861041092
:106140000000000002000000386604100200000099
:1061500084560410020C00002A4E537431335F5FE2
:1061600066616365745F7368696D7331325F474C54
:106170004F42414C5F5F4E5F3131356D6F6E6579D7
:1061800070756E63745F7368696D49774C623045F2
:1061900045450000C47A0410B461041000000000FA
:1061A00002000000DC6604100200000084560410A7
:1061B000020800002A4E537431335F5F66616365E5
:1061C000745F7368696D7331325F474C4F42414C65
:1061D0005F5F4E5F3131346D6F6E65795F676574F7
:1061E0005F7368696D49774545000000C47A041003
:1061F0000C62041000000000020000003067041070
:106200000200000084560410020800002A4E537455
:1062100031335F5F66616365745F7368696D7331A5
:10622000325F474C4F42414C5F5F4E5F3131346DBE
:106230006F6E65795F7075745F7368696D497745D6
:1062400045000000C47A04106462041000000000DD
:10625000020000007466041002000000845604105E
:10626000021000002A4E537431335F5F666163652C
:10627000745F7368696D7331325F474C4F42414CB4
:106280005F5F4E5F3131336D657373616765735F57
:106290007368696D4977454500000000C47A0410B1
:1062A000BC6204100000000002000000845C0410C6
:1062B0000200000084560410020800002A4E5374A5
:1062C00031335F5F66616365745F7368696D7331F5
:1062D000325F474C4F42414C5F5F4E5F3131337408
:1062E000696D655F6765745F7368696D496345458E
:1062F00000000000C47A04101463041000000000C1
:10630000020000008467041002000000845604109C
:10631000020800002A4E537431335F5F6661636583
:10632000745F7368696D7331325F474C4F42414C03
:106330005F5F4E5F31313374696D655F6765745FB0
:106340007368696D49774545000000000000000052
:10635000C45D0410395401107D55011029F200105C
:1063600031F20010D5F4001075F40010A5F40010FF
:10637000000000001C5E041011550110F1550110C1
:106380008D4801102150011045F20010000000005E
:10639000705E04106556011001570110F9F10010EC
:1063A00001F20010B5F3001095F5001035F500105E
:1063B00065F5001009F2001011F200101DF2001036
:1063C00000000000CC5E0410CD560110795701107A
:1063D000C9F10010D1F1001005F50010E5F300102F
:1063E00015F4001045F40010D9F10010E1F100108F
:1063F000EDF1001000000000285F0410C9520110E8
:1064000029530110F9490110395901100000000009
:10641000805F0410D951011069540110754A0110B0
:10642000B94E011000000000D85F0410595101104E
:1064300099520110C54A0110B5500110B54A01101A
:1064400000000000306004109953011049550110FC
:10645000A9720110B172011081740110457501100B
:10646000797501100000000088600410D9540110F3
:10647000B1550110E54A0110DD4D0110C572011042
:1064800000000000DC60041099560110B55701109F
:106490007972011081720110B1740110157601102A
:1064A000AD750110E1750110897201109172011032
:1064B0009D72011000000000386104103156011077
:1064C0003D5701104972011051720110E174011021
:1064D000497601107D760110117501105972011075
:1064E000617201106D7201100000000094610410CF
:1064F00039520110C9530110514C011011580110AB
:1065000000000000EC610410A9510110615301105A
:10651000CD4C01106D4F01100000000044620410CA
:106520008151011069520110194D0110454E0110A1
:10653000094D0110000000009C6204100952011076
:1065400001540110ED490110AD4901106D490110D0
:106550002D490110ED480110AD4801109946011078
:1065600000000000F4620410F9520110A15401105F
:10657000454C0110054C0110C54B0110854B011015
:10658000454B0110054B011095C401104E53743753
:106590005F5F637878313137636F6C6C6174654924
:1065A000774545004C7A04108C650410C8450410EA
:1065B0004E5374375F5F6378783131386E756D7024
:1065C000756E637449774545000000004C7A0410ED
:1065D000B0650410C84504104E5374375F5F63788C
:1065E00078313131306D6F6E657970756E637449D5
:1065F000774C623145454500C47A0410D8650410D3
:106600000000000002000000C84504100200000065
:10661000505A0410020000004E5374375F5F6378D5
:1066200078313131306D6F6E657970756E63744994
:10663000774C623045454500C47A04101866041052
:106640000000000002000000C84504100200000025
:10665000505A0410020000004E5374375F5F637895
:10666000783131386D657373616765734977454576
:1066700000000000C47A04105866041000000000F6
:1066800002000000C8450410020000006C5A04100B
:10669000020000004E5374375F5F63787831313900
:1066A0006D6F6E65795F67657449775374313969C9
:1066B00073747265616D6275665F69746572617429
:1066C0006F72497753743131636861725F747261BC
:1066D0006974734977454545450000004C7A0410BC
:1066E00094660410C84504104E5374375F5F637896
:1066F000783131396D6F6E65795F70757449775394
:106700007431396F73747265616D6275665F697437
:10671000657261746F724977537431316368617265
:106720005F7472616974734977454545450000009F
:106730004C7A0410E8660410C84504104E537437B0
:106740005F5F63787831313874696D655F67657450
:106750004977537431396973747265616D62756616
:106760005F6974657261746F724977537431316314
:106770006861725F74726169747349774545454514
:1067800000000000C47A04103C6704100000000000
:1067900002000000C845041002000000845A0410E2
:1067A0000200000000000000A46504109D730110A9
:1067B0005D740110B176011059770110C572011096
:1067C00000000000CC65041085A00010B1A00010EE
:1067D000A9720110B1720110817401104575011088
:1067E0007975011000000000F86504107198001020
:1067F0009D9800107972011081720110B17401101E
:1068000015760110AD750110E17501108972011046
:10681000917201109D720110000000003866041092
:10682000D5980010019900104972011051720110A1
:10683000E1740110497601107D7601101175011087
:1068400059720110617201106D7201100000000098
:10685000746604106D73011089730110BD7201100C
:1068600015410310C172011000000000DC66041025
:10687000DD720110F1720110E58F01108D90011091
:1068800000000000306704100D7301102173011027
:10689000219A0110499B0110000000008467041038
:1068A0003D73011051730110B97201103DC2011006
:1068B00069C3011071AB0110E1AC0110099D011019
:1068C00095C401104E395F5F676E755F63787831EC
:1068D00038737464696F5F73796E635F66696C6542
:1068E000627566496353743131636861725F7472B3
:1068F0006169747349634545450000004C7A041092
:10690000C4680410A87104104E395F5F676E755F2C
:106910006378783138737464696F5F73796E635F1D
:1069200066696C6562756649775374313163686175
:10693000725F747261697473497745454500000060
:106940004C7A041008690410DC7104100000000087
:10695000FC68041085C601109DC6011095740210D4
:106960009974021051C70110A9C9011041C7011043
:10697000DD740210D5C80110FDC60110EDC601106E
:1069800011C70110C9C8011021C901100000000081
:1069900040690410B9C60110D1C60110F974021083
:1069A000FD740210A9C7011045C9011049C70110A3
:1069B0003D75021011C8011059C8011001C801101D
:1069C0006DC801109DC80110FDC8011053743962D3
:1069D000617369635F696F734963537431316368CD
:1069E00061725F74726169747349634545000000A8
:1069F0004C7A0410CC690410586A0410537439623C
:106A0000617369635F696F73497753743131636888
:106A100061725F7472616974734977454500000063
:106A20004C7A0410FC690410586A0410000000003D
:106A3000F0690410F9CA011021CB01100000000018
:106A4000206A04100DCB01103DCB0110537438693E
:106A50006F735F6261736500487904104C6A0410BB
:106A600000000000586A04102DCD011081CD0110E6
:106A700053690000C47A0410706A0410000000001A
:106A800001000000F069041003F4FFFF5374313378
:106A900062617369635F6973747265616D4977538D
:106AA000743131636861725F7472616974734977BC
:106AB00045450000C47A04108C6A041000000000F0
:106AC00001000000206A041003F4FFFFE06A0410D4
:106AD000F46A04100800000000000000746A04104A
:106AE00095CD0110E5CD0110F8FFFFFFF8FFFFFF86
:106AF000746A0410B9CD01100DCE0110106B041092
:106B0000246B04100800000000000000B46A0410A8
:106B10003DCE01108DCE0110F8FFFFFFF8FFFFFF03
:106B2000B46A041061CE0110B5CE011053743763FE
:106B30006F6C6C6174654963450000004C7A041009
:106B40002C6B0410C84504105374386E756D707545
:106B50006E637449634500004C7A0410486B04105E
:106B6000C84504105374376E756D5F67657449636B
:106B7000537431396973747265616D6275665F69EA
:106B800074657261746F7249635374313163686103
:106B9000725F747261697473496345454500000012
:106BA0004C7A0410646B0410C84504105374376E9B
:106BB000756D5F7075744963537431396F73747296
:106BC00065616D6275665F6974657261746F724943
:106BD0006353743131636861725F74726169747395
:106BE00049634545450000004C7A0410AC6B041025
:106BF000C8450410537431375F5F74696D657075F3
:106C00006E63745F636163686549634500000000FB
:106C10004C7A0410F46B0410C845041053743131DD
:106C20005F5F74696D6570756E63744963450000DC
:106C30004C7A04101C6C0410C84504105374313095
:106C40006D6F6E657970756E637449634C62314522
:106C500045000000C47A04103C6C041000000000E1
:106C600002000000C845041002000000505A041041
:106C700002000000537431306D6F6E657970756E6F
:106C8000637449634C62304545000000C47A0410C7
:106C9000746C04100000000002000000C8450410DD
:106CA00002000000505A0410020000005374386DB6
:106CB000657373616765734963450000C47A0410A6
:106CC000AC6C04100000000002000000C845041075
:106CD000020000006C5A04100200000053743233AA
:106CE0005F5F636F64656376745F61627374726122
:106CF00063745F6261736549636331305F6D6273B2
:106D0000746174655F744500C47A0410DC6C04100F
:106D10000000000002000000C8450410020000004E
:106D2000404E0410020000005374396D6F6E657997
:106D30005F6765744963537431396973747265614F
:106D40006D6275665F6974657261746F72496353D1
:106D5000743131636861725F74726169747349631D
:106D6000454545004C7A0410286D0410C8450410B0
:106D70005374396D6F6E65795F70757449635374C0
:106D800031396F73747265616D6275665F697465C0
:106D90007261746F72496353743131636861725FF9
:106DA0007472616974734963454545004C7A0410F7
:106DB000706D0410C845041053743874696D655FB4
:106DC0007075744963537431396F73747265616D92
:106DD0006275665F6974657261746F72496353743A
:106DE0003131636861725F747261697473496345BC
:106DF000454500004C7A0410B86D0410C8450410D5
:106E000053743874696D655F676574496353743191
:106E1000396973747265616D6275665F69746572F4
:106E200061746F72496353743131636861725F7466
:106E3000726169747349634545450000C47A041062
:106E4000006E04100000000002000000C84504109D
:106E500002000000845A041002000000537431380C
:106E60005F5F6D6F6E657970756E63745F6361638C
:106E7000686549634C623045450000004C7A041057
:106E80005C6E0410C8450410537431385F5F6D6F39
:106E90006E657970756E63745F636163686549637D
:106EA0004C623145450000004C7A0410886E041095
:106EB000C8450410537431365F5F6E756D70756E22
:106EC00063745F6361636865496345004C7A0410CD
:106ED000B46E0410C8450410000000003C6B0410A0
:106EE000F1D0011091D20110BDD6011099D7011037
:106EF00061CF011000000000586B041045A2001083
:106F000099A2001045CF01104DCF011015D50110E9
:106F100095D5011095D4011000000000A06B04105D
:106F200079CF011005D001106D14021075170210F1
:106F3000C51D021015240210652A02109531021099
:106F400051380210B90A0210E10B0210090D0210AB
:106F50009D2A021000000000E86B04108DCF011084
:106F600021D001101DFB0110F1FA0110D1FD01101B
:106F7000CD0002106102021099F50110CDF8011048
:106F8000FDFD011000000000106C0410C9CF0110BD
:106F900075D0011000000000306C04100DD10110FC
:106FA00049D1011000000000546C0410D19B001066
:106FB000259C001015CF01101DCF011015D3011015
:106FC00055D40110D5D4011095D3011025CF01104F
:106FD0002DCF011039CF0110000000008C6C04107F
:106FE000419C0010959C0010E5CE0110EDCE0110E3
:106FF00015D40110D5D3011055D3011055D501106A
:10700000F5CE0110FDCE011009CF011000000000E7
:10701000BC6C0410C1D00110DDD0011059CF01109B
:10702000714103105DCF011000000000086D0410D5
:107030000000000000000000000000000000000050
:107040000000000000000000000000000000000040
:107050000000000000000000646D0410A1CF0110CA
:107060003DD00110556702100568021000000000B5
:10707000AC6D0410B5CF011059D00110DDEE011038
:1070800085F0011000000000F46D0410DDCF011048
:1070900089D00110D5D50110000000003C6E04100D
:1070A000F1CF0110A5D0011055CF011035530210BA
:1070B000615402100D430210794402108938021005
:1070C000536F0000C47A0410C07004100000000068
:1070D00001000000F069041003F4FFFF5374313322
:1070E00062617369635F6F73747265616D49775331
:1070F000743131636861725F747261697473497766
:1071000045450000C47A0410DC7004100000000043
:1071100001000000206A041003F4FFFF3071041026
:10712000447104100400000000000000C47004104A
:10713000216A0210696A0210FCFFFFFFFCFFFFFFDB
:10714000C4700410416A02108D6A0210607104104C
:1071500074710410040000000000000004710410A9
:10716000B96A0210016B0210FCFFFFFFFCFFFFFF7A
:1071700004710410D96A0210256B02105374313562
:1071800062617369635F73747265616D627566498C
:107190006353743131636861725F747261697473CF
:1071A0004963454500000000487904107C710410D3
:1071B0005374313562617369635F73747265616DB5
:1071C000627566497753743131636861725F7472B6
:1071D00061697473497745450000000048790410DF
:1071E000B071041000000000A8710410597502105D
:1071F000897502109574021099740210A17402101E
:10720000B9740210D9740210DD74021011770210E3
:10721000E1740210E1760210E97402103576021072
:10722000F174021000000000DC710410717502108E
:10723000A5750210F9740210FD7402100175021098
:1072400019750210397502103D750210B1770210E0
:1072500041750210B176021049750210C175021015
:1072600051750210537437636F6C6C6174654977A4
:10727000450000004C7A041064720410C8450410E4
:10728000537432315F5F63747970655F61627374E8
:10729000726163745F626173654977450000000045
:1072A000C47A041080720410000000000200000084
:1072B000C8450410020000008459041002000000B8
:1072C0005374386E756D70756E6374497745000040
:1072D0004C7A0410C0720410C84504105374376E01
:1072E000756D5F676574497753743139697374726A
:1072F00065616D6275665F6974657261746F72490C
:107300007753743131636861725F74726169747349
:1073100049774545450000004C7A0410DC720410A2
:10732000C84504105374376E756D5F707574497776
:10733000537431396F73747265616D6275665F691C
:1073400074657261746F7249775374313163686127
:10735000725F747261697473497745454500000036
:107360004C7A041024730410C84504105374313748
:107370005F5F74696D6570756E63745F6361636888
:1073800065497745000000004C7A04106C730410C6
:10739000C8450410537431315F5F74696D65707551
:1073A0006E637449774500004C7A0410947304109E
:1073B000C8450410537431306D6F6E657970756E09
:1073C000637449774C62314545000000C47A04106B
:1073D000B47304100000000002000000C84504104F
:1073E00002000000505A04100200000053743130B3
:1073F0006D6F6E657970756E637449774C62304558
:1074000045000000C47A0410EC7304100000000072
:1074100002000000C845041002000000505A041089
:10742000020000005374386D6573736167657349BA
:1074300077450000C47A0410247404100000000092
:1074400002000000C8450410020000006C5A04103D
:1074500002000000537432335F5F636F64656376CC
:10746000745F61627374726163745F6261736549B2
:10747000776331305F6D6273746174655F7445006A
:10748000C47A0410547404100000000002000000CC
:10749000C845041002000000404E04100200000025
:1074A0005374396D6F6E65795F676574497753748E
:1074B00031396973747265616D6275665F6974658F
:1074C0007261746F72497753743131636861725FAE
:1074D0007472616974734977454545004C7A0410AC
:1074E000A0740410C84504105374396D6F6E65792B
:1074F0005F7075744977537431396F737472656155
:107500006D6275665F6974657261746F72497753F5
:10751000743131636861725F747261697473497741
:10752000454545004C7A0410E8740410C845041021
:1075300053743874696D655F70757449775374312D
:10754000396F73747265616D6275665F69746572B7
:1075500061746F72497753743131636861725F741B
:107560007261697473497745454500004C7A04108F
:1075700030750410C845041053743874696D655F24
:107580006765744977537431396973747265616DD5
:107590006275665F6974657261746F72497753745E
:1075A0003131636861725F747261697473497745E0
:1075B00045450000C47A04107875041000000000EE
:1075C00002000000C845041002000000845A0410A4
:1075D00002000000537431385F5F6D6F6E65797023
:1075E000756E63745F636163686549774C623045AB
:1075F000450000004C7A0410D4750410C8450410EE
:10760000537431385F5F6D6F6E657970756E63743A
:107610005F636163686549774C62314545000000EE
:107620004C7A041000760410C845041053743136A7
:107630005F5F6E756D70756E63745F6361636865BF
:10764000497745004C7A04102C760410C845041084
:107650000000000074720410658002109D81021009
:107660009985021049870210D57E021000000000A3
:10767000A0720410000000000000000000000000E4
:1076800000000000000000000000000000000000FA
:1076900000000000000000000000000000000000EA
:1076A00000000000000000000000000000000000DA
:1076B000D072041059A30010ADA30010B97E0210BF
:1076C000C17E021029820210118502105585021018
:1076D0000000000018730410ED7E0210797F021084
:1076E0001DC3021015C6021059CC0210A5D20210FB
:1076F000D1D80210E1DF021071E6021081B9021048
:10770000ADBA0210D9BB021009D902100000000066
:1077100060730410017F0210957F0210B5A902105A
:107720008DA9021035AC02100DAF021085B0021009
:10773000D5A4021071A702105DAC02100000000079
:10774000887304103D7F0210E97F021000000000E2
:10775000A873041081800210BD8002100000000098
:10776000CC730410E19D0010359E0010897E02103C
:10777000917E021009830210CD840210458402100C
:10778000BD830210997E0210A17E0210AD7E021010
:107790000000000004740410519E0010A59E00100B
:1077A000597E0210617E02109982021079830210C4
:1077B0000184021089840210697E0210717E021019
:1077C0007D7E021000000000347404103580021029
:1077D00051800210CD7E0210B5410310D17E0210FF
:1077E0000000000080740410000000000000000091
:1077F0000000000000000000000000000000000089
:107800000000000000000000000000000000000078
:10781000DC740410157F0210B17F02107D17031075
:107820002D1803100000000024750410297F021099
:10783000CD7F0210899F0210DDA002100000000021
:107840006C750410517F0210FD7F02107D860210BE
:1078500000000000B4750410657F0210198002104A
:10786000C97E0210CD020310F9030310A1F102102A
:1078700011F30210A9E602105374396261645F616A
:107880006C6C6F63000000004C7A04107878041070
:107890007C7904100000000088780410E11E0310B9
:1078A000F51E0310D91E0310537432306261645FF9
:1078B00061727261795F6E65775F6C656E6774681F
:1078C000000000004C7A0410A87804108878041096
:1078D00000000000C4780410191F03102D1F0310AE
:1078E000111F03105374386261645F636173740025
:1078F0004C7A0410E47804107C7904100000000035
:10790000F0780410511F0310651F0310491F031066
:107910004E31305F5F637878616269763131375F0D
:107920005F636C6173735F747970655F696E666FB6
:10793000450000004C7A041010790410807A04107D
:107940000000000034790410C51F0310D91F031074
:10795000FD2F0310FD2F031055200310811F03106E
:1079600039200310F51F0310B91F03105374396534
:107970007863657074696F6E0000000048790410C8
:107980006C790410537431336261645F65786365A8
:107990007074696F6E0000004C7A041084790410D2
:1079A0007C7904104E31305F5F637878616269766C
:1079B0003131355F5F666F726365645F756E7769DD
:1079C0006E64450048790410A47904104E31305F8C
:1079D0005F637878616269763131395F5F666F72B3
:1079E0006569676E5F657863657074696F6E450081
:1079F00048790410CC790410000000009879041034
:107A00006D27031079270310712703100000000071
:107A10004E31305F5F637878616269763132305F12
:107A20005F73695F636C6173735F747970655F69BD
:107A30006E666F45000000004C7A0410107A041046
:107A40003479041000000000387A0410DD2E031091
:107A5000F12E0310FD2F0310FD2F031055200310EE
:107A6000811F0310CD2F0310492F03100D2F03107A
:107A7000537439747970655F696E666F0000000039
:107A800048790410707A04104E31305F5F63787863
:107A9000616269763132315F5F766D695F636C6117
:107AA00073735F747970655F696E666F450000007F
:107AB0004C7A0410887A0410347904100000000015
:107AC000B07A04102D30031041300310FD2F031045
:107AD000FD2F031055200310811F03108534031060
:107AE000DD3003105D300310537437636F646563DA
:107AF000767449636331305F6D6273746174655F7E
:107B0000744500004C7A0410E87A0410086D0410E3
:107B1000537437636F646563767449776331305F9C
:107B20006D6273746174655F744500004C7A041073
:107B3000107B04108074041000000000047B04100B
:107B400009380310B1380310D9370310E93703108F
:107B5000D9370310F1370310F5370310F937031045
:107B6000F1370310000000002C7B04103D38031097
:107B70007138031051390310E93703102D3A0310FF
:107B8000A53A031005380310D93A0310C53A03107B
:107B900000001F003B005A0078009700B500D40099
:107BA000F300110130014E016D0100001F003C0087
:107BB0005B0079009800B600D500F4001201310195
:107BC0004F016E0102030004537431316C6F676919
:107BD000635F6572726F72004C7A0410C87B041088
:107BE0007C790410537431326C656E6774685F651C
:107BF00072726F72000000004C7A0410E47B041073
:107C0000D87B0410537431326F75745F6F665F7286
:107C1000616E6765000000004C7A0410047C04105B
:107C2000D87B04105374313372756E74696D655F5F
:107C30006572726F720000004C7A0410247C04108C
:107C40007C79041000000000D87B0410554203101A
:107C50005D4303101142031000000000F87B041084
:107C6000DD420310ED430310114203100000000039
:107C7000187C04101D430310A54303101142031088
:107C800000000000387C04101542031095420310D8
:107C9000114203104E537438696F735F62617365EC
:107CA000376661696C757265423563787831314544
:107CB000000000004C7A0410947C0410F87D04103D
:107CC000537431335F5F696F735F6661696C75729E
:107CD00065000000407D0410C07C0410B47C0410DA
:107CE000537431395F5F696F736661696C5F747972
:107CF00070655F696E666F00C47A0410E07C0410E2
:107D00000000000001000000387A041000000000AC
:107D100000000000B47C04106D4A0310814A031077
:107D2000694A031000000000D47C0410F54A0310D7
:107D3000194B0310694A031000000000F87C04107E
:107D40009D4A0310B14A0310FD2F0310FD2F0310AD
:107D500055200310CD4A0310CD2F0310492F0310D7
:107D60000D2F03104C7A0410707D0410DC7D04107C
:107D70002A4E31325F474C4F42414C5F5F4E5F317C
:107D80003137696F5F6572726F725F6361746567C7
:107D90006F7279450000000000000000647D04104F
:107DA000ED4C0310014D0310E14C0310454F03103F
:107DB0001D4D03103D4E0310454E0310754E03102C
:107DC0004E5374335F563231346572726F725F6333
:107DD000617465676F72794500000000487904108E
:107DE000C07D04105374313273797374656D5F65AF
:107DF00072726F72000000004C7A0410E47D04106F
:107E0000387C04104C7A0410107E0410DC7D0410C1
:107E10002A4E31325F474C4F42414C5F5F4E5F31DB
:107E2000323267656E657269635F6572726F725F29
:107E300063617465676F7279450000004C7A0410C5
:107E4000487E0410DC7D04102A4E31325F474C4FCF
:107E500042414C5F5F4E5F31323173797374656DAF
:107E60005F6572726F725F63617465676F72794587
:107E70000000000000000000F87D0410AD4E03106B
:107E8000C14E03101142031000000000047E0410D4
:107E9000A94D0310954E0310894D0310454F031053
:107EA000DD4E03103D4E0310914D0310754E03102F
:107EB000000000003C7E0410394E0310A14E031058
:107EC000AD4D0310454F0310DD4E0310B54D0310AB
:107ED000794F0310754E03104E537438696F735FFA
:107EE00062617365376661696C7572654500000093
:107EF0004C7A0410D87E04107C7904100000000035
:107F0000F07E04103D5003107D50031039500310D3
:107F100035000000CEFBFFFFCB0300000100000096
:107F20000000000034000000CEFBFFFFCB03000088
:107F30000100000000000000BC89D897B2D29C3C30
:107F400033A7A8D523F649393DA7F444FD0FA53240
:107F50009D978CCF08BA5B25436FAC6428066811E7
:107F60000000000000000000000000000000000011
:107F70000000000000000000000000000000000001
:107F800000000000000000000000000000000000F1
:107F90001011121314151617181900000000000014
:107FA000001A1B1C1D1E1F00000000000000000026
:107FB00000000000000000000000000000000000C1
:107FC000001A1B1C1D1E1F00000000000000000006
:107FD00000000000000000000000000000000000A1
:107FE0000000000000000000000000000000000091
:107FF0000000000000000000000000000000000081
:108000000000000000000000000000000000000070
:108010000000000000000000000000000000000060
:108020000000000000000000000000000000000050
:108030000000000000000000000000000000000040
:108040000000000000000000000000000000000030
:108050000000000000000000000000000000000020
:108060000A000100020003000400050006000700EA
:10807000080009000A000B000C000D000E000F00A4
:10808000100000003C390410403904104439041039
:1080900048390410F43804104C39041050390410D5
:1080A00054390410583904105C3904106039041034
:1080B00064390410D0380410D8380410E43804109F
:1080C000EC380410F4380410F838041000390410A7
:1080D00008390410103904101C3904102439041014
:1080E00030390410B4380410B8380410BC38041007
:1080F000C0380410C4380410C8380410CC38041038
:10810000703804107838041080380410883804104F
:1081100094380410A0380410A8380410BC36041099
:10812000A8360410A43A04105C3804106038041017
:10813000BC3A0410D0380410D8380410E4380410C5
:10814000EC380410F4380410F83804100039041026
:1081500008390410103904101C3904102439041093
:1081600030390410D43A041064380410D8310410A3
:10817000D8310410D8310410D8310410D83104108B
:1081800000202020202020202020282828282820E7
:1081900020202020202020202020202020202020DF
:1081A0002088101010101010101010101010101047
:1081B0001004040404040404040404101010101037
:1081C0001010414141414141010101010101010101
:1081D0000101010101010101010101011010101053
:1081E00010104242424242420202020202020202D3
:1081F0000202020202020202020202021010101027
:10820000200000000000000000000000000000004E
:10821000000000000000000000000000000000005E
:10822000000000000000000000000000000000004E
:10823000000000000000000000000000000000003E
:10824000000000000000000000000000000000002E
:10825000000000000000000000000000000000001E
:10826000000000000000000000000000000000000E
:1082700000000000000000000000000000000000FE
:10828000000000000A0001000200030004000500D5
:1082900006000700080009000A000B000C000D0092
:1082A0000E000F0010000000050000001900000083
:1082B0007D00000000000000000000000000F03F12
:1082C00000000000000024400000000000005940B1
:1082D0000000000000408F40000000000088C34004
:1082E00000000000006AF8400000000080842E4179
:1082F00000000000D01263410000000084D79741C5
:108300000000000065CDCD41000000205FA00242CA
:10831000000000E876483742000000A2941A6D423F
:10832000000040E59C30A2420000901EC4BCD64232
:1083300000003426F56B0C430080E03779C34143DD
:1083400000A0D8855734764300C84E676DC1AB4353
:10835000003D9160E458E143408CB5781DAF154471
:1083600050EFE2D6E41A4B4492D54D06CFF080444C
:10837000F64AE1C7022DB544B49DD9794378EA4461
:10838000BC89D897B2D29C3C33A7A8D523F64939EB
:108390003DA7F444FD0FA5329D978CCF08BA5B250D
:1083A000436FAC642806C80A0080E03779C34143B4
:1083B000176E05B5B5B89346F5F93FE9034F384D4B
:1083C000321D30F94877825A3CBF737FDD4F1575F7
:1083D0001F0000001C0000001F0000001E00000025
:1083E0001F0000001E0000001F0000001F00000012
:1083F0001E0000001F0000001E0000001F00000003
:108400001F0000001D0000001F0000001E000000F3
:108410001F0000001E0000001F0000001F000000E1
:108420001E0000001F0000001E0000001F000000D2
:10843000202020202020202020202020202020203C
:10844000303030303030303030303030303030302C
:10845000200000002000000020000000200000009C
:10846000200000002000000020000000200000008C
:10847000200000002000000020000000200000007C
:10848000200000002000000020000000200000006C
:10849000300000003000000030000000300000001C
:1084A000300000003000000030000000300000000C
:1084B00030000000300000003000000030000000FC
:1084C00030000000300000003000000030000000EC
:1084D0005DA4FE7FAF08B100FFFF0158C40104A8EE
:1084E0000500F401048C06009A0204FE0500C00297
:1084F00004F005008A0404E20500BC0404D405006D
:10850000E40404C605008C0504B80500B4050400A5
:1085100000C205040000D005040000DE05040000D0
:10852000EC05040000FA050400008806040000962B
:1085300006040000F9A3FE7FB0B0A800FF101101EF
:108540000816223C01400400000100000000000069
:10855000DDA3FE7FB0B0AA00FF1029011DA6010215
:10856000AE0101AA0102B80101B20104C20103BCBB
:108570000104CA0103C6010A000001007F000000D7
:108580000000000000000000A5A3FE7FB0AF0200C5
:10859000FF1059014F42040000820104D60401CCAF
:1085A00002040000CC0302EE0401DA03400000C024
:1085B0000402E40401CE0402F80401D2040282059C
:1085C00001E004048C0500E80404940503F20404AB
:1085D000A80503FC04049C0503860504B00503906C
:1085E0000534000001007F000000000000000000D2
:1085F0003DA3FE7FB0AF0800FF1075016C5220EC68
:108600000C019C0104B20D03A60128EC0C01D80159
:1086100004A40D03E40104EC0C01A60204960D036E
:10862000B00204EC0C01F60204880D0380038402FE
:10863000EC0C01BA0504CE0D03C40528EC0C01F6C0
:108640000504C00D03820604EC0C01E40804DC0DF3
:1086500003EE0804EC0C01AA0904FA0C03B409C2E5
:1086600002EC0C01F60C7800007F00007D00000099
:1086700000000000B9A2FE7FB0B0A800FFFF010C0F
:1086800010021C001404000022040000A1A2FE7FBE
:10869000B0B0A800FFFF010C100222001404320049
:1086A0002E04000089A2FE7FB0B0A800FFFF010CDD
:1086B00010021C00140400002204000071A2FE7FBE
:1086C000B0B0A800FFFF010C100222001404320019
:1086D0002E04000059A2FE7FB0B0A800FFFF010CDD
:1086E00010021C00140400002204000041A2FE7FBE
:1086F000B0B0A800FFFF010C1002220014043200E9
:108700002E04000029A2FE7FB0B0A800FFFF010CDC
:1087100010021C00140400002204000011A2FE7FBD
:10872000B0B0A800FFFF010C1002220014043200B8
:108730002E040000F9A1FE7FB0B0A800FFFF0108E1
:108740000404120018040000E5A1FE7FB0B0A800E8
:10875000FFFF01080404120018040000D1A1FE7FED
:10876000B0B0A800FFFF01080404120018040000C4
:10877000BDA1FE7FB0B0A800FFFF010804041200F5
:1087800018040000A9A1FE7FA908B100FFFF011491
:1087900018043A00240400002C02380030040000C1
:1087A0004604000089A1FE7FB0B0A800FFFF0108C9
:1087B000040412001804000075A1FE7FA908B1008E
:1087C000FFFF011418043A00240400002C023800B2
:1087D000300400004604000055A1FE7FB0B0A800A0
:1087E000FFFF0108040412001804000041A1FE7FED
:1087F000A908B100FFFF011418043A002404000086
:108800002C023800300400004604000021A1FE7F45
:10881000B0B0A800FFFF0108040412001804000013
:108820000DA1FE7FA908B100FFFF011418043A0052
:10883000240400002C02380030040000460400002C
:10884000EDA0FE7FB0B0A800FFFF010804041200F5
:1088500018040000D9A0FE7FB0B0A800FFFF010CF3
:1088600010021C001404000022040000C1A0FE7FBE
:10887000B0B0A800FFFF010C100222001404320067
:108880002E040000A9A0FE7FB0B0A800FFFF010CDD
:1088900010021C00140400002204000091A0FE7FBE
:1088A000B0B0A800FFFF010C100222001404320037
:1088B0002E04000079A0FE7FB0B0A800FFFF0108E1
:1088C000040412001804000065A0FE7FB0B0A800E8
:1088D000FFFF0108040412001804000051A0FE7FED
:1088E000A908B100FFFF011418043A002404000095
:1088F0002C023800300400004604000031A0FE7F46
:10890000B0B0A800FFFF0108040412001804000022
:108910001DA0FE7FA908B100FFFF011418043A0052
:10892000240400002C02380030040000460400003B
:10893000FD9FFE7FB0B0A800FFFF010804041200F5
:1089400018040000E99FFE7FB0AF0200FFFF01386E
:108950002404F004004404B605007004AC05009A39
:108960000104A20500FA01040000AC02049805000D
:10897000CC02048E0500F60204840500A00304FA6C
:1089800004008604BA010000A59FFE7FB0A90A007A
:10899000FFFF010C181A58004E0A5800600400002E
:1089A0008D9FFE7FB0AB1200FFFF010A343C8801AF
:1089B0000090010400000000759FFE7FB0AC110024
:1089C000FFFF010A3A3C90010098010400000000FA
:1089D0005D9FFE7FB0A90C00FFFF010C281A680004
:1089E0005E0A680070040000459FFE7FB0AD0A007B
:1089F000FFFF01101A249A010090010A9A0100A2B7
:108A000001040000299FFE7FB0AD0C00FFFF0110A4
:108A10002A24AA0100A0010AAA0100B20104000050
:108A20000D9FFE7FB0B0A800FFFF0100019FFE7FF9
:108A3000B0B0A800FFFF0100F59EFE7FB0B0A80017
:108A4000FFFF0100E99EFE7FB0B0A800FFFF01001C
:108A5000DD9EFE7FB0AF1600FFFF011146049402B9
:108A6000008E0186019402009C02040000000000B8
:108A7000BD9EFE7FB0AB1600FFFF010F4404C20194
:108A8000007E44C20100CA0104000000A19EFE7FD6
:108A9000B0AC0100FFFF0122102C00004412AC0218
:108AA00000720200007E12A20200AC01020000B6B9
:108AB0000112AE0200A8020400000000719EFE7FB9
:108AC000B0AC0100FFFF0129102800004012C602CF
:108AD000006E020000860112DA0200BA01020000F4
:108AE000D20174D00200CC020E0000DC0204DA02D3
:108AF00000000000399EFE7FB0A90200FFFF010EBA
:108B000010020000182E8601008C010400000000F5
:108B10001D9EFE7FB0A90200FFFF010E10020000A3
:108B2000182E8601008C010400000000019EFE7FCB
:108B3000B0AC0300FFFF012E103600004E12A80358
:108B4000007C020000880112A60300B601020000AA
:108B5000C201129A0300F001020000FC0112A403FA
:108B600000A8027C00000000C59DFE7FB0AC0300A1
:108B7000FFFF012E103600004E12A803007C0200F9
:108B800000880112A60300B601020000C201129A79
:108B90000300F001020000FC0112A40300A8027C03
:108BA00000000000899DFE7FB0AD0400FFFF01457D
:108BB000103600004E12E603007E020000980112FB
:108BC000D80300CC01020000E60112F003009A0273
:108BD000020000B20212F20300E4027E0000E2038F
:108BE00004D80300EC03040000F40304F20300F8CB
:108BF0000304F00300000000359DFE7FB0AD0400CB
:108C0000FFFF0145103600004E12E603007E020011
:108C100000980112D80300CC01020000E60112F016
:108C200003009A02020000B20212F20300E4027E84
:108C30000000E20304D80300EC03040000F4030482
:108C4000F20300F80304F00300000000E19CFE7F43
:108C5000B0A80100FFFF010C1204000024025C0018
:108C6000580E0000C99CFE7FB0A80100FFFF010C58
:108C70001204000024025C00580E0000B19CFE7F2C
:108C8000B0AA0500FFFF01131E0400003802EC012A
:108C900000403CDC0100D80114000000919CFE7FE4
:108CA000B0AF0600FFFF0113260400006402A20219
:108CB000006C48A402009E0216000000719CFE7F1A
:108CC00001AD0E00FFFF010F4802000092017E9AE5
:108CD0000200A00204000000559CFE7F01AD0E00C2
:108CE000FFFF010F4802000092017E9A0200A002DD
:108CF00004000000399CFE7F01AC0900FFFF010E5B
:108D0000340400005E02CC0100A001360000000027
:108D10001D9CFE7F01AF0C00FFFF010E3A04000016
:108D20007E02960200C2015E00000000019CFE7FF0
:108D3000B0B0AA00FFFF01BC019801040000A0012F
:108D400004FA0800B401040000BC0104F80800E8BB
:108D500001048E09008202048009008A021C0000BE
:108D6000B00204FC0800C602040000D20204FE089F
:108D700000DE021C0000FE0204F60800B80304F442
:108D80000800D20304900900DA03040000E203049F
:108D9000AE09009C0404AC0900B604049E0900BEA0
:108DA00004040000C60404B00900DA04040000E46E
:108DB0000404C20900920504C00900AC0504B2090C
:108DC00000B405E60100009E0704F20800D807047D
:108DD000E20800F20704C40900FA07040000820850
:108DE00004E20900BC0804E00900D60804D2090026
:108DF000DE08140000000000359BFE7FB0B0A80024
:108E0000FFFF0100299BFE7FB0B0A800FFFF01001B
:108E10001D9BFE7FB0B0A800FFFF0100119BFE7FED
:108E2000B0B0A800FFFF0100059BFE7FB0B0A80016
:108E3000FFFF01081004260030040000F19AFE7FB5
:108E4000B0B0A800FFFF0100E59AFE7FB0B0A80017
:108E5000FFFF0100D99AFE7FB0B0A800FFFF01001C
:108E6000CD9AFE7FB0AF0C00FFFF010E1C04000086
:108E70002C049801009E010400000000B19AFE7FBE
:108E8000B0AF0A00FF1029012028049602003A041E
:108E90008002007404F80101960162980201FC014D
:108EA00004820200920204000001000000000000A1
:108EB000AB010181B0B008B100000000719AFE7FE3
:108EC000B0AF1E00FF1045013C8801D4098E170089
:108ED000960B048C1700A40E98028E1700D0100475
:108EE000B017018411049E17019011040000D611DF
:108EF000A0058E17008817160000AC1704B61700DF
:108F0000BA1704000001000000000000219AFE7F53
:108F1000B0AF1E00FF1045013C8801D4098E170038
:108F2000960B048C1700A40E98028E1700D0100424
:108F3000B017018411049E17019011040000D6118E
:108F4000A0058E17008817160000AC1704B617008E
:108F5000BA1704000001000000000000D199FE7F54
:108F6000B0AE0F00FFFF010A48529C0100A20104AD
:108F700000000000B999FE7FB0AF1200FFFF010BA7
:108F80005EB8019C020098020E000000A199FE7FCD
:108F9000B0AF1C00FF10790170B80130D60800C4D2
:108FA00002A003C60800B40604D60800C40604C61E
:108FB0000800CC0604B80801FE0604A808018A07C8
:108FC0000400009C071AD60800D40704C60800E86D
:108FD0000704D60800FC0704C60800860804D60863
:108FE000008C0804C60800940804D608009A0804F7
:108FF000C608009E08040000A40804D60800B408AF
:1090000004BE0800C20814000001000000000000B7
:109010001D99FE7FB0AF1C00FF10790170B80130C0
:10902000D60800C402A003C60800B40604D608008F
:10903000C40604C60800CC0604B80801FE0604A84D
:1090400008018A070400009C071AD60800D4070408
:10905000C60800E80704D60800FC0704C608008616
:109060000804D608008C0804C60800940804D60832
:10907000009A0804C608009E08040000A40804D64C
:109080000800B40804BE0800C20814000001000073
:10909000000000009998FE7FAF0E9700FFFF0122AD
:1090A0004A36CE0200C8013AD0020094021CCE0219
:1090B00000B60212D00200CA0204CE0200E002048E
:1090C000000000006998FE7FB0B0A800FFFF010813
:1090D00010041A00200400005598FE7FB0A90A0071
:1090E000FFFF010C18205200480A52005A040000E9
:1090F0003D98FE7FB0AA0B00FFFF010C2620600008
:10910000560A6000680400002598FE7FB0AE11008A
:10911000FFFF01106A04A201008A0104A20100AA53
:10912000010400000998FE7FB0AD1200FFFF010AA4
:109130004246A20100AA010400000000F197FE7F50
:10914000B0AA0900FFFF010F18048001005C248011
:109150000100880104000000D597FE7FB0AA0B0033
:10916000FFFF010F26048E01006A248E0100960184
:1091700004000000B997FE7FB0B0A800FFFF010017
:10918000AD97FE7FB0B0A800FFFF0100A197FE7F62
:10919000B0B0A800FFFF01009597FE7FB0B0A80017
:1091A000FFFF01008997FE7FB0AC1900FFFF01119E
:1091B0004C04940200900184019402009C0204007B
:1091C000000000006997FE7FB0AE1B00FFFF01109A
:1091D0004C04F00200FA0172F00200F802040000F0
:1091E0004D97FE7FB0AC0500FFFF0122102C000060
:1091F0004012D601006E0200007812E20100A601C2
:10920000020000AC0112E00100DC010400000000DB
:109210001D97FE7FB0AD0600FFFF012F1028000054
:109220003C12F801006A020000800112900200B4B2
:1092300001020000CA0112820200FE010E00008C31
:10924000020482020092020490020000E196FE7F76
:10925000B0AA0700FFFF010C1002000018447000C4
:1092600076040000C996FE7FB0AA0700FFFF010D3B
:1092700010020000182E7A00800104000000000097
:10928000AD96FE7FB0AC0700FFFF012E1036000048
:109290004A12B8020078020000820112C60200B031
:1092A00001020000BA0112C40200E801020000F24B
:1092B0000112C202009E0224000000007196FE7F8F
:1092C000B0AC0700FFFF012E103600004A12B802B2
:1092D0000078020000820112C60200B00102000004
:1092E000BA0112C40200E801020000F20112C20237
:1092F000009E0224000000003596FE7FB0AD0800FD
:10930000FFFF0140103600004A12F0020078020010
:10931000009001128E0300C401020000DA011288DD
:1093200003008E02020000A40212FA0200D6022EEE
:109330000000840304FA02008A03048803009003F7
:10934000048E0300E995FE7FB0AD0800FFFF0140E9
:10935000103600004A12F00200780200009001125C
:109360008E0300C401020000DA01128803008E029D
:10937000020000A40212FA0200D6022E00008403AA
:1093800004FA02008A03048803009003048E030099
:109390009D95FE7FB0A90600FFFF010C140400009C
:1093A00022023C00380E00008595FE7FB0A9060021
:1093B000FFFF010C1404000022023C00380E0000E4
:1093C0006D95FE7FB0AF1000FFFF010F56028802BF
:1093D000005E5E8A0200DE013C0000005195FE7FC7
:1093E000B0AC0F00FFFF0113260400003E02CA01CB
:1093F00000462EBA0100B601140000003195FE7F30
:1094000001AF1200FFFF010F480200009E016CA493
:109410000200AA02040000001595FE7F01AF1200B1
:10942000FFFF010F480200009C0172B60200BC025F
:1094300004000000F994FE7F01AF1000FFFF010A55
:109440007A028C0200BA015C00000000E194FE7F09
:1094500001AC0D00FFFF010E380400005E02AE01FA
:10946000009E011A00000000C594FE7FB0B0AA0063
:10947000FFFF01BC019801040000A00104FA0800EC
:10948000B401040000BC0104F80800E801048E09DE
:10949000008202048009008A021C0000B00204FC61
:1094A0000800C602040000D20204FE0800DE021C0E
:1094B0000000FE0204F60800B80304F40800D2031A
:1094C00004900900DA03040000E20304AE09009CE2
:1094D0000404AC0900B604049E0900BE04040000A4
:1094E000C60404B00900DA04040000E40404C2095C
:1094F00000920504C00900AC0504B20900B405E6F9
:109500000100009E0704F20800D80704E20800F2F8
:109510000704C40900FA07040000820804E20900F5
:10952000BC0804E00900D60804D20900DE081400D3
:1095300000000000F993FE7FB0B0A800FFFF01001B
:10954000ED93FE7FB0B0A800FFFF0100E193FE7F26
:10955000B0B0A800FFFF0100D593FE7FB0AF0C00B4
:10956000FFFF010E1C0400002C049E0100A4010456
:1095700000000000B993FE7FB0AF0A00FF10350174
:109580002D2804B002004204AA02008401048A02C9
:1095900001A60164B202018E020496020092020446
:1095A0008A0201A602040000AC0204AA0200010023
:1095B000000000007993FE7FB0AF2000FF1049014A
:1095C000418A01F609961700BE0B04F41600F20B4F
:1095D000A4059617009C1104EC1601D011048617FF
:1095E00001DC11040000CC128A04961700D816047E
:1095F0000000F01604FE1600FA160400008217049C
:1096000000000100000000002593FE7FB0AF2000A5
:10961000FF104901418A01F609961700BE0B04F4B8
:109620001600F20BA4059617009C1104EC1601D04D
:109630001104861701DC11040000CC128A0496176D
:1096400000D816040000F01604FE1600FA160400F6
:10965000008217040000010000000000D192FE7F8C
:10966000B0AE0F00FFFF010A48529C0100A20104A6
:1096700000000000B992FE7FB0AE0F00FFFF010AAC
:109680005E6ACE0100CA010E00000000A192FE7FBA
:10969000B0AF1C00FF1079016E68020000A6013017
:1096A000C80800BA029A03B80800A60604C8080051
:1096B000BA0604B80800C20604AA0801F406049A0F
:1096C0000801FE06040000900718C80800C6070439
:1096D000B80800DA0704C80800EE0704B80800F666
:1096E00007040000FC0704B80800820804C808004A
:1096F000880804B8080090080AC80800A60804B042
:109700000800B40814000001000000000000000080
:109710001D92FE7FB0AF1C00FF1079016E68020041
:1097200000A60130C80800BA029A03B80800A606CD
:1097300004C80800BA0604B80800C20604AA080152
:10974000F406049A0801FE06040000900718C808F1
:1097500000C60704B80800DA0704C80800EE0704CA
:10976000B80800F607040000FC0704B808008208E7
:1097700004C80800880804B8080090080AC808004F
:10978000A60804B00800B40814000001000000009E
:10979000000000009991FE7FC90C9701B0B0AF8026
:1097A000FFFF011648669E0200BE01468A0200863F
:1097B00002049E02009A0204000000007191FE7FE4
:1097C000B0B0A800FFFF010810041A002004000038
:1097D00008B10181B0B000840000000008B101812F
:1097E000B0B000840000000008B10181B0B0008476
:1097F000000000003991FE7FB0B0A800FFFF010813
:109800000E041C00180E00002591FE7FB0B0A800C9
:10981000FFFF01080E041C00180E00001191FE7FCE
:10982000B0B0A800FFFF01080E041C00180E0000D5
:1098300008B101810FB1008400000000F190FE7FAB
:10984000B0B0A800FFFF01080E041C00180E0000B5
:1098500008B10181B0B000840000000008B10181AE
:10986000B0B000840000000008B10181B0B00084F5
:109870000000000008B10181B0B0008400000000C9
:10988000AD90FE7FB0B0AA00FF1019010C12021CAF
:1098900001200426032A08000001007F00000000C8
:1098A00000000000000000008590FE7FB0B0A8001E
:1098B000FFFF01007990FE7FB0B0A800FFFF01001C
:1098C0006D90FE7FA908B100FFFF01006190FE7F4F
:1098D000B0B0A800FFFF01005590FE7FB0AF0400BC
:1098E000FFFF010E120400002204CC0100D201048B
:1098F000000000003990FE7FB0AF0400FF102D0182
:10990000251804B202003004B002004004860201AF
:1099100078049402019001048602019802049C02DA
:1099200000AC020400000100000000000190FE7F76
:10993000B0AF0C00FFFF0189014A040000581284F7
:109940000700A20104F00600AE0112F20600F401C5
:1099500004A207008402128E0700C80204E8060071
:10996000D802128207008A0404EA0600C20402F048
:109970000600CE04020000D80402A20700E404029C
:10998000E80600EC0402EE0600F40402EC0600FC1B
:109990000408820700880502C80600A80604000023
:1099A000AC0604E60600B20604A20700B80604F0FE
:1099B0000600BE06040000C40604E80600FE061009
:1099C00000000000698FFE7FB0AF0C00FFFF01892F
:1099D000014A0400005812840700A20104F00600A6
:1099E000AE0112F20600F40104A207008402128EF6
:1099F0000700C80204E80600D802128207008A04A1
:109A000004EA0600C20402F00600CE04020000D8F8
:109A10000402A20700E40402E80600EC0402EE06D9
:109A200000F40402EC0600FC04088207008805022A
:109A3000C80600A806040000AC0604E60600B2064C
:109A400004A20700B80604F00600BE06040000C425
:109A50000604E80600FE061000000000D18EFE7F1E
:109A6000B0AF0800FF107D01734A04A005015A043D
:109A7000B605036804B405039E0104840503AE0122
:109A800004A80503BC0104A60503E601048C050334
:109A9000F60104F80403840264B00503BA03029ECD
:109AA0000503C80302A00501D00302B00503DC03CF
:109AB000029C0503E4034AB00503AE04040000B4AD
:109AC0000404C40403BA0404A00501C004049205FC
:109AD00003F4040494050098050400000100007DCF
:109AE00000000000498EFE7FAB08B100FF101D0191
:109AF000141A0452013E045A014804000056046836
:109B0000006C04000001000000000000218EFE7FB8
:109B1000B0B0A800FFFF01081E0426002C040000BE
:109B20000D8EFE7FB0B0A800FFFF010810041A00E0
:109B300020040000F98DFE7FB0AF1000FF10490136
:109B400041BA018001DC0600E6029E02DE060096B4
:109B50000516DC0600B20504DE0600C60504FE0696
:109B600001F80504EE06018206040000960642DCB8
:109B70000600D806160000FA0604840700880704C9
:109B80000000010000000000A58DFE7FB0AF1000B6
:109B9000FF10490141BA018001DC0600E6029E0285
:109BA000DE0600960516DC0600B20504DE0600C6D9
:109BB0000504FE0601F80504EE0601820604000015
:109BC000960642DC0600D806160000FA0604840752
:109BD000008807040000010000000000518DFE7F96
:109BE000C90A9701B0B0AF80FFFF0122502E820357
:109BF00000D20140840300A4021C820300C8021C9E
:109C0000840300FE020482030094030400000000A9
:109C10000E970181B0AF80C9000000000E9701814E
:109C2000B0AF80C900000000058DFE7FB0AF080016
:109C3000FFFF0132180E00008E01F608900F008819
:109C40000ABC0100008A0C0E900F00D80C640000C2
:109C5000D20D02900F00980E020000AC0E14900F6F
:109C600000D00E4A00000000C58CFE7FB0AE0B0095
:109C7000FFFF010B20EA019602009C020400000095
:109C8000AD8CFE7FB0AE0B00FFFF010B20EA01960A
:109C900002009C0204000000958CFE7FB0AE0B0019
:109CA000FFFF010B20EA019602009C020400000065
:109CB0007D8CFE7FB0AF0E00FFFF012714A40500CE
:109CC00000880622AE0C00F606020000A007B802CB
:109CD000AE0C00F409600000B00B3CAE0C00B40CFC
:109CE00004000000498CFE7FB0AF0C00FFFF01278D
:109CF000149A050000F605228A0C00E40602000012
:109D00009007CA028A0C00F6094800008E0B3C8AB4
:109D10000C00900C04000000158CFE7FB0AF0C000E
:109D2000FFFF0127149C0500008006228A0C00EE2C
:109D3000060200009807B6028A0C00EA094A0000F1
:109D40008C0B3C8A0C00900C04000000E18BFE7F21
:109D5000B0AF0C00FFFF0127149C05000080062215
:109D60008A0C00EE060200009807B6028A0C00EA90
:109D7000094A00008C0B3C8A0C00900C0400000087
:109D8000AD8BFE7FB0AF1200FFFF012714CE0500A0
:109D900000AA06228A0D009807020000CC07EE02F6
:109DA0008A0D00D60A560000860C3C8A0D00900DE4
:109DB00004000000798BFE7FB0AF1000FFFF012789
:109DC00014C6050000A20622F40C00900702000051
:109DD000BC07F002F40C00C80A580000F00B3CF479
:109DE0000C00FA0C04000000458BFE7FB0AF12009F
:109DF000FF1045013B728604C01100BE0604BE116F
:109E0000009E079C07C01100C60E04B01101FA0E97
:109E100004A01101860F040000AE0FCC01C0110098
:109E20009C11040000AC1104B61100BA1116000018
:109E30000100000000000000F58AFE7FB0AF1200B4
:109E4000FF1045013B728E04C01100C60604D011FC
:109E500000A6079C07C01100CE0E04E21101820F7C
:109E600004D211018E0F040000B60FE401C01100EE
:109E7000BC11140000DE1104E81100EC1104000014
:109E80000100000000000000A58AFE7FB0AD0C00BC
:109E9000FFFF010A3E469C0100A2010400000000F1
:109EA0008D8AFE7FB0AF0E00FFFF010B58C801BEC8
:109EB0000200BA020E000000758AFE7FA908B100F8
:109EC000FFFF0100698AFE7FB0A90200FF10350183
:109ED00025160400002E028801036C04A401009CD6
:109EE0000108CC0100AA01040000BC0104C6010065
:109EF000C00104A401000200017D00000000000078
:109F0000C4DAFFFF298AFE7FB0AF0200FF103D01D7
:109F10002D100400007818BA0403D801B801BA045F
:109F200003D40366BA0403CE0408EE0400E4040478
:109F3000FE0400E80404FC0400F80404000002002D
:109F4000017D0000000000007CDAFFFFE189FE7F58
:109F5000B0AE0900FF104101310E0400005A02FCAE
:109F600001037004980200C20104FC0103F0010C1B
:109F7000FC0103900208C002009E02040000B0022F
:109F800004BA0200B402049802000200017D00003D
:109F90000000000030DAFFFF08B10181B0B000849A
:109FA000000000008989FE7FB0AE0900FF1041016A
:109FB000310E0400005A02FC01037004980200C232
:109FC0000104FC0103F0010CFC0103900208C00233
:109FD000009E02040000B00204BA0200B402049819
:109FE00002000200017D000000000000D8D9FFFF40
:109FF0003D89FE7FB0AF0A00FF104101311004001F
:10A000000064028602037A04A20200CC01048602E4
:10A0100003FA010C8602039A0208CA0200A802048D
:10A020000000BA0204C40200BE0204A20200020040
:10A03000017D0000000000008CD9FFFFF188FE7F49
:10A04000A908B100FFFF0100E588FE7FB0A902006A
:10A05000FF10350125160400002E028801036C0450
:10A06000A401009C0108CC0100AA01040000BC016D
:10A0700004C60100C00104A401000200017D00002B
:10A080000000000040D9FFFF08B10181B0B000849A
:10A09000000000009988FE7FB0B0A800FFFF01001B
:10A0A0008D88FE7FB0B0A800FFFF01008188FE7F91
:10A0B000A908B100FFFF01007588FE7FB0B0A800BD
:10A0C000FFFF01006988FE7FB0AF0400FFFF010EB3
:10A0D000120400002204D40100DA01040000000090
:10A0E0004D88FE7FB0AF0400FF103D01321804BE62
:10A0F00002003804B8020060048A02019E0104983C
:10A100000201B601048A02019C0204A00200B0020E
:10A11000040000B40204980201BA0204B80200016B
:10A1200000000000000000000588FE7FB0AF0A00BC
:10A13000FFFF019C015E12880800AC0104EE0700DD
:10A14000C40112F00700900204920800A802129ABB
:10A150000800EE0204940800A20312EC0700E204D7
:10A1600002BC070080050C0000900504EE07009675
:10A1700005049208009E0502EE0700AA05020000F1
:10A18000B60502940800C00502920800C8050282C4
:10A190000800D005028008009A0602E40700A20623
:10A1A0000AEC0700AE0704E60700B207040000B897
:10A1B0000704940800E80704F00700FC0704000007
:10A1C0008408048808008E080400009608049A0891
:10A1D000000000005987FE7FB0AF0A00FFFF019C1E
:10A1E000015E12880800AC0104EE0700C40112F001
:10A1F0000700900204920800A802129A0800EE02DA
:10A2000004940800A20312EC0700E20402BC070059
:10A2100080050C0000900504EE07009605049208E6
:10A22000009E0502EE0700AA05020000B605029492
:10A230000800C00502920800C80502820800D00587
:10A24000028008009A0602E40700A2060AEC070052
:10A25000AE0704E60700B207040000B8070494083C
:10A2600000E80704F00700FC0704000084080488E5
:10A2700008008E080400009608049A0800000000F8
:10A28000AD86FE7FB0AF0800FF108C010180015A3F
:10A2900004A206036804AC0603A80104AE0603C4C6
:10A2A0000104B40603D20104BC0603800204C00604
:10A2B000039C0204C60603AA0262D20603C6030474
:10A2C0009C0601F40304E20503FA03049805038ED7
:10A2D00004029C06019E0402D20503A60408D206CD
:10A2E00003BA0402CC05038A050400008E0504D2DB
:10A2F00006039405049C0601C80504DA0500DE0582
:10A30000040000B00604BE0603C20604D60603011C
:10A3100000007D00000000001586FE7FAB08B10044
:10A32000FF101D01141C04560142045E014C040080
:10A33000005A046C007004000001000000000000DE
:10A34000ED85FE7FB0B0A800FFFF01081E042600C7
:10A350002C040000D985FE7FB0B0A800FFFF0108E3
:10A3600010041A0020040000C585FE7FB0AF0E0067
:10A37000FF105901506E020000B40180018C0700EB
:10A38000DE02A202FC06009205168C0700B005044E
:10A39000FC0600CA05049E0701FC05048E0701881F
:10A3A000060400009C06328C0700EC06040000F84E
:10A3B00006048C070088070400009A0704A407001D
:10A3C000A807040000010000000000006185FE7F76
:10A3D000B0AF0E00FF105901506E020000B40180B2
:10A3E000018C0700DE02A202FC06009205168C0713
:10A3F00000B00504FC0600CA05049E0701FC050424
:10A400008E070188060400009C06328C0700EC06CB
:10A41000040000F806048C070088070400009A076F
:10A4200004A40700A80704000001000000000000C9
:10A43000FD84FE7FC9069701B0B0AF80FFFF012207
:10A440004430C602008E0148B20200EA011CC60276
:10A45000008E0204B20200AE0204C60200C2020470
:10A46000000000000A970181B0AF80C90000000021
:10A470000A970181B0AF80C900000000B184FE7F5F
:10A48000B0AF0A00FFFF0132180E000086019209EA
:10A49000FC0F009C0AFE010000980D32FC0F00F436
:10A4A0000D5A0000D80E60FC0F00C00F0C0000DA3F
:10A4B0000F02FC0F00821004000000007184FE7F78
:10A4C000B0AE0B00FFFF010B20F4019802009E02CA
:10A4D000040000005984FE7FB0AE0B00FFFF010BAB
:10A4E00020F4019802009E02040000004184FE7FD7
:10A4F000B0AE0B00FFFF010B20F4019802009E029A
:10A50000040000002984FE7FB0AF0C00FFFF01278C
:10A5100014A0050000FE05FC038A0C00860A6200F8
:10A5200000C00B108A0C00D80B020000E60B028A58
:10A530000C00900C04000000F583FE7FB0AF0C000F
:10A54000FFFF012714A405000082068604FE0B000D
:10A55000940A4C0000B40B10FE0B00CC0B02000060
:10A56000DA0B02FE0B00840C04000000C183FE7FA6
:10A57000B0AF0C00FFFF0127149E050000FC05F69C
:10A5800003860C00FE09600000B40B10860C00CAA4
:10A590000B020000D80B02860C00FA0B160000001C
:10A5A0008D83FE7FB0AF0C00FFFF012714980500DC
:10A5B00000F605F803E40B00FA094C00009A0B10B2
:10A5C000E40B00B20B020000C00B02E40B00EA0B2C
:10A5D000040000005983FE7FB0AF1000FFFF012789
:10A5E00014D2050000B006A404E80C00E00A5A00EA
:10A5F00000980C10E80C00B00C020000BE0C02E841
:10A600000C00EE0C040000002583FE7FB0AF0E00AE
:10A61000FFFF012714C6050000A4069A04CA0C0017
:10A62000CA0A5C0000FA0B10CA0C00920C0200006F
:10A63000A00C02CA0C00D00C04000000F182FE7FC6
:10A64000B0AF1200FF1045013B688A08941200F079
:10A650000904A41200AC0AF804941200AA0F04869C
:10A660001201DE0F04F61101EA0F040000AC10BA6B
:10A6700001941200E8110400008212048C12009070
:10A68000121400000100000000000000A182FE7F03
:10A69000B0AF1200FF1045013B688A08941200F029
:10A6A0000904A41200AC0AF804941200AA0F04864C
:10A6B0001201DE0F04F61101EA0F040000AC10BA1B
:10A6C00001941200E8110400008212048C12009020
:10A6D0001214000001000000000000005182FE7F03
:10A6E000B0AD0C00FFFF010A3E469C0100A2010430
:10A6F000000000003982FE7FB0AF0C00FFFF010BAD
:10A700005A8801820200FE010E00000008B101819A
:10A71000B0B000840000000008B10181B0B0008436
:10A72000000000000982FE7FB0AF0200FF10190197
:10A730000E320A3C017A3CBC0100C4010400000155
:10A740000000000000000000E581FE7FA908B100C4
:10A75000FFFF010008B10181B0B0008400000000DB
:10A76000CD81FE7FB0AF1400FF1019011020A007AB
:10A7700000008C0804900801980804000001000003
:10A7800000000000A981FE7F8408B101B0B0B000D4
:10A79000FF100D0104020608010100000000000086
:10A7A00008B10181B0B000840000000008B101814F
:10A7B000B0B00084000000007581FE7F8408B10104
:10A7C000B0B0B000FF100D01040204080101000048
:10A7D0000000000008B10181B0B00084000000005A
:10A7E0004D81FE7FB0B0A800FFFF010C0A041C00E1
:10A7F00014040000260400003581FE7FB0B0A800DC
:10A80000FFFF010C0A041C001404000026040000D1
:10A810001D81FE7FB0B0A800FFFF010C0A042200DA
:10A8200014043600320400000581FE7FB0B0A80099
:10A83000FFFF010C0A042200140436003204000059
:10A84000ED80FE7FB0B0A800FFFF010810041A00E1
:10A8500024040000D980FE7FB0B0A800FFFF0108EB
:10A8600010041A0024040000C580FE7F8408B10192
:10A87000B0B0B000FF100D0108020412011608006C
:10A88000007F000000000000A580FE7F8408B10169
:10A89000B0B0B000FF100D0108020408010C080060
:10A8A000007F0000000000008580FE7F8408B10169
:10A8B000B0B0B000FF100D010806040C0110080034
:10A8C000007F0000000000006580FE7FB0B0AE0099
:10A8D000FF100D01081E045A015E0800007F0000F1
:10A8E000000000004980FE7FB0B0AE00FF100D01F7
:10A8F000081E045A015E0800007F000000000000EE
:10A900002D80FE7FB0AB0200FFFF010826406600ED
:10A910006C0400001980FE7FB0AB0200FFFF01084D
:10A92000264066006C0400000580FE7FB0B0A800E1
:10A93000FFFF0100F97FFE7FB0B0A800FFFF01001C
:10A94000ED7FFE7FB0AD1600FFFF01191A02000077
:10A950002804EA01006204E80100900104EC01000F
:10A96000FE01040000000000C57FFE7FB0A90200C8
:10A97000FFFF010C2404520038044600421A000074
:10A98000AD7FFE7FB0B0A800FFFF01080E041600E7
:10A990001C040000997FFE7FB0A80100FFFF0108A2
:10A9A0001E163A0040040000857FFE7FB0A8050017
:10A9B000FFFF010C0C02000014042A003004000008
:10A9C0006D7FFE7FB0A90200FF101101082A04402C
:10A9D00003520800007F00007D000000000000001E
:10A9E00008B10181B0B000840000000008B101810D
:08A9F000B0B00084000000007B
:10A9F80064D9FB7F0100000080D9FB7FCCDAFF7FA0
:10AA080000DDFB7FB0B0A88018DDFB7F20DBFF7F77
:10AA180074DDFB7F0100000098DDFB7FB0B0A880EB
:10AA2800B0DDFB7F01000000B0DDFB7F1CDBFF7F9A
:10AA38007CDEFB7F01000000E8DEFB7F44DBFF7F5C
:10AA4800B0E1FB7F01000000B8E2FB7F9CDBFF7FE9
:10AA580074EAFB7F01000000E0EAFB7FB0B0A88049
:10AA680010ECFB7F08DCFF7F34ECFB7F18DCFF7FFA
:10AA780064ECFB7F28DCFF7F88ECFB7F38DCFF7F02
:10AA8800B8ECFB7FA908B180E0EDFB7F40DCFF7FDD
:10AA980004EEFB7F50DCFF7F34EEFB7F60DCFF7F42
:10AAA80058EEFB7F70DCFF7F88EEFB7FB0B0A8809C
:10AAB800BCEEFB7F78DCFF7FD0EEFB7FB0B0A880D8
:10AAC80004EFFB7F7CDCFF7F18EFFB7FB0B0A88032
:10AAD8004CEFFB7F80DCFF7F60EFFB7FB0B0A8808E
:10AAE80094EFFB7F84DCFF7FA8EFFB7FB0B0A880EA
:10AAF800D8F0FB7F88DCFF7F24F1FB7FA0DCFF7FA1
:10AB080038F1FB7FACDCFF7F84F1FB7FC4DCFF7F87
:10AB180098F1FB7FA908B180C0F2FB7FC8DCFF7FFA
:10AB28000CF3FB7FE0DCFF7F20F3FB7FECDCFF7F97
:10AB38006CF3FB7F04DDFF7F80F3FB7FB0B0A88060
:10AB480034F4FB7F08DDFF7F58F4FB7F18DDFF7FBF
:10AB580088F4FB7FB0B0A88024F5FB7F20DDFF7F61
:10AB680048F5FB7F30DDFF7F78F5FB7FB0B0A8802C
:10AB7800A4F5FB7F38DDFF7FB8F5FB7FB0B0A88078
:10AB8800E4F5FB7F3CDDFF7FF8F5FB7FB0B0A880E4
:10AB9800ACF6FB7F40DDFF7FF8F6FB7F58DDFF7FDB
:10ABA8000CF7FB7FB0B0A880A8F7FB7F5CDDFF7FC8
:10ABB800F4F7FB7F74DDFF7F08F8FB7F01000000DE
:10ABC8006002FC7F78DDFF7FD005FC7FB0A80180A4
:10ABD800E805FC7FB0A90A802007FC7F010000007F
:10ABE8002407FC7FB0AA0F809807FC7FB0A90A80D1
:10ABF800D007FC7F01000000D807FC7FB0A80180C7
:10AC08001008FC7FB0A90A804809FC7F01000000F9
:10AC18004C09FC7FB0AA0F80C009FC7FB0A90A804C
:10AC2800F409FC7F01000000FC09FC7FB0A801804A
:10AC3800140AFC7FB0B0AA80580AFC7F010000000B
:10AC4800B00AFC7F3CDDFF7F180BFC7F4CDDFF7FEB
:10AC5800AC0BFC7F5CDDFF7F480CFC7F6CDDFF7F6D
:10AC6800C00CFC7F7CDDFF7F700DFC7F90DDFF7FDB
:10AC7800300EFC7F01000000D811FC7F9CDDFF7FB7
:10AC88000812FC7FA0DDFF7F3812FC7F0100000066
:10AC98009812FC7F9CDDFF7FD012FC7FA0DDFF7F38
:10ACA8000813FC7F01000000F014FC7F9CDDFF7F8F
:10ACB8001816FC7FB4DDFF7FF016FC7F0100000052
:10ACC800FC16FC7FC0DDFF7F2818FC7FE8DDFF7FD6
:10ACD8008819FC7F01000000B819FC7F10DEFF7F97
:10ACE800481AFC7F24DEFF7FD81AFC7F38DEFF7FFE
:10ACF800801CFC7F6CDEFF7F281EFC7FA0DEFF7FB0
:10AD08002420FC7FECDEFF7F2022FC7F38DFFF7FE2
:10AD18008C22FC7F48DFFF7FF822FC7F58DFFF7F13
:10AD2800F023FC7F70DFFF7F2C25FC7F01000000F3
:10AD38004C25FC7F01A90A80CC27FC7F78DFFF7FA8
:10AD4800F428FC7F8CDFFF7F1C2AFC7FA0DFFF7FBD
:10AD5800FC2AFC7FB4DFFF7F242CFC7FC8DFFF7F49
:10AD68001C31FC7FA908B1805C31FC7F0100000028
:10AD7800C031FC7FB0B0A8800C32FC7FB0B0AA8094
:10AD88005032FC7F010000004C32FC7FB0AF0280E3
:10AD98004833FC7FB0B0A8807833FC7FB0B0AC807B
:10ADA800C433FC7FAB08B180EC33FC7FB0AB0280CE
:10ADB8007434FC7FA908B180C434FC7FB0A9028038
:10ADC8001C35FC7FAB08B1808C36FC7FB0B0A88006
:10ADD800BC36FC7FAB08B1800837FC7FA908B1807E
:10ADE8004C37FC7F010000007037FC7FB0B0A880B2
:10ADF800C437FC7FAB08B1800438FC7F0100000039
:10AE08000038FC7FB0AF02800439FC7FB0B0A88066
:10AE18003439FC7FAB08B180AC39FC7FB0AB028021
:10AE2800383AFC7FB0B0AA80883AFC7FB0A902808B
:10AE3800E03AFC7FAB08B180603CFC7FB0B0A880F2
:10AE48008C3CFC7FB0B0AA80D03CFC7F01000000A5
:10AE5800D03CFC7F9CDFFF7FF03CFC7FA0DFFF7FC6
:10AE68000C3DFC7F010000002C3DFC7F9CDFFF7F38
:10AE7800503DFC7FA0DFFF7F783DFC7FAB3F00802B
:10AE8800CC3DFC7F9CDFFF7F003EFC7F0100000083
:10AE9800743EFC7FB0B0AC80043FFC7F0100000032
:10AEA800D840FC7FB0AF0280CC41FC7F010000009D
:10AEB8003444FC7F80DFFF7F4844FC7F01000000B2
:10AEC8005444FC7F7CDFFF7F6844FC7FB0AA01808C
:10AED800B844FC7F78DFFF7FD444FC7FA908B180A9
:10AEE800DC46FC7F74DFFF7F7847FC7F88DFFF7FCD
:10AEF8009C48FC7FB4DFFF7F1049FC7FB8DFFF7FF1
:10AF0800C854FC7F00E0FF7F8060FC7F48E0FF7F43
:10AF18002061FC7F58E0FF7F4862FC7F68E0FF7F8C
:10AF2800A866FC7FE4E0FF7F086BFC7F60E1FF7FA1
:10AF3800706CFC7FB0A90680B06CFC7FB0AF048059
:10AF4800446EFC7FB0AF1280BC71FC7FAF1097805D
:10AF58002479FC7FAF0A97808C7CFC7FB0AC1D8085
:10AF6800F07DFC7FB0AF3280CC7FFC7F50E1FF7F6B
:10AF7800EC7FFC7FB0B0A8801480FC7FB0AF3C8031
:10AF8800B894FC7FB0AF12807898FC7F0100000075
:10AF9800F498FC7FB0A801800C99FC7FB0A90A80C6
:10AFA800449AFC7F01000000489AFC7FB0AA0F80F9
:10AFB800BC9AFC7FB0A90A80F49AFC7F01000000CB
:10AFC800FC9AFC7F00840280149BFC7FB0A801805F
:10AFD8002C9BFC7FB0A90A80649CFC7F01000000C8
:10AFE800689CFC7FB0AA0F80DC9CFC7FB0A90A801B
:10AFF800109DFC7F01000000189DFC7F00840280EA
:10B00800309DFC7FB0AA0180CC9DFC7FC4E0FF7F0F
:10B018002C9EFC7FD4E0FF7F989EFC7FE4E0FF7FBE
:10B02800449FFC7FF8E0FF7FF09FFC7F08E1FF7FF3
:10B038007CA0FC7F1CE1FF7F18A1FC7F01000000C1
:10B0480090A4FC7F28E1FF7FC0A4FC7F2CE1FF7F58
:10B05800F0A4FC7F0100000050A5FC7F28E1FF7FE1
:10B0680088A5FC7F2CE1FF7FC0A5FC7F01000000C4
:10B0780098A7FC7F28E1FF7FB8A8FC7F40E1FF7F0D
:10B0880034AAFC7F54E1FF7F10ABFC7F7CE1FF7F9B
:10B0980020ACFC7F0100000050ACFC7FA8E1FF7FE2
:10B0A800C8ACFC7FB8E1FF7F48ADFC7FCCE1FF7FF7
:10B0B80088AEFC7F00E2FF7FC8AFFC7F34E2FF7FF1
:10B0C80054B1FC7F78E2FF7FE0B2FC7FBCE2FF7FF7
:10B0D80024B3FC7FCCE2FF7F68B3FC7FDCE2FF7F18
:10B0E80084B4FC7FF0E2FF7F50B5FC7F01000000D4
:10B0F80070B5FC7F01A90A80F0B7FC7FF8E2FF7FFA
:10B108001CB9FC7F0CE3FF7F58BAFC7F20E3FF7F6C
:10B1180070BBFC7F30E3FF7F28BCFC7F44E3FF7FEC
:10B1280020C1FC7F010000003CC2FC7F00E4FF7FDF
:10B1380050C2FC7F010000005CC2FC7FFCE3FF7F83
:10B1480070C2FC7FB0AA01800CC3FC7FF8E3FF7FCC
:10B1580028C3FC7FA908B18050C5FC7FF4E3FF7FBA
:10B16800F0C5FC7F08E4FF7F34C7FC7F40E4FF7F25
:10B17800CCD2FC7F8CE4FF7F64DEFC7FD8E4FF7FC9
:10B1880004DFFC7FE8E4FF7FD8DFFC7FF8E4FF7F83
:10B198002CE4FC7F74E5FF7F80E8FC7FF0E5FF7F0F
:10B1A800A0E9FC7FB0A90680DCE9FC7FB0AF06808F
:10B1B80050EBFC7FB0AF128078EEFC7FAF12978027
:10B1C80044F6FC7FAF0A9780A0F9FC7FB0AC1D80E5
:10B1D80008FBFC7FB0AF3280E4FCFC7FAF3F00800F
:10B1E8005410FD7FB0AE1180A412FD7FB0AF168061
:10B1F800E013FD7FC0E5FF7F0014FD7F0100000024
:10B20800E414FD7FB0B0A8803015FD7F0100000078
:10B218003815FD7FA908B180E015FD7FB0B0A88082
:10B22800E815FD7FB0B0AC802816FD7FB0B0A880CF
:10B238006416FD7FAB08B1808816FD7F0100000011
:10B248008C16FD7FA908B180AC16FD7F7CE5FF7FD9
:10B25800C816FD7F80E5FF7FE416FD7F01AB028005
:10B26800A417FD7F7CE5FF7FBC17FD7F80E5FF7F8E
:10B27800E417FD7F8CE5FF7F0C18FD7F98E5FF7FC5
:10B288003418FD7FA4E5FF7F3818FD7FA8E5FF7F10
:10B298006018FD7F01000000B818FD7FACE5FF7F56
:10B2A800D018FD7FB0E5FF7FDC18FD7F01000000AE
:10B2B8002019FD7FA908B1804419FD7FA4E5FF7F0F
:10B2C8005C19FD7FA8E5FF7F6819FD7F010000007C
:10B2D800B019FD7FA908B180D419FD7F01000000D5
:10B2E800101AFD7F94E5FF7F3C1AFD7F01000000E6
:10B2F800C81DFD7FACE5FF7FDC1DFD7F0100000060
:10B30800E81DFD7FA8E5FF7FFC1DFD7FACE5FF7F05
:10B31800301EFD7F010000003C1EFD7FA908B180A2
:10B32800541EFD7F01000000601EFD7FB0B0AA80A2
:10B33800801EFD7F0E840180D41EFD7FB0B0AA80E0
:10B34800181FFD7F01000000401FFD7F78E5FF7F8B
:10B358005C1FFD7FB0B0AA80B41FFD7FB0A902803A
:10B368006C22FD7FB0AC25804C23FD7F64E5FF7F18
:10B378002024FD7F78E5FF7F5425FD7FAB08B18051
:10B388008425FD7FA0E5FF7F2429FD7F30E6FF7F30
:10B39800C42CFD7FC0E6FF7FAC2FFD7F40E7FF7F19
:10B3A8001C30FD7F60E7FF7F4830FD7F0100000013
:10B3B800CC30FD7FB0AF04806032FD7F5CE7FF7F5B
:10B3C8008032FD7F010000005C33FD7FB0AB02805E
:10B3D800AC33FD7FB0AA0180CC33FD7F50E7FF7FFF
:10B3E8005C37FD7F9CE7FF7FEC3AFD7FE8E7FF7F56
:10B3F8008C3CFD7FB0A90680CC3CFD7FB0B0AE8010
:10B40800703EFD7FB0A90280883EFD7FFCE7FF7F8C
:10B418008041FD7FB0A90880AC41FD7FF8E7FF7F40
:10B42800A444FD7FB0A90880D044FD7F010000003E
:10B438003845FD7FAF089780B046FD7FB0A90680EC
:10B44800D446FD7FAF0897808049FD7FB0A906806C
:10B45800A449FD7FB0AC0780F849FD7F01000000DA
:10B46800BC4AFD7FAF0A97805C4CFD7FB0A906807F
:10B47800844CFD7FAF0A9780E04DFD7FB0A9068020
:10B48800084EFD7FB0AA01808C4EFD7F94E7FF7FB8
:10B498002056FD7FCCE7FF7F4057FD7FDCE7FF7F2D
:10B4A8006058FD7FECE7FF7F8059FD7FFCE7FF7F59
:10B4B800B45FFD7FB0AF1080B462FD7FB0A8078095
:10B4C800E462FD7F18E8FF7FF468FD7FB0A807807D
:10B4D8002469FD7F3CE8FF7F346FFD7FB0A80780BB
:10B4E800646FFD7F60E8FF7F7475FD7FB0A80780FB
:10B4F800A475FD7FB0AC0B80FC75FD7F7CE8FF7FF9
:10B508008C7CFD7FB0A80780BC7CFD7FA0E8FF7F16
:10B518003883FD7FB0A807806883FD7FB0AE0F80B9
:10B528003485FD7FAF1097800C8BFD7FAF0A978025
:10B53800D48DFD7FB0AC1D80388FFD7FB0AF3280D9
:10B54800EC9DFD7FB0AF12803CA0FD7F94E8FF7FAB
:10B5580008A9FD7FDCE8FF7FF4B1FD7F24E9FF7FC8
:10B568009CB2FD7F34E9FF7FECB3FD7F0100000052
:10B57800D8B5FD7F3CE9FF7F14B6FD7F40E9FF7F2A
:10B58800E0B6FD7FA908B18024B7FD7F70E9FF7F91
:10B59800A4B9FD7FB0E9FF7FE8BAFD7FF4E9FF7F3A
:10B5A800E8BAFD7FF8E9FF7F2CBCFD7F3CEAFF7F0E
:10B5B80078BDFD7F80EAFF7FB4BDFD7F84EAFF7F11
:10B5C80080BEFD7FA908B180C4BEFD7F01000000D8
:10B5D800E8BFFD7FAD08B18054C0FD7FB0B0AE803C
:10B5E800C8C0FD7FB0B0A88020C1FD7FB0B0AE80DC
:10B5F80048C2FD7F8CEAFF7F90C2FD7F01000000FA
:10B6080098C2FD7FB0A90280DCC2FD7FB0AF028086
:10B618007CC3FD7F01000000B4C3FD7FB0AA018098
:10B6280004C4FD7FB0AC0180ACC4FD7FB0A801802C
:10B63800D0C4FD7F0100000090C5FD7FB0AE018041
:10B6480048C6FD7FB0AB028090C6FD7FB0B0A88031
:10B65800D4C6FD7F01000000D4C9FD7F30EAFF7F1A
:10B66800E8C9FD7F01000000F4C9FD7F2CEAFF7FD7
:10B6780008CAFD7F30EAFF7F3CCAFD7F0100000059
:10B688008CCAFD7FB0B0AC80DCCAFD7F0100000031
:10B6980004CBFD7F1CEAFF7F20CBFD7FB0B0AC80E0
:10B6A80080CBFD7FB0AB0280C8CCFD7FB0A9028003
:10B6B800E0CEFD7F08EAFF7FBCCFFD7FAD08B280FA
:10B6C80080D0FD7F14EAFF7FC4D1FD7F54EAFF7F5D
:10B6D800ECD5FD7FF8EAFF7F14DAFD7F9CEBFF7F56
:10B6E80064DDFD7F2CECFF7FD8DDFD7F4CECFF7F18
:10B6F80004DEFD7FB0AF068078DFFD7F50ECFF7F72
:10B7080098DFFD7F010000007CE0FD7FB0AB028088
:10B71800D4E0FD7FB0AA0180F8E0FD7F44ECFF7F14
:10B72800A8E4FD7FA0ECFF7F58E8FD7FFCECFF7FDD
:10B73800A4E9FD7FB0A90680E0E9FD7FAD08B180EE
:10B7480000EBFD7FB0A9028018EBFD7F10EDFF7FB5
:10B758007CEDFD7FB0A90880A4EDFD7F0CEDFF7F97
:10B7680008F0FD7FB0A9088030F0FD7F01000000DF
:10B77800A4F0FD7FAF0697800CF2FD7FB0A906808C
:10B788002CF2FD7FAF0897806CF3FD7FAF069780A2
:10B798009CF4FD7FB0A90680BCF4FD7FB0AC0780A7
:10B7A8000CF5FD7F01000000D8F5FD7FAF0A9780FA
:10B7B80054F7FD7FB0A9068078F7FD7FAF0A978020
:10B7C800BCF8FD7FB0A90680E0F8FD7FB0AA018033
:10B7D8006CF9FD7FB0B0A88094F9FD7F98ECFF7FED
:10B7E8009801FE7FD0ECFF7FBC02FE7FE0ECFF7F7C
:10B7F800E003FE7FF0ECFF7F0405FE7F00EDFF7F96
:10B80800140BFE7FB0AF1080040EFE7FB0A8078037
:10B81800340EFE7F1CEDFF7F3814FE7FB0A8078032
:10B828006814FE7F40EDFF7F741AFE7FB0A8078082
:10B83800A41AFE7F64EDFF7F9020FE7FB0A80780EA
:10B84800C020FE7FB0AC0B801821FE7F80EDFF7F0B
:10B858008827FE7FB0A80780B827FE7FA4EDFF7F6A
:10B86800082EFE7FB0A80780382EFE7FB0AE0F806E
:10B878001030FE7FAF1297807C36FE7FAF06978030
:10B888001839FE7FB0AC1D80803AFE7FB0AF3280A1
:10B898005C3CFE7FB0AF3C802C4AFE7FB0AE11808E
:10B8A8007C4CFE7F90EDFF7FA055FE7FD8EDFF7F9B
:10B8B800C45EFE7F20EEFF7F6C5FFE7F30EEFF7F71
:10B8C8007C60FE7F010000003861FE7F38EEFF7F5C
:10B8D8007C61FE7F010000008461FE7FB0A90280C8
:10B8E800C061FE7FB0AF02806462FE7FB0AA0180B3
:10B8F800B062FE7FB0AB02805063FE7FB0A80180CB
:10B908007463FE7F010000005864FE7FB0AE0180C2
:10B918001465FE7FB0AB02806065FE7FB0B0A88082
:10B92800A465FE7F010000005066FE7FB0AA038078
:10B938008066FE7F010000004067FE7FB0AC098092
:10B948000468FE7F01000000306AFE7FB0AB028011
:10B95800D86AFE7F01000000A46BFE7FB4EDFF7F74
:10B96800BC6BFE7F01000000106CFE7FB0EDFF7F16
:10B97800DC6CFE7FCCEDFF7F506DFE7F0100000088
:10B98800106EFE7FB0B0AA80C86EFE7FC0EDFF7F4C
:10B99800046FFE7FAB08B1808C6FFE7FBCEDFF7F2C
:10B9A800A873FE7FD8EDFF7FB073FE7F0100000013
:10B9B800B873FE7FE4EDFF7FB873FE7FE8EDFF7F8D
:10B9C800C073FE7F01000000D073FE7FB0B0A88076
:10B9D8000474FE7F010000004074FE7FB0B0AA80AE
:10B9E8007074FE7FB0B0A880D874FE7FC4EDFF7F6E
:10B9F800E474FE7F01000000CC75FE7FB0B0AC801F
:10BA0800F075FE7F010000004C76FE7FB0AF02802B
:10BA1800C476FE7FB0AF1080647AFE7FB0AF088036
:10BA28009C7BFE7F01000000807DFE7FA0EDFF7FF4
:10BA3800987DFE7F01000000C87DFE7F9CEDFF7FA2
:10BA4800F47DFE7FACEDFF7F207EFE7FBCEDFF7FA7
:10BA5800587EFE7FCCEDFF7F907EFE7FDCEDFF7F82
:10BA6800B87EFE7FE8EDFF7FE07EFE7FB0AF04800A
:10BA7800B47FFE7F010000002480FE7FE4EDFF7F9D
:10BA88003C80FE7FFCEDFF7F4880FE7F01000000C8
:10BA98002886FE7FB0AA0180D086FE7FB0A80180EC
:10BAA8005087FE7FFCEDFF7F6087FE7F010000006E
:10BAB8007C89FE7F0CEEFF7FDC89FE7FA908B180C0
:10BAC800BC8BFE7F18EEFF7F1C8CFE7FA908B1801F
:10BAD800FC8DFE7F24EEFF7F748EFE7FB0B0A880C1
:10BAE800948EFE7F28EEFF7F0C8FFE7FB0AB028026
:10BAF800708FFE7F01000000CC8FFE7FB0B0AA805F
:10BB0800EC8FFE7F1CEEFF7F0890FE7F20EEFF7F0C
:10BB18002C90FE7F24EEFF7F3091FE7F44EEFF7F66
:10BB28009491FE7F54EEFF7FB091FE7F01000000EC
:10BB3800E491FE7F58EEFF7F2892FE7F010000000F
:10BB48009493FE7FB0AB0280F493FE7F54EEFF7FA8
:10BB58002094FE7F010000006495FE7F5CEEFF7F6D
:10BB6800C095FE7FB0AB04805096FE7F01000000B8
:10BB78008859FB0FB0A90280185AFB0FB0B0A880F3
:10BB8800685AFB0F01000000745AFB0FB0B0AA807E
:10BB9800A85AFB0FAE77B280845BFB0F0100000050
:10BBA800805BFB0FAB3F3A80E05BFB0F01000000BE
:10BBB800EC5BFB0FB0B0AA80245CFB0F0100000017
:10BBC800D85CFB0FAB10B2804C5DFB0FB0AF0880A8
:10BBD800F45FFB0F01000000F85FFB0FAC3F038030
:10BBE800C062FB0F01000000A064FB0FB0A8038037
:10BBF800B064FB0F01000000AC64FB0FB0AD048023
:10BC0800A467FB0FB0A80380C867FB0FCCEDFF7FCC
:10BC1800CC67FB0FD0EDFF7FD867FB0F010000005A
:10BC2800704304107C4304108843041094430410A8
:10BC3800A0430410AC430410B84304101C4404107F
:10BC4800034600B50268EFF3108C72B6D2E8CFEF66
:10BC58000120BEF1000FF9D1C2E84E0FBEF1000F6E
:10BC6800F4D1BFF35F8F93F90420002A0ADB01B1F6
:10BC78000A60002000221B68C3E88F2F8CF310880D
:10BC88005DF804FB4FF05042126801201A71F1E789
:10BC98004FF050412DE9F8430027044616461D464B
:10BCA800DFF87C90D1F800802168EFF3108272B63B
:10BCB800D1E8CF0F01230028FAD1C1E8403F00287E
:10BCC800F6D1BFF35F8F94F90430002B1DDB99F890
:10BCD80000C023685FFA8CFCC3E88F7F82F310886A
:10BCE80099F80030634508D03046294602F000FB39
:10BCF8000028D9D00020BDE8F88320BF3046294667
:10BD080002F0F6FA0028CFD0F4E70023216884F87F
:10BD18000480C1E88F3F82F310880120BDE8F883D2
:10BD28003A53002070B582B001A9064615461C4654
:10BD3800FFF786FF38B94FF050439DF9042093F977
:10BD480000309A4201D102B070BD2A4623463046DF
:10BD580002B0BDE87040FFF79BBF00BF70B5054655
:10BD68000C4602F0B1FA02460B464FF47A704FF0D7
:10BD7800FF3E6FF0004CE4FB002396457CEB03018B
:10BD880038BF72462846BDE8704038BF6346FFF7A3
:10BD98007FBF00BF0368EFF3108172B6D3E8CFCF3F
:10BDA8000122BCF1000FF9D1C3E84C2FBCF1000F00
:10BDB800F4D1BFF35F8F4FF0FF0C074A80F804C03F
:10BDC80013780133DBB2137000230268C2E88F3F97
:10BDD80081F3108840BF70473A530020002108B50E
:10BDE800134B4FF4707299601248D9601961596108
:10BDF8009961D961196259629962D9621963596363
:10BE08009963D963196459649964D9641965596542
:10BE18009965D965196659669966D9661967596722
:10BE28009967D96702F088F8034B044A1A6008BD7D
:10BE3800000010501C4F0020E452002080011050D8
:10BE48002DE9F04F204B85B09E6D0EB300240125DF
:10BE58001E4F01E0202C1BD006EA0503621C214678
:10BE6800AA46D4B26D00002BF4D0022304F00108D6
:10BE78004FEA510913FB098B154B07EB4B1B58462F
:10BE8800C3F858A000F00AFC28B936EA0A06E1D13E
:10BE980005B0BDE8F08F4FF4E062ADF80420002251
:10BEA80008EB490307EB43138DF809209A78DB8ADE
:10BEB80001A801218DF80820039300F00DFC5846D5
:10BEC80000F092FBE1E700BF00001150DC4E0020BB
:10BED80000301150F0B5B24B85B0D3F8985015F436
:10BEE800003674D0AF4BB04C996A94F83B30AF4AE7
:10BEF800022B116000F0F980002694F87B30022BA9
:10BF080000F0D48194F8BB30022B00F0C58194F87E
:10BF1800FB30022B00F0B68194F83B31022B00F085
:10BF2800A68194F87B31022B00F0968194F8BB31FE
:10BF3800022B00F0868194F8FB31022B00F0768109
:10BF480094F83B32022B00F0658194F87B32022B87
:10BF580000F0548194F8BB32022B00F0438194F82E
:10BF6800FB32022B00F0328194F83B33022B00F0B5
:10BF78000A8194F87B33022B00F0C98094F8BB3314
:10BF8800022B00F0EC8094F8FB33022B00F0D680F3
:10BF98003EB9874B1B7823B94FF40032854BC3F861
:10BFA80090204FF440727E4B01219B6C01A8C3F393
:10BFB8000A03ADF80420029300F08EFBEA064FF462
:10BFC80000367D4C07D5FFF73BFF264603E0EA061F
:10BFD8004FF01004F7D4EB0332D5734C46F4803697
:10BFE800A37E9BB10221754B6D4A1966536E9F075C
:10BFF800FCD54FF4405200216B4800F0FBFA6A4828
:10C0080000F0F2FA02226B4B5A661A66012394F882
:10C018003A20E370FAB901234FF4C061684A84F802
:10C028002330ADF8041092E8030004AA02E90300E3
:10C03800194601A800F050FB4FF400325D4B1A6519
:10C04800E9041DD46A0432D42B043FD4AE4240F034
:10C05800A58105B0F0BD594A1366A2F50052536E8A
:10C06800D807FCD54FF440520021564800F0C2FAD8
:10C07800544800F0B9FA01224E4B5A661A66CAE7CC
:10C088000024474B46F480561C60FFF7A7FE4FF488
:10C098008073012101A8ADF804308DF8084000F044
:10C0A8001BFB4FF40022434B1A656A04CCD54FF4AE
:10C0B8008063012101A8ADF8043000F00DFB1022C7
:10C0C8003C4B46F480461A652B04BFD54FF4A06359
:10C0D800012101A8ADF8043000F0FEFA4FF4006227
:10C0E800344B46F400461A65B0E794F83A60002EDF
:10C0F8003FF403AF94F83C30002B3FF4FEAE00232E
:10C1080004F1200084F83C3000F096FAF5E694F843
:10C118007A73002F3FF432AF94F87C33002B40F051
:10C12800368194F8BB33022B23D194F8BA33DBB9A8
:10C1380094F8FB33022B7FF434AF3E4694F8FA337D
:10C14800002B3FF425AF94F8FC33002B3FF429AFC4
:10C1580000231D4884F8FC3300F06EFA21E794F8B8
:10C16800BA33002B3FF40FAF94F8BC33002B40F0E8
:10C17800A78094F8FB33022B7FF413AF94F8FA33BB
:10C18800002BE0D10DE794F83A73002F3FF4F1AE9D
:10C1980094F83C33002B40F0F2803E46E9E600BFBD
:10C1A8000000115000000B40DC4E0020D04E002053
:10C1B80036530020003011501000020000201150AA
:10C1C80000001050FC4E0020BC52002094F8FA7277
:10C1D800002F3FF4C9AE94F8FC32002B40F0C78022
:10C1E8003E46C1E694F8BA72002F3FF4B8AE94F810
:10C1F800BC32002B40F0B3803E46B0E694F87A7229
:10C20800002F3FF4A7AE94F87C32002B40F09F80BB
:10C218003E469FE694F83A72002F3FF496AE94F8A3
:10C228003C32002B40F08B803E468EE694F8FA7143
:10C23800002F3FF485AE94F8FC31002B77D13E46B1
:10C248007EE694F8BA71002F3FF475AE94F8BC31CD
:10C25800002B64D13E466EE694F87A71002F3FF4C5
:10C2680065AE94F87C31002B51D13E465EE694F8D9
:10C278003A71002F3FF455AE94F83C31002B3ED173
:10C288003E464EE694F8FA70002F3FF445AE94F817
:10C29800FC3063BB3E463FE694F8BA70002F3FF48B
:10C2A80036AE94F8BC30D3B93E4630E694F87A708E
:10C2B800002F3FF427AE94F87C3043B93E4621E680
:10C2C8000023394884F8BC3300F0B6F951E700235D
:10C2D800364884F87C303E4600F0AEF912E600237A
:10C2E800334884F8BC303E4600F0A6F90FE6002338
:10C2F800304884F8FC303E4600F09EF90CE60023F6
:10C308002D4884F83C313E4600F096F909E60023B2
:10C318002A4884F87C313E4600F08EF906E6002370
:10C32800274884F8BC313E4600F086F903E600232E
:10C33800244884F8FC313E4600F07EF900E60023EC
:10C34800214884F83C323E4600F076F9FDE50023AA
:10C358001E4884F87C323E4600F06EF9FAE5002368
:10C368001B4884F8BC323E4600F066F9F7E5002326
:10C37800184884F8FC323E4600F05EF9F4E50023E4
:10C38800154884F83C333E4600F056F9F1E50023A1
:10C39800124884F87C3300F04FF9C2E6104886EA68
:10C3A800050101F099FF00BF7C5200203C4F00209E
:10C3B8007C4F0020BC4F0020FC4F00203C50002048
:10C3C8007C500020BC500020FC5000203C51002034
:10C3D8007C510020BC510020FC5100203C52002020
:10C3E8004C3404102DE9F043828A048B03469442AE
:10C3F800C07828BF1446051E18BF012580F001002B
:10C40800121B5E78D87092B244F480609A8240EA37
:10C41800453006BBDD6804F1FF3805EB811C1D695A
:10C42800ACB1B8F1050F05F1010203D9ACEB020775
:10C43800022F17D80CF1FF3C254400E0013212F816
:10C44800016CAA420CF8016FF8D11D699A8A25443B
:10C458001D6140F400400AB940F4804001B1000475
:10C46800BDE8F0832F46E6463246261FB608013659
:10C4780057F8049B013296424EF8049BF8D8B4EB67
:10C48800860FA8EB860205EB860E0CEB8607DCD040
:10C4980015F826500CF82650002AD6D09EF80150E0
:10C4A800012A7D70D1D09EF80220BA701D699A8A3F
:10C4B800CDE700BF83680246186801B1000C5378C5
:10C4C800C0F3090013B3F0B5D2E903548F0105EBAB
:10C4D8008113461E78B1052E04D901373D44651BEA
:10C4E800022D1CD8611E1D1813F8014B9D4201F83E
:10C4F800014FF9D11469D38A04440344D382138BBE
:10C508001461834284BF00239382F0BDD38A03441D
:10C51800D382138B834284BF0023938270479E4645
:10C5280025460021A0F1040C4FEA9C0C0CF1010CEB
:10C538005EF8047B0131614545F8047BF8D3B0EB24
:10C548008C0FA6EB8C0603EB8C0504EB8C01D1D089
:10C5580013F82C3004F82C30002ECBD06B78012E39
:10C568004B70C7D0AB788B701469C4E710B504461C
:10C57800836800211B68FFF79DFF63681B685B00E9
:10C5880002D5238B834200D010BD2046BDE8104061
:10C598000121FFF78FBF00BF084B1B6C13F002038C
:10C5A80002D18278D20901D100207047C07EA0F163
:10C5B8000200B0FA80F04009704700BF0000115037
:10C5C80008B5FFF7E9FF50B1054A064B906A1B68AA
:10C5D800A0F54870C01AC6288CBF0020012008BDED
:10C5E80000000B40D04E00200023C0E904338376BE
:10C5F800704700BF10B5836809B11C68214082B13B
:10C60800114352050DD51A6854050CD4084A21F473
:10C6180080641C60126C920703D40C23033BFDD288
:10C628008368196010BD8178024801F055FE00BF8B
:10C63800000011506034041030B54368002183B005
:10C6480004461D68FFF7CEFE134B40F480521B6C66
:10C6580013F0020FA3780ED05B060ED025F0A0458C
:10C6680045F000550021204663681D6003B0BDE811
:10C678003040FFF7BFBFDB09F0D0A38A002BEDD015
:10C68800012120460192FFF7ADFE019A25F00055E1
:10C69800024345F0A045E5E70000115038B5857E16
:10C6A800044695B1FFF762FFA38A0BB9284638BD47
:10C6B8002046FFF785FF20B1012323770025284670
:10C6C80038BD2046FFF7B8FFF8E78178014801F048
:10C6D80003FE00BF803404102DE9F043437804467C
:10C6E800023B0D4685B0042B13D8DFE803F003485E
:10C6F800677042000021784B1A7822F001021A7004
:10C708001A7822F002021A7059701A7861F38202BC
:10C718001A70724B1E687369EFF3108272B6D3E811
:10C72800CF0F01210028FAD1C3E8401F0028F6D115
:10C73800BFF35F8FB2612146304601F0C1FD00238F
:10C748007269C2E88F3FB36983F3108848B94FF024
:10C75800E023D3F8F03DDB0708D500BE05B0BDE8FF
:10C76800F0832A466178207801F0BEFD05B0BDE867
:10C77800F0835B4A13780133DBB21370C9E74FF0DB
:10C788000009584E4B463178DFF86081564F0FE06C
:10C798003A6812EB431305D0DB691BB16168207856
:10C7A8009847317809F101095FFA89F38B4217D864
:10C7B8009942EDD85B1A08EB4313EDE7464B1A781C
:10C7C800D707D3D51A7842F004021A70A1E7424B72
:10C7D8001A78D607CAD51A7822F004021A7098E790
:10C7E8003D4E3378580737D4F378DA07BED503239C
:10C7F80000273A4A2178166862688DF804108DF887
:10C8080005307369CDF80670CDF80A70ADF80E7072
:10C818000292EFF3108272B6D3E8CF0F01210028FD
:10C82800FAD1C3E8401F0028F6D1BFF35F8F304626
:10C83800B26101A901F044FD7369C3E88F7FB36950
:10C8480083F31088002882D02A469DF805109DF8A9
:10C85800040001F049FD89E733784FF0000823F020
:10C868000403337005231D4A8DF8053017682278B4
:10C87800ADF80E808DF804207B69CDF80680CDF8E0
:10C888000A80EFF3108272B6D3E8CF0F0121002897
:10C89800FAD1C3E8401F0028F6D1BFF35F8F3846AE
:10C8A800BA6101A901F00CFD7B69C3E88F8FBB69F0
:10C8B80083F3108838B94FF0E023D3F8F03DD90757
:10C8C80092D500BE90E72A469DF805109DF8040011
:10C8D80001F00AFD88E700BF504D0020A84D002058
:10C8E8003753002035530020484C0020944504104D
:10C8F80081F0004102E000BF83F0004330B54FEA09
:10C9080041044FEA430594EA050F08BF90EA020F75
:10C918001FBF54EA000C55EA020C7FEA645C7FEA08
:10C92800655C00F0E2804FEA5454D4EB5555B8BF2B
:10C938006D420CDD2C4480EA020281EA030382EA9C
:10C94800000083EA010180EA020281EA0303362D2E
:10C9580088BF30BD11F0004F4FEA01314FF4801C01
:10C968004CEA113102D0404261EB410113F0004F13
:10C978004FEA03334CEA133302D0524263EB4303CA
:10C9880094EA050F00F0A780A4F10104D5F1200E68
:10C998000DDB02FA0EFC22FA05F2801841F10001C3
:10C9A80003FA0EF2801843FA05F359410EE0A5F197
:10C9B80020050EF1200E012A03FA0EFC28BF4CF0C8
:10C9C800020C43FA05F3C01851EBE37101F000457E
:10C9D80007D54FF0000EDCF1000C7EEB00006EEB8B
:10C9E8000101B1F5801F1BD3B1F5001F0CD3490815
:10C9F8005FEA30004FEA3C0C04F101044FEA44526C
:10CA080012F5800F80F09A80BCF1004F08BF5FEAF2
:10CA1800500C50F1000041EB045141EA050130BDD2
:10CA28005FEA4C0C404141EB0101013C28BFB1F5E4
:10CA3800801FE9D291F0000F04BF01460020B1FA2F
:10CA480081F308BF2033A3F10B03B3F120020CDA02
:10CA58000C3208DD02F1140CC2F10C0201FA0CF0E0
:10CA680021FA02F10CE002F11402D8BFC2F1200C45
:10CA780001FA02F120FA0CFCDCBF41EA0C019040FB
:10CA8800E41AA2BF01EB0451294330BD6FEA040444
:10CA98001F3C1CDA0C340EDC04F11404C4F120022F
:10CAA80020FA04F001FA02F340EA030021FA04F341
:10CAB80045EA030130BDC4F10C04C4F1200220FA98
:10CAC80002F001FA04F340EA0300294630BD21FAD6
:10CAD80004F0294630BD94F0000F83F4801306BF9C
:10CAE80081F480110134013D4EE77FEA645C18BF90
:10CAF8007FEA655C29D094EA050F08BF90EA020F27
:10CB080005D054EA000C04BF1946104630BD91EA1E
:10CB1800030F1EBF0021002030BD5FEA545C05D121
:10CB28004000494128BF41F0004130BD14F5800460
:10CB38003CBF01F5801130BD01F0004545F0FE41D4
:10CB480041F470014FF0000030BD7FEA645C1ABF09
:10CB5800194610467FEA655C1CBF0B46024650EA40
:10CB6800013406BF52EA033591EA030F41F400216C
:10CB780030BD00BF90F0000F04BF0021704730B5F2
:10CB88004FF4806404F132044FF000054FF00001C7
:10CB980050E700BF90F0000F04BF0021704730B588
:10CBA8004FF4806404F1320410F0004548BF40425D
:10CBB8004FF000013EE700BF42004FEAE2014FEAB2
:10CBC80031014FEA02701FBF12F07F4393F07F4F8D
:10CBD80081F06051704732F07F4208BF704793F090
:10CBE8007F4F04BF41F40021704730B54FF46074A3
:10CBF80001F0004521F000411CE700BF50EA0102A6
:10CC080008BF704730B54FF000050AE050EA01024E
:10CC180008BF704730B511F0004502D5404261EBBE
:10CC280041014FF4806404F132045FEA915C3FF4FF
:10CC3800D8AE4FF003025FEADC0C18BF03325FEA9C
:10CC4800DC0C18BF033202EBDC02C2F1200300FA4D
:10CC580003FC20FA02F001FA03FE40EA0E0021FA72
:10CC680002F11444BDE600BF53B94AB9002908BF10
:10CC780000281CBF4FF0FF314FF0FF3001F05AB9C8
:10CC8800ADF1080C6DE904CE00F006F8DDF804E01B
:10CC9800DDE9022304B070472DE9F04F099D0E46E7
:10CCA80004460F46002B47D18A429446B2FA82F3D3
:10CCB8005AD943B102FA03FCC3F120029F409C40B9
:10CCC80020FA02F217434FEA1C461FFA8CFE220C88
:10CCD800B7FBF6F106FB117701FB0EF042EA0742BB
:10CCE800904208D91CEB020201F1FF3702D29042B0
:10CCF80000F23C813946121AA4B2B2FBF6F006FBE8
:10CD0800102200FB0EFE44EA0244A64508D91CEB9B
:10CD1800040400F1FF3202D2A64500F22A8110462F
:10CD280040EA0140A4EB0E0400211DB1DC400023C1
:10CD3800C5E90043BDE8F08F8B4205D90DB1C5E9BF
:10CD4800000100210846F5E7B3FA83F100294FD125
:10CD5800B342C0F00281824240F2FF800846002DB3
:10CD6800E8D0C5E90047E5E7002B40F0AF808A1A14
:10CD78004FEA1C4E1FFA8CF70121B2FBFEF60EFBA0
:10CD88001620220C42EA004207FB06F090420FD917
:10CD98001CEB020206F1FF382CBF4FF001094FF0DF
:10CDA8000009904203D9B9F1000F00F0DC80464633
:10CDB800121AA4B2B2FBFEF00EFB102200FB07F71A
:10CDC80044EA0244A7420FD91CEB040400F1FF32E5
:10CDD8002CBF4FF0010E4FF0000EA74203D9BEF151
:10CDE800000F00F0C9801046E41B40EA06409CE7AB
:10CDF800C1F120048B4006FA01FC00FA01FE22FA78
:10CE080004F7E6408A401F4320FA04F34FEA174824
:10CE180043EA0C031FFA87FC4FEA1349B6FBF8F004
:10CE280008FB106649EA064600FB0CF9B1450ED925
:10CE3800BE1900F1FF3A2CBF4FF0010B4FF0000B69
:10CE4800B14503D9BBF1000F00F0A2805046A6EB14
:10CE580009061FFA83F9B6FBF8F308FB136603FB10
:10CE68000CFC49EA0646B4450ED9BE1903F1FF3851
:10CE78002CBF4FF001094FF00009B44503D9B9F1AF
:10CE8800000F00F08280434643EA0040A6EB0C0600
:10CE9800A0FB028C66454346E14602D307D1C6454E
:10CEA80005D2B8EB02036CEB070C0138E1465DB123
:10CEB800BEEB030266EB090606FA04F422FA01F354
:10CEC800CE401C43C5E90046002133E702FA03FCC3
:10CED800C3F1200299409C40D6404FEA1C4E20FAEC
:10CEE80002F21FFA8CF7B6FBFEF00A430EFB10663F
:10CEF800110C41EA064100FB07F68E420ED91CEBE5
:10CF0800010100F1FF382CBF4FF001094FF0000973
:10CF18008E4202D9B9F1000F34D04046891B92B233
:10CF2800B1FBFEF60EFB161142EA014206FB07F1C1
:10CF380091420ED91CEB020206F1FF382CBF4FF0CC
:10CF480001094FF00009914202D9B9F1000F16D03A
:10CF58004646521A46EA00410FE7841A66EB030276
:10CF680001201746FBE6023E624421E7023962448B
:10CF7800C1E664440238D3E66444023834E7023E2A
:10CF88006244E6E702386144C8E7023B3E447BE777
:10CF980002383E445BE700BF03685A004CBF43F0C9
:10CFA800004323F000431844704700BF2DE9F047C1
:10CFB80029B301F1FF3A8046914600255646A91942
:10CFC80048BF0131491008EBC107CC003846FFF7CC
:10CFD800E3FF8A450DD00834484508EB04000AD819
:10CFE800FFF7DAFF01384D1C4845E8D33846BDE85D
:10CFF800F0874845FAD98D4201F1FF36DFD1002785
:10D008003846BDE8F08700BF012809D0022805D0BE
:10D018000028044B14BF0020184670470248704788
:10D0280002487047CD1B0020D51B0020D11B0020D3
:10D03800224B30B5044683B08D1E43B301A9284660
:10D04800AFF30080F0B101992A46FFF7AFFF014620
:10D05800C0B1FFF7A1FF4B68A064012B2AD0002BB9
:10D0680001F1040024DBFFF797FF00232365036821
:10D07800E064002B11DBFFF78FFF034600202361DC
:10D0880003B030BD00230920236103B030BD0C4834
:10D098000C49091AC9100191D6E7C3F30360FFF7D9
:10D0A800B3FF031E0CBF09200020236103B030BD6D
:10D0B8000123DBE700230520E1E700BF00000000B3
:10D0C800F8A9041028BC04100368DA0710B5044650
:10D0D80006D49B0700F1500009D500F091FC2368A5
:10D0E800590709D51A070ED5DB0613D510BD00F070
:10D0F8007FFC23685907F5D404F1D80000F088FCB8
:10D1080023681A07F0D404F5AC7000F089FC236892
:10D11800DB06EBD404F5EC70BDE8104000F0C4BCAD
:10D128000346006800B11844704700BF09207047E3
:10D13800704700BF70B504460E46316C2046FFF7B5
:10D1480077FF054698B9D6F840C03246236921468C
:10D158000120C4F814C098470828EED0072806D143
:10D168002846316CFFF7E4FF301D00F035FCFFDE88
:10D178002DE9F04701F1040CADF5787DC768064646
:10D18800D0F8188014460DF1140E04AD4FF00009C4
:10D19800BCE80F00AEE80F00BCE80F00AEE80F00D7
:10D1A800BCE80F00AEE80F009CE80F008EE80F0007
:10D1B800C5F8009023E02B6C4FF4F47229467EA842
:10D1C800736101F005F833697EAA314650469847E5
:10D1D8008C9B2146814603933246039C33460120AB
:10D1E800AC64CDE90058B847044628BB4FF4F47244
:10D1F8007EA9284600F0ECFFB9F1080F19D10934CF
:10D20800296C3046FFF714FF81465FFA84FA00283C
:10D21800D1D0AC6B334632464AF01001AC640120E1
:10D22800CDE90058B84738B948460DF5787DBDE8CE
:10D23800F087B9F1070F06D04FF0090948460DF5F8
:10D24800787DBDE8F0872046296CFFF771FF05A8B7
:10D2580000F0C2FB806C7047F0B5CB6BFBB001F1FE
:10D26800040C0E460B6401AC05464FF0FF37BCE8D2
:10D278000F000FC4BCE80F000FC4BCE80F000FC4B8
:10D288009CE80F0084E80F00009706E02B696A46C7
:10D29800294698470828044608D110992846FFF7D8
:10D2A800C7FE0028F2D009207BB0F0BD6846FFF722
:10D2B8000BFF062CF7D131462846FFF73BFF00BF8E
:10D2C80010B4DC6BC1601946826100221C6410BC7A
:10D2D8004EE700BF70B54369C6680B64AEB9036911
:10D2E8000A4604460D46014602209847072805D0FD
:10D2F80008280ED129462046FFF71CFF3046296C26
:10D30800FFF716FF281D00F067FB0122FFF730FF2B
:10D31800FFDEFFDEC2682AB1D1F83CC00022C1F8A6
:10D3280040C025E798E700BF704700BF8368014603
:10D338000BB1012018477047052915D8DFE801F01F
:10D348000A031403030501207047436C0020009A68
:10D358001360704743B90F2A06D800EB82020020F9
:10D368005368009A136070470220704710B584B064
:10D3780000230A4603AC19460094FFF7DDFF039823
:10D3880004B010BD052915D8DFE801F00A0314031D
:10D39800030501207047009B1B6843640020704709
:10D3A80043B90F2A06D8009B00EB820200201B68B5
:10D3B800536070470220704710B584B0002303AC57
:10D3C80003920A4619460094FFF7DCFF04B010BD2B
:10D3D800F0B5D36BADF5117D141D064613640DF140
:10D3E8005C0C0D464FF0FF370FCCACE80F000FCCAC
:10D3F800ACE80F000FCCACE80F0094E80F008CE805
:10D408000F00169710E0FFF7D7FF294616A8B04778
:10D41800034616AA6946082083B9049B984705283D
:10D4280004460CD009280AD026996846FFF700FE62
:10D4380003466A460C2116A8002BE4D0092416A836
:10D44800FFF742FE20460DF5117DF0BD2DE9F04FA6
:10D458001646CA6C89B00D4652F8041B00F0030C3E
:10D468000692002B7CD00C0C09048DF81D40E4B208
:10D478000591022102EB8402BCF1020F8DF81C1009
:10D48800296D08BFAA6B11F0010809D005A930461B
:10D4980000F0A4FB00285BD1082009B0BDE8F08F9C
:10D4A8001768002FF2D000F00801BB469A4667467D
:10D4B8000191CDF80880BAF1020F4DD0B2F800B052
:10D4C80002F10409548824F00102AB6C64000F21B6
:10D4D80002EB03083046FFF749FF04F002040BF0A3
:10D4E8000103804543EA04032CD82BF0010B012BE0
:10D4F800C34472D0022B39D053BB17B1834500F215
:10D50800C88009F10402D2F800B0BBF1000FD2D1F3
:10D5180005A93046DDF8088000F060FBC0B9B8F115
:10D52800000FB9D00F213046FFF720FF0E21024629
:10D538003046FFF741FF704A0F213046FFF73CFFA6
:10D54800072006E0012B66D0022B25D0002BD8D06F
:10D55800092009B0BDE8F08F546802F10809B2E764
:10D5680009028DF81D300591032185E7D9F800409F
:10D5780024F00048B7B9834505D9019B002B64D036
:10D58800B8F1000F61D0002C01DA09F1040908F1A3
:10D59800010309EB8302B6E7D9F8004024F00048FC
:10D5A800002FF0D0D5F820B00D213046FFF7DEFE71
:10D5B8008345E8D1AA6A9145E5D100240422C5F83B
:10D5C8002880C5E90B424A446A63D9F80020A24280
:10D5D800C0F28D8001230293D9E7F7B9834517D9A3
:10D5E800D9F80430D9F80020991C4FEAD272AFD08C
:10D5F80005F158040133049472D009F10400FFF7CF
:10D608008FFD04AB0146284600F062FE002853D186
:10D6180009F1080277E7002FFAD02C6A0D2130466D
:10D62800FFF7A4FE8442F3D1AB6A9945F0D148468E
:10D63800FFF7B2FC0F2102463046FFF7BDFE2A462F
:10D6480000213046FFF7B8FE7AE705F15803039743
:10D6580009F1040B00241F460CE0584600220497E9
:10D66800FFF75EFD04AB014628460BF1040B00F002
:10D678002FFE88BB444504F10104EED10D2130464C
:10D68800FFF774FE049B024606202A62C5E90939A1
:10D698005FE74846FFF780FC09F104020446284684
:10D6A800AA6300F01DFE00283FF452AF22460F2166
:10D6B8003046FFF781FE43E704460D213046049EBD
:10D6C800FFF754FE022C286202D1EE6205F12C0607
:10D6D8000620C5E909693CE7039FD9F8004052E7ED
:10D6E80030460D21FFF742FE26462862F0E708F192
:10D6F800010209EB82009BE7812503100023A5E6C0
:10D708000123A3E60223A1E62DE9F0410546C4B0B2
:10D718001446052900F2B480DFE801F00F29B26948
:10D728008F03836B002C40F0AB8053F8042B4264CA
:10D738008363002044B0BDE8F081002B40F0A08056
:10D748001FFA84FC806B01262F1D06FA03F102469E
:10D7580011EA0C0F04D052F8041B104647F82310A6
:10D768000133102BF1D1A204E3D4A863E1E703F05D
:10D77800FB02260CA4B2012A40F08280012B06EBA2
:10D78800040800F0C280B8F1200F79D80F2E79D99B
:10D79800002CCED002680193530705D522F004026D
:10D7A80040F8D82B00F038F902AF6400384600F092
:10D7B80033F9A6F11002A96B601E019B07EBC202A8
:10D7C800441C101F01EB840251F8044B914240F8AD
:10D7D800044FF9D1012B00F0CA800F2EA96302D89B
:10D7E80022A800F00DF9384600F012F9A1E7032B42
:10D7F80046D11FFA84F8260C08EB1444102C3FD8A5
:10D8080003681F0700F1AB8022AF384600F02AF901
:10D81800AC6B4FEA480107EBC6034A1E41B1E01A58
:10D82800013A1958561C43F8041BF9D104EBC804F3
:10D838003846AC6300F0F4F87BE70BBB102C1FD81C
:10D848000368D80600F1838022AF384600F036F925
:10D85800AE6B394600234FF0010C0CFA03F2304648
:10D868000133224203D050F8042B06460A60042BE9
:10D8780001F10401F1D13846AE6300F015F958E71B
:10D88800022057E70268B8F1100F02F0010040F2D9
:10D89800898058B122F001022846019342F0020221
:10D8A80040F8502B00F0B0F82A68019B5107A8F106
:10D8B800100800F18880019322AF384600F0A4F8E0
:10D8C80002A800F0A9F8C6F11001AA6B07EBC60080
:10D8D8004900019B01390131043802EB810152F8FA
:10D8E800044B914240F8044FF9D1B8F1000F4FD0E2
:10D8F8004FEA4802102E02AF02F1FF30324638BF1D
:10D908001022103A07EBC2025AE7B8F1100FB7D845
:10D91800102EB5D00168CA0730D521F0030128467A
:10D92800019340F8501B00F067F8019B012B25D0AC
:10D9380022AF0193384600F067F8AA6B74B3019BD5
:10D9480064004FF0000807EBC600611EC3E723F030
:10D95800100305F5EC702B6000F0B0F874E723F0C5
:10D96800080300F5AC702B6000F07CF84CE722AFA0
:10D9780004323846AA6300F03BF8DAE622AF019396
:10D98800384600F039F8AA6B019B002CF0D0D7E795
:10D99800012BEDD00F2EA9633FF6CBAE384600F031
:10D9A8002FF8C6E611460028C2D0052BB5D122F0C3
:10D9B80001022846019342F0020240F8502B00F081
:10D9C80023F8019BB4E722F004022846019340F8AB
:10D9D800D82B00F021F86FE700F1340191E8380006
:10D9E8009C46A6464CF8045D90E8FF0FE54600BD4E
:10D9F80090EC210B704700BF80EC210B704700BFF3
:10DA080090EC200B704700BF80EC200B704700BFE4
:10DA1800D0EC200B704700BFC0EC200B704700BF54
:10DA2800F0EC0201F0EC0211F0EC0221F0EC023112
:10DA3800F0EC0241F0EC0251F0EC0261F0EC027102
:10DA4800F0EC0281F0EC0291F0EC02A1F0EC02B1F2
:10DA5800F0EC02C1F0EC02D1F0EC02E1F0EC02F1E2
:10DA6800704700BFE0EC0201E0EC0211E0EC02219B
:10DA7800E0EC0231E0EC0241E0EC0251E0EC026142
:10DA8800E0EC0271E0EC0281E0EC0291E0EC02A132
:10DA9800E0EC02B1E0EC02C1E0EC02D1E0EC02E122
:10DAA800E0EC02F1704700BFB0FC0181B0FC0191CD
:10DAB800B0FC01A1B0FC01B1704700BFA0FC01811E
:10DAC800A0FC0191A0FC01A1A0FC01B1704700BF1E
:10DAD800EC4600B52DE900502DE9FF1F4FF000037B
:10DAE8002DE90C0001A9FFF7B7FBDDF840E012B003
:10DAF800704700BFEC4600B52DE900502DE9FF1F27
:10DB08004FF000032DE90C0001A9FFF7E3FBDDF856
:10DB180040E012B0704700BFEC4600B52DE9005058
:10DB28002DE9FF1F4FF000032DE90C0001A9FFF7B5
:10DB3800F1FBDDF840E012B0704700BFEC4600B5DD
:10DB48002DE900502DE9FF1F4FF000032DE90C00CF
:10DB580001ABFFF7B5FBDDF840E012B0704700BF3E
:10DB6800EC4600B52DE900502DE9FF1F4FF00003EA
:10DB78002DE90C0001AAFFF72BFCDDF840E012B0FC
:10DB8800704700BF027A03468AB9427AB2B1416847
:10DB9800013A4FF0030C10B442720C1D086883F868
:10DBA80008C002025C60000E10BC1A607047006872
:10DBB800013A1A720202000E1A607047B0207047CC
:10DBC80010B584B000230C2203AC19460094FFF76B
:10DBD800B3FB039804B010BDF2E700BF2DE9F04392
:10DBE8004FF0000885B006460D462846FFF7CAFFE5
:10DBF800B028044600F01E81070638D500F0F0036F
:10DC0800A02B00F083800CD8802B5ED0902B04D101
:10DC180000F00D030D2B40F08F80092005B0BDE802
:10DC2800F083B02B68D0C02B3ED1C62800F0EF801F
:10DC3800C72800F0048100F0F803C02B00F0118120
:10DC4800C82800F01C81C928E7D12846FFF79AFFA9
:10DC5800020300F00F0002F4702201300243012198
:10DC680005233046FFF750FD0028BED0D5E78300D6
:10DC78000DF108090D223046DBB2CDF800901F1DCA
:10DC880000231946FFF758FB029B60064FF00D0270
:10DC98003046CDF800904CBFDF1BFF1800230297D9
:10DCA8001946FFF76FFBA0E700F0F803D02BB4D1BB
:10DCB80000F00702052301213046013242F4002218
:10DCC800FFF722FD002890D0A7E724022846FFF797
:10DCD80059FF2043B0F5004F9FD004010023304680
:10DCE800A2B21946FFF710FD002896D114F4004F90
:10DCF80018BF4FF0010878E7A0F1B103042B00F238
:10DD0800DA80DFE803F07B503D332A00C3434FF449
:10DD18007F62010703F0070342FA03F202F47F620D
:10DD280001D542F48042002330461946FFF7ECFC47
:10DD380000283FF45AAF70E702AF002300F00F024B
:10DD4800304619460097FFF7F7FA00230D223046B0
:10DD580019460097FFF716FB47E703AA002330464A
:10DD6800009219460D22FFF7E7FA3EE70023052146
:10DD780030461A46FFF7C8FC00283FF436AF4CE798
:10DD88002846FFF7FFFE0123020300F00F001946A3
:10DD9800013002F4702202433046FFF7B5FC002838
:10DDA8003FF423AF39E700230DF108090D2230466F
:10DDB8001946CDF80090FFF7BFFA2846FFF7E2FEB4
:10DDC8000206029C4FF002070AD500F07F00B84017
:10DDD8000737044428460294FFF7D4FE0306F4D418
:10DDE800B84004F5017400230D222044CDF80090BA
:10DDF800194602903046FFF7C5FAF6E62846FFF7BF
:10DE0800C1FE431E0246DBB20E2B8CD905E728461D
:10DE1800FFF7B8FE0323020300F00F001946013094
:10DE280002F4702202433046FFF76EFC00283FF4EC
:10DE3800DCAEF2E6B8F1000F2DD00020EEE6284661
:10DE4800FFF7A0FE431E0246DBB20E2B3FF6E5AEFF
:10DE5800002304213046FFF757FC00283FF4C5AEE5
:10DE6800DBE600F00F02032330460132194642F484
:10DE78002022FFF749FC00283FF4B7AECDE628463C
:10DE8800FFF780FE00F0F00200F00F0310320133BC
:10DE980043EA0232E3E602AC434641460E223046EC
:10DEA8000094FFF749FA0F22434641463046009452
:10DEB800FFF768FAC1E700F0FC03B42B3FF4ADAEFE
:10DEC80000F00702012330461A44194642F40022A2
:10DED800FFF71AFC00283FF488AE9EE602460323AB
:10DEE8000846D26C10B584B008328DF80C3001A900
:10DEF80052F8043C1C021B0ECDE901428DF80D308E
:10DF0800FFF76CFE04B010BD08B5FFF765FE806C26
:10DF180008BD00BF08B5FFF75FFEC06CC37900EB12
:10DF28008300083008BD00BF08B500F0E5F908B562
:10DF3800FFF7FAFF704700BF70B5860747D0541E39
:10DF4800002A3ED0CAB2034601E0013C39D303F8A7
:10DF5800012B9D07F9D1032C2CD9CDB20F2C05EB41
:10DF6800052505EB054535D9A4F1100C03F1100E74
:10DF78001A462CF00F064FEA1C1CB644C2E900559D
:10DF8800C2E9025510327245F8D10CF1010214F0C1
:10DF98000C0F04F00F0C03EB021213D0ACF10403C6
:10DFA80023F003030433134442F8045B9342FBD188
:10DFB8000CF003042CB1C9B21C4403F8011BA342A2
:10DFC800FBD170BD64461346002CF4D1F9E7034633
:10DFD8001446C0E71A46A446E0E700BF5FFA81FC92
:10DFE800810744D00346511E22B909E09A0709D097
:10DFF800013905D31846013302786245F6D17047D6
:10E0080000207047184603290CD80029F8D0034689
:10E01800014401E08B42F3D0184613F8012B624506
:10E02800F8D1704710B50CEB0C24024604EB0444FD
:10E0380002E00439032915D9104652F8043B63401D
:10E04800A3F1013E2EEA030313F0803FF1D003460B
:10E05800014401E08B4208D0184613F8012B6245B1
:10E06800F8D110BD10460029F1D1002010BD11468D
:10E07800C9E700BF88420ED98B1883420BD900EB41
:10E08800020C002A6ED0624613F801CD994202F8BC
:10E0980001CDF9D170470F2A0FD8034602F1FF3C92
:10E0A800002A5FD00CF1010C013B8C4411F8012BC4
:10E0B800614503F8012FF9D1704740EA01039B0736
:10E0C80051D1A2F1100301F1200C70B523F00F0516
:10E0D80001F1100E00F110041B09AC445EF8105C4D
:10E0E8000EF1100E103444F8205C5EF81C5C44F805
:10E0F8001C5C5EF8185C44F8185C5EF8145CE64535
:10E1080044F8145CEAD1013312F00C0F02F00F0C42
:10E1180001EB031100EB031329D0ACF1040C1C1F15
:10E128008E462CF003064FEA9C0C1E445EF8045BF6
:10E1380044F8045FB442F9D10CF1010402F003027F
:10E1480003EB840301EB840102F1FF3C4AB10CF1BB
:10E15800010C013B8C4411F8012B614503F8012F98
:10E16800F9D170BD704702F1FF3C03469AE7624659
:10E17800EAE700BF032A30B415D941EA000484460F
:10E188000B46A40704D0541E0FE0043A032A08D90A
:10E198001946604653F8044B5CF8045BA542F4D07A
:10E1A800F1E760461946541E7AB1431E0139021937
:10E1B80001E09A4209D013F8010F11F801CF604528
:10E1C800F7D0A0EB0C0030BC7047002030BC704783
:10E1D800844641EA000313F0030349D1403A23D3AC
:10E1E8000B6803604B6843608B688360CB68C360CF
:10E1F8000B6903614B6943618B698361CB69C361B7
:10E208000B6A03624B6A43628B6A8362CB6AC3629E
:10E218000B6B03634B6B43638B6B8363CB6BC36386
:10E2280040304031403ADBD230320BD30B680360C8
:10E238004B6843608B688360CB68C36010301031D3
:10E24800103AF3D20C3205D351F8043B40F8043BA2
:10E25800043AF9D2043208D0D2071CBF11F8013BA6
:10E2680000F8013B01D30B8803806046704700BF6C
:10E27800082A13D38B07B1D010F00303AED0C3F133
:10E288000403D21ADB071CBF11F8013B00F8013B5D
:10E29800A4D331F8023B20F8023B9FE7043AD9D3D4
:10E2A800013A11F8013B00F8013BF9D20B780370F1
:10E2B8004B7843708B78837060467047000000008D
:10E2C8005FF800F0297D00105FF800F05934001065
:10E2D8005FF800F0812303105FF800F0AD2600100E
:10E2E8005FF800F0312403105FF800F08967001030
:10E2F8005FF800F0193300105FF800F0B5830310E1
:10E308006400000000004841000040406666663F27
:10E31800B82800200001000000C20100030000002E
:10E3280010000000000000000000010000000000D4
:10E3380000000000000002000000000000000000D3
:10E3480000000300000000000000000000000400BE
:10E3580000000000000000000000050000000000B0
:10E36800000000000000FF000000000001B5486840
:10E3780001318E460047704609380149884701BD7A
:10E38800112B001000000000FFFFFFFFFFFFFF7FC1
:10E398000000000000000000000000000000000075
:10E3A80000000000F0320020515E0010FD5D0010FA
:10E3B800755D0010E55C0010000000000001000021
:10E3C800AC4D002010000C00000000000000000010
:10E3D800000000000000000000000000FF00000036
:10E3E8000080094000000000000009400000000013
:10E3F80001000000612D0310D4370410FC3704100D
:10E40800183804108846041098460410A8460410CA
:10E41800BC460410CC460410DC460410EC4604103C
:10E42800FC4604100C4704101C4704102C47041029
:10E438003C470410DC4604104C47041024380410F0
:10E44800283804102C3804103438041038380410D4
:10E458003C3804104038041044380410483804107C
:10E468004C38041050380410543804103C38041048
:10E4780058380410A07D0410B87E0410907E041053
:10E48800B5830310430000000000000000000000F6
:10E498000000000000000000000000000000000074
:10E4A8000000000043000000000000000000000021
:10E4B8000000000000000000000000000000000054
:10E4C8000000000043000000000000000000000001
:10E4D8000000000000000000000000000000000034
:10E4E80000000000430000000000000000000000E1
:10E4F8000000000000000000000000000000000014
:10E5080000000000430000000000000000000000C0
:10E5180000000000000000000000000000000000F3
:10E5280000000000430000000000000000000000A0
:10E5380000000000000000000000000000000000D3
:10E548000000000043000000000000000000000080
:10E5580000000000000000000000000000000000B3
:10E56800000000007DA003103572031000000000B9
:10E5780080810410A8390410D8310410D83104104F
:10E58800D8310410D8310410D8310410D83104100F
:10E59800D8310410D8310410D8310410FFFFFFFF20
:10E5A800FFFFFFFFFFFFFFFFFFFF000001004153D8
:10E5B800434949000000000000000000000000007E
:10E5C80000000000000000000000000000004153AF
:10E5D800434949000000000000000000000000005E
:10E5E8000000000000000000000000000000000023
:10E5F800C82A002000000000000000004436002067
:10E60800AC36002014370020000000000000000095
:10E6180000000000000000000000000000000000F2
:10E6280000000000000000000000000000000000E2
:10E6380000000000000000000000000000000000D2
:10E6480000000000000000000000000000000000C2
:10E6580000000000000000000000000000000000B2
:10E6680000000000000000000000000000000000A2
:10E678000000000000000000000000000000000092
:10E688000000000000000000000000000000000082
:10E6980001000000000000000E33CDAB34126DE61F
:10E6A800ECDE05000B000000000000000000000088
:10E6B8000000000000000000000000000000000052
:10E6C8000000000000000000000000000000000042
:10E6D8000000000000000000000000000000000032
:10E6E8000000000000000000000000000000000022
:10E6F8000000000000000000000000000000000012
:10E708000000000000000000000000000000000001
:10E7180000000000000000000000000000000000F1
:10E72800E82B0020E82B0020F02B0020F02B002005
:10E73800F82B0020F82B0020002C0020002C0020B3
:10E74800082C0020082C0020102C0020102C002061
:10E75800182C0020182C0020202C0020202C002011
:10E76800282C0020282C0020302C0020302C0020C1
:10E77800382C0020382C0020402C0020402C002071
:10E78800482C0020482C0020502C0020502C002021
:10E79800582C0020582C0020602C0020602C0020D1
:10E7A800682C0020682C0020702C0020702C002081
:10E7B800782C0020782C0020802C0020802C002031
:10E7C800882C0020882C0020902C0020902C0020E1
:10E7D800982C0020982C0020A02C0020A02C002091
:10E7E800A82C0020A82C0020B02C0020B02C002041
:10E7F800B82C0020B82C0020C02C0020C02C0020F1
:10E80800C82C0020C82C0020D02C0020D02C0020A0
:10E81800D82C0020D82C0020E02C0020E02C002050
:10E82800E82C0020E82C0020F02C0020F02C002000
:10E83800F82C0020F82C0020002D0020002D0020AE
:10E84800082D0020082D0020102D0020102D00205C
:10E85800182D0020182D0020202D0020202D00200C
:10E86800282D0020282D0020302D0020302D0020BC
:10E87800382D0020382D0020402D0020402D00206C
:10E88800482D0020482D0020502D0020502D00201C
:10E89800582D0020582D0020602D0020602D0020CC
:10E8A800682D0020682D0020702D0020702D00207C
:10E8B800782D0020782D0020802D0020802D00202C
:10E8C800882D0020882D0020902D0020902D0020DC
:10E8D800982D0020982D0020A02D0020A02D00208C
:10E8E800A82D0020A82D0020B02D0020B02D00203C
:10E8F800B82D0020B82D0020C02D0020C02D0020EC
:10E90800C82D0020C82D0020D02D0020D02D00209B
:10E91800D82D0020D82D0020E02D0020E02D00204B
:10E92800E82D0020E82D0020F02D0020F02D0020FB
:10E93800F82D0020F82D0020002E0020002E0020A9
:10E94800082E0020082E0020102E0020102E002057
:10E95800182E0020182E0020202E0020202E002007
:10E96800282E0020282E0020302E0020302E0020B7
:10E97800382E0020382E0020402E0020402E002067
:10E98800482E0020482E0020502E0020502E002017
:10E99800582E0020582E0020602E0020602E0020C7
:10E9A800682E0020682E0020702E0020702E002077
:10E9B800782E0020782E0020802E0020802E002027
:10E9C800882E0020882E0020902E0020902E0020D7
:10E9D800982E0020982E0020A02E0020A02E002087
:10E9E800A82E0020A82E0020B02E0020B02E002037
:10E9F800B82E0020B82E0020C02E0020C02E0020E7
:10EA0800C82E0020C82E0020D02E0020D02E002096
:10EA1800D82E0020D82E0020E02E0020E02E002046
:10EA2800E82E0020E82E0020F02E0020F02E0020F6
:10EA3800F82E0020F82E0020002F0020002F0020A4
:10EA4800082F0020082F0020102F0020102F002052
:10EA5800182F0020182F0020202F0020202F002002
:10EA6800282F0020282F0020302F0020302F0020B2
:10EA7800382F0020382F0020402F0020402F002062
:10EA8800482F0020482F0020502F0020502F002012
:10EA9800582F0020582F0020602F0020602F0020C2
:10EAA800682F0020682F0020702F0020702F002072
:10EAB800782F0020782F0020802F0020802F002022
:10EAC800882F0020882F0020902F0020902F0020D2
:10EAD800982F0020982F0020A02F0020A02F002082
:10EAE800A82F0020A82F0020B02F0020B02F002032
:10EAF800B82F0020B82F0020C02F0020C02F0020E2
:10EB0800C82F0020C82F0020D02F0020D02F002091
:10EB1800D82F0020D82F0020E02F0020E02F002041
:10EB2800FFFFFFFF000002000100000000000000DE
:10EB38004A00000000000000000000000000000083
:10EB480000000000000000000000000000000000BD
:10EB580000000000000000004A0000000000000063
:10EB6800000000000000000000000000000000009D
:10EB7800000000000000000000000000000000008D
:10EB8800243804102438041000000000030000009A
:10EB9800443600209C3700200000000000000000E0
:10EBA800D3DEFFFFFE010000FF0100009015FBFF10
:04EBB800793512ABEE
:040000051000014D99
:00000001FF
